{"authorDailyContributionsMap":{"ShyamKrishna33":[{"date":"2024-03-07","commitResults":[{"hash":"0bb0da3bc703fde6e5124c4ee1a5729294710663","isMergeCommit":false,"messageTitle":"Rename product name to BudgetBuddy","messageBody":"","fileTypesAndContributionMap":{"docs":{"insertions":1,"deletions":1}}}]},{"date":"2024-03-10","commitResults":[{"hash":"31cd41b231babfa6febb4f65aca73f3f0f9b5c82","isMergeCommit":false,"messageTitle":"Add portfolio details","messageBody":"","fileTypesAndContributionMap":{"docs":{"insertions":6,"deletions":6}}},{"hash":"276169e79c589f5002af61c5ca63fae8bfc74a94","isMergeCommit":false,"messageTitle":"Update AboutUs.md","messageBody":"","fileTypesAndContributionMap":{"docs":{"insertions":7,"deletions":7}}},{"hash":"94074bf2d865b15ee24e683b80c1f05b54845891","isMergeCommit":false,"messageTitle":"Add Name in AboutUs.md","messageBody":"","fileTypesAndContributionMap":{"docs":{"insertions":7,"deletions":7}}}]},{"date":"2024-03-12","commitResults":[{"hash":"107410042d3d3f664a89532d84b7af5421e0a5c6","isMergeCommit":true,"messageTitle":"Merge pull request #5 from Vavinan/initial-setup","messageBody":"Initial setup for BudgetBuddy","fileTypesAndContributionMap":{}},{"hash":"bd3e2367909485a4ced8992cf1dc1080b82fbb4b","isMergeCommit":false,"messageTitle":"Initialise Transaction class with description, amount and category","messageBody":"","fileTypesAndContributionMap":{"functional-code":{"insertions":9,"deletions":0}}},{"hash":"8274224d39b5835c63b7ca40ad990e2e334365cd","isMergeCommit":false,"messageTitle":"Add getters for variables in Transaction class","messageBody":"","fileTypesAndContributionMap":{"functional-code":{"insertions":12,"deletions":0}}}]},{"date":"2024-03-13","commitResults":[{"hash":"7afc0176269fc576eed4abb2dc7e6871b27e98d1","isMergeCommit":true,"messageTitle":"Merge branch \u0027master\u0027 into add-transactions","messageBody":"","fileTypesAndContributionMap":{}},{"hash":"3b783b2f38ee809a4d5676fdc27f51f513675b9f","isMergeCommit":false,"messageTitle":"Add addTransaction method in TransactionList","messageBody":"","fileTypesAndContributionMap":{"functional-code":{"insertions":3,"deletions":0}}},{"hash":"94198f8ebd9e6fbad6ebed51a740f6f5dcd2ac92","isMergeCommit":false,"messageTitle":"Add private variable date in Transaction class","messageBody":"","fileTypesAndContributionMap":{"functional-code":{"insertions":8,"deletions":1}}},{"hash":"fd8ebd629c0d333c43bcb2de599d77a015bd463e","isMergeCommit":false,"messageTitle":"Add parseTransaction method in Parser class","messageBody":"","fileTypesAndContributionMap":{"functional-code":{"insertions":23,"deletions":0}}},{"hash":"127fb76720546459353a4494f8a53352161541bb","isMergeCommit":false,"messageTitle":"fix: Replace .equals() method to compare strings","messageBody":"","fileTypesAndContributionMap":{"functional-code":{"insertions":4,"deletions":4}}},{"hash":"b5a2c917cc5b1f5d4d1dd7b89470d52a81054a34","isMergeCommit":false,"messageTitle":"Add processTransaction method in TransactionList class","messageBody":"","fileTypesAndContributionMap":{"functional-code":{"insertions":7,"deletions":0}}},{"hash":"301dbfb461337ce8253360e6d9d95818f72c68e2","isMergeCommit":false,"messageTitle":"Handle add case in BudgetBuddy.java","messageBody":"","fileTypesAndContributionMap":{"functional-code":{"insertions":3,"deletions":0}}},{"hash":"c04f08e5ab85baf98de99ae701da5a0ddfac8b7a","isMergeCommit":false,"messageTitle":"Refactor if-else statements with switch-case","messageBody":"","fileTypesAndContributionMap":{"functional-code":{"insertions":13,"deletions":5}}},{"hash":"4c850a8b80a578cfc71592154cff0370d796d3db","isMergeCommit":false,"messageTitle":"fix: Add default case for switch","messageBody":"","fileTypesAndContributionMap":{"functional-code":{"insertions":2,"deletions":0}}}]},{"date":"2024-03-14","commitResults":[{"hash":"18b1747de10e612231e69f33303e2d98720c7e3d","isMergeCommit":true,"messageTitle":"Merge branch \u0027master\u0027 into add-transactions","messageBody":"","fileTypesAndContributionMap":{}},{"hash":"cfb79213eaa5b356742ac48ad29f55c5bfb74506","isMergeCommit":false,"messageTitle":"fix: Add trim method to parseData","messageBody":"","fileTypesAndContributionMap":{"functional-code":{"insertions":5,"deletions":5}}},{"hash":"57e9dffb9406710153addc0621babc1b5cf6652f","isMergeCommit":false,"messageTitle":"Add printAddMessage Call in processTransaction","messageBody":"","fileTypesAndContributionMap":{"functional-code":{"insertions":4,"deletions":1}}},{"hash":"727f5447dc8dcd6077a9034e50511bbc5b025293","isMergeCommit":false,"messageTitle":"Create JUnit Test Case for parseTransaction","messageBody":"","fileTypesAndContributionMap":{"test-code":{"insertions":21,"deletions":12}}},{"hash":"83951294da9038215201ee95b9bd01397e4f7eef","isMergeCommit":false,"messageTitle":"fix: Replace * import to specific package","messageBody":"","fileTypesAndContributionMap":{"test-code":{"insertions":1,"deletions":1}}},{"hash":"77a1eeb325d80773070d7e67a9fc238bc6521c57","isMergeCommit":false,"messageTitle":"fix: Add newline at EndOfFile","messageBody":"","fileTypesAndContributionMap":{"test-code":{"insertions":1,"deletions":1}}}]},{"date":"2024-03-19","commitResults":[{"hash":"737f8a1b1edfc3b07b0141fdf1deb292554c3d9c","isMergeCommit":true,"messageTitle":"Merge pull request #16 from vibes-863/add-account-feature","messageBody":"Add feature: account balance tracking","fileTypesAndContributionMap":{}}]},{"date":"2024-03-20","commitResults":[{"hash":"2cc2fb6c09ca009eea95302e183f14d60c02125e","isMergeCommit":false,"messageTitle":"Create class DataStorage within package storage","messageBody":"","fileTypesAndContributionMap":{"functional-code":{"insertions":5,"deletions":0}}},{"hash":"59fde67491ef57b0b5d6e55c472043462ba84da5","isMergeCommit":false,"messageTitle":"Create saveTransactions method in DataStorage","messageBody":"","fileTypesAndContributionMap":{"functional-code":{"insertions":28,"deletions":0}}},{"hash":"ded7a6fdc7acb8c58b1749fb7a0b17ec13236832","isMergeCommit":false,"messageTitle":"Create processData method in DataStorage to parse the string from database","messageBody":"","fileTypesAndContributionMap":{"functional-code":{"insertions":15,"deletions":0}}},{"hash":"136c69ac11dfa011c9233a6bf7c004517c833382","isMergeCommit":false,"messageTitle":"Create method createDataFolderIfNotExists in DataStorage","messageBody":"","fileTypesAndContributionMap":{"functional-code":{"insertions":11,"deletions":0}}},{"hash":"a55b62ac1f90436b0b7020ed7f6b62c70f8db49c","isMergeCommit":false,"messageTitle":"Create readFileContents method in DataStorage.java","messageBody":"","fileTypesAndContributionMap":{"functional-code":{"insertions":24,"deletions":3}}},{"hash":"ae46b5f17be70f707855d6d36715e086f11da321","isMergeCommit":false,"messageTitle":"Create getter for attribute balance in DataStorage.java","messageBody":"","fileTypesAndContributionMap":{"functional-code":{"insertions":4,"deletions":0}}},{"hash":"9cd2d7c7e2cd6a37e46f2ee872fd335d6c59f0b0","isMergeCommit":false,"messageTitle":"Instantiate TransactionList object with readFileContents method","messageBody":"","fileTypesAndContributionMap":{"functional-code":{"insertions":17,"deletions":7},"test-code":{"insertions":3,"deletions":1}}},{"hash":"d1eb80c2f8eb91a045fe0867a143bcc30edd211e","isMergeCommit":false,"messageTitle":"Add saveTransactionList method in TransactionList.java","messageBody":"","fileTypesAndContributionMap":{"functional-code":{"insertions":4,"deletions":0}}},{"hash":"9c45757fa6d2adc75efad8d37c029a522efc603f","isMergeCommit":false,"messageTitle":"Call saveTransactionList method in BudgetBuddy.java after each command","messageBody":"","fileTypesAndContributionMap":{"functional-code":{"insertions":1,"deletions":0}}},{"hash":"23f940b6e91e7771a3647f728c3c45802e9835ed","isMergeCommit":false,"messageTitle":"fix: Change \".\" to \",\"","messageBody":"","fileTypesAndContributionMap":{"functional-code":{"insertions":1,"deletions":1}}},{"hash":"2315e6eef512b93d16fb473deb3e56ee6b9993b8","isMergeCommit":false,"messageTitle":"fix: Format date to dd-mm-yyyy","messageBody":"","fileTypesAndContributionMap":{"functional-code":{"insertions":6,"deletions":1}}},{"hash":"1653f31e98685a9c9408085d2ebf4a79114e16e4","isMergeCommit":false,"messageTitle":"Remove unused import of Month","messageBody":"","fileTypesAndContributionMap":{"functional-code":{"insertions":5,"deletions":3}}},{"hash":"3aa7b6a58d434ff171b8b00b0dbcb445e47aecc2","isMergeCommit":false,"messageTitle":"Add assert statements for error handling in DataStorage","messageBody":"","fileTypesAndContributionMap":{"functional-code":{"insertions":9,"deletions":0}}},{"hash":"c208a4af6bf312391a8d5e2d9afcb33d43d63f89","isMergeCommit":false,"messageTitle":"Update balance in account from the DataStorage","messageBody":"","fileTypesAndContributionMap":{"functional-code":{"insertions":6,"deletions":0}}},{"hash":"463cb08dd6c4e3c8561283d133c12c50fd23f466","isMergeCommit":true,"messageTitle":"Merge pull request #17 from isaaceng7/add-exceptions","messageBody":"Add exceptions to delete, processTransaction and parseTransaction methods.","fileTypesAndContributionMap":{}},{"hash":"50536077dd18c9e92ea6ea27aafa584c216337f4","isMergeCommit":true,"messageTitle":"Merge branch \u0027master\u0027 into add-data-storage","messageBody":"# Conflicts:\n#\tsrc/main/java/budgetbuddy/BudgetBuddy.java\n","fileTypesAndContributionMap":{}}]},{"date":"2024-03-25","commitResults":[{"hash":"283a884a7322552c20c9fbbcd7c1f1f9cf4a4e13","isMergeCommit":true,"messageTitle":"Merge pull request #23 from Vavinan/fix-bug","messageBody":"Fix: Empty arguments and invalid index","fileTypesAndContributionMap":{}}]},{"date":"2024-03-26","commitResults":[{"hash":"51a28c4de0d74c90b25f40b3ebd096cc3c702310","isMergeCommit":false,"messageTitle":"Instantiate enum class Category.java","messageBody":"","fileTypesAndContributionMap":{"functional-code":{"insertions":19,"deletions":0}}},{"hash":"d687e4e35972ea3be3c240d3390a22b737533ab5","isMergeCommit":false,"messageTitle":"Add attribute categoryName to enum class Category.java","messageBody":"","fileTypesAndContributionMap":{"functional-code":{"insertions":12,"deletions":10}}},{"hash":"00c400794532d5386dc363e8328b216454293391","isMergeCommit":false,"messageTitle":"Add fromNumber method in Category.java to return Category object from number","messageBody":"","fileTypesAndContributionMap":{"functional-code":{"insertions":9,"deletions":0}}},{"hash":"0cff1440f4acb1f0160826fa8ecbd76cc2d0f8ae","isMergeCommit":false,"messageTitle":"Create getter for categoryName attribute in Category.java","messageBody":"","fileTypesAndContributionMap":{"functional-code":{"insertions":4,"deletions":0}}},{"hash":"a081102baf0d15ae731a604bfb8397c564653a48","isMergeCommit":false,"messageTitle":"Remove category argument in add command and subsequent method calls","messageBody":"","fileTypesAndContributionMap":{"functional-code":{"insertions":19,"deletions":20}}},{"hash":"c18b932365c25bfae481302d2292649ccfb9d3c6","isMergeCommit":false,"messageTitle":"Add getter for categoryNum in Category.java","messageBody":"","fileTypesAndContributionMap":{"functional-code":{"insertions":6,"deletions":2}}},{"hash":"2e9fba43da196679462fc37baa1d47e95e05cbe2","isMergeCommit":false,"messageTitle":"Add functionality of user choosing categories after add command","messageBody":"","fileTypesAndContributionMap":{"functional-code":{"insertions":23,"deletions":1}}}]},{"date":"2024-03-27","commitResults":[{"hash":"2080d48cf552d257ddea743ae363d27c56eb29b7","isMergeCommit":false,"messageTitle":"Change getCategory method signature to return Category object instead of string","messageBody":"","fileTypesAndContributionMap":{"functional-code":{"insertions":4,"deletions":4},"test-code":{"insertions":5,"deletions":5}}},{"hash":"75d21102b854af3c66ceba29dd9d955e704762c9","isMergeCommit":false,"messageTitle":"Update DataStorage.java for new category functionality","messageBody":"","fileTypesAndContributionMap":{"functional-code":{"insertions":11,"deletions":5}}}]},{"date":"2024-03-28","commitResults":[{"hash":"99822582c5bde9f64b9b3b314b31b48bd3657454","isMergeCommit":false,"messageTitle":"Update add command to take in optional category argument","messageBody":"","fileTypesAndContributionMap":{"functional-code":{"insertions":21,"deletions":6}}},{"hash":"8b3a57ede6a229c8afa6cc8663bc90e06413ac17","isMergeCommit":false,"messageTitle":"Update JUnit test cases to match new changes in Category","messageBody":"","fileTypesAndContributionMap":{"test-code":{"insertions":28,"deletions":24}}},{"hash":"836b814a3fe5829469fa88365964f775c2ec5793","isMergeCommit":false,"messageTitle":"Refactor long line in DataStorage.java","messageBody":"","fileTypesAndContributionMap":{"functional-code":{"insertions":2,"deletions":2}}},{"hash":"fed98bc137e191781b5c74a250d988ddc7f470c6","isMergeCommit":false,"messageTitle":"Refactor long line in TransactionListTest.java","messageBody":"","fileTypesAndContributionMap":{"test-code":{"insertions":2,"deletions":1}}},{"hash":"ca8f45513071ecff23a9f31a5706689798af1c93","isMergeCommit":false,"messageTitle":"Update ParserTest.java with new changes","messageBody":"","fileTypesAndContributionMap":{"test-code":{"insertions":2,"deletions":2}}},{"hash":"d08ffc138d007267e5a927801616f6789c2467ce","isMergeCommit":false,"messageTitle":"Rename OTHER Category to OTHERS","messageBody":"","fileTypesAndContributionMap":{"functional-code":{"insertions":1,"deletions":1}}},{"hash":"d305fa820c9c6dfff049db48eff27f7735f7ed00","isMergeCommit":false,"messageTitle":"Add implementation of Category feature in DG","messageBody":"","fileTypesAndContributionMap":{"docs":{"insertions":17,"deletions":0}}},{"hash":"fd962c361ddf30c24c2b8f859a6c59b7d8f25d8d","isMergeCommit":true,"messageTitle":"Merge pull request #33 from Vavinan/developer-guide","messageBody":"Add implementation of delete transaction to DG","fileTypesAndContributionMap":{}}]},{"date":"2024-03-31","commitResults":[{"hash":"d56cde398ddcfebdc3294e4546d21bc8d9fd9297","isMergeCommit":true,"messageTitle":"Merge branch \u0027master\u0027 into add-JUnit-tests","messageBody":"","fileTypesAndContributionMap":{}},{"hash":"2c3c9b632de479e37c715d2d0ca50f70c9f6fed6","isMergeCommit":false,"messageTitle":"Create CategoryTest.java","messageBody":"","fileTypesAndContributionMap":{"test-code":{"insertions":4,"deletions":0}}},{"hash":"66310da834befb11eb4dfa9251a60328d723575b","isMergeCommit":false,"messageTitle":"Add test cases for getCategoryName method","messageBody":"","fileTypesAndContributionMap":{"test-code":{"insertions":16,"deletions":0}}},{"hash":"e18628fd8c23e09e82b0c09eafd06708d2c8fd19","isMergeCommit":false,"messageTitle":"Add test cases for getCategoryNum method","messageBody":"","fileTypesAndContributionMap":{"test-code":{"insertions":13,"deletions":0}}},{"hash":"390d501784a166fdbac674355a1e5584154a01d3","isMergeCommit":false,"messageTitle":"Add test cases for fromNumber method","messageBody":"","fileTypesAndContributionMap":{"test-code":{"insertions":15,"deletions":0}}},{"hash":"7c9cd8ece24918e7ef65d3a8c46ff05ff639d3a4","isMergeCommit":false,"messageTitle":"Create DataStorageTest.java","messageBody":"","fileTypesAndContributionMap":{"test-code":{"insertions":4,"deletions":0}}},{"hash":"6ddf079ea5d69c348b1f1a7402fae0506cb42256","isMergeCommit":false,"messageTitle":"Add test cases for method saveTransactions","messageBody":"","fileTypesAndContributionMap":{"test-code":{"insertions":30,"deletions":0}}},{"hash":"231507926c703c683ad54d4aded1b86f17820f57","isMergeCommit":false,"messageTitle":"Add test cases for method readFromFile","messageBody":"","fileTypesAndContributionMap":{"test-code":{"insertions":25,"deletions":2}}},{"hash":"bf174f8a4f2343b1f7b82212cd73ed0dd8dc3537","isMergeCommit":false,"messageTitle":"Refactor DataStorageTest.java according to coding standards","messageBody":"","fileTypesAndContributionMap":{"test-code":{"insertions":8,"deletions":3}}},{"hash":"984ae3d56188bd703825afedaa085ff001325a9a","isMergeCommit":false,"messageTitle":"Fix bug in creating new file","messageBody":"","fileTypesAndContributionMap":{"test-code":{"insertions":10,"deletions":2}}},{"hash":"ab79edfdae1c943f8852139c2881049fea8832ff","isMergeCommit":true,"messageTitle":"Merge pull request #44 from ShyamKrishna33/add-JUnit-tests","messageBody":"Add JUnit tests for Storage and Category","fileTypesAndContributionMap":{}}]},{"date":"2024-04-01","commitResults":[{"hash":"b83db47e7deba0d129103b00674056bcb02be4c5","isMergeCommit":false,"messageTitle":"Instantiate displayCategoryInsight method in Insight.java","messageBody":"","fileTypesAndContributionMap":{"functional-code":{"insertions":47,"deletions":0}}},{"hash":"1f0794c9ea3bec76d6fee14884e5677856a40a48","isMergeCommit":false,"messageTitle":"Create displayPieChart method in Insight.java","messageBody":"","fileTypesAndContributionMap":{"functional-code":{"insertions":8,"deletions":1}}},{"hash":"678daf16480c7bb2fd9e840029d063fd28b426fa","isMergeCommit":false,"messageTitle":"Create pie chart for income transactions","messageBody":"","fileTypesAndContributionMap":{"functional-code":{"insertions":14,"deletions":0}}},{"hash":"047393594f18d9be72405706d1e1bfe92bdc8a64","isMergeCommit":false,"messageTitle":"Create pie chart for expense transactions","messageBody":"","fileTypesAndContributionMap":{"functional-code":{"insertions":16,"deletions":0}}},{"hash":"52b70b2a752ca72fb91b463e1ec2ab44a1de16de","isMergeCommit":false,"messageTitle":"Add dependency for xchart library","messageBody":"","fileTypesAndContributionMap":{"other":{"insertions":2,"deletions":0}}},{"hash":"9528fd2aa0e5576786d48c297e9e564fa38d11a8","isMergeCommit":false,"messageTitle":"Add displayInsights method in TransactionList.java","messageBody":"","fileTypesAndContributionMap":{"functional-code":{"insertions":5,"deletions":0}}},{"hash":"00ea4221a5d9903d4dadbb0e21f06c31d2d3ef08","isMergeCommit":false,"messageTitle":"Add command Insights in BudgetBuddy.java","messageBody":"","fileTypesAndContributionMap":{"functional-code":{"insertions":3,"deletions":0}}},{"hash":"94064c75714335eb941123dc2c0c5d48d6ec58ac","isMergeCommit":false,"messageTitle":"Remove unused imports from Insight.java","messageBody":"","fileTypesAndContributionMap":{"functional-code":{"insertions":1,"deletions":2}}},{"hash":"b0b6aba2da63ed906c00af3f860b7468aa93f654","isMergeCommit":false,"messageTitle":"Add author tag to Insight.java","messageBody":"","fileTypesAndContributionMap":{"functional-code":{"insertions":1,"deletions":1}}},{"hash":"0cf144722ee2443a8f6696619915a68d0b4353b2","isMergeCommit":true,"messageTitle":"Merge branch \u0027master\u0027 of https://github.com/AY2324S2-CS2113-T15-2/tp into add-insights","messageBody":"# Conflicts:\n#\tsrc/main/java/budgetbuddy/BudgetBuddy.java\n","fileTypesAndContributionMap":{}},{"hash":"fe5b4869de23218d809220678318128ebe825c3c","isMergeCommit":false,"messageTitle":"fix: Add break statement in switch case","messageBody":"","fileTypesAndContributionMap":{"functional-code":{"insertions":1,"deletions":0}}}]},{"date":"2024-04-03","commitResults":[{"hash":"85813f2a57e959c8953eed1b21c4458f1924de82","isMergeCommit":false,"messageTitle":"Fix saveTransactions and saveAccounts method to save all objects","messageBody":"","fileTypesAndContributionMap":{"functional-code":{"insertions":7,"deletions":4}}},{"hash":"32af6146e28448dbb0257c4e9ab01ee743a0a863","isMergeCommit":true,"messageTitle":"Merge pull request #60 from ShyamKrishna33/bug-fix","messageBody":"Fix saveTransactions and saveAccounts method to save all objects","fileTypesAndContributionMap":{}},{"hash":"67d2c8b6b9fc47f25e9596f3a97fb4a7fbfbb32d","isMergeCommit":false,"messageTitle":"Create FileCorruptedException.java","messageBody":"","fileTypesAndContributionMap":{"functional-code":{"insertions":9,"deletions":0}}},{"hash":"881139d1e586895a43b065812bed1a22329d047d","isMergeCommit":false,"messageTitle":"Add printFileCorruptedError method in User Interface","messageBody":"","fileTypesAndContributionMap":{"functional-code":{"insertions":7,"deletions":0}}},{"hash":"541026f59df89aa8645862e1d4d327294594ca6c","isMergeCommit":false,"messageTitle":"Throw and catch FileCorruptedException in Data Storage","messageBody":"","fileTypesAndContributionMap":{"functional-code":{"insertions":16,"deletions":5}}},{"hash":"fcc3ac1fcf31609bb0854fb89db6a7ae663b5a40","isMergeCommit":false,"messageTitle":"Clear the contents of the corrupted file","messageBody":"","fileTypesAndContributionMap":{"functional-code":{"insertions":1,"deletions":0}}},{"hash":"ad6a0f4fac53ec7eddd686f1c05ad88d5ec59a4a","isMergeCommit":false,"messageTitle":"Rename processTransaction to parseDataToTransaction","messageBody":"","fileTypesAndContributionMap":{"functional-code":{"insertions":2,"deletions":2}}},{"hash":"ca5569047779bf8ccfa4ae594fa10a85c364bd12","isMergeCommit":false,"messageTitle":"Rename parseTransaction to parseUserInputToTransaction","messageBody":"","fileTypesAndContributionMap":{"functional-code":{"insertions":2,"deletions":2},"test-code":{"insertions":1,"deletions":1}}},{"hash":"ec13aebfb92107fb86794aa8b231a8e352ab8536","isMergeCommit":false,"messageTitle":"Handle cases when categoryNum and amount are not numbers","messageBody":"","fileTypesAndContributionMap":{"functional-code":{"insertions":25,"deletions":8}}},{"hash":"505c4c5e7179f6aea98fce8f8693d50244ab8ef8","isMergeCommit":false,"messageTitle":"Remove initial values of categoryNum and amount","messageBody":"","fileTypesAndContributionMap":{"functional-code":{"insertions":2,"deletions":2}}},{"hash":"6c90e3185e8cbbdf6679603cf62e8edee4d5b048","isMergeCommit":false,"messageTitle":"Add newline at EOF FileCorruptedException.java","messageBody":"","fileTypesAndContributionMap":{"functional-code":{"insertions":1,"deletions":1}}},{"hash":"9de0cec224865b4283ca30d6ecac0696eecd9c3b","isMergeCommit":true,"messageTitle":"Merge pull request #74 from ShyamKrishna33/70-user-replace-storage-error","messageBody":"Handle user replace storage exception","fileTypesAndContributionMap":{}},{"hash":"d250d934454f21aa39c71f16b6207a40b7fc3a9f","isMergeCommit":false,"messageTitle":"Update Insights section of UG","messageBody":"","fileTypesAndContributionMap":{"docs":{"insertions":37,"deletions":9}}},{"hash":"c975653899598c77cbd4c4a9e4db68376bc08477","isMergeCommit":true,"messageTitle":"Merge pull request #75 from ShyamKrishna33/user-guide","messageBody":"Update Insights section of UG","fileTypesAndContributionMap":{}}]}],"Vavinan":[{"date":"2024-03-10","commitResults":[{"hash":"052e047267f4ecee11d2259f0fd7b088bbe76bbf","isMergeCommit":false,"messageTitle":"Update AboutUs.md and add Image","messageBody":"","fileTypesAndContributionMap":{"docs":{"insertions":13,"deletions":13}}}]},{"date":"2024-03-12","commitResults":[{"hash":"6db6be3e1a6fc3ce2e92472bf608fdc4c99bb283","isMergeCommit":false,"messageTitle":"Rename application to BudgetBuddy  - Add main class BudgetBuddy  - Update application mainClass in build.gradle to BudgetBuddy","messageBody":"","fileTypesAndContributionMap":{"functional-code":{"insertions":21,"deletions":21},"other":{"insertions":2,"deletions":2}}},{"hash":"27ebf26d8d831b43f906278297908ec05449c243","isMergeCommit":false,"messageTitle":"Add InputHandler class under financemanager package","messageBody":"","fileTypesAndContributionMap":{"functional-code":{"insertions":4,"deletions":0}}},{"hash":"f37cfa787e94029adc93e98430ad3b303c2b195e","isMergeCommit":false,"messageTitle":"Add Parser class under parser package","messageBody":"","fileTypesAndContributionMap":{"functional-code":{"insertions":4,"deletions":0}}},{"hash":"f232e4876c7cf9dfbc3a116e29487c97237bc8d4","isMergeCommit":false,"messageTitle":"Add Transaction under transactions package","messageBody":"","fileTypesAndContributionMap":{"functional-code":{"insertions":4,"deletions":0}}},{"hash":"599438514326add21e1eacf3b960af180a2fc151","isMergeCommit":false,"messageTitle":"Add UserInterface under ui package","messageBody":"","fileTypesAndContributionMap":{"functional-code":{"insertions":4,"deletions":0}}},{"hash":"cab11be84ce5832944d045b8bd3a1151afb64ae4","isMergeCommit":false,"messageTitle":"Update Expected.txt and BudgetBuddy  - Rename logo","messageBody":"","fileTypesAndContributionMap":{"functional-code":{"insertions":1,"deletions":5}}},{"hash":"7939c0c3318e4cf86373f288aa0f6d89e66e825e","isMergeCommit":true,"messageTitle":"Merge pull request #6 from ShyamKrishna33/add-transactions","messageBody":"Initialise Transaction Class","fileTypesAndContributionMap":{}},{"hash":"695736d03a132bfddc43b01499b16b9cb12fb819","isMergeCommit":true,"messageTitle":"Merge pull request #7 from isaaceng7/initialize-chatbot","messageBody":"Initialize chatbot","fileTypesAndContributionMap":{}}]},{"date":"2024-03-13","commitResults":[{"hash":"ce5a255ca8677bc90de49d9bea2fe8c02b0f219b","isMergeCommit":false,"messageTitle":"Add: Print Delete message","messageBody":"","fileTypesAndContributionMap":{"functional-code":{"insertions":9,"deletions":0}}},{"hash":"d6c0028fe1e85345cbdcb7cd1ebc901b7e69df7c","isMergeCommit":false,"messageTitle":"Implement feature: Delete transaction by index id","messageBody":"","fileTypesAndContributionMap":{"functional-code":{"insertions":46,"deletions":12}}},{"hash":"81ffa178f9ddd979b436225d9a57c071c4850c3b","isMergeCommit":false,"messageTitle":"Implement print methods in UserInterface class","messageBody":"","fileTypesAndContributionMap":{"functional-code":{"insertions":78,"deletions":0}}},{"hash":"d1ad33c2ec8df2cb902fba782d6e99bd3c07e6fd","isMergeCommit":false,"messageTitle":"Add date \u0026 override toString in Transaction class","messageBody":"","fileTypesAndContributionMap":{"functional-code":{"insertions":21,"deletions":1}}},{"hash":"46dea632839894a2853f493ad25043abff7b49b5","isMergeCommit":false,"messageTitle":"Refactor command handling in BudgetBuddy","messageBody":"","fileTypesAndContributionMap":{"functional-code":{"insertions":27,"deletions":15}}},{"hash":"5a180c6a2a9411fb06aa8835a30684070dcbf1fc","isMergeCommit":false,"messageTitle":"Fix bugs in TransactionList","messageBody":" - Fix static variable declaration order in TransactionList\n - Fix unused imports in TransactionList\n","fileTypesAndContributionMap":{"functional-code":{"insertions":1,"deletions":2}}},{"hash":"45d75b59a21452110e3e6482925f45808b2c9d26","isMergeCommit":false,"messageTitle":"Fix bug: Remove unused constant","messageBody":"","fileTypesAndContributionMap":{"functional-code":{"insertions":0,"deletions":1}}},{"hash":"eeb9bd9a9237850627ffdb4dd62ac652b5207d53","isMergeCommit":false,"messageTitle":"Fix variable access declaration order in UserInterface","messageBody":"","fileTypesAndContributionMap":{"functional-code":{"insertions":2,"deletions":1}}}]},{"date":"2024-03-15","commitResults":[{"hash":"624e2d8a3c2dfb1154a8573a68fcc80f7d242e9b","isMergeCommit":false,"messageTitle":"Add: JUnit test for Transaction class","messageBody":"","fileTypesAndContributionMap":{"test-code":{"insertions":52,"deletions":12}}},{"hash":"7f12c3156e03bb4d0001f0d559a07fb3bedc3218","isMergeCommit":true,"messageTitle":"Merge pull request #14 from isaaceng7/add-JUnit-tests","messageBody":"Create JUnit Test Case for TransactionList","fileTypesAndContributionMap":{}}]},{"date":"2024-03-20","commitResults":[{"hash":"fa37ab4432a703f0b7e5a9d84e7bdbe43eeb8276","isMergeCommit":true,"messageTitle":"Merge pull request #18 from ShyamKrishna33/add-data-storage","messageBody":"Add data storage and retrieval functionality of transactions","fileTypesAndContributionMap":{}},{"hash":"7a2abcd9aa4f103e62279f345ac2c4294065e024","isMergeCommit":false,"messageTitle":"Add assertions to TransactionList","messageBody":"","fileTypesAndContributionMap":{"functional-code":{"insertions":5,"deletions":0}}},{"hash":"9d17d2563f8136966718fe88ff67fcff42e507ed","isMergeCommit":true,"messageTitle":"Merge pull request #20 from vibes-863/add-assertions","messageBody":"Add assertions to Income and Expense class","tags":["v1.0_release"],"fileTypesAndContributionMap":{}}]},{"date":"2024-03-21","commitResults":[{"hash":"d2ecaf2d24b0e427aec9965111404f2a0cd008b4","isMergeCommit":false,"messageTitle":"Add: InvalidIndexException to handle invalid index input","messageBody":"","fileTypesAndContributionMap":{"functional-code":{"insertions":7,"deletions":0}}},{"hash":"5bfd1691f0779df1831c0d4a047639603853938c","isMergeCommit":false,"messageTitle":"Handle invalid index case for delete command","messageBody":"","fileTypesAndContributionMap":{"functional-code":{"insertions":33,"deletions":21}}},{"hash":"f4857674fb7fe2e03a10eb239ee025f4ac70af41","isMergeCommit":false,"messageTitle":"Handle empty arguments for add command","messageBody":"","fileTypesAndContributionMap":{"functional-code":{"insertions":6,"deletions":3},"test-code":{"insertions":6,"deletions":4}}},{"hash":"de8092283e35cd309f3ee8bd47020238a52e4356","isMergeCommit":false,"messageTitle":"Refactor: Package name exception to exceptions","messageBody":"","fileTypesAndContributionMap":{"functional-code":{"insertions":10,"deletions":10},"other":{"insertions":4,"deletions":4},"test-code":{"insertions":6,"deletions":6}}}]},{"date":"2024-03-27","commitResults":[{"hash":"bd1003c3e657bb92cb757fdee748392821b2639e","isMergeCommit":false,"messageTitle":"Move Scanner Instantiation to UserInterface","messageBody":"","fileTypesAndContributionMap":{"functional-code":{"insertions":4,"deletions":2}}},{"hash":"08ea557f72100681e755d8a6c6a02233b164a9e4","isMergeCommit":false,"messageTitle":"Add: Edit command to edit past transactions","messageBody":"","fileTypesAndContributionMap":{"functional-code":{"insertions":70,"deletions":2}}},{"hash":"a14841c6e2beae8a995f8f48ecefaa702c6d6b56","isMergeCommit":false,"messageTitle":"Rename function to getEditInformation","messageBody":"","fileTypesAndContributionMap":{"functional-code":{"insertions":3,"deletions":3}}},{"hash":"2ae267fb22396af56d6f798a915c6cb2d2791e1f","isMergeCommit":false,"messageTitle":"Add InvalidEditTransactionData exception","messageBody":"","fileTypesAndContributionMap":{"functional-code":{"insertions":7,"deletions":0}}},{"hash":"32b7450f7b62a3bfe2bed28f906f466c54f87fd3","isMergeCommit":false,"messageTitle":"Refactor: Extract functions from getEditInformation","messageBody":" * Extract functions to make smaller code fragments\n * Move parse code into Praser class\n * Move edit transaction logic to TransactionList class\n * Use InvalidEditInformation exception to handle invalid inputs\n","fileTypesAndContributionMap":{"functional-code":{"insertions":38,"deletions":34}}}]},{"date":"2024-03-28","commitResults":[{"hash":"0ca543d7a72d2a2f082b16dbe43c294161b6206a","isMergeCommit":true,"messageTitle":"Merge pull request #29 from ShyamKrishna33/add-category-functionality","messageBody":"Add category functionality","fileTypesAndContributionMap":{}},{"hash":"f983d1cfd259c21b94717b2c182eba33c232c204","isMergeCommit":true,"messageTitle":"Merge branch \u0027master\u0027 into branch-edit","messageBody":"# Conflicts:\n#\tsrc/main/java/budgetbuddy/transaction/TransactionList.java\n#\tsrc/main/java/budgetbuddy/ui/UserInterface.java\n\nAdditional changes:\n * Update edit transaction to use enum Category\n * Handle exception for wrong category value\n","fileTypesAndContributionMap":{}},{"hash":"84c5bd325b5e36be4f075d1390fe82a779273e61","isMergeCommit":false,"messageTitle":"Add: Test code for parseTransactionType","messageBody":"","fileTypesAndContributionMap":{"functional-code":{"insertions":1,"deletions":0},"test-code":{"insertions":31,"deletions":0}}},{"hash":"800156376c26e2bed5e3db443cc479506aa37220","isMergeCommit":false,"messageTitle":"Resolve indentation and star import issues","messageBody":"","fileTypesAndContributionMap":{"functional-code":{"insertions":16,"deletions":5}}},{"hash":"0226117554f2623626757c05377835aabb7c8dfc","isMergeCommit":false,"messageTitle":"Remove unused imports from PraserTest","messageBody":"","fileTypesAndContributionMap":{"test-code":{"insertions":0,"deletions":1}}},{"hash":"26114b43c77a13772c5c7d008562a2fa7d0eae45","isMergeCommit":true,"messageTitle":"Merge pull request #31 from vibes-863/update-developers-guide","messageBody":"Add implementation of account feature to DG","fileTypesAndContributionMap":{}},{"hash":"5c106edd9727f021d117955cd9a566adab828305","isMergeCommit":false,"messageTitle":"Add implementation of delete transaction to DG","messageBody":"","fileTypesAndContributionMap":{"docs":{"insertions":26,"deletions":0}}}]},{"date":"2024-03-29","commitResults":[{"hash":"9edbe6a8100f298029f6daac42e53b30c387399f","isMergeCommit":false,"messageTitle":"Implement help command to use BudgetBuddy","messageBody":"","fileTypesAndContributionMap":{"functional-code":{"insertions":110,"deletions":2}}},{"hash":"117f3c2bda5605a5aec2cc06002e8b9cd793e3c6","isMergeCommit":true,"messageTitle":"Merge branch \u0027master\u0027 into branch-improvement","messageBody":"# Conflicts:\n#\tsrc/main/java/budgetbuddy/transaction/TransactionList.java\n#\tsrc/main/java/budgetbuddy/ui/UserInterface.java\n","fileTypesAndContributionMap":{}},{"hash":"a181c580f1bc8c9e83de1573df7d39141e34a70f","isMergeCommit":false,"messageTitle":"Update help guide for list transactions","messageBody":"","fileTypesAndContributionMap":{"functional-code":{"insertions":30,"deletions":14}}},{"hash":"37d6318626de3692adf71ffafd17c1ab8dfb802a","isMergeCommit":false,"messageTitle":"Update: Organize help guide","messageBody":"","fileTypesAndContributionMap":{"functional-code":{"insertions":20,"deletions":21}}},{"hash":"b341bc9124fcb94b2338229e8ab1c403548cbf6d","isMergeCommit":false,"messageTitle":"Resolve Gradle check:Variable access definition in wrong order","messageBody":"","fileTypesAndContributionMap":{"functional-code":{"insertions":3,"deletions":2}}}]},{"date":"2024-03-30","commitResults":[{"hash":"d0c1af990c37572c77036ddd4e59f57dbe3274b9","isMergeCommit":true,"messageTitle":"Merge pull request #36 from Vavinan/branch-improvement","messageBody":"Add Help guide for user command","fileTypesAndContributionMap":{}}]},{"date":"2024-04-02","commitResults":[{"hash":"1e813fc0242d192736e2bc1c8753e944648ec4d0","isMergeCommit":true,"messageTitle":"Merge branch \u0027master\u0027 into fix-bug","messageBody":"","fileTypesAndContributionMap":{}},{"hash":"7ac83ca72f23f633b7716bd0b1a046b8d8fc2d60","isMergeCommit":false,"messageTitle":"Refactor: Maintain program continuity post-insight popup closure","messageBody":"","fileTypesAndContributionMap":{"functional-code":{"insertions":22,"deletions":3}}},{"hash":"27c7f6e77bc02bd13deb14d5e6d104ced7865a27","isMergeCommit":false,"messageTitle":"Rename chart identifiers for clarity","messageBody":"","fileTypesAndContributionMap":{"functional-code":{"insertions":15,"deletions":14}}},{"hash":"a650a23ddc7970b674bb7d4f884fa14cd0313639","isMergeCommit":false,"messageTitle":"Refactor: Replace wildcard imports with explicit imports","messageBody":"","fileTypesAndContributionMap":{"functional-code":{"insertions":4,"deletions":2}}},{"hash":"9f276638580446b69d45bb384fba1ddb68c91274","isMergeCommit":true,"messageTitle":"Merge branch \u0027master\u0027 into fix-bug","messageBody":"","fileTypesAndContributionMap":{}},{"hash":"33e02c601b40f02a1c9fde480a52b565d1e5df79","isMergeCommit":true,"messageTitle":"Merge pull request #57 from Vavinan/fix-bug","messageBody":"Fix bug: Maintain program continuity post-insight popup closure","fileTypesAndContributionMap":{}}]},{"date":"2024-04-03","commitResults":[{"hash":"dae9c090fd5cc745e13246b60471715178c3026b","isMergeCommit":false,"messageTitle":"Add: Help commands for add, delete, edit and list Accounts","messageBody":"","fileTypesAndContributionMap":{"functional-code":{"insertions":17,"deletions":1}}},{"hash":"85be9c9414ff722b7e0432770193ec6b55506d9a","isMergeCommit":false,"messageTitle":"Print transaction information after edit transaction","messageBody":"","fileTypesAndContributionMap":{"functional-code":{"insertions":3,"deletions":2}}},{"hash":"fd7d7ad96fb734cae9dd18895fbc056db97ef65e","isMergeCommit":true,"messageTitle":"Merge branch \u0027master\u0027 into branch-improvement","messageBody":"# Conflicts:\n#\tsrc/main/java/budgetbuddy/ui/UserInterface.java\n","fileTypesAndContributionMap":{}},{"hash":"3a9920e59be5c3416dd72b9e4e2f0fa54448688f","isMergeCommit":true,"messageTitle":"Merge branch \u0027master\u0027 into branch-improvement","messageBody":"","fileTypesAndContributionMap":{}},{"hash":"693814f0bb5e3499623578a1f45df94208fa4b38","isMergeCommit":true,"messageTitle":"Merge pull request #76 from Vavinan/branch-improvement","messageBody":"Branch improvement: Update Help guide to include create, delete and edit account","fileTypesAndContributionMap":{}}]}],"vibes-863":[{"date":"2024-03-09","commitResults":[{"hash":"e5d65f67ac2ebff0420418dce1d347ee084cdf75","isMergeCommit":false,"messageTitle":"Add portfolio to docs/team","messageBody":"","fileTypesAndContributionMap":{"docs":{"insertions":6,"deletions":6}}},{"hash":"bc865579572845a0cc6c4326219e276f91dd2664","isMergeCommit":false,"messageTitle":"Update details in docs/AboutUs.md","messageBody":"","fileTypesAndContributionMap":{"docs":{"insertions":7,"deletions":7}}}]},{"date":"2024-03-11","commitResults":[{"hash":"6e339fc2b424ea38850d0e6d21644981161bc3d9","isMergeCommit":true,"messageTitle":"Merge pull request #1 from vibes-863/vaibhavDileep-AboutUs","messageBody":"Add Vaibhav Dileep Pillai details to AboutUs.md","fileTypesAndContributionMap":{}},{"hash":"4b3d67fd5874d61ef9058e9be13047e9e2f1495b","isMergeCommit":true,"messageTitle":"Merge branch \u0027master\u0027 into shyamKrishna-AboutUs","messageBody":"","fileTypesAndContributionMap":{}},{"hash":"e94e3c006f420b594982b71224062efc29f3d3e6","isMergeCommit":true,"messageTitle":"Merge pull request #2 from ShyamKrishna33/shyamKrishna-AboutUs","messageBody":"Add Shyam Krishna details to AboutUs.md","fileTypesAndContributionMap":{}},{"hash":"f7323061ff488574a643dc2a6ce5d40c522af9b1","isMergeCommit":true,"messageTitle":"Merge branch \u0027master\u0027 into Vavinan-AboutUs","messageBody":"","fileTypesAndContributionMap":{}},{"hash":"53f580bc6c793da39ba73ab5753b10edfccf2917","isMergeCommit":true,"messageTitle":"Merge pull request #3 from Vavinan/Vavinan-AboutUs","messageBody":"Add Vavinan details to AboutUs.md","fileTypesAndContributionMap":{}},{"hash":"039f1a9a374d2a6ac740e644a688678f2e2b8731","isMergeCommit":true,"messageTitle":"Merge branch \u0027master\u0027 into isaacEng-AboutUs","messageBody":"","fileTypesAndContributionMap":{}},{"hash":"92c927df3285c6f2379b43c9b02baf953544f2b3","isMergeCommit":true,"messageTitle":"Merge pull request #4 from isaaceng7/isaacEng-AboutUs","messageBody":"Add Isaac Eng details to AboutUs.md","fileTypesAndContributionMap":{}},{"hash":"a1e9cab4803a65d31f3063d355d0605afb946604","isMergeCommit":false,"messageTitle":"Update portfolio location for Issac in AboutUs.md","messageBody":"","fileTypesAndContributionMap":{"docs":{"insertions":1,"deletions":1}}}]},{"date":"2024-03-14","commitResults":[{"hash":"c991903e8ffb471df834b2f5913b702b48eecefa","isMergeCommit":true,"messageTitle":"Merge pull request #8 from ShyamKrishna33/add-transactions","messageBody":"Create Add-Transaction Functionality","fileTypesAndContributionMap":{}},{"hash":"d06f4959698d7f909c5386f289c3445536c9a433","isMergeCommit":true,"messageTitle":"Merge branch \u0027master\u0027 into feature-delete","messageBody":"","fileTypesAndContributionMap":{}},{"hash":"071aef6820fe3d3763b47d00968652813a901870","isMergeCommit":false,"messageTitle":"Update Transaction.java","messageBody":"","fileTypesAndContributionMap":{"functional-code":{"insertions":2,"deletions":1}}},{"hash":"f1965123d9945f0122fca5f009e34530c31c26da","isMergeCommit":true,"messageTitle":"Merge pull request #9 from Vavinan/feature-delete","messageBody":"Add feature: Delete transaction by index id","fileTypesAndContributionMap":{}},{"hash":"778da543412771874bd278b5c3e36ab920d4f0df","isMergeCommit":true,"messageTitle":"Merge branch \u0027master\u0027 into user-interface","messageBody":"","fileTypesAndContributionMap":{}},{"hash":"db88f653e4ccb7e4a6358f661b1ab91aaa0b1dae","isMergeCommit":false,"messageTitle":"Update TransactionList.java","messageBody":"","fileTypesAndContributionMap":{"functional-code":{"insertions":0,"deletions":1}}},{"hash":"d86bbfa90a4980ba34ecc5aa3924d62a7f2ea97a","isMergeCommit":true,"messageTitle":"Merge pull request #10 from Vavinan/user-interface","messageBody":"Implement and utilize Print methods","fileTypesAndContributionMap":{}},{"hash":"2cd8279d19eb981adb70f5e2cc61468d34d9ec47","isMergeCommit":true,"messageTitle":"Merge branch \u0027master\u0027 of https://github.com/AY2324S2-CS2113-T15-2/tp","messageBody":"","fileTypesAndContributionMap":{}},{"hash":"b552507fcdcc5213085b91964bc87a759795e21b","isMergeCommit":true,"messageTitle":"Merge pull request #11 from ShyamKrishna33/add-transactions","messageBody":"Fix extra whitespace character at each attribute of Transaction","fileTypesAndContributionMap":{}},{"hash":"3f8815bb5e3acffed4c244de9faba07082d56e7e","isMergeCommit":true,"messageTitle":"Merge branch \u0027master\u0027 of https://github.com/AY2324S2-CS2113-T15-2/tp","messageBody":"","fileTypesAndContributionMap":{}},{"hash":"73391dd7d4f8cf772c2fccf3bfb216e5ee238b43","isMergeCommit":false,"messageTitle":"Delete DukeTest.java","messageBody":"","fileTypesAndContributionMap":{"test-code":{"insertions":0,"deletions":12}}},{"hash":"707f7894eb3da7907fef77257d1b5956121c7e9f","isMergeCommit":false,"messageTitle":"Create JUnit test class - TransactionListTest.java","messageBody":"","fileTypesAndContributionMap":{"test-code":{"insertions":5,"deletions":0}}}]},{"date":"2024-03-15","commitResults":[{"hash":"ef40daa59351274a9a25f0eebb68e5e439a69a51","isMergeCommit":false,"messageTitle":"Update addTransaction to package-private","messageBody":"","fileTypesAndContributionMap":{"functional-code":{"insertions":1,"deletions":1}}},{"hash":"91704ccaf4d184cb764ab4b1f3c22ed9883c46fe","isMergeCommit":false,"messageTitle":"Add removeTransaction_removesCorrectTransaction test case","messageBody":"","fileTypesAndContributionMap":{"test-code":{"insertions":26,"deletions":0}}},{"hash":"325180dbb671de51e89c395dbe4514aba7b7e6b9","isMergeCommit":false,"messageTitle":"Add removeTransaction IndexOutOfBounds test case","messageBody":"","fileTypesAndContributionMap":{"test-code":{"insertions":11,"deletions":3}}},{"hash":"c5748c9b42d5f2ee494d15d28b4828420e5d09bc","isMergeCommit":true,"messageTitle":"Merge pull request #12 from ShyamKrishna33/add-JUnit-tests","messageBody":"Create JUnit Test Case for Parser Class","fileTypesAndContributionMap":{}},{"hash":"b6562507750ef301d28df210fea2ef9789010a50","isMergeCommit":true,"messageTitle":"Merge branch \u0027master\u0027 of https://github.com/AY2324S2-CS2113-T15-2/tp","messageBody":"","fileTypesAndContributionMap":{}},{"hash":"4b2df364cd6d0b377caa7232a85682fa611ab9bb","isMergeCommit":true,"messageTitle":"Merge branch \u0027master\u0027 into add-Junit-tests","messageBody":"# Conflicts:\n#\tsrc/test/java/financemanager/TransactionListTest.java\n","fileTypesAndContributionMap":{}}]},{"date":"2024-03-19","commitResults":[{"hash":"b9bf8d2d02295a0eee2248635632d6f40f0ccea8","isMergeCommit":false,"messageTitle":"Create Income class","messageBody":"","fileTypesAndContributionMap":{"functional-code":{"insertions":8,"deletions":0}}},{"hash":"41af6fc916a87e05971b0a7c03063eae7ea26df2","isMergeCommit":false,"messageTitle":"Create Expense class","messageBody":"","fileTypesAndContributionMap":{"functional-code":{"insertions":8,"deletions":0}}},{"hash":"1ebb2713b146dccb7cc69bbc8e8f0340b4aeadb1","isMergeCommit":false,"messageTitle":"Refactor transactions package to transaction","messageBody":"","fileTypesAndContributionMap":{"functional-code":{"insertions":3,"deletions":3},"other":{"insertions":4,"deletions":4},"test-code":{"insertions":2,"deletions":2}}},{"hash":"6c6b5969ea9f8bca715f72f454e9762f741e4da9","isMergeCommit":false,"messageTitle":"Refactor TransactionList from financemanager to transaction package","messageBody":"","fileTypesAndContributionMap":{"functional-code":{"insertions":1,"deletions":1},"other":{"insertions":3,"deletions":2}}},{"hash":"6deeeaf8a37d08ea9a63cb4d80a3ba3d7459ca06","isMergeCommit":false,"messageTitle":"Refactor Transaction, Income, and Expense to transaction.type package","messageBody":"","fileTypesAndContributionMap":{"functional-code":{"insertions":3,"deletions":3},"other":{"insertions":7,"deletions":6},"test-code":{"insertions":2,"deletions":3}}},{"hash":"b19e37a96672123457851ca8b6a66d33d4bf275b","isMergeCommit":false,"messageTitle":"Create Account class in account package","messageBody":"","fileTypesAndContributionMap":{"functional-code":{"insertions":4,"deletions":0}}},{"hash":"c1be94381296aa1972cc9dfb6e0b411fe47048c8","isMergeCommit":false,"messageTitle":"Refactor all packages into a budgetbuddy package","messageBody":"","fileTypesAndContributionMap":{"functional-code":{"insertions":4,"deletions":4},"other":{"insertions":20,"deletions":19}}},{"hash":"7f2607cfc4d84bb94200093dc02f59aacb514532","isMergeCommit":false,"messageTitle":"Update amount\u0027s type from float to double","messageBody":"","fileTypesAndContributionMap":{"functional-code":{"insertions":6,"deletions":6}}},{"hash":"1fdc9fa2a4be1a79a72fd86509f6b527dbb91c3c","isMergeCommit":false,"messageTitle":"Add account balance tracking with income and expense type transactions","messageBody":"","fileTypesAndContributionMap":{"functional-code":{"insertions":46,"deletions":7}}},{"hash":"82d2ee2ca43651f17fe8e4e7884001cb8136fdb1","isMergeCommit":false,"messageTitle":"Update printAddMessage to include balance and transaction type","messageBody":"","fileTypesAndContributionMap":{"functional-code":{"insertions":21,"deletions":5}}},{"hash":"dd882d372afa2dc04dfe74e8cc07f878725f1cef","isMergeCommit":false,"messageTitle":"Update printDeleteMessage to include balance and transaction type","messageBody":"","fileTypesAndContributionMap":{"functional-code":{"insertions":13,"deletions":9}}},{"hash":"3cba75e9e56e6b910fb652698a8719e38b664802","isMergeCommit":false,"messageTitle":"Update printAllTransactions to include balance and transaction type","messageBody":"","fileTypesAndContributionMap":{"functional-code":{"insertions":17,"deletions":12}}},{"hash":"7ac29da350ffc268323274bdc3f8af9d36219a72","isMergeCommit":false,"messageTitle":"Update JUnit test cases to handle code changes","messageBody":"","fileTypesAndContributionMap":{"functional-code":{"insertions":1,"deletions":1},"test-code":{"insertions":45,"deletions":15}}},{"hash":"b5d4d59110ac0d77b00668dce190a267bc7f98b5","isMergeCommit":false,"messageTitle":"Update JUnit test cases to handle code changes","messageBody":"","fileTypesAndContributionMap":{"functional-code":{"insertions":1,"deletions":1},"other":{"insertions":1,"deletions":1},"test-code":{"insertions":45,"deletions":15}}},{"hash":"7f3ac6868b4c2e5e9584ed3451d98398e494f3e6","isMergeCommit":true,"messageTitle":"Merge branch \u0027add-account-feature\u0027 of https://github.com/vibes-863/tp into add-account-feature","messageBody":"","fileTypesAndContributionMap":{}}]},{"date":"2024-03-20","commitResults":[{"hash":"57d095185095c7dd40f6dbfae32c394096e711a9","isMergeCommit":true,"messageTitle":"Merge pull request #19 from Vavinan/branch-assert","messageBody":"Add assertions to TransactionList","fileTypesAndContributionMap":{}},{"hash":"47572e9670e1f9ba1f0a9c15fa429e93db22f57e","isMergeCommit":false,"messageTitle":"Update welcome message","messageBody":"","fileTypesAndContributionMap":{"functional-code":{"insertions":1,"deletions":4}}},{"hash":"8a0a3da67f8cca9560ed3acbcfec04513eaa1dcf","isMergeCommit":false,"messageTitle":"Fix bug in checking if amount is double","messageBody":"","fileTypesAndContributionMap":{"functional-code":{"insertions":13,"deletions":6}}},{"hash":"1e61a1c692f6183aaad3f377756fec3703e838c2","isMergeCommit":false,"messageTitle":"Fix bug in DataStorage","messageBody":"","fileTypesAndContributionMap":{"functional-code":{"insertions":1,"deletions":1}}},{"hash":"753a9fd02269a3956974dcae613404c7e4b20202","isMergeCommit":false,"messageTitle":"Add assertions to Expense and Income class","messageBody":"","fileTypesAndContributionMap":{"functional-code":{"insertions":12,"deletions":0},"other":{"insertions":1,"deletions":0}}}]},{"date":"2024-03-28","commitResults":[{"hash":"b5e468ac8a055d6b24560b7dbb16403528c29c23","isMergeCommit":false,"messageTitle":"Add implementation of account feature to DG","messageBody":"","fileTypesAndContributionMap":{"docs":{"insertions":11,"deletions":0}}},{"hash":"4a0d49093afdcfadcf4b5f3bf74ef78244d82a82","isMergeCommit":true,"messageTitle":"Merge pull request #32 from isaaceng7/update-dg","messageBody":"Add implementation of list feature to DG ","fileTypesAndContributionMap":{}}]},{"date":"2024-03-30","commitResults":[{"hash":"1ddc2f25d1693770a71d8e3a095f9cdd5f845240","isMergeCommit":false,"messageTitle":"Add RepoSense compatibility","messageBody":"","fileTypesAndContributionMap":{"functional-code":{"insertions":1,"deletions":0}}},{"hash":"68d09d5e3cd23bc9f935be729b07dce6059cd4ae","isMergeCommit":false,"messageTitle":"Creat AccountManager class","messageBody":"","fileTypesAndContributionMap":{"functional-code":{"insertions":2,"deletions":0}}},{"hash":"47088e302c2c9488f15f1170ea6420f6a78039cd","isMergeCommit":false,"messageTitle":"Add accountId to Account class","messageBody":"","fileTypesAndContributionMap":{"functional-code":{"insertions":9,"deletions":0}}},{"hash":"010fba3e7cb7faa34c9ceb5cb78ba2992324847b","isMergeCommit":false,"messageTitle":"Add accountName and set it in constructor","messageBody":"","fileTypesAndContributionMap":{"functional-code":{"insertions":8,"deletions":3}}},{"hash":"e55671b6317baa23a687593d8f4eb579beac31c2","isMergeCommit":false,"messageTitle":"Update JUnit tests to match changes","messageBody":"","fileTypesAndContributionMap":{"test-code":{"insertions":5,"deletions":5}}},{"hash":"0b5f04edac337622309de010afe3f580e79283b7","isMergeCommit":false,"messageTitle":"Add account creation handling to AccountManager","messageBody":"","fileTypesAndContributionMap":{"functional-code":{"insertions":16,"deletions":1}}},{"hash":"3ec89c517e52c19b070d15befa5bfb7b516ad53e","isMergeCommit":false,"messageTitle":"Add inital balance and account name setup to BudgetBuddy","messageBody":"","fileTypesAndContributionMap":{"functional-code":{"insertions":20,"deletions":9}}}]},{"date":"2024-03-31","commitResults":[{"hash":"d19d5524b75fb3d9226c2cc34ef286df707f0ac4","isMergeCommit":false,"messageTitle":"Update Account class for adding accounts","messageBody":"","fileTypesAndContributionMap":{"functional-code":{"insertions":18,"deletions":11}}},{"hash":"c4245e6a14c10eb9a0f17a8223119b9b018d6cd3","isMergeCommit":false,"messageTitle":"Add processAddAccount method to AccountManager class","messageBody":"","fileTypesAndContributionMap":{"functional-code":{"insertions":21,"deletions":2}}},{"hash":"0f459dd26feee037d1d1ad03d68bdbb6ded24f85","isMergeCommit":false,"messageTitle":"Create InvalidArgumentSyntaxException class","messageBody":"","fileTypesAndContributionMap":{"functional-code":{"insertions":7,"deletions":0}}},{"hash":"11b68150c31fcb96e45de3f673ea932e6440ea29","isMergeCommit":false,"messageTitle":"Add parseAddAccount class to Parser class","messageBody":"","fileTypesAndContributionMap":{"functional-code":{"insertions":27,"deletions":0}}},{"hash":"a8afda7d6fbab2624cca9193a1a769d744764c2a","isMergeCommit":false,"messageTitle":"Add printAddAccountMessage to UserInterface class","messageBody":"","fileTypesAndContributionMap":{"functional-code":{"insertions":10,"deletions":1}}},{"hash":"120856e1e36bfa3cc0227d67c9af3ca30d1f4f49","isMergeCommit":false,"messageTitle":"Add printInvalidArgumentSyntax to UserInterface class","messageBody":"","fileTypesAndContributionMap":{"functional-code":{"insertions":6,"deletions":0}}},{"hash":"cbf8a1b2f0c316f48a0cd1f7687a4a10970ce7ae","isMergeCommit":false,"messageTitle":"Update switch case with \u0027add-acc\u0027 command","messageBody":"","fileTypesAndContributionMap":{"functional-code":{"insertions":7,"deletions":1}}},{"hash":"cf3cfb9465c47ae314497232e29330ea1d4f6892","isMergeCommit":true,"messageTitle":"Merge pull request #39 from vibes-863/add-multiple-accounts","messageBody":"Create multiple accounts (add account)","fileTypesAndContributionMap":{}},{"hash":"bc0d7b8a5a60524789d904018af5cec85b5150d9","isMergeCommit":false,"messageTitle":"Add printListOfAccounts to UserInterface class","messageBody":"","fileTypesAndContributionMap":{"functional-code":{"insertions":22,"deletions":0}}},{"hash":"9117b62dcb0df523e222aa8532124ae358d1fd7f","isMergeCommit":false,"messageTitle":"Add list-acc case to switch in BudgetBuddy class","messageBody":"","fileTypesAndContributionMap":{"functional-code":{"insertions":3,"deletions":0}}},{"hash":"3cab14976cc281c4627982479a3fbb3385e64087","isMergeCommit":false,"messageTitle":"Add random accound id generator to AccountManager class","messageBody":"","fileTypesAndContributionMap":{"functional-code":{"insertions":23,"deletions":1}}},{"hash":"803faee797f9d07fe551d08e0c18a6427cd3018c","isMergeCommit":false,"messageTitle":"Update id to accountNumber in Account class","messageBody":"","fileTypesAndContributionMap":{"functional-code":{"insertions":8,"deletions":8}}},{"hash":"72fb89a84f7b1373cf6cbc9f9f476d932f1728dc","isMergeCommit":false,"messageTitle":"Add removeAccount to AccountManager","messageBody":"","fileTypesAndContributionMap":{"functional-code":{"insertions":27,"deletions":8}}},{"hash":"1a85b930a2e854ea6c30fbd441e88780d492dc13","isMergeCommit":false,"messageTitle":"Add parseRemoveAccount to Parser","messageBody":"","fileTypesAndContributionMap":{"functional-code":{"insertions":16,"deletions":0}}},{"hash":"ec8ebc2229eab90fb02a7721c2eea09bd5531fe5","isMergeCommit":false,"messageTitle":"Add printDeleteAccountMessage to UserInterface","messageBody":"","fileTypesAndContributionMap":{"functional-code":{"insertions":16,"deletions":4}}},{"hash":"803049837d05121676e4bb74cbc0c74366548956","isMergeCommit":false,"messageTitle":"Add delete-acc case to switch in BudgetBuddy","messageBody":"","fileTypesAndContributionMap":{"functional-code":{"insertions":3,"deletions":0}}}]},{"date":"2024-04-01","commitResults":[{"hash":"0afe6919603a29a9a19180a58e4e5024f9fe194b","isMergeCommit":true,"messageTitle":"Merge pull request #45 from vibes-863/remove-account-feature","messageBody":"Delete account feature","fileTypesAndContributionMap":{}},{"hash":"dba063b5fa323ba4898ada6644ca1647410c6e6d","isMergeCommit":true,"messageTitle":"Merge pull request #47 from ShyamKrishna33/add-insights","messageBody":"Add insights for transactions based on the categories","fileTypesAndContributionMap":{}},{"hash":"c6c4b2822672947ee6fbba1ffa84dbbcbb5e9454","isMergeCommit":false,"messageTitle":"Update author tags","messageBody":"","fileTypesAndContributionMap":{"functional-code":{"insertions":9,"deletions":7}}},{"hash":"f8047063d6a64218162d3ccb2dc89a1eecf9c177","isMergeCommit":true,"messageTitle":"Merge pull request #48 from vibes-863/make-reposense-compatible","messageBody":"Update author tags","fileTypesAndContributionMap":{}}]},{"date":"2024-04-02","commitResults":[{"hash":"21ca360c040fd88353a6f81defe4fbace80306ce","isMergeCommit":false,"messageTitle":"Add accountNumber and accountName attributes to Transaction class","messageBody":"","fileTypesAndContributionMap":{"functional-code":{"insertions":23,"deletions":9}}},{"hash":"2074b33108bafdccc70af4aa2b58e9a21c9a8bab","isMergeCommit":false,"messageTitle":"Add getAccount and getAccountByAccountNumber to AccountManager class","messageBody":"","fileTypesAndContributionMap":{"functional-code":{"insertions":18,"deletions":1}}},{"hash":"456e445d2569769322218b04b27a6c0574543231","isMergeCommit":false,"messageTitle":"Update add case to handle multiple accounts","messageBody":"","fileTypesAndContributionMap":{"functional-code":{"insertions":16,"deletions":12}}},{"hash":"9a6c488c9cf0606c9de2bfc3e32466e83c1c89bf","isMergeCommit":false,"messageTitle":"Add parseAccountNumber to Parser class","messageBody":"","fileTypesAndContributionMap":{"functional-code":{"insertions":11,"deletions":0}}},{"hash":"8c2ce980c1f02b898c403f5b7c1d3d388c97d485","isMergeCommit":false,"messageTitle":"Update delete case to handle multiple accounts","messageBody":"","fileTypesAndContributionMap":{"functional-code":{"insertions":4,"deletions":3}}},{"hash":"e7dcd9b06a629d340f5ef73dc0eb6046f6482599","isMergeCommit":false,"messageTitle":"Update edit case to handle multiple accounts","messageBody":"","fileTypesAndContributionMap":{"functional-code":{"insertions":3,"deletions":2}}},{"hash":"65bf55409bb6315a34dced5343d3d5af9e256699","isMergeCommit":false,"messageTitle":"Update list case to handle multiple accounts","messageBody":"","fileTypesAndContributionMap":{"functional-code":{"insertions":32,"deletions":25}}},{"hash":"b3558204007d744623306d3daa6ac36ff0d1795a","isMergeCommit":false,"messageTitle":"Fix checkstyle issues","messageBody":"","fileTypesAndContributionMap":{"functional-code":{"insertions":16,"deletions":10}}},{"hash":"be73bd3ecb85a5f83d375060d9e463f8d315fad8","isMergeCommit":false,"messageTitle":"Update JUnit test cases to match code changes","messageBody":"","fileTypesAndContributionMap":{"test-code":{"insertions":37,"deletions":23}}},{"hash":"7cca7f1a499b64848c423012731149c9128bd580","isMergeCommit":true,"messageTitle":"Merge pull request #52 from vibes-863/link-transaction-to-account","messageBody":"Add transactions to specific accounts","fileTypesAndContributionMap":{}},{"hash":"0208377c651d8a9a8e68f15fb5386a1af7041f6f","isMergeCommit":false,"messageTitle":"Add setName method in Account class","messageBody":"","fileTypesAndContributionMap":{"functional-code":{"insertions":5,"deletions":1}}},{"hash":"717058cbf1b422acaedb2f98e9f273832f6105aa","isMergeCommit":false,"messageTitle":"Update removeAccount to use accountNumber","messageBody":"","fileTypesAndContributionMap":{"functional-code":{"insertions":5,"deletions":10}}},{"hash":"d9ccd324472389478bb06459c3d0a0afb42c5041","isMergeCommit":false,"messageTitle":"Add processEditAccountto AccountManager","messageBody":"","fileTypesAndContributionMap":{"functional-code":{"insertions":8,"deletions":0}}},{"hash":"30a5a71013d80e1d2125bb2b90ef304909f7b24f","isMergeCommit":false,"messageTitle":"Update parseRemoveAccount in Parser","messageBody":"","fileTypesAndContributionMap":{"functional-code":{"insertions":12,"deletions":11}}},{"hash":"97f78da06666421cf162e4c65331be5a2c5f2c9c","isMergeCommit":false,"messageTitle":"Add parseEditAccount to Parser class","messageBody":"","fileTypesAndContributionMap":{"functional-code":{"insertions":9,"deletions":1}}},{"hash":"0c4c69a6ad4526d3dde5ef1a2c94e8a15c24d272","isMergeCommit":false,"messageTitle":"Add getNewAccountName and printUpdatedAccount to UserInterface class","messageBody":"","fileTypesAndContributionMap":{"functional-code":{"insertions":25,"deletions":5}}},{"hash":"792a868a39e232cdb12d8b199ae0f6adde710f0e","isMergeCommit":false,"messageTitle":"Add edit-acc case to switch statement","messageBody":"","fileTypesAndContributionMap":{"functional-code":{"insertions":3,"deletions":0}}},{"hash":"325efd3acbd2b0bcd8ab57b6bf21f37813bf5c3a","isMergeCommit":false,"messageTitle":"Fix checkstyle errors","messageBody":"","fileTypesAndContributionMap":{"functional-code":{"insertions":2,"deletions":2}}},{"hash":"57686796b7b0818b7756423f76eb2e1e7f08a70d","isMergeCommit":true,"messageTitle":"Merge pull request #53 from vibes-863/edit-account-feature","messageBody":"Edit account feature","fileTypesAndContributionMap":{}},{"hash":"6d0cc3ee5dce2e25583e072e74e751f25b72e755","isMergeCommit":false,"messageTitle":"Add new constructor to Income and Expense class","messageBody":"","fileTypesAndContributionMap":{"functional-code":{"insertions":8,"deletions":0}}},{"hash":"440e48e01b7a6bb8dbb02ef33c6b84be7814eed3","isMergeCommit":false,"messageTitle":"Update constructor of TransactionList class","messageBody":"","fileTypesAndContributionMap":{"functional-code":{"insertions":7,"deletions":8}}},{"hash":"90b0d69b270721f871f5b61a5124e1d011994f58","isMergeCommit":false,"messageTitle":"Update DataStorage to handle storing of accounts","messageBody":"","fileTypesAndContributionMap":{"functional-code":{"insertions":95,"deletions":21}}},{"hash":"e1272ce52377aa74d153ee3c4884bb32f660e89c","isMergeCommit":false,"messageTitle":"Update AccountManager class to handle saving and loading of accounts","messageBody":"","fileTypesAndContributionMap":{"functional-code":{"insertions":11,"deletions":0}}},{"hash":"e1988c763b59adac2b9cd0b603ccfc82e1c56a03","isMergeCommit":false,"messageTitle":"Update BudgetBuddy class to handle storing and loading of accounts","messageBody":"","fileTypesAndContributionMap":{"functional-code":{"insertions":17,"deletions":20}}},{"hash":"de5d8f83cf77abe827e8dda9cbca49b7c5078037","isMergeCommit":false,"messageTitle":"Fix checkstyle error","messageBody":"","fileTypesAndContributionMap":{"functional-code":{"insertions":2,"deletions":2}}},{"hash":"82666f77e79bb07c1e43ca90f3a09d95047d418c","isMergeCommit":false,"messageTitle":"Update JUnit test cases to match code changes","messageBody":"","fileTypesAndContributionMap":{"test-code":{"insertions":6,"deletions":6}}},{"hash":"7e86568761c29065c25d9d236f8d7848e5ba4067","isMergeCommit":true,"messageTitle":"Merge branch \u0027master\u0027 into save-account-data","messageBody":"","fileTypesAndContributionMap":{}},{"hash":"ce2e2b28d0061890c7dc726e73611384027efdcd","isMergeCommit":true,"messageTitle":"Merge pull request #58 from vibes-863/save-account-data","messageBody":"Save account data","fileTypesAndContributionMap":{}}]},{"date":"2024-04-03","commitResults":[{"hash":"ff7858dca1aa6984ecbd7670d84c9fe7d6212fa0","isMergeCommit":false,"messageTitle":"Fix add-acc command to print correct added account","messageBody":"","fileTypesAndContributionMap":{"functional-code":{"insertions":1,"deletions":5}}},{"hash":"a76c2274076e82a117dfa65d233be95bac569f3a","isMergeCommit":true,"messageTitle":"Merge pull request #63 from vibes-863/bug-fix","messageBody":"Fix add-acc command to print correct added account","fileTypesAndContributionMap":{}},{"hash":"6b5302f2f8b84be213623def617c31e762572543","isMergeCommit":false,"messageTitle":"Update parseAddAccount to support adding account without space in param","messageBody":"","fileTypesAndContributionMap":{"functional-code":{"insertions":8,"deletions":7}}},{"hash":"89a808c54fc3a27e3909a3467ebe9d6e8ab5de9a","isMergeCommit":true,"messageTitle":"Merge pull request #64 from vibes-863/fix-parsing-add-acc","messageBody":"Update parseAddAccount to support adding account without space in param","fileTypesAndContributionMap":{}},{"hash":"a2ceb977876970f5be81f616c8dd580b9c7a7612","isMergeCommit":false,"messageTitle":"Update removeAccount to remove transactions associated with account","messageBody":"","fileTypesAndContributionMap":{"functional-code":{"insertions":7,"deletions":3}}},{"hash":"2d30f9cb874710d4471d3af5c705b6f7becb67ab","isMergeCommit":false,"messageTitle":"Add removeTransactionsByAccountNumber to TransactionList class","messageBody":"","fileTypesAndContributionMap":{"functional-code":{"insertions":11,"deletions":0}}},{"hash":"bbae89126b86131d9db0acf4c971efe04b2a5e8f","isMergeCommit":false,"messageTitle":"Update printDeleteAccountMessage to handle deletion of transactions","messageBody":"","fileTypesAndContributionMap":{"functional-code":{"insertions":17,"deletions":1}}},{"hash":"5d0ee13c77abec777294cefb8d84054742fda5da","isMergeCommit":true,"messageTitle":"Merge pull request #67 from vibes-863/fix-delete-acc","messageBody":"Fix delete acc to delete transactions related to account as well","fileTypesAndContributionMap":{}},{"hash":"40b6b5cdb4a5f1e2d9c4df94e38d96f90b9fb331","isMergeCommit":false,"messageTitle":"Add check to see if accountfile is empty","messageBody":"","fileTypesAndContributionMap":{"functional-code":{"insertions":3,"deletions":0}}},{"hash":"2871edd2e0a7e4aaeb7972f16ebf56385d1b18d5","isMergeCommit":true,"messageTitle":"Merge pull request #68 from vibes-863/fix-account-file-reading","messageBody":"Fix account file reading when reading empty account file","fileTypesAndContributionMap":{}},{"hash":"78116477f8551bf896a884958d2895609e255cfc","isMergeCommit":false,"messageTitle":"Add condition to see if there is only one account","messageBody":"","fileTypesAndContributionMap":{"functional-code":{"insertions":4,"deletions":0}}},{"hash":"1249133218fef75b0f8defdfa2e80bb11c0410dd","isMergeCommit":false,"messageTitle":"Add printCannotDeleteLastAccountMessage to UserInterface class","messageBody":"","fileTypesAndContributionMap":{"functional-code":{"insertions":8,"deletions":0}}},{"hash":"b06a047295d4662aa26c48134211b6e47708b09b","isMergeCommit":true,"messageTitle":"Merge pull request #71 from vibes-863/69-delete-account-one-present","messageBody":"69 delete account one present","fileTypesAndContributionMap":{}},{"hash":"cf7d9fc72830581670399e098af7bb3a9332a7e5","isMergeCommit":false,"messageTitle":"Update Introduction and Quick Start of UserGuide.md","messageBody":"","fileTypesAndContributionMap":{"docs":{"insertions":6,"deletions":5}}},{"hash":"b4456f37b231af8b888ebda63f054a37633dbe8f","isMergeCommit":true,"messageTitle":"Merge pull request #72 from vibes-863/update-user-guide","messageBody":"Update Introduction and Quick Start of UserGuide.md","fileTypesAndContributionMap":{}}]}],"isaaceng7":[{"date":"2024-03-10","commitResults":[{"hash":"91f2bdc8edbf81eacd0726e7972983534bb714f4","isMergeCommit":false,"messageTitle":"Update portfolio to docs/team","messageBody":"","fileTypesAndContributionMap":{"docs":{"insertions":1,"deletions":1}}},{"hash":"6c1072cb47ed7cbc57b8fd4f09bbea504b12ebce","isMergeCommit":false,"messageTitle":"Update details in docs/AboutUs.md","messageBody":"","fileTypesAndContributionMap":{"docs":{"insertions":6,"deletions":7}}}]},{"date":"2024-03-12","commitResults":[{"hash":"8996c4f01d056b5cb9caeb7df864a81289fea15f","isMergeCommit":false,"messageTitle":"Add ArrayList into InputHandler","messageBody":"","fileTypesAndContributionMap":{"functional-code":{"insertions":16,"deletions":0}}},{"hash":"e1993ac779ec4e68aafd82d1077b388f2d07e511","isMergeCommit":false,"messageTitle":"Rename InputHandler to TransactionList","messageBody":"","fileTypesAndContributionMap":{"other":{"insertions":2,"deletions":2}}},{"hash":"190d0a355e050e42affe2e803f1a9b40c354b04e","isMergeCommit":false,"messageTitle":"Initialise transactions and add switch cases into BudgetBuddy","messageBody":"","fileTypesAndContributionMap":{"functional-code":{"insertions":25,"deletions":0}}},{"hash":"5ffc69646800b617dd4d7e9bb2b7e2c825adaec5","isMergeCommit":false,"messageTitle":"Edit switch input to take first word","messageBody":"","fileTypesAndContributionMap":{"functional-code":{"insertions":1,"deletions":1}}}]},{"date":"2024-03-15","commitResults":[{"hash":"ac9abbb18638779632bb1bac955fc689b755bc17","isMergeCommit":false,"messageTitle":"Create class TransactionListTest","messageBody":"","fileTypesAndContributionMap":{"test-code":{"insertions":4,"deletions":12}}},{"hash":"08c74a0a9c2b3bc342a4a1dada612417695df5a5","isMergeCommit":false,"messageTitle":"Add JUnit test for TransactionList class","messageBody":"","fileTypesAndContributionMap":{"test-code":{"insertions":32,"deletions":1}}},{"hash":"a18c37c2bec1836eb2ec7ad89050d21540f02573","isMergeCommit":false,"messageTitle":"Remove unused import","messageBody":"","fileTypesAndContributionMap":{"test-code":{"insertions":0,"deletions":1}}},{"hash":"7ae090f34a7b99b17fda676c6eafb76ae0de7fa0","isMergeCommit":false,"messageTitle":"Add newline at end of file","messageBody":"","fileTypesAndContributionMap":{"test-code":{"insertions":2,"deletions":1}}},{"hash":"4f6de358bf3c9204ea3e7aaba85c7083b70320bd","isMergeCommit":true,"messageTitle":"Merge pull request #15 from Vavinan/JUnit-tests","messageBody":"Add: JUnit test for Transaction class","fileTypesAndContributionMap":{}},{"hash":"bfe0515db15c48e63ec38a475f3490d68b7d0953","isMergeCommit":true,"messageTitle":"Merge pull request #13 from vibes-863/add-Junit-tests","messageBody":"Create JUnit test case for TransactionList class","fileTypesAndContributionMap":{}}]},{"date":"2024-03-20","commitResults":[{"hash":"978a3c7e203870d5a8eabeae82ebd1cbb824f6b8","isMergeCommit":false,"messageTitle":"Add EmptyArgumentException and NumberFormatError for delete method","messageBody":"","fileTypesAndContributionMap":{"functional-code":{"insertions":47,"deletions":3},"test-code":{"insertions":22,"deletions":1}}},{"hash":"9a5621067281d2c97a0e70649203584656f1491b","isMergeCommit":false,"messageTitle":"Add InvalidTransactionTypeException for processTransaction method","messageBody":"","fileTypesAndContributionMap":{"functional-code":{"insertions":28,"deletions":7},"test-code":{"insertions":11,"deletions":2}}},{"hash":"2d9fcd9cf53a50b8a43d758c62f03d808b700815","isMergeCommit":false,"messageTitle":"Add NumberFormatException to amount in parseTransaction","messageBody":"","fileTypesAndContributionMap":{"functional-code":{"insertions":12,"deletions":7}}},{"hash":"ffe370116559847913d8343fbad509647e42f61d","isMergeCommit":false,"messageTitle":"Add InvalidAddTransactionSyntax for processTransaction method","messageBody":"","fileTypesAndContributionMap":{"functional-code":{"insertions":28,"deletions":1},"test-code":{"insertions":17,"deletions":1}}},{"hash":"0f0cfce5e0c2fe7d2e6d32d09d433e257bbabb21","isMergeCommit":false,"messageTitle":"Bug fixes for JUnit test cases","messageBody":"","fileTypesAndContributionMap":{"functional-code":{"insertions":5,"deletions":4},"test-code":{"insertions":2,"deletions":1}}}]},{"date":"2024-03-28","commitResults":[{"hash":"d487dc093afe9f339b910d38542e020a044e8834","isMergeCommit":true,"messageTitle":"Merge pull request #30 from Vavinan/branch-edit","messageBody":"Add: Edit transaction to make changes in the past transactions","fileTypesAndContributionMap":{}},{"hash":"e185082634df2c1ec0e7d3172d94c913b5921146","isMergeCommit":false,"messageTitle":"Update DG with List feature","messageBody":"","fileTypesAndContributionMap":{"docs":{"insertions":8,"deletions":0}}},{"hash":"c2744fca8523e6793e2bf94a585e9398a6692974","isMergeCommit":false,"messageTitle":"Update DG for enhanced List feature","messageBody":"","fileTypesAndContributionMap":{"docs":{"insertions":2,"deletions":1}}},{"hash":"ecd9d76b5fd211dd6a9dc4eb99a0765fde9c30cd","isMergeCommit":true,"messageTitle":"Merge branch \u0027master\u0027 into developer-guide","messageBody":"","fileTypesAndContributionMap":{}},{"hash":"a9189400a928e681c50542ac1c7102b8f9a5eb5f","isMergeCommit":true,"messageTitle":"Merge pull request #34 from ShyamKrishna33/developer-guide","messageBody":"Add implementation of Category feature in DG","fileTypesAndContributionMap":{}},{"hash":"b0472afc34bc56340aaf370b6784a90dc378788c","isMergeCommit":true,"messageTitle":"Merge branch \u0027update-dg\u0027","messageBody":"* update-dg:\n  Update DG for enhanced List feature\n  Update DG with List feature\n\n# Conflicts:\n#\tdocs/DeveloperGuide.md\n","fileTypesAndContributionMap":{}},{"hash":"fbac6cca81a744b6683de0655fd5840e529b9360","isMergeCommit":true,"messageTitle":"Merge commit \u0027a9189400a928e681c50542ac1c7102b8f9a5eb5f\u0027 into update-dg","messageBody":"* commit \u0027a9189400a928e681c50542ac1c7102b8f9a5eb5f\u0027:\n  Add implementation of Category feature in DG\n  Add implementation of delete transaction to DG\n\n# Conflicts:\n#\tdocs/DeveloperGuide.md\n","fileTypesAndContributionMap":{}},{"hash":"ec0c77af958a85cfa89477c76279a369f08e562f","isMergeCommit":true,"messageTitle":"Merge branch \u0027master\u0027 of https://github.com/AY2324S2-CS2113-T15-2/tp","messageBody":"* \u0027master\u0027 of https://github.com/AY2324S2-CS2113-T15-2/tp:\n\n# Conflicts:\n#\tdocs/DeveloperGuide.md\n","fileTypesAndContributionMap":{}}]},{"date":"2024-03-29","commitResults":[{"hash":"3b85cf227a239dc3525eed695b21c1b0a6ae83a1","isMergeCommit":false,"messageTitle":"Revert \"Merge branch \u0027master\u0027 of https://github.com/AY2324S2-CS2113-T15-2/tp\"","messageBody":"This reverts commit ec0c77af958a85cfa89477c76279a369f08e562f, reversing\nchanges made to b0472afc34bc56340aaf370b6784a90dc378788c.\n","fileTypesAndContributionMap":{"docs":{"insertions":0,"deletions":12}}},{"hash":"75706fa22c22a9408cb765cc2af62f8f2a92d3f1","isMergeCommit":false,"messageTitle":"Enhance List feature to include different options","messageBody":"","fileTypesAndContributionMap":{"functional-code":{"insertions":208,"deletions":30}}},{"hash":"4e95ee8137a5b46c5d818a3ddb2542ea1d52b5c7","isMergeCommit":false,"messageTitle":"Add authorship in TransactionList class","messageBody":"","fileTypesAndContributionMap":{"functional-code":{"insertions":2,"deletions":0}}},{"hash":"cb34fd25e52f07b7a8b8678c7295163f50e8d36d","isMergeCommit":false,"messageTitle":"Fix incorrect variable name from lastWeek to lastMonth","messageBody":"","fileTypesAndContributionMap":{"functional-code":{"insertions":11,"deletions":13}}},{"hash":"0b017bd10e451301445ae8a8ab5ceb628484ef76","isMergeCommit":true,"messageTitle":"Merge pull request #35 from isaaceng7/enhance-list-function","messageBody":"Enhance list feature","fileTypesAndContributionMap":{}}]},{"date":"2024-04-02","commitResults":[{"hash":"81a622111b9ae2e57a4977c189d5305a37b0fa83","isMergeCommit":false,"messageTitle":"Update user guide","messageBody":"","fileTypesAndContributionMap":{"docs":{"insertions":101,"deletions":17}}},{"hash":"de7f8352038efdfc41a167cd8d468831684a33c7","isMergeCommit":true,"messageTitle":"Merge pull request #56 from isaaceng7/update-user-guide","messageBody":"Update user guide","fileTypesAndContributionMap":{}}]},{"date":"2024-04-03","commitResults":[{"hash":"1ae297e67f0d7e9ce21d9a688bd44821cc6ec36b","isMergeCommit":false,"messageTitle":"Combine print and get PastWeek and PastMonth methods together","messageBody":"","fileTypesAndContributionMap":{"functional-code":{"insertions":23,"deletions":48}}},{"hash":"8af18f79ba6392336df29c308a9ce86596541d41","isMergeCommit":true,"messageTitle":"Merge pull request #77 from isaaceng7/fix-code-review","messageBody":"Combine print and get PastWeek and PastMonth transactions method","fileTypesAndContributionMap":{}}]}]},"authorFileTypeContributionMap":{"ShyamKrishna33":{"docs":59,"functional-code":364,"test-code":147,"other":2},"Vavinan":{"docs":33,"functional-code":452,"test-code":81,"other":1},"vibes-863":{"docs":22,"functional-code":636,"test-code":106,"other":2},"isaaceng7":{"docs":95,"functional-code":265,"test-code":42}},"authorContributionVariance":{"ShyamKrishna33":2133.4727,"Vavinan":2991.5579,"vibes-863":11524.078,"isaaceng7":3045.9524},"authorDisplayNameMap":{"ShyamKrishna33":"CS2113-T15-2 ARUN..SHNA","Vavinan":"CS2113-T15-2 JEEV..INAN","vibes-863":"CS2113-T15-2 DILE..BHAV","isaaceng7":"CS2113-T15-2 ISAA..YEOW"}}
