{"authorDailyContributionsMap":{"SemiColonKen":[],"ZhuSijia0711":[{"date":"2024-03-07","commitResults":[{"hash":"0410deaaea2f8ead43eb312350c02df31a636460","isMergeCommit":false,"messageTitle":"add user story","messageBody":"","fileTypesAndContributionMap":{"docs":{"insertions":7,"deletions":5}}},{"hash":"948340725a03ab3ea5a89fd712e533a0cacf197d","isMergeCommit":true,"messageTitle":"Merge pull request #4 from ZhuSijia0711/sijia-DeveloperGuide","messageBody":"add user story","fileTypesAndContributionMap":{}},{"hash":"684cc1f506fe40f41568a34a9aef110e58d46045","isMergeCommit":false,"messageTitle":"Add my name","messageBody":"","fileTypesAndContributionMap":{"docs":{"insertions":4,"deletions":7}}},{"hash":"4c98552b7361b57a5238de3892ee6f433e0b7f2c","isMergeCommit":true,"messageTitle":"Merge branch \u0027master\u0027 into sijia-AboutUs","messageBody":"","fileTypesAndContributionMap":{}},{"hash":"2127145e439b07a4da6785082e48e01148f31d84","isMergeCommit":true,"messageTitle":"Merge pull request #5 from ZhuSijia0711/sijia-AboutUs","messageBody":"Add my name","fileTypesAndContributionMap":{}}]},{"date":"2024-03-15","commitResults":[{"hash":"9e2581ef2d7898340ffc3a144a2daf2ad0824dd1","isMergeCommit":false,"messageTitle":"add test for testAddUser","messageBody":"","fileTypesAndContributionMap":{"functional-code":{"insertions":3,"deletions":0},"test-code":{"insertions":11,"deletions":0}}},{"hash":"d82aed16ddd51a03650b7909c114ee20966cad25","isMergeCommit":true,"messageTitle":"Merge pull request #18 from ZhuSijia0711/master","messageBody":"add test for testAddUser","fileTypesAndContributionMap":{}}]},{"date":"2024-03-17","commitResults":[{"hash":"b6fc114d913e5b59c3483bd003154faf8a71cdd0","isMergeCommit":false,"messageTitle":"Create a task class and add delete function","messageBody":"","fileTypesAndContributionMap":{"functional-code":{"insertions":59,"deletions":1}}},{"hash":"1cedeb860157d688de98f43efaaef5116af3ec6a","isMergeCommit":true,"messageTitle":"Merge pull request #19 from ZhuSijia0711/master","messageBody":"Create a task class and add delete function","fileTypesAndContributionMap":{}},{"hash":"e72572333d1b268468dd63d72cddf37610ba046e","isMergeCommit":false,"messageTitle":"structure","messageBody":"","fileTypesAndContributionMap":{"functional-code":{"insertions":123,"deletions":39}}},{"hash":"a915084c43ee96f311bc31c9a6825c67ece64c0f","isMergeCommit":true,"messageTitle":"Merge pull request #21 from ZhuSijia0711/master","messageBody":"structure","fileTypesAndContributionMap":{}}]},{"date":"2024-03-18","commitResults":[{"hash":"14f8e03141089e128091ed4e3b015634ce05e563","isMergeCommit":false,"messageTitle":"change","messageBody":"","fileTypesAndContributionMap":{"functional-code":{"insertions":2,"deletions":2}}},{"hash":"d6c214ad16ce33219101ef4d82f7e55e511351bc","isMergeCommit":true,"messageTitle":"Merge branch \u0027master\u0027 of https://github.com/ZhuSijia0711/tp","messageBody":"# Conflicts:\n#\tsrc/main/java/seedu/duke/Parser.java\n","fileTypesAndContributionMap":{}},{"hash":"000225d2cebe105d38daa1668c1ae4964c57f0d6","isMergeCommit":false,"messageTitle":"delete the word\"final\" in parser class","messageBody":"","fileTypesAndContributionMap":{"functional-code":{"insertions":1,"deletions":1}}},{"hash":"c4ab5886b4a2796d7a44e74adf2cdc63e9343b80","isMergeCommit":true,"messageTitle":"Merge pull request #23 from ZhuSijia0711/master","messageBody":"delete the word \"final\" in parser class","fileTypesAndContributionMap":{}},{"hash":"9b34a6b2b2efb570e2a1788ec0b88d681e6f32ee","isMergeCommit":false,"messageTitle":"Add assertions and tests for addUserTask and deleteUserTsk","messageBody":"","fileTypesAndContributionMap":{"functional-code":{"insertions":4,"deletions":1},"other":{"insertions":1,"deletions":0},"test-code":{"insertions":45,"deletions":0}}},{"hash":"95b9fc333c3219a601bc6764af9fab1c65ddf41d","isMergeCommit":true,"messageTitle":"Merge pull request #24 from ZhuSijia0711/master","messageBody":"Add assertions and tests for addUserTask and deleteUserTsk","fileTypesAndContributionMap":{}}]},{"date":"2024-03-20","commitResults":[{"hash":"95f656664ee38e0ab330cf23d6430eb3206ba809","isMergeCommit":false,"messageTitle":"edit for jar","messageBody":"","fileTypesAndContributionMap":{"docs":{"insertions":1,"deletions":1}}},{"hash":"d3b22c7d31bab06a7b047292473aa9c86013df6c","isMergeCommit":true,"messageTitle":"Merge pull request #40 from ZhuSijia0711/master","messageBody":"edit for jar","fileTypesAndContributionMap":{}}]},{"date":"2024-03-21","commitResults":[{"hash":"266719dedd67f49d94067071ce415da044f81471","isMergeCommit":false,"messageTitle":"Add flexibility to the task","messageBody":"","fileTypesAndContributionMap":{"functional-code":{"insertions":15,"deletions":6},"test-code":{"insertions":4,"deletions":4}}},{"hash":"79244dc6ab30efa5360ef9a5a143728214d5ef33","isMergeCommit":true,"messageTitle":"Merge pull request #48 from ZhuSijia0711/master","messageBody":"Add flexibility to the task","fileTypesAndContributionMap":{}},{"hash":"7b86a6674f43af82ea71a627b72df315bc039e30","isMergeCommit":false,"messageTitle":"Solve line too long problem","messageBody":"","fileTypesAndContributionMap":{"functional-code":{"insertions":2,"deletions":1}}},{"hash":"1a281a2aea5fe14fdc697ae2a8cde97de6cacc00","isMergeCommit":true,"messageTitle":"Merge pull request #49 from ZhuSijia0711/master","messageBody":"Solve line too long problem","fileTypesAndContributionMap":{}},{"hash":"798aa3470b2c10db4c2264bea438d38dd486e182","isMergeCommit":false,"messageTitle":"change timetable add task method according to changed parameter in task class","messageBody":"","fileTypesAndContributionMap":{"functional-code":{"insertions":23,"deletions":14}}},{"hash":"c00e0e2a3a62dfa28ed023ad6784c63099d1bb97","isMergeCommit":true,"messageTitle":"Merge pull request #50 from ZhuSijia0711/master","messageBody":"change timetable add task method ","fileTypesAndContributionMap":{}},{"hash":"f2ce7cf3a09f5781ffe2737e186d8ff386cd81e8","isMergeCommit":false,"messageTitle":"Add method to change timing of flexible task","messageBody":"","fileTypesAndContributionMap":{"functional-code":{"insertions":88,"deletions":40}}},{"hash":"04e94dacfaffe3f69b377cef3432b55f0de6341c","isMergeCommit":true,"messageTitle":"Merge pull request #51 from ZhuSijia0711/master","messageBody":"Add method to change timing of flexible task","fileTypesAndContributionMap":{}}]},{"date":"2024-03-22","commitResults":[{"hash":"b68068127c4e9df16d916975bf99143ad7e24b31","isMergeCommit":false,"messageTitle":"Add method of change type of tasks","messageBody":"","fileTypesAndContributionMap":{"functional-code":{"insertions":46,"deletions":7}}},{"hash":"d2cb16f981b9ca4808048de0a9b14a91d20c4805","isMergeCommit":true,"messageTitle":"Merge pull request #52 from ZhuSijia0711/master","messageBody":"Add method of change type of tasks","fileTypesAndContributionMap":{}},{"hash":"fe556145c666d147d2888a661714aaf1c61a9672","isMergeCommit":false,"messageTitle":"Add addRepeatTask function","messageBody":"","fileTypesAndContributionMap":{"functional-code":{"insertions":57,"deletions":14}}}]},{"date":"2024-03-23","commitResults":[{"hash":"643204ff99d9351cec46fd17db306edd6d567324","isMergeCommit":false,"messageTitle":"Add Junit test to timetable class and inputInvalidator test","messageBody":"","fileTypesAndContributionMap":{"test-code":{"insertions":132,"deletions":0}}},{"hash":"4f54de204a28d932ecb3678dd7a2c86f9d59a266","isMergeCommit":true,"messageTitle":"Merge pull request #59 from ZhuSijia0711/master","messageBody":"Add Junit test to timetable class and inputInvalidator test","fileTypesAndContributionMap":{}},{"hash":"f6158d463d5b9a99d740f12049c312a7a7c0ddd4","isMergeCommit":false,"messageTitle":"Add assert into te changeFlexibleTaskTiming","messageBody":"","fileTypesAndContributionMap":{"functional-code":{"insertions":4,"deletions":14}}},{"hash":"3a43fe254d5fc0ba8562744faaaf169d7cf597e0","isMergeCommit":true,"messageTitle":"Merge pull request #60 from ZhuSijia0711/master","messageBody":"Add assert into te changeFlexibleTaskTiming","fileTypesAndContributionMap":{}}]},{"date":"2024-03-28","commitResults":[{"hash":"80f87d83d3408f0b293986b933d31ff706f9c249","isMergeCommit":false,"messageTitle":"edit developer guide on changeTaskTiming in parse class with uml diagram","messageBody":"","fileTypesAndContributionMap":{"docs":{"insertions":13,"deletions":0}}},{"hash":"4ee3fa404c92f3eb2d4826d55425987460f1b165","isMergeCommit":true,"messageTitle":"Merge pull request #63 from ZhuSijia0711/master","messageBody":"edit developer guide ","fileTypesAndContributionMap":{}},{"hash":"c368035e6d16469602c76336d4be6f325f6f72bf","isMergeCommit":false,"messageTitle":"Add sequence diagram of parser class","messageBody":"","fileTypesAndContributionMap":{"docs":{"insertions":31,"deletions":1}}},{"hash":"7df85694ec18f283685090ae14187db607b1e8f7","isMergeCommit":true,"messageTitle":"Merge pull request #64 from ZhuSijia0711/master","messageBody":"Add sequence diagram ","fileTypesAndContributionMap":{}}]},{"date":"2024-04-02","commitResults":[{"hash":"6a09dd5f66ef414098144aad14c9dc3ea4af4ad3","isMergeCommit":false,"messageTitle":"ADD USER GUIDE","messageBody":"","fileTypesAndContributionMap":{"docs":{"insertions":36,"deletions":0}}},{"hash":"4c1431fa4e4940480ecd5164064312bed09780fa","isMergeCommit":false,"messageTitle":"update","messageBody":"","fileTypesAndContributionMap":{"functional-code":{"insertions":239,"deletions":3}}},{"hash":"c1f6ab5bff94eb01bc6f8adab1025b700764803e","isMergeCommit":true,"messageTitle":"push","messageBody":"","fileTypesAndContributionMap":{}},{"hash":"0319f77310f1a0b4656a96fa5ed33d159d45d031","isMergeCommit":false,"messageTitle":"1. add a new method which serves to add a task with duplication check, if want to check for duplication, use this method. if not, use addtask method. 2. add user guide","messageBody":"","fileTypesAndContributionMap":{"functional-code":{"insertions":61,"deletions":52},"docs":{"insertions":4,"deletions":0}}},{"hash":"d7300e28d8ad00797263f86004af4b574661f1f5","isMergeCommit":true,"messageTitle":"Merge branch \u0027master\u0027 into master","messageBody":"","fileTypesAndContributionMap":{}},{"hash":"36dfbe0f4a5a063e7c0033df1ae80ae8d923070d","isMergeCommit":true,"messageTitle":"Merge pull request #73 from ZhuSijia0711/master","messageBody":"add user guide and addtwdc method","fileTypesAndContributionMap":{}},{"hash":"e0611a7598e6f47a01b7f886b4c3aa81770e24dc","isMergeCommit":false,"messageTitle":"add a method to view today\u0027s tasks","messageBody":"","fileTypesAndContributionMap":{"functional-code":{"insertions":72,"deletions":8},"docs":{"insertions":4,"deletions":0}}},{"hash":"2e27f4dd3aeb0a11c36f3519a6b3e0623b694e2e","isMergeCommit":true,"messageTitle":"Merge branch \u0027master\u0027 of https://github.com/ZhuSijia0711/tp","messageBody":"","fileTypesAndContributionMap":{}},{"hash":"862ef0a14b8557eb2ac4331d3976602c61cb294f","isMergeCommit":true,"messageTitle":"Merge pull request #75 from ZhuSijia0711/master","messageBody":"add a method named: todaytask","fileTypesAndContributionMap":{}}]},{"date":"2024-04-04","commitResults":[{"hash":"12f57c8550a1a10cdc0f0b4b290655735b10af74","isMergeCommit":false,"messageTitle":"clean up code on indentation error","messageBody":"","fileTypesAndContributionMap":{"functional-code":{"insertions":7,"deletions":16}}},{"hash":"d9e445a653a7917576d0677f8534d6dc7997a09a","isMergeCommit":true,"messageTitle":"Merge pull request #80 from ZhuSijia0711/master","messageBody":"clean up code on indentation error","fileTypesAndContributionMap":{}}]}],"john-nng":[{"date":"2024-03-07","commitResults":[{"hash":"702e617f1efe17c8ed8125703cfc93380e8503ce","isMergeCommit":false,"messageTitle":"edited About Us","messageBody":"","fileTypesAndContributionMap":{"docs":{"insertions":3,"deletions":7}}}]},{"date":"2024-03-20","commitResults":[{"hash":"9168655b59a286520bab8999c1f317303cbdfedd","isMergeCommit":false,"messageTitle":"Refactored Timetable object into a HashMap.","messageBody":"","fileTypesAndContributionMap":{"functional-code":{"insertions":72,"deletions":80},"test-code":{"insertions":9,"deletions":10}}},{"hash":"bfdc3bbfe555b4d2df58596fffa73031d0bae5b5","isMergeCommit":false,"messageTitle":"Finished comparison timetable method, working on parsing functionality.","messageBody":"","fileTypesAndContributionMap":{"functional-code":{"insertions":138,"deletions":5},"test-code":{"insertions":13,"deletions":0}}},{"hash":"f45aad66545963df01a8d8c9bfbb35651e7bc689","isMergeCommit":false,"messageTitle":"Implemented Parser functionality and added command error handling.","messageBody":"","fileTypesAndContributionMap":{"functional-code":{"insertions":312,"deletions":172},"other":{"insertions":1,"deletions":0},"test-code":{"insertions":3,"deletions":3}}},{"hash":"ad3b3969857d71159b7f912e3007a617ddf8aed0","isMergeCommit":true,"messageTitle":"Merge pull request #34 from john-nng/master","messageBody":"John\u0027s v1.0 changes","fileTypesAndContributionMap":{}}]},{"date":"2024-04-01","commitResults":[{"hash":"587bf370d3fa37fb8066c35d8ea2523367e63c44","isMergeCommit":false,"messageTitle":"working on inputValidator","messageBody":"","fileTypesAndContributionMap":{"functional-code":{"insertions":7,"deletions":11}}},{"hash":"4ab771e2b34829dc7622a3e250a38244fb97788b","isMergeCommit":false,"messageTitle":"Fixed InputValidator for addforall command. Added Unit test for InputValidator (addtask and addforall)","messageBody":"","fileTypesAndContributionMap":{"functional-code":{"insertions":11,"deletions":4},"test-code":{"insertions":80,"deletions":2}}},{"hash":"899ea6f72dac53ace02413a7b29e3f2a6f0f6b32","isMergeCommit":false,"messageTitle":"made UI for compare and view commands less cluttered to look at.","messageBody":"","fileTypesAndContributionMap":{"functional-code":{"insertions":55,"deletions":25},"test-code":{"insertions":2,"deletions":1}}},{"hash":"35e94f00ac998b11547605703311e15c5c33f6ba","isMergeCommit":true,"messageTitle":"Merge pull request #71 from john-nng/master","messageBody":"John V2 changes","fileTypesAndContributionMap":{}}]},{"date":"2024-04-05","commitResults":[{"hash":"9dbe139124adfecf78f4c94d8f662b283788a8fa","isMergeCommit":false,"messageTitle":"Update UserGuide.md","messageBody":"Updated user guide to most recent project version","fileTypesAndContributionMap":{"docs":{"insertions":243,"deletions":30}}},{"hash":"65c01a9d7d4875eedc494afa923108eec9e48055","isMergeCommit":false,"messageTitle":"Added Table of Contents to UserGuide.md","messageBody":"addind table of contents to user guide","fileTypesAndContributionMap":{"docs":{"insertions":38,"deletions":19}}}]},{"date":"2024-04-06","commitResults":[{"hash":"47db8ea97ed3da106a83d75a7ae90152a5e80200","isMergeCommit":false,"messageTitle":"Fix issues in regards to UserGuide.md","messageBody":"","fileTypesAndContributionMap":{"docs":{"insertions":19,"deletions":6}}}]}],"Leong-ZM":[{"date":"2024-03-07","commitResults":[{"hash":"025020efac563bc51df526ba1a92c07fb8952701","isMergeCommit":false,"messageTitle":"Update AboutUs","messageBody":"","fileTypesAndContributionMap":{"docs":{"insertions":4,"deletions":7}}},{"hash":"7c6386224dc97492889c9ae2e8ec274a7a20d8e3","isMergeCommit":true,"messageTitle":"Merge pull request #1 from Leong-ZM/ZheMing-AboutUs","messageBody":"Update AboutUs","fileTypesAndContributionMap":{}}]},{"date":"2024-03-12","commitResults":[{"hash":"7bce3f4295187a46d4178633c83234972447647e","isMergeCommit":true,"messageTitle":"Merge branch \u0027master\u0027 into master","messageBody":"","fileTypesAndContributionMap":{}},{"hash":"9d61bd1ed289dc146872209a2ef434cc786071d3","isMergeCommit":true,"messageTitle":"Merge pull request #2 from john-nng/master","messageBody":"Edited About Us","fileTypesAndContributionMap":{}}]},{"date":"2024-03-14","commitResults":[{"hash":"8e16facf9a71c96a43b6c1ebd5b26bcf94ed2001","isMergeCommit":true,"messageTitle":"Merge branch \u0027ZheMing-AboutUs\u0027","messageBody":"","fileTypesAndContributionMap":{}},{"hash":"70d2a107e79425d7ccdee214a34bc1aa934fa9af","isMergeCommit":false,"messageTitle":"Add basic user functions","messageBody":"","fileTypesAndContributionMap":{"functional-code":{"insertions":124,"deletions":21}}},{"hash":"511b33d7d4f6bdc8fd6c6fc5c70d79d5bb51b857","isMergeCommit":false,"messageTitle":"Rename main","messageBody":"","fileTypesAndContributionMap":{"other":{"insertions":1,"deletions":1}}},{"hash":"0c60e72ed2cc592a46b3ddfc155a4d7ae1d8f103","isMergeCommit":true,"messageTitle":"Merge pull request #15 from Leong-ZM/ZheMing-user","messageBody":"Add user functions","fileTypesAndContributionMap":{}}]},{"date":"2024-03-15","commitResults":[{"hash":"c6ff3c0b904b6492b41bc1f02f4d54471d890b18","isMergeCommit":true,"messageTitle":"Merge branch \u0027master\u0027 of https://github.com/AY2324S2-CS2113-T13-2/tp","messageBody":"","fileTypesAndContributionMap":{}}]},{"date":"2024-03-19","commitResults":[{"hash":"62984a2e53d3bafa5e9c03c51b2544cf50f7ea66","isMergeCommit":true,"messageTitle":"Merge branch \u0027master\u0027 of https://github.com/AY2324S2-CS2113-T13-2/tp","messageBody":"","fileTypesAndContributionMap":{}}]},{"date":"2024-03-20","commitResults":[{"hash":"00473c0a45609096cdbea403ccc9738d93a11f16","isMergeCommit":true,"messageTitle":"Merge branch \u0027master\u0027 of https://github.com/AY2324S2-CS2113-T13-2/tp","messageBody":"","fileTypesAndContributionMap":{}},{"hash":"bf21be65c67eb70aabf75be12ee04e9cc8969177","isMergeCommit":false,"messageTitle":"Clean up code, add help command","messageBody":"","fileTypesAndContributionMap":{"functional-code":{"insertions":136,"deletions":118},"docs":{"insertions":1,"deletions":1},"test-code":{"insertions":3,"deletions":5}}},{"hash":"448bfd66479ea76479721fa624d5ba82210d0a0e","isMergeCommit":true,"messageTitle":"Merge pull request #36 from Leong-ZM/master","messageBody":"Clean up code. add help command","fileTypesAndContributionMap":{}}]},{"date":"2024-03-23","commitResults":[{"hash":"40a06f8216f50fb83a51a5fb663d7e2baa0ae275","isMergeCommit":true,"messageTitle":"Merge branch \u0027master\u0027 of https://github.com/AY2324S2-CS2113-T13-2/tp","messageBody":"","fileTypesAndContributionMap":{}},{"hash":"8d3f1436b09dab8ad4153612fefc951f35ae4f3a","isMergeCommit":false,"messageTitle":"Add compare all","messageBody":"","fileTypesAndContributionMap":{"functional-code":{"insertions":71,"deletions":31}}},{"hash":"1a926a13030eba6670fee0c1d6821036451e4f30","isMergeCommit":true,"messageTitle":"Merge pull request #58 from Leong-ZM/master","messageBody":"Add compare all","fileTypesAndContributionMap":{}},{"hash":"33fcd47e2df7bee17985edb5619e02d1fe03c11d","isMergeCommit":true,"messageTitle":"Merge branch \u0027master\u0027 into master","messageBody":"","fileTypesAndContributionMap":{}},{"hash":"da98897bcbfdc359d154a95d350eb1516869717b","isMergeCommit":true,"messageTitle":"Merge pull request #57 from ZhuSijia0711/master","messageBody":"Add addRepeatTask function","fileTypesAndContributionMap":{}}]},{"date":"2024-03-26","commitResults":[{"hash":"8b955ac155bb3e2436686b27edde9adf10d9b7ab","isMergeCommit":false,"messageTitle":"Clean up code","messageBody":"","fileTypesAndContributionMap":{"functional-code":{"insertions":52,"deletions":33},"other":{"insertions":3,"deletions":3},"test-code":{"insertions":2,"deletions":0}}},{"hash":"4f78376aa74da4b75c219c79b7342c52b01bf606","isMergeCommit":false,"messageTitle":"Add parser tests","messageBody":"","fileTypesAndContributionMap":{"functional-code":{"insertions":20,"deletions":25},"test-code":{"insertions":120,"deletions":0}}},{"hash":"bd27819f7ef95ac4d52403b49b114b37f5ae47f9","isMergeCommit":true,"messageTitle":"Merge pull request #62 from Leong-ZM/master","messageBody":"Clean up code, add parser tests","fileTypesAndContributionMap":{}}]},{"date":"2024-03-29","commitResults":[{"hash":"608aed70f489da855c8c7a42d721bd366c2075de","isMergeCommit":true,"messageTitle":"Merge branch \u0027master\u0027 of https://github.com/AY2324S2-CS2113-T13-2/tp","messageBody":"","fileTypesAndContributionMap":{}}]},{"date":"2024-03-30","commitResults":[{"hash":"a158be3f2ae61cb9032d214c01f788c5eab008ac","isMergeCommit":false,"messageTitle":"Add next command, more parser tests","messageBody":"","fileTypesAndContributionMap":{"functional-code":{"insertions":75,"deletions":32},"test-code":{"insertions":61,"deletions":14}}},{"hash":"b2461e450cf753da383f88d187ca720c3a69d60e","isMergeCommit":true,"messageTitle":"Merge pull request #70 from Leong-ZM/master","messageBody":"Add next command, more parser tests","fileTypesAndContributionMap":{}}]},{"date":"2024-04-02","commitResults":[{"hash":"96566099c535ae53714b12147ad49308e32eb6ca","isMergeCommit":true,"messageTitle":"Merge branch \u0027master\u0027 of https://github.com/AY2324S2-CS2113-T13-2/tp","messageBody":"","fileTypesAndContributionMap":{}},{"hash":"d3c0789e6b4c50be781522cf558a17ac41b7ccba","isMergeCommit":false,"messageTitle":"Add UML diagram for next command, rename Duke to Main","messageBody":"","fileTypesAndContributionMap":{"functional-code":{"insertions":36,"deletions":32},"other":{"insertions":1,"deletions":1},"docs":{"insertions":39,"deletions":0},"test-code":{"insertions":9,"deletions":4}}},{"hash":"e5788c5efac1507a6bc07dc24e7406ce820841a4","isMergeCommit":true,"messageTitle":"Merge pull request #72 from Leong-ZM/master","messageBody":"Add UML diagram for next command, rename Duke to Main","fileTypesAndContributionMap":{}}]},{"date":"2024-04-07","commitResults":[{"hash":"3b0a08837a0255008372962afb522738895ad5d8","isMergeCommit":false,"messageTitle":"Clean up files","messageBody":"","fileTypesAndContributionMap":{"functional-code":{"insertions":0,"deletions":28},"docs":{"insertions":0,"deletions":0}}},{"hash":"b3ace78f33937363f7357ac042df29d9268c2890","isMergeCommit":false,"messageTitle":"Fixed issue: [PE-D][Tester A] Using CAPS for dates will return a unknown output.","messageBody":"","fileTypesAndContributionMap":{"functional-code":{"insertions":3,"deletions":2},"test-code":{"insertions":19,"deletions":5}}},{"hash":"6d73ef5651d9599832de9f5552a4bfa7ba501c09","isMergeCommit":false,"messageTitle":"Fixed issue: [PE-D][Tester D] Inconsistent formatting of days for tasks added","messageBody":"","fileTypesAndContributionMap":{"functional-code":{"insertions":2,"deletions":1}}},{"hash":"1a9448e02d2b3146a170dd2f59768ba8b1f9eff6","isMergeCommit":false,"messageTitle":"Revert \"Fixed issue: [PE-D][Tester D] Inconsistent formatting of days for tasks added\"","messageBody":"This reverts commit 6d73ef5651d9599832de9f5552a4bfa7ba501c09.\n","fileTypesAndContributionMap":{"functional-code":{"insertions":1,"deletions":2}}},{"hash":"2a9b50ab8be08c938d815f7714199312fc084389","isMergeCommit":false,"messageTitle":"Fixed issue: [PE-D][Tester D] Inconsistent formatting of days for tasks added","messageBody":"","fileTypesAndContributionMap":{"functional-code":{"insertions":2,"deletions":1}}},{"hash":"2a0e85f54216c68f01cd3cd92078155180920a65","isMergeCommit":true,"messageTitle":"Merge pull request #104 from Leong-ZM/master","messageBody":"Fixed issue: [PE-D][Tester D] Inconsistent formatting of days for tasks added","fileTypesAndContributionMap":{}}]}],"z-wenqing":[{"date":"2024-03-07","commitResults":[{"hash":"b5229fe5a2c2a6d9bd528dc5e43c53414be5c114","isMergeCommit":false,"messageTitle":"Update README.md","messageBody":"","fileTypesAndContributionMap":{"docs":{"insertions":1,"deletions":1}}},{"hash":"535c46ffb5aa1afd3d4f16b2f157086a62a91a7c","isMergeCommit":false,"messageTitle":"Add aboutUs in doc","messageBody":"","fileTypesAndContributionMap":{"docs":{"insertions":4,"deletions":7}}},{"hash":"afd0d187bf20f7ddfe12c9d0b5778044a20cda5b","isMergeCommit":true,"messageTitle":"Merge branch \u0027master\u0027 into Wenqing-AboutUs","messageBody":"","fileTypesAndContributionMap":{}},{"hash":"af7e0cb0ae0ccc221d8aaddf722dcba4d8f171ca","isMergeCommit":true,"messageTitle":"Merge pull request #3 from z-wenqing/Wenqing-AboutUs","messageBody":"Add aboutUs in doc","fileTypesAndContributionMap":{}}]},{"date":"2024-03-15","commitResults":[{"hash":"b080c9bc6077425e61b9923d95dc389a344d6519","isMergeCommit":false,"messageTitle":"Add Junit Test","messageBody":"","fileTypesAndContributionMap":{"test-code":{"insertions":19,"deletions":0}}},{"hash":"6afba16c99726f37fbfa776921fd44ef19056790","isMergeCommit":true,"messageTitle":"Merge pull request #16 from z-wenqing/master","messageBody":"Add Junit Test","fileTypesAndContributionMap":{}},{"hash":"fe572ce2071cb1a89eb9b852ed110f81ef51d7da","isMergeCommit":false,"messageTitle":"Bug Fixing for Junit","messageBody":"","fileTypesAndContributionMap":{"test-code":{"insertions":8,"deletions":3}}},{"hash":"432a3fd7d876316252d8680bf22b7b5dd85b4b03","isMergeCommit":true,"messageTitle":"Merge pull request #17 from z-wenqing/master","messageBody":"Bug Fixing for Junit","fileTypesAndContributionMap":{}}]},{"date":"2024-03-17","commitResults":[{"hash":"5fecb764206dca82167d74a1a71d55fdeab67dc8","isMergeCommit":false,"messageTitle":"Add timetable class","messageBody":"","fileTypesAndContributionMap":{"functional-code":{"insertions":14,"deletions":0}}},{"hash":"64f0bbd04c67722a0da0b3749d82fc6502541ce6","isMergeCommit":true,"messageTitle":"Merge pull request #20 from z-wenqing/master","messageBody":"Add timetable class","fileTypesAndContributionMap":{}}]},{"date":"2024-03-18","commitResults":[{"hash":"4e3cf166a9398a7a012b177c8f88ced48dfbe03c","isMergeCommit":false,"messageTitle":"fix adding task and deleting task using timetable class","messageBody":"","fileTypesAndContributionMap":{"functional-code":{"insertions":45,"deletions":34}}},{"hash":"87f0e53c8fa7cb37041af44049c3dddd1498c5ff","isMergeCommit":true,"messageTitle":"Merge pull request #22 from z-wenqing/master","messageBody":"fix adding task and deleting task using timetable class","fileTypesAndContributionMap":{}},{"hash":"926c1ed72057c47090b565e336addf69bf52252a","isMergeCommit":false,"messageTitle":"Add viewTimetable function","messageBody":"","fileTypesAndContributionMap":{"functional-code":{"insertions":68,"deletions":13}}},{"hash":"d4d26d8681b41c8ae247d15fadbde64b2622c653","isMergeCommit":true,"messageTitle":"Merge pull request #25 from z-wenqing/master","messageBody":"Add viewTimetable function","fileTypesAndContributionMap":{}},{"hash":"2c32ea50114b5eadf379f2a9e7d3143777467fab","isMergeCommit":false,"messageTitle":"Remove used imports and class","messageBody":"","fileTypesAndContributionMap":{"functional-code":{"insertions":10,"deletions":50}}},{"hash":"e3a7da9af593d5dddcec5805564d52d9218994d1","isMergeCommit":false,"messageTitle":"Fix PR run issues","messageBody":"","fileTypesAndContributionMap":{"functional-code":{"insertions":7,"deletions":9},"test-code":{"insertions":4,"deletions":12}}},{"hash":"ef89eb0f8d34e9c26789240a38b0e541a4aba167","isMergeCommit":true,"messageTitle":"Merge pull request #26 from z-wenqing/master","messageBody":"Fix PR run issues","fileTypesAndContributionMap":{}},{"hash":"160ffcbfe05c756784e7084a226eeb0ba5fbfa36","isMergeCommit":false,"messageTitle":"Remove redundant imports and fix indentations","messageBody":"","fileTypesAndContributionMap":{"functional-code":{"insertions":5,"deletions":9},"test-code":{"insertions":0,"deletions":3}}},{"hash":"e3415aa202bcae9b695d4aa658b1e048e41e9048","isMergeCommit":true,"messageTitle":"Merge pull request #27 from z-wenqing/master","messageBody":"Remove redundant imports and fix indentations","fileTypesAndContributionMap":{}},{"hash":"6c30e11e37be76a53c8dac87fd5ce695e7105fbf","isMergeCommit":false,"messageTitle":"Add newline at end of file","messageBody":"","fileTypesAndContributionMap":{"functional-code":{"insertions":2,"deletions":1},"test-code":{"insertions":1,"deletions":1}}},{"hash":"30381a5ad00b7e3bb4cbea0d0e124ea0456e0fee","isMergeCommit":true,"messageTitle":"Merge pull request #28 from z-wenqing/master","messageBody":"Add newline at end of file","fileTypesAndContributionMap":{}},{"hash":"7f0f0028ccf432b0cfe7c0d1d0819b9175ecde74","isMergeCommit":false,"messageTitle":"Fix ifelse format issue","messageBody":"","fileTypesAndContributionMap":{"functional-code":{"insertions":1,"deletions":2}}},{"hash":"19fc5b4ad1d3e814e7477108c2678df0b79d5371","isMergeCommit":true,"messageTitle":"Merge pull request #29 from z-wenqing/master","messageBody":"Fix ifelse format issue","fileTypesAndContributionMap":{}},{"hash":"0b2d8e31985c968b1fcb25c0eb796e341c8c9946","isMergeCommit":false,"messageTitle":"Fix testinvalidcommand","messageBody":"","fileTypesAndContributionMap":{"test-code":{"insertions":2,"deletions":2}}},{"hash":"bd46535e2e646398ecc453c6cce0f9c078b5ada7","isMergeCommit":true,"messageTitle":"Merge pull request #30 from z-wenqing/master","messageBody":"Fix testinvalidcommand","fileTypesAndContributionMap":{}},{"hash":"11d636454d00f0ff31103833ff52d7a1390c6e46","isMergeCommit":false,"messageTitle":"Fix testinvalid command","messageBody":"","fileTypesAndContributionMap":{"test-code":{"insertions":2,"deletions":2}}},{"hash":"450a5e6514fda94bb58c5ae83f834db039fb213d","isMergeCommit":false,"messageTitle":"Fix testinvalid command","messageBody":"","fileTypesAndContributionMap":{"test-code":{"insertions":1,"deletions":1}}},{"hash":"b441343cccbbb66d63b19a74422624c43bf1a6a8","isMergeCommit":false,"messageTitle":"Fix testinvalidcommand","messageBody":"","fileTypesAndContributionMap":{"test-code":{"insertions":2,"deletions":2}}}]},{"date":"2024-03-20","commitResults":[{"hash":"476e2e2e506e081ff25ee3dd74965b9b82eafde2","isMergeCommit":true,"messageTitle":"Merge branch \u0027master\u0027 of https://github.com/AY2324S2-CS2113-T13-2/tp","messageBody":"","fileTypesAndContributionMap":{}},{"hash":"25336fee1e7470c8e71b3548d768c241b01adb76","isMergeCommit":false,"messageTitle":"Allow inputs of the time in the format of both \"09:00\" and \"9:00\"","messageBody":"","fileTypesAndContributionMap":{"functional-code":{"insertions":13,"deletions":3}}},{"hash":"28fe701b81bafe53bd7bf96e259fa9cf539eee24","isMergeCommit":true,"messageTitle":"Merge pull request #35 from z-wenqing/master","messageBody":"Allow user inputs of time of both 1 and 2 digits","fileTypesAndContributionMap":{}},{"hash":"90bde4e8b3229166efbeeb5a8f3f6f39e44fccdd","isMergeCommit":false,"messageTitle":"add test addTask","messageBody":"","fileTypesAndContributionMap":{"test-code":{"insertions":10,"deletions":14}}},{"hash":"1c8fdaaf264903256c89db8a4b039aa8c9fb2dca","isMergeCommit":true,"messageTitle":"Merge pull request #37 from z-wenqing/Task","messageBody":"add test addTask","fileTypesAndContributionMap":{}},{"hash":"e239cb19ff47b3fda54fe85a14e9475b79433251","isMergeCommit":false,"messageTitle":"Clean up code","messageBody":"","fileTypesAndContributionMap":{"test-code":{"insertions":0,"deletions":22}}},{"hash":"4fe8197ee74b88bcc7a4c83abbeba47258c28aa7","isMergeCommit":true,"messageTitle":"Merge pull request #38 from z-wenqing/Task","messageBody":"Clean up code","fileTypesAndContributionMap":{}}]},{"date":"2024-03-21","commitResults":[{"hash":"3623593fb71b861b127d693064f79be9d620289a","isMergeCommit":false,"messageTitle":"Add some java doc and add index of tasks when displaying timetable","messageBody":"","fileTypesAndContributionMap":{"functional-code":{"insertions":28,"deletions":12}}},{"hash":"70d97e2c62fb00acb3fcabf7719e082349c8c45f","isMergeCommit":true,"messageTitle":"Merge branch \u0027master\u0027 into master","messageBody":"","fileTypesAndContributionMap":{}},{"hash":"a966310bea0610b5c4d9eb427179a2eb2799ed08","isMergeCommit":true,"messageTitle":"Merge pull request #41 from z-wenqing/master","messageBody":"Add some java doc and add index of tasks when displaying timetable","fileTypesAndContributionMap":{}}]},{"date":"2024-03-22","commitResults":[{"hash":"6cd21e10d93a449ba7c0cf01e165f06455eb00fd","isMergeCommit":false,"messageTitle":"Add addTaskForAll function to add a confirmed event to all users\u0027 timetable","messageBody":"","fileTypesAndContributionMap":{"functional-code":{"insertions":59,"deletions":39}}},{"hash":"9113e9482076d29b1c5cdcc18024bb90f48c8c34","isMergeCommit":true,"messageTitle":"Merge branch \u0027master\u0027 into master","messageBody":"","fileTypesAndContributionMap":{}},{"hash":"2d70c54538f289d941408c51ba4d5d686c8bcae0","isMergeCommit":true,"messageTitle":"Merge pull request #53 from z-wenqing/master","messageBody":"Add addTaskForAll function","fileTypesAndContributionMap":{}},{"hash":"81a7ce2d50acb3fccb97f99e93e990841939ac0f","isMergeCommit":false,"messageTitle":"Add show confirmed events method","messageBody":"","fileTypesAndContributionMap":{"functional-code":{"insertions":23,"deletions":3}}},{"hash":"ab0d0c8ea6973ad0e63706cb0b37adfe3a76e747","isMergeCommit":true,"messageTitle":"Merge pull request #54 from z-wenqing/master","messageBody":"Add show confirmed events method","fileTypesAndContributionMap":{}},{"hash":"ecac00fd5f58f4701ddaae4ffdeb6778010c43b1","isMergeCommit":false,"messageTitle":"Remove redundant function","messageBody":"","fileTypesAndContributionMap":{"functional-code":{"insertions":4,"deletions":27}}},{"hash":"d4d2ecd6ac24d32ad5a6b6dbaf5be216dd044cb4","isMergeCommit":false,"messageTitle":"Add assertions","messageBody":"","fileTypesAndContributionMap":{"functional-code":{"insertions":2,"deletions":0}}},{"hash":"be36cb51d7ac077f62332961c40d62cac82e322d","isMergeCommit":true,"messageTitle":"Merge pull request #56 from z-wenqing/master","messageBody":"Add assertions","fileTypesAndContributionMap":{}}]},{"date":"2024-03-24","commitResults":[{"hash":"aa88c0fb31705eecd7a53b2dfb88d852aa5ad832","isMergeCommit":false,"messageTitle":"Add Storage class and functions","messageBody":"","fileTypesAndContributionMap":{"functional-code":{"insertions":196,"deletions":2}}},{"hash":"5848b5277d5fa336e60c804705f6ce48a69d8765","isMergeCommit":true,"messageTitle":"Merge branch \u0027master\u0027 into Wenqing-Storage","messageBody":"","fileTypesAndContributionMap":{}},{"hash":"cc678c28f2dce5b9a34585c57560682434b86cca","isMergeCommit":true,"messageTitle":"Merge pull request #61 from z-wenqing/Wenqing-Storage","messageBody":"Add Storage class and functions","fileTypesAndContributionMap":{}}]},{"date":"2024-03-28","commitResults":[{"hash":"194e3ec6238ae2e0bb40da3ccd732fb03b8e72ff","isMergeCommit":false,"messageTitle":"Add storage feature in DG","messageBody":"","fileTypesAndContributionMap":{"functional-code":{"insertions":9,"deletions":5},"docs":{"insertions":72,"deletions":3}}},{"hash":"f5d702407362d32002cc8cf16abc0b39b6e406f8","isMergeCommit":true,"messageTitle":"Merge branch \u0027master\u0027 into Wenqing-StorageDG","messageBody":"","fileTypesAndContributionMap":{}},{"hash":"9d9169b14690d75d3ead00eb2d808b0a6d50277d","isMergeCommit":true,"messageTitle":"Merge pull request #65 from z-wenqing/Wenqing-StorageDG","messageBody":"Add storage feature in DG","fileTypesAndContributionMap":{}}]},{"date":"2024-04-02","commitResults":[{"hash":"9d7de1102eba597090d2eaaa51329de3c79c1898","isMergeCommit":false,"messageTitle":"add exception such that addtask is not allowed to be called when userlist is empty","messageBody":"","fileTypesAndContributionMap":{"functional-code":{"insertions":2,"deletions":0}}},{"hash":"97862f50744f8645dd5240ec46a52fde40b78594","isMergeCommit":false,"messageTitle":"change addforall function such that it does not require a type parameter as default type is common","messageBody":"","fileTypesAndContributionMap":{"functional-code":{"insertions":1,"deletions":1}}},{"hash":"6cfac071034a75ed1849c6043f1d63ddd03a85a5","isMergeCommit":false,"messageTitle":"Remove magic numbers","messageBody":"","fileTypesAndContributionMap":{"functional-code":{"insertions":49,"deletions":52}}},{"hash":"ba7c4e4e41943c55f621b1115135ca899f021c70","isMergeCommit":false,"messageTitle":"Bug fix for storage","messageBody":"","fileTypesAndContributionMap":{"functional-code":{"insertions":40,"deletions":11},"test-code":{"insertions":6,"deletions":4}}},{"hash":"817d5a6a68a88ccaca822c16eb559037c8d77766","isMergeCommit":true,"messageTitle":"Merge pull request #74 from z-wenqing/master","messageBody":"Big fix for storage","fileTypesAndContributionMap":{}},{"hash":"ed1d1e2e5ab8e654857d536966c9b14bc999fa72","isMergeCommit":false,"messageTitle":"Add method to check if a task the user wants to add clashes with tasks in the list","messageBody":"","fileTypesAndContributionMap":{"functional-code":{"insertions":28,"deletions":8}}},{"hash":"6d5356c8948266959a3722948a509857b9c7905d","isMergeCommit":true,"messageTitle":"Merge pull request #76 from z-wenqing/Wenqing_checkclash","messageBody":"Add method to check if a task the user wants to add clashes with task…","fileTypesAndContributionMap":{}},{"hash":"f65e95a91a96b33800cda316401394d2251c8cc6","isMergeCommit":false,"messageTitle":"Update User guide","messageBody":"","fileTypesAndContributionMap":{"docs":{"insertions":23,"deletions":18}}},{"hash":"1ce4aa5752d009c3b965fb45f4e2f4a6e1381900","isMergeCommit":false,"messageTitle":"Update UG","messageBody":"","fileTypesAndContributionMap":{"docs":{"insertions":0,"deletions":2}}},{"hash":"139d66cac399a1b256cc5e08a84a10240506624d","isMergeCommit":true,"messageTitle":"Merge branch \u0027master\u0027 into Wenqing_checkclash","messageBody":"","fileTypesAndContributionMap":{}},{"hash":"5f5134751bf3acb18189c6eb87e8885d9ebc20db","isMergeCommit":true,"messageTitle":"Merge pull request #77 from z-wenqing/Wenqing_checkclash","messageBody":"Wenqing checkclash","tags":["v2.0_jar"],"fileTypesAndContributionMap":{}}]},{"date":"2024-04-04","commitResults":[{"hash":"cb23ae08d6d0a9c333f39ed29558e51e129d31a1","isMergeCommit":false,"messageTitle":"Add test for storage","messageBody":"","fileTypesAndContributionMap":{"functional-code":{"insertions":20,"deletions":2},"test-code":{"insertions":75,"deletions":2}}},{"hash":"46d8bca954cf632ed4074f91de64b3b92d6e9128","isMergeCommit":true,"messageTitle":"Merge pull request #78 from z-wenqing/Wenqing_StorageTest","messageBody":"Add test for storage","fileTypesAndContributionMap":{}}]}]},"authorFileTypeContributionMap":{"SemiColonKen":{"docs":0,"functional-code":0,"test-code":0},"ZhuSijia0711":{"docs":237,"functional-code":312,"test-code":153,"other":1},"john-nng":{"docs":275,"functional-code":356,"test-code":11,"other":1},"Leong-ZM":{"docs":41,"functional-code":325,"test-code":189},"z-wenqing":{"docs":92,"functional-code":380,"test-code":93}},"authorContributionVariance":{"SemiColonKen":0.0,"ZhuSijia0711":7161.7256,"john-nng":17234.926,"Leong-ZM":4250.3726,"z-wenqing":4420.6943},"authorDisplayNameMap":{"SemiColonKen":"CS2113-T13-2 TAN ..NETH","ZhuSijia0711":"CS2113-T13-2 ZHU ..IJIA","john-nng":"CS2113-T13-2 NGUY..JOHN","Leong-ZM":"CS2113-T13-2 LEON..MING","z-wenqing":"CS2113-T13-2 ZHAN..QING"}}
