{"authorDailyContributionsMap":{"JingHaoooo":[{"date":"2024-03-07","commitResults":[{"hash":"f118bec4509078d05a4176c9c8cd2ad308a12cbd","isMergeCommit":false,"messageTitle":"Add user profile for Lim Jing Hao","messageBody":"","fileTypesAndContributionMap":{"docs":{"insertions":7,"deletions":7}}},{"hash":"313e33a70cb9e880624e28033d1ff14fc40cec48","isMergeCommit":true,"messageTitle":"Merge branch \u0027master\u0027 into Ari-AboutUs","messageBody":"","fileTypesAndContributionMap":{}},{"hash":"596801528d8abd948155ac126eac70f2f97add3f","isMergeCommit":true,"messageTitle":"Merge pull request #3 from genexus85/Ari-AboutUs","messageBody":"Add user profile for Ari Lim","fileTypesAndContributionMap":{}}]},{"date":"2024-03-16","commitResults":[{"hash":"65f1f63b221e36edca28d37d7bec1bc91052fb6a","isMergeCommit":false,"messageTitle":"Create Exceptions package","messageBody":"","fileTypesAndContributionMap":{"functional-code":{"insertions":42,"deletions":0},"other":{"insertions":1,"deletions":1}}}]},{"date":"2024-03-17","commitResults":[{"hash":"a7d8f68234b761ff053607f743b00cd47f74c091","isMergeCommit":true,"messageTitle":"Merge pull request #34 from genexus85/branch-Habit-v1.0","messageBody":"Branch habit v1.0","fileTypesAndContributionMap":{}}]},{"date":"2024-03-18","commitResults":[{"hash":"ab89955c850c41b155819872627171464f8a51ea","isMergeCommit":false,"messageTitle":"Add FocusTimer class","messageBody":"","fileTypesAndContributionMap":{"functional-code":{"insertions":22,"deletions":0}}},{"hash":"32f5a3d6fe7803e9a9aebb6f5d5d6e256dff580b","isMergeCommit":false,"messageTitle":"Add command parser for focus feature","messageBody":"","fileTypesAndContributionMap":{"functional-code":{"insertions":23,"deletions":0}}},{"hash":"da0d8ff8df348786a1d0a1b33593bed0ad38501d","isMergeCommit":false,"messageTitle":"Add start timer command for focus timer feature","messageBody":"","fileTypesAndContributionMap":{"functional-code":{"insertions":22,"deletions":1}}},{"hash":"afc7e76373c5ae3d6300c6d89184636134ea01d8","isMergeCommit":false,"messageTitle":"Add stop timer command for focus feature","messageBody":"","fileTypesAndContributionMap":{"functional-code":{"insertions":22,"deletions":1}}},{"hash":"83fa72b8953fb10528d7a9ac49dcec21620a7f8f","isMergeCommit":false,"messageTitle":"Add method to calculate total time elapsed for focus feature","messageBody":"","fileTypesAndContributionMap":{"functional-code":{"insertions":12,"deletions":0}}},{"hash":"6df86f43cd5882f16b68a2eb7a9840e35e4873e2","isMergeCommit":false,"messageTitle":"Refactor focus timer code","messageBody":"","fileTypesAndContributionMap":{"functional-code":{"insertions":35,"deletions":18}}},{"hash":"e0274c90823df01c303ca56bb7e5a2d104397537","isMergeCommit":false,"messageTitle":"Add junit tests for focus timer class","messageBody":"","fileTypesAndContributionMap":{"test-code":{"insertions":28,"deletions":0}}},{"hash":"92927fc282cdaff9205fd95a9b37994e3b6d61e1","isMergeCommit":true,"messageTitle":"Merge pull request #36 from OKW32/branch-SleepTracker","messageBody":"Add exception handling for Sleep tracker","fileTypesAndContributionMap":{}},{"hash":"a92571e06f7547c546e426b134d6c16d4fb342f8","isMergeCommit":true,"messageTitle":"Merge branch \u0027master\u0027 into branch-Focus","messageBody":"","fileTypesAndContributionMap":{}},{"hash":"9a436cb4ce538fb128e678a41280132fd0cb4bae","isMergeCommit":false,"messageTitle":"Update user guide for focus timer","messageBody":"","fileTypesAndContributionMap":{"docs":{"insertions":42,"deletions":0}}},{"hash":"8bdb0f51051369b3bd01e7a0844f7c215f54279d","isMergeCommit":false,"messageTitle":"Fix incorrect command format advice for focus timer","messageBody":"","fileTypesAndContributionMap":{"functional-code":{"insertions":1,"deletions":1}}},{"hash":"778286723cc72edaaaa0084674e287ad420f9df9","isMergeCommit":false,"messageTitle":"Resolve seconds and minutes display bug in focus timer","messageBody":"","fileTypesAndContributionMap":{"functional-code":{"insertions":4,"deletions":2}}},{"hash":"274e327c2bfb9270a51dc393b77d75f552340006","isMergeCommit":false,"messageTitle":"Add JavaDoc for focus timer","messageBody":"","fileTypesAndContributionMap":{"functional-code":{"insertions":64,"deletions":1}}},{"hash":"63ef41d2849d65dccb81f2fe9849cda247249a7a","isMergeCommit":true,"messageTitle":"Merge pull request #47 from damiwee/branch-Reflection","messageBody":"Branch reflection","fileTypesAndContributionMap":{}}]}],"OKW32":[{"date":"2024-03-07","commitResults":[{"hash":"cffae2394203323fffd000d0f65f9825d81e9f05","isMergeCommit":false,"messageTitle":"Add user profile for Ong Kan Wu","messageBody":"","fileTypesAndContributionMap":{"docs":{"insertions":7,"deletions":7}}},{"hash":"9b193972306c34ea3a17bafc79013a9ba14120c8","isMergeCommit":true,"messageTitle":"Merge branch \u0027master\u0027 into damienWee-AboutUs","messageBody":"","fileTypesAndContributionMap":{}},{"hash":"08a7941c87c66f80448dfd55a53ee40904887c08","isMergeCommit":true,"messageTitle":"Merge pull request #4 from damiwee/damienWee-AboutUs","messageBody":"Add user profile for Damien Wee","fileTypesAndContributionMap":{}},{"hash":"982a8b2cbfcae343119aa9b2e30d36b9f3600c36","isMergeCommit":true,"messageTitle":"Merge branch \u0027master\u0027 into jingHao-AboutUs","messageBody":"","fileTypesAndContributionMap":{}},{"hash":"48344af26f2b2cb6b119d0e43d0d4f09f6bb4d3d","isMergeCommit":true,"messageTitle":"Merge pull request #5 from JingHaoooo/jingHao-AboutUs","messageBody":"Add user profile for Lim Jing Hao","fileTypesAndContributionMap":{}}]},{"date":"2024-03-16","commitResults":[{"hash":"544c08ec91a557e9ffe350b422d073869607be9a","isMergeCommit":false,"messageTitle":"Create Ui class","messageBody":"","fileTypesAndContributionMap":{"functional-code":{"insertions":53,"deletions":0}}},{"hash":"aa792305419cde3186023cc6c92fd4cba42fa2ab","isMergeCommit":false,"messageTitle":"Fix coding standard violation","messageBody":"","fileTypesAndContributionMap":{"functional-code":{"insertions":2,"deletions":2}}},{"hash":"951cdf99643181a6db7d57c7b6c5f06cf6c5840c","isMergeCommit":true,"messageTitle":"Merge pull request #23 from OKW32/branch-Ui","messageBody":"Branch UI","fileTypesAndContributionMap":{}},{"hash":"3602245a3b7e45d427f1e16a290842c218ff1c4a","isMergeCommit":true,"messageTitle":"Merge pull request #28 from JingHaoooo/branch-Exception","messageBody":"Create Exceptions package","fileTypesAndContributionMap":{}},{"hash":"215e1c3c44f1fb51b1c9e0ab526727a96f6a7bc4","isMergeCommit":true,"messageTitle":"Merge branch \u0027master\u0027 of https://github.com/AY2324S2-CS2113-T11-1/tp","messageBody":"","fileTypesAndContributionMap":{}},{"hash":"624b8f43da38eb4606fb56c3baf2a05358deca08","isMergeCommit":false,"messageTitle":"Add Sleep Tracker features","messageBody":"Let\u0027s\n* Create SleepCycle and SleepCycleList class\n* Create a SleepTracker class to contain functions required by the\nsleepTracker\n* Create SleepCommand classes. E.g AddSleepCommand, ListSleepCommand.\nThese classes will execute certain functions in SleepTracker class.\n* Create SleepCommandParser to further parse user command to execute\ncommands related to sleep tracker feature\n","fileTypesAndContributionMap":{"functional-code":{"insertions":210,"deletions":32},"other":{"insertions":2,"deletions":2},"test-code":{"insertions":0,"deletions":12}}},{"hash":"4812dbe93dc3e4a0cadbcdc44745057c3c586e9a","isMergeCommit":false,"messageTitle":"Fix Coding Standard Violation","messageBody":"","fileTypesAndContributionMap":{"functional-code":{"insertions":11,"deletions":11}}},{"hash":"97775003d0f86825cd382116c9b63e1cbb14381c","isMergeCommit":false,"messageTitle":"Add Junit tests for SleepCycleList class","messageBody":"","fileTypesAndContributionMap":{"test-code":{"insertions":31,"deletions":0}}},{"hash":"da554eb884b6c7987fe180756f6bc597bba9955c","isMergeCommit":false,"messageTitle":"Fix code style violation in SleepCycleListTest","messageBody":"","fileTypesAndContributionMap":{"test-code":{"insertions":2,"deletions":1}}}]},{"date":"2024-03-18","commitResults":[{"hash":"ebd284f18c6295b468e6255036b471fdae84b751","isMergeCommit":true,"messageTitle":"Merge pull request #35 from damiwee/branch-UserGuide","messageBody":"Update user guide for reflection feature","fileTypesAndContributionMap":{}},{"hash":"a52fb7177a8d0120fad21acdcf56afab484ccbee","isMergeCommit":true,"messageTitle":"Merge branch \u0027master\u0027 of https://github.com/AY2324S2-CS2113-T11-1/tp","messageBody":"","fileTypesAndContributionMap":{}},{"hash":"b7e6a67096bac3a491bef17c638be5bcdee10117","isMergeCommit":false,"messageTitle":"Add exception handling for SleepTracker","messageBody":"Listing of sleep cycles could be called with improper list format.\n\nLet\u0027s check if proper format is keyed in when user wants to list sleep\ncycles by throwing an exception when improper format is detected.\n","fileTypesAndContributionMap":{"functional-code":{"insertions":12,"deletions":5}}},{"hash":"a51d0793f579f3e485f28f289679bf6838c1fe73","isMergeCommit":true,"messageTitle":"Merge pull request #37 from JingHaoooo/branch-Focus","messageBody":"Add focus timer feature","fileTypesAndContributionMap":{}},{"hash":"90a003809fd3246d9cd156f2490522cf03862cbc","isMergeCommit":true,"messageTitle":"Merge branch \u0027master\u0027 of https://github.com/AY2324S2-CS2113-T11-1/tp","messageBody":"","fileTypesAndContributionMap":{}},{"hash":"04bbf6b18dab4622b5af191341a42c0b4f6f4000","isMergeCommit":false,"messageTitle":"Update user guide for sleep tracker","messageBody":"","fileTypesAndContributionMap":{"functional-code":{"insertions":2,"deletions":2},"docs":{"insertions":49,"deletions":2}}},{"hash":"433977be9e76699079034ba3445237eb405ee0e5","isMergeCommit":true,"messageTitle":"Merge branch \u0027master\u0027 of https://github.com/AY2324S2-CS2113-T11-1/tp","messageBody":"","fileTypesAndContributionMap":{}},{"hash":"3456327f1d9ce99561d93d6cb61183ad1c92bf07","isMergeCommit":false,"messageTitle":"Add JavaDoc for classes and methods","messageBody":"","fileTypesAndContributionMap":{"functional-code":{"insertions":52,"deletions":3}}}]},{"date":"2024-03-19","commitResults":[{"hash":"a4ea159c613d6e37b4900cc890b24d9519f88e6e","isMergeCommit":true,"messageTitle":"Merge pull request #50 from genexus85/branch-Habit-v1.0","messageBody":"Add JavaDoc for habit tracker","tags":["v1.0"],"fileTypesAndContributionMap":{}}]}],"genexus85":[{"date":"2024-03-07","commitResults":[{"hash":"f808b6253ac6ed7a8855655fbf677a2d9d1759f6","isMergeCommit":false,"messageTitle":"Update README.md","messageBody":"","fileTypesAndContributionMap":{"docs":{"insertions":1,"deletions":1}}},{"hash":"ada3c86c89c9d70b92356831448a854a96329e58","isMergeCommit":false,"messageTitle":"Add user profile for Ari Lim","messageBody":"","fileTypesAndContributionMap":{"docs":{"insertions":7,"deletions":7}}}]},{"date":"2024-03-16","commitResults":[{"hash":"941eb55743dad9712af8254cb021c00d949b694e","isMergeCommit":false,"messageTitle":"Create Parser class to parse commands","messageBody":"","fileTypesAndContributionMap":{"functional-code":{"insertions":30,"deletions":0}}},{"hash":"60b831f63439847d27905253571c4c2eef29ffd4","isMergeCommit":false,"messageTitle":"Add Command Interface","messageBody":"","fileTypesAndContributionMap":{"functional-code":{"insertions":13,"deletions":10}}},{"hash":"4fe24c51b26b7dbec990770f2e0a753705899b6b","isMergeCommit":true,"messageTitle":"Merge pull request #26 from Daviancold/branch-Main","messageBody":"Branch main","fileTypesAndContributionMap":{}}]},{"date":"2024-03-17","commitResults":[{"hash":"ebd76ce502ef0de58573aa286f0de489ff384c0e","isMergeCommit":false,"messageTitle":"Create Habit and Habit Tracker class","messageBody":"","fileTypesAndContributionMap":{"functional-code":{"insertions":4,"deletions":0}}},{"hash":"7a31323165197575f57a0a2a4005684043b61740","isMergeCommit":false,"messageTitle":"Add command parser for habit command feature","messageBody":"","fileTypesAndContributionMap":{"functional-code":{"insertions":78,"deletions":3}}},{"hash":"b6b1069d933a35842a02ac992773b86d27f2e71e","isMergeCommit":false,"messageTitle":"Add feature to add new habits into habit tracker","messageBody":"","fileTypesAndContributionMap":{"functional-code":{"insertions":40,"deletions":2}}},{"hash":"339ce1de8ca8c6d2305a6ac0afb57267de6cd154","isMergeCommit":false,"messageTitle":"Add feature to list out all existing habits in habit tracker","messageBody":"","fileTypesAndContributionMap":{"functional-code":{"insertions":33,"deletions":1}}},{"hash":"7156e99f3ab703e597e80a1a401baf62a8d609b3","isMergeCommit":false,"messageTitle":"Add feature to update habit count after completing a habit","messageBody":"","fileTypesAndContributionMap":{"functional-code":{"insertions":71,"deletions":3}}}]},{"date":"2024-03-18","commitResults":[{"hash":"7f5db45468ecc1579ad501035c12f6fdba2e8cb8","isMergeCommit":true,"messageTitle":"Merge branch \u0027master\u0027 into branch-Habit-v1.0","messageBody":"","fileTypesAndContributionMap":{}},{"hash":"87b1ed38315f49b0f8f6b4f29322dca841182936","isMergeCommit":false,"messageTitle":"Add JUnit tests for habit tracker class","messageBody":"","fileTypesAndContributionMap":{"functional-code":{"insertions":17,"deletions":5},"test-code":{"insertions":33,"deletions":0}}},{"hash":"20cb847eef412ebfa426700eb4464f85a80d16eb","isMergeCommit":false,"messageTitle":"Update user guide for habit tracker feature","messageBody":"","fileTypesAndContributionMap":{"docs":{"insertions":95,"deletions":1}}},{"hash":"d413fc2bb33f143a0624256348fceb96e5d0c5e0","isMergeCommit":false,"messageTitle":"Fix bug in ui class","messageBody":"","fileTypesAndContributionMap":{"functional-code":{"insertions":1,"deletions":1}}},{"hash":"a3dbc018b1d3f63e4c9a8fc2c33839a7bc3c40b4","isMergeCommit":true,"messageTitle":"Merge pull request #44 from JingHaoooo/branch-Focus","messageBody":"Update user guide and bug fixes for focus timer","fileTypesAndContributionMap":{}},{"hash":"898d5253bf9265520112eab8cd0ecfb7a0a82a19","isMergeCommit":true,"messageTitle":"Merge pull request #46 from JingHaoooo/branch-Focus","messageBody":"Add JavaDoc for focus timer","fileTypesAndContributionMap":{}},{"hash":"4419c2d2aff603a002b70a7a81981dbb58328709","isMergeCommit":true,"messageTitle":"Merge pull request #48 from damiwee/branch-UserGuide","messageBody":"Branch user guide","fileTypesAndContributionMap":{}}]},{"date":"2024-03-19","commitResults":[{"hash":"abcae2518ec94420c8ea7ebf5dc5c0d5ac58bc99","isMergeCommit":true,"messageTitle":"Merge pull request #49 from Daviancold/branch-ExerciseMotivator","messageBody":"Branch exercise motivator","fileTypesAndContributionMap":{}},{"hash":"76d7ef589e238627550189051036cdca0e8278c6","isMergeCommit":true,"messageTitle":"Merge branch \u0027master\u0027 into branch-Habit-v1.0","messageBody":"","fileTypesAndContributionMap":{}},{"hash":"3f9a9077859609429b8397d813b6dda2855b3dd7","isMergeCommit":false,"messageTitle":"Add JavaDoc for habit tracker feature","messageBody":"","fileTypesAndContributionMap":{"functional-code":{"insertions":88,"deletions":4}}}]}],"damiwee":[{"date":"2024-03-07","commitResults":[{"hash":"4266f7040660af01b7d0ddd7bb61a303eacd6a50","isMergeCommit":false,"messageTitle":"Add user profile for Damien Wee","messageBody":"","fileTypesAndContributionMap":{"docs":{"insertions":7,"deletions":7}}},{"hash":"8bfda384253a22a0f88380d3387d35ec233bea1d","isMergeCommit":true,"messageTitle":"Merge pull request #1 from Daviancold/davianKho-AboutUs","messageBody":"Add user profile for Davian Kho Yong Quan","fileTypesAndContributionMap":{}}]},{"date":"2024-03-16","commitResults":[{"hash":"2968ce4f3cdae95214578ce5307799d09ff532b9","isMergeCommit":false,"messageTitle":"Create storage class","messageBody":"","fileTypesAndContributionMap":{"functional-code":{"insertions":4,"deletions":0}}},{"hash":"a601d5b1913180695c0c143414657307fc0f406f","isMergeCommit":true,"messageTitle":"Merge branch \u0027master\u0027 into branch-Storage","messageBody":"","fileTypesAndContributionMap":{}},{"hash":"ee6215d97b0bb1342dab4899d532550aad18f6ba","isMergeCommit":false,"messageTitle":"Add load and save data methods for Storage class","messageBody":"","fileTypesAndContributionMap":{"functional-code":{"insertions":54,"deletions":4}}},{"hash":"82ec2a71bb69d6b82c909ef133dc2bba9db90add","isMergeCommit":true,"messageTitle":"Merge pull request #25 from genexus85/branch-Parser","messageBody":"Create Parser class to parse commands","fileTypesAndContributionMap":{}},{"hash":"962ef8480eed6d3c8db9cb46c0f70f0501a3344d","isMergeCommit":true,"messageTitle":"Merge pull request #30 from OKW32/branch-SleepTracker","messageBody":"Branch sleep tracker","fileTypesAndContributionMap":{}},{"hash":"da992b594bd99c50df8393f216121e3945ef5d1d","isMergeCommit":false,"messageTitle":"Add reflection question class","messageBody":"","fileTypesAndContributionMap":{"functional-code":{"insertions":14,"deletions":0}}},{"hash":"41b192fa375036f905c447bcae1a4093bf330b45","isMergeCommit":false,"messageTitle":"Add reflection question bank class","messageBody":"","fileTypesAndContributionMap":{"functional-code":{"insertions":48,"deletions":3}}},{"hash":"2f77c5941354a0134aa1b1ff0272e78dca3296b4","isMergeCommit":false,"messageTitle":"Add reflection class","messageBody":"","fileTypesAndContributionMap":{"functional-code":{"insertions":32,"deletions":0}}},{"hash":"05272ffb86134d5ab57d910da3c4f39d6b48add0","isMergeCommit":false,"messageTitle":"Add command parser for reflection feature","messageBody":"","fileTypesAndContributionMap":{"functional-code":{"insertions":59,"deletions":3}}}]},{"date":"2024-03-17","commitResults":[{"hash":"f9fb30bd71f2b81f8aa343c778173fc7a3eefcd9","isMergeCommit":false,"messageTitle":"Add setup for question bank","messageBody":"","fileTypesAndContributionMap":{"functional-code":{"insertions":59,"deletions":8}}},{"hash":"529c54a86c9cee878ec222e27ed28d2231226e74","isMergeCommit":false,"messageTitle":"Refactor name of reflection manager class","messageBody":"","fileTypesAndContributionMap":{"functional-code":{"insertions":34,"deletions":22},"other":{"insertions":4,"deletions":3}}},{"hash":"bf22d49d1997f7ad0c1f0e69185e16523356c3f7","isMergeCommit":false,"messageTitle":"Add junit tests for reflection question bank class methods","messageBody":"","fileTypesAndContributionMap":{"functional-code":{"insertions":9,"deletions":6},"test-code":{"insertions":78,"deletions":0}}},{"hash":"b6c8b5740a2b3d76e4a46a0bb1d055399a66237b","isMergeCommit":false,"messageTitle":"Edit unknown command exception message","messageBody":"","fileTypesAndContributionMap":{"functional-code":{"insertions":1,"deletions":1}}}]},{"date":"2024-03-18","commitResults":[{"hash":"cb03139df3c14384646866a4e3653e564a602d3c","isMergeCommit":true,"messageTitle":"Merge branch \u0027master\u0027 into branch-Reflection","messageBody":"","fileTypesAndContributionMap":{}},{"hash":"d8c78cef248aa0822e23d95f359b225a0b8984a5","isMergeCommit":false,"messageTitle":"Update user guide for reflection feature","messageBody":"","fileTypesAndContributionMap":{"functional-code":{"insertions":1,"deletions":1},"docs":{"insertions":65,"deletions":20}}},{"hash":"3266f76330704124dd9fe746743a3d2e730baa85","isMergeCommit":false,"messageTitle":"Fix coding style violation","messageBody":"","fileTypesAndContributionMap":{"functional-code":{"insertions":2,"deletions":1}}},{"hash":"51e8f2e0fdf3b37fd8002ea740cc6ad42c6bc655","isMergeCommit":true,"messageTitle":"Merge pull request #38 from genexus85/branch-Habit-v1.0","messageBody":"Branch habit v1.0","fileTypesAndContributionMap":{}},{"hash":"27aae682ce062cc0f36c00d5d1c99fde52727cd0","isMergeCommit":true,"messageTitle":"Merge branch \u0027master\u0027 into branch-Reflection","messageBody":"","fileTypesAndContributionMap":{}},{"hash":"7e69e2113a5cbfc0fcd9bc95f3e643f3ffcbb13d","isMergeCommit":true,"messageTitle":"Merge branch \u0027branch-Reflection\u0027 into branch-UserGuide","messageBody":"","fileTypesAndContributionMap":{}},{"hash":"bf5866efeba6024170fafb37b1af9f8c00cbee13","isMergeCommit":false,"messageTitle":"Add favorite reflections class","messageBody":"","fileTypesAndContributionMap":{"functional-code":{"insertions":29,"deletions":0}}},{"hash":"bc3d09c484e31c939c05291a7e7e506f676fd771","isMergeCommit":false,"messageTitle":"Add save favorite reflection feature and command for save","messageBody":"","fileTypesAndContributionMap":{"functional-code":{"insertions":67,"deletions":10}}},{"hash":"6e42f0a5cee6c35ac460ed748f0f635472b36ba3","isMergeCommit":true,"messageTitle":"Merge pull request #40 from OKW32/branch-UserGuide","messageBody":"Update user guide for sleep tracker","fileTypesAndContributionMap":{}},{"hash":"d45ba273e20c18af30661197a2a25d9e1a81d9ba","isMergeCommit":false,"messageTitle":"Add junit tests for save reflection to favorites feature","messageBody":"","fileTypesAndContributionMap":{"functional-code":{"insertions":3,"deletions":6},"test-code":{"insertions":45,"deletions":0}}},{"hash":"a43b2db86f90bbf627a2d317f2c8dfd5a7927d20","isMergeCommit":true,"messageTitle":"Merge remote-tracking branch \u0027upstream/master\u0027 into branch-UserGuide","messageBody":"","fileTypesAndContributionMap":{}},{"hash":"da538294cb60bc317c4d35ba54b19852120b2fa2","isMergeCommit":false,"messageTitle":"Update user guide for reflection feature","messageBody":"","fileTypesAndContributionMap":{"docs":{"insertions":32,"deletions":3}}},{"hash":"4b571bdbb8c04b75ef6bd736226a5005237d651e","isMergeCommit":true,"messageTitle":"Merge branch \u0027master\u0027 into branch-Reflection","messageBody":"","fileTypesAndContributionMap":{}},{"hash":"1a192be8d56bbb8338a2958f041831c832d716d8","isMergeCommit":false,"messageTitle":"Add list favorite reflections command","messageBody":"","fileTypesAndContributionMap":{"functional-code":{"insertions":36,"deletions":2}}},{"hash":"9e5a200b42a589ef872eb75437f3af1fb5f1565a","isMergeCommit":false,"messageTitle":"Add javadoc for reflection feature","messageBody":"","fileTypesAndContributionMap":{"functional-code":{"insertions":171,"deletions":4}}},{"hash":"f1c7f84651378ea7586e50aaba601be0f2574a46","isMergeCommit":false,"messageTitle":"Fix coding standard violation","messageBody":"","fileTypesAndContributionMap":{"functional-code":{"insertions":0,"deletions":1}}},{"hash":"cd5d6307d39d5b30ce8cbc93482e7bd3beda088f","isMergeCommit":true,"messageTitle":"Merge branch \u0027master\u0027 into branch-UserGuide","messageBody":"","fileTypesAndContributionMap":{}},{"hash":"29d49d0b5aef3ecc1cd307546b6b260f1387fc93","isMergeCommit":false,"messageTitle":"Updated user guide for reflection feature","messageBody":"","fileTypesAndContributionMap":{"docs":{"insertions":26,"deletions":1}}},{"hash":"f0b6e43d925efd998d4fca71e2b897aa7aac7688","isMergeCommit":false,"messageTitle":"Fix spacing error in user guide","messageBody":"","fileTypesAndContributionMap":{"docs":{"insertions":3,"deletions":0}}}]}],"Daviancold":[{"date":"2024-03-07","commitResults":[{"hash":"7ce8099f3702861917330e34ddd9728a141d2737","isMergeCommit":false,"messageTitle":"Add user profile for Davian Kho Yong Quan","messageBody":"","fileTypesAndContributionMap":{"docs":{"insertions":7,"deletions":7}}},{"hash":"f458bb656b59b42864f9fdfb96a7c2a636224886","isMergeCommit":true,"messageTitle":"Merge branch \u0027master\u0027 into ongKanWu-AboutUs","messageBody":"","fileTypesAndContributionMap":{}},{"hash":"eabcdba976bb1854c71b60596d90f05f90448c1a","isMergeCommit":true,"messageTitle":"Merge pull request #2 from OKW32/ongKanWu-AboutUs","messageBody":"Add user profile for Ong Kan Wu","fileTypesAndContributionMap":{}},{"hash":"ee80858f59aec2322e86092b3a07e2c761a08a4f","isMergeCommit":true,"messageTitle":"Merge branch \u0027master\u0027 of https://github.com/AY2324S2-CS2113-T11-1/tp","messageBody":"","fileTypesAndContributionMap":{}}]},{"date":"2024-03-16","commitResults":[{"hash":"08ffcaad7d6a822341056dc026d918026cbff418","isMergeCommit":true,"messageTitle":"Merge pull request #24 from damiwee/branch-Storage","messageBody":"Branch storage","fileTypesAndContributionMap":{}},{"hash":"6213063efb48efb0f3f1320d66e3baafab8e3a04","isMergeCommit":true,"messageTitle":"Merge branch \u0027master\u0027 of https://github.com/AY2324S2-CS2113-T11-1/tp","messageBody":"","fileTypesAndContributionMap":{}},{"hash":"d91bcabb6a6f4b41d0fef32b1c9ed353497435de","isMergeCommit":false,"messageTitle":"Create Main Class","messageBody":"Main class is incomplete, TODOs mentioned in the class\n","fileTypesAndContributionMap":{"functional-code":{"insertions":30,"deletions":0}}}]},{"date":"2024-03-17","commitResults":[{"hash":"f28de990217ba3d1f571a2a98bb54c48431e5008","isMergeCommit":true,"messageTitle":"Merge pull request #31 from damiwee/branch-Reflection","messageBody":"Branch reflection","fileTypesAndContributionMap":{}}]},{"date":"2024-03-18","commitResults":[{"hash":"8e70967e180e8722da8eda9fbc7408dac630bff4","isMergeCommit":true,"messageTitle":"Merge pull request #42 from damiwee/branch-UserGuide","messageBody":"Branch user guide","fileTypesAndContributionMap":{}},{"hash":"07d9a2b2cb27115171720c6a37c0aca8f9d9574b","isMergeCommit":true,"messageTitle":"Merge pull request #41 from damiwee/branch-Reflection","messageBody":"Branch reflection","fileTypesAndContributionMap":{}},{"hash":"4dfee55cc29a1a054ffd873a8e430f8b37a6778e","isMergeCommit":true,"messageTitle":"Merge pull request #43 from OKW32/branch-SleepTracker","messageBody":"Add JavaDoc for sleep tracker ","fileTypesAndContributionMap":{}}]},{"date":"2024-03-19","commitResults":[{"hash":"341ee64fb2803904bc8b73d1e880a959c1f9f340","isMergeCommit":false,"messageTitle":"Add command parse classes for fitness","messageBody":"The classes enable the get feature for the fitness motivator\n","fileTypesAndContributionMap":{"functional-code":{"insertions":229,"deletions":2}}},{"hash":"b82b62a1b58b588af8fe46149f2dbe6dc4c60606","isMergeCommit":false,"messageTitle":"Minor Changes to Code Format","messageBody":"Added final modifier\n","fileTypesAndContributionMap":{"functional-code":{"insertions":2,"deletions":2}}},{"hash":"008f928b28aea9156b0aba09d7d6cebebfc650a0","isMergeCommit":false,"messageTitle":"Add method for file checking","messageBody":"checks if a file exists\n","fileTypesAndContributionMap":{"functional-code":{"insertions":5,"deletions":0}}},{"hash":"226ed7fbec27fcbbfa889f758e6e749104815544","isMergeCommit":true,"messageTitle":"Merge remote-tracking branch \u0027upstream/master\u0027 into branch-ExerciseMotivator","messageBody":"","fileTypesAndContributionMap":{}},{"hash":"e31359562c15a8b64189a1832598e4d5f249e40c","isMergeCommit":false,"messageTitle":"Add junit test to check output of get feature","messageBody":"Due to the output being randomised, the template is checked for instead\n","fileTypesAndContributionMap":{"functional-code":{"insertions":2,"deletions":1},"test-code":{"insertions":28,"deletions":0}}}]}]},"authorFileTypeContributionMap":{"JingHaoooo":{"docs":41,"functional-code":221,"test-code":28,"other":1},"OKW32":{"docs":51,"functional-code":308,"test-code":32,"other":2},"genexus85":{"docs":97,"functional-code":342,"test-code":33},"damiwee":{"docs":113,"functional-code":561,"test-code":123},"Daviancold":{"docs":1,"functional-code":261,"test-code":28}},"authorContributionVariance":{"JingHaoooo":3331.9658,"OKW32":5533.9814,"genexus85":3021.948,"damiwee":13149.345,"Daviancold":2720.025},"authorDisplayNameMap":{"JingHaoooo":"CS2113-T11-1 LIM .. HAO","OKW32":"CS2113-T11-1 ONG ..N WU","genexus85":"CS2113-T11-1 ARI .. LIK","damiwee":"CS2113-T11-1 DAMI..LONG","Daviancold":"CS2113-T11-1 DAVI..QUAN"}}
