[{"path":"README.md","fileType":"docs","lines":[{"lineNumber":1,"author":{"gitId":"EugeneChanJiajun"},"content":"# Omnitravel","lastModifiedDate":"2024-03-07"},{"lineNumber":2,"author":{"gitId":"-"},"content":"","lastModifiedDate":"2020-05-25"},{"lineNumber":3,"author":{"gitId":"-"},"content":"This is a project template for a greenfield Java project. It\u0027s named after the Java mascot _Duke_. Given below are instructions on how to use it.","lastModifiedDate":"2020-05-25"},{"lineNumber":4,"author":{"gitId":"-"},"content":"","lastModifiedDate":"2020-05-25"},{"lineNumber":5,"author":{"gitId":"-"},"content":"## Setting up in Intellij","lastModifiedDate":"2020-05-25"},{"lineNumber":6,"author":{"gitId":"-"},"content":"","lastModifiedDate":"2020-05-25"},{"lineNumber":7,"author":{"gitId":"-"},"content":"Prerequisites: JDK 11 (use the exact version), update Intellij to the most recent version.","lastModifiedDate":"2020-05-24"},{"lineNumber":8,"author":{"gitId":"-"},"content":"","lastModifiedDate":"2020-05-24"},{"lineNumber":9,"author":{"gitId":"-"},"content":"1. **Ensure Intellij JDK 11 is defined as an SDK**, as described [here](https://www.jetbrains.com/help/idea/sdk.html#set-up-jdk) -- this step is not needed if you have used JDK 11 in a previous Intellij project.","lastModifiedDate":"2020-05-24"},{"lineNumber":10,"author":{"gitId":"-"},"content":"1. **Import the project _as a Gradle project_**, as described [here](https://se-education.org/guides/tutorials/intellijImportGradleProject.html).","lastModifiedDate":"2020-05-24"},{"lineNumber":11,"author":{"gitId":"-"},"content":"1. **Verify the set up**: After the importing is complete, locate the `src/main/java/seedu/duke/Duke.java` file, right-click it, and choose `Run Duke.main()`. If the setup is correct, you should see something like the below:","lastModifiedDate":"2020-05-24"},{"lineNumber":12,"author":{"gitId":"-"},"content":"   ```","lastModifiedDate":"2020-05-25"},{"lineNumber":13,"author":{"gitId":"-"},"content":"   \u003e Task :compileJava","lastModifiedDate":"2020-05-24"},{"lineNumber":14,"author":{"gitId":"-"},"content":"   \u003e Task :processResources NO-SOURCE","lastModifiedDate":"2020-05-24"},{"lineNumber":15,"author":{"gitId":"-"},"content":"   \u003e Task :classes","lastModifiedDate":"2020-05-24"},{"lineNumber":16,"author":{"gitId":"-"},"content":"   ","lastModifiedDate":"2020-05-24"},{"lineNumber":17,"author":{"gitId":"-"},"content":"   \u003e Task :Duke.main()","lastModifiedDate":"2020-05-24"},{"lineNumber":18,"author":{"gitId":"-"},"content":"   Hello from","lastModifiedDate":"2020-05-25"},{"lineNumber":19,"author":{"gitId":"-"},"content":"    ____        _        ","lastModifiedDate":"2020-05-25"},{"lineNumber":20,"author":{"gitId":"-"},"content":"   |  _ \\ _   _| | _____ ","lastModifiedDate":"2020-05-25"},{"lineNumber":21,"author":{"gitId":"-"},"content":"   | | | | | | | |/ / _ \\","lastModifiedDate":"2020-05-25"},{"lineNumber":22,"author":{"gitId":"-"},"content":"   | |_| | |_| |   \u003c  __/","lastModifiedDate":"2020-05-25"},{"lineNumber":23,"author":{"gitId":"-"},"content":"   |____/ \\__,_|_|\\_\\___|","lastModifiedDate":"2020-05-25"},{"lineNumber":24,"author":{"gitId":"-"},"content":"   ","lastModifiedDate":"2020-05-24"},{"lineNumber":25,"author":{"gitId":"-"},"content":"   What is your name?","lastModifiedDate":"2020-05-24"},{"lineNumber":26,"author":{"gitId":"-"},"content":"   ```","lastModifiedDate":"2020-05-25"},{"lineNumber":27,"author":{"gitId":"-"},"content":"   Type some word and press enter to let the execution proceed to the end.","lastModifiedDate":"2020-05-24"},{"lineNumber":28,"author":{"gitId":"-"},"content":"","lastModifiedDate":"2020-05-24"},{"lineNumber":29,"author":{"gitId":"-"},"content":"## Build automation using Gradle","lastModifiedDate":"2020-05-24"},{"lineNumber":30,"author":{"gitId":"-"},"content":"","lastModifiedDate":"2020-05-24"},{"lineNumber":31,"author":{"gitId":"-"},"content":"* This project uses Gradle for build automation and dependency management. It includes a basic build script as well (i.e. the `build.gradle` file).","lastModifiedDate":"2020-05-24"},{"lineNumber":32,"author":{"gitId":"-"},"content":"* If you are new to Gradle, refer to the [Gradle Tutorial at se-education.org/guides](https://se-education.org/guides/tutorials/gradle.html).","lastModifiedDate":"2020-05-24"},{"lineNumber":33,"author":{"gitId":"-"},"content":"","lastModifiedDate":"2020-05-24"},{"lineNumber":34,"author":{"gitId":"-"},"content":"## Testing","lastModifiedDate":"2020-05-24"},{"lineNumber":35,"author":{"gitId":"-"},"content":"","lastModifiedDate":"2020-05-24"},{"lineNumber":36,"author":{"gitId":"-"},"content":"### I/O redirection tests","lastModifiedDate":"2020-05-24"},{"lineNumber":37,"author":{"gitId":"-"},"content":"","lastModifiedDate":"2020-05-24"},{"lineNumber":38,"author":{"gitId":"-"},"content":"* To run _I/O redirection_ tests (aka _Text UI tests_), navigate to the `text-ui-test` and run the `runtest(.bat/.sh)` script.","lastModifiedDate":"2020-05-24"},{"lineNumber":39,"author":{"gitId":"-"},"content":"","lastModifiedDate":"2020-05-24"},{"lineNumber":40,"author":{"gitId":"-"},"content":"### JUnit tests","lastModifiedDate":"2020-05-24"},{"lineNumber":41,"author":{"gitId":"-"},"content":"","lastModifiedDate":"2020-05-24"},{"lineNumber":42,"author":{"gitId":"-"},"content":"* A skeleton JUnit test (`src/test/java/seedu/duke/DukeTest.java`) is provided with this project template. ","lastModifiedDate":"2020-05-24"},{"lineNumber":43,"author":{"gitId":"-"},"content":"* If you are new to JUnit, refer to the [JUnit Tutorial at se-education.org/guides](https://se-education.org/guides/tutorials/junit.html).","lastModifiedDate":"2020-05-24"},{"lineNumber":44,"author":{"gitId":"-"},"content":"","lastModifiedDate":"2020-05-24"},{"lineNumber":45,"author":{"gitId":"-"},"content":"## Checkstyle","lastModifiedDate":"2020-05-24"},{"lineNumber":46,"author":{"gitId":"-"},"content":"","lastModifiedDate":"2020-05-24"},{"lineNumber":47,"author":{"gitId":"-"},"content":"* A sample CheckStyle rule configuration is provided in this project.","lastModifiedDate":"2020-05-24"},{"lineNumber":48,"author":{"gitId":"-"},"content":"* If you are new to Checkstyle, refer to the [Checkstyle Tutorial at se-education.org/guides](https://se-education.org/guides/tutorials/checkstyle.html).","lastModifiedDate":"2020-05-24"},{"lineNumber":49,"author":{"gitId":"-"},"content":"","lastModifiedDate":"2020-05-24"},{"lineNumber":50,"author":{"gitId":"-"},"content":"## CI using GitHub Actions","lastModifiedDate":"2020-05-24"},{"lineNumber":51,"author":{"gitId":"-"},"content":"","lastModifiedDate":"2020-05-24"},{"lineNumber":52,"author":{"gitId":"-"},"content":"The project uses [GitHub actions](https://github.com/features/actions) for CI. When you push a commit to this repo or PR against it, GitHub actions will run automatically to build and verify the code as updated by the commit/PR.","lastModifiedDate":"2020-05-24"},{"lineNumber":53,"author":{"gitId":"-"},"content":"","lastModifiedDate":"2020-05-24"},{"lineNumber":54,"author":{"gitId":"-"},"content":"## Documentation","lastModifiedDate":"2020-05-24"},{"lineNumber":55,"author":{"gitId":"-"},"content":"","lastModifiedDate":"2020-05-24"},{"lineNumber":56,"author":{"gitId":"-"},"content":"`/docs` folder contains a skeleton version of the project documentation.","lastModifiedDate":"2020-05-24"},{"lineNumber":57,"author":{"gitId":"-"},"content":"","lastModifiedDate":"2020-05-24"},{"lineNumber":58,"author":{"gitId":"-"},"content":"Steps for publishing documentation to the public: ","lastModifiedDate":"2020-05-24"},{"lineNumber":59,"author":{"gitId":"-"},"content":"1. If you are using this project template for an individual project, go your fork on GitHub.\u003cbr\u003e","lastModifiedDate":"2020-05-24"},{"lineNumber":60,"author":{"gitId":"-"},"content":"   If you are using this project template for a team project, go to the team fork on GitHub.","lastModifiedDate":"2020-05-24"},{"lineNumber":61,"author":{"gitId":"-"},"content":"1. Click on the `settings` tab.","lastModifiedDate":"2020-05-24"},{"lineNumber":62,"author":{"gitId":"-"},"content":"1. Scroll down to the `GitHub Pages` section.","lastModifiedDate":"2020-05-24"},{"lineNumber":63,"author":{"gitId":"-"},"content":"1. Set the `source` as `master branch /docs folder`.","lastModifiedDate":"2020-05-24"},{"lineNumber":64,"author":{"gitId":"-"},"content":"1. Optionally, use the `choose a theme` button to choose a theme for your documentation.","lastModifiedDate":"2020-05-24"}],"authorContributionMap":{"EugeneChanJiajun":1,"-":63}},{"path":"build.gradle","fileType":"other","lines":[{"lineNumber":1,"author":{"gitId":"-"},"content":"plugins {","lastModifiedDate":"2020-05-25"},{"lineNumber":2,"author":{"gitId":"-"},"content":"    id \u0027java\u0027","lastModifiedDate":"2020-05-25"},{"lineNumber":3,"author":{"gitId":"-"},"content":"    id \u0027application\u0027","lastModifiedDate":"2020-05-25"},{"lineNumber":4,"author":{"gitId":"-"},"content":"    id \u0027checkstyle\u0027","lastModifiedDate":"2020-05-25"},{"lineNumber":5,"author":{"gitId":"-"},"content":"    id \u0027com.github.johnrengelman.shadow\u0027 version \u00277.1.2\u0027","lastModifiedDate":"2022-06-17"},{"lineNumber":6,"author":{"gitId":"-"},"content":"}","lastModifiedDate":"2020-05-25"},{"lineNumber":7,"author":{"gitId":"-"},"content":"","lastModifiedDate":"2020-05-25"},{"lineNumber":8,"author":{"gitId":"-"},"content":"repositories {","lastModifiedDate":"2020-05-25"},{"lineNumber":9,"author":{"gitId":"-"},"content":"    mavenCentral()","lastModifiedDate":"2020-05-25"},{"lineNumber":10,"author":{"gitId":"-"},"content":"}","lastModifiedDate":"2020-05-25"},{"lineNumber":11,"author":{"gitId":"-"},"content":"","lastModifiedDate":"2020-05-25"},{"lineNumber":12,"author":{"gitId":"-"},"content":"dependencies {","lastModifiedDate":"2020-05-25"},{"lineNumber":13,"author":{"gitId":"-"},"content":"    testImplementation group: \u0027org.junit.jupiter\u0027, name: \u0027junit-jupiter-api\u0027, version: \u00275.10.0\u0027","lastModifiedDate":"2023-08-05"},{"lineNumber":14,"author":{"gitId":"-"},"content":"    testRuntimeOnly group: \u0027org.junit.jupiter\u0027, name: \u0027junit-jupiter-engine\u0027, version: \u00275.10.0\u0027","lastModifiedDate":"2023-08-05"},{"lineNumber":15,"author":{"gitId":"-"},"content":"}","lastModifiedDate":"2020-05-25"},{"lineNumber":16,"author":{"gitId":"-"},"content":"","lastModifiedDate":"2020-05-25"},{"lineNumber":17,"author":{"gitId":"-"},"content":"test {","lastModifiedDate":"2020-05-25"},{"lineNumber":18,"author":{"gitId":"-"},"content":"    useJUnitPlatform()","lastModifiedDate":"2020-05-25"},{"lineNumber":19,"author":{"gitId":"-"},"content":"","lastModifiedDate":"2020-05-25"},{"lineNumber":20,"author":{"gitId":"-"},"content":"    testLogging {","lastModifiedDate":"2020-05-25"},{"lineNumber":21,"author":{"gitId":"-"},"content":"        events \"passed\", \"skipped\", \"failed\"","lastModifiedDate":"2020-05-25"},{"lineNumber":22,"author":{"gitId":"-"},"content":"","lastModifiedDate":"2020-05-25"},{"lineNumber":23,"author":{"gitId":"-"},"content":"        showExceptions true","lastModifiedDate":"2020-05-25"},{"lineNumber":24,"author":{"gitId":"-"},"content":"        exceptionFormat \"full\"","lastModifiedDate":"2020-05-25"},{"lineNumber":25,"author":{"gitId":"-"},"content":"        showCauses true","lastModifiedDate":"2020-05-25"},{"lineNumber":26,"author":{"gitId":"-"},"content":"        showStackTraces true","lastModifiedDate":"2020-05-25"},{"lineNumber":27,"author":{"gitId":"-"},"content":"        showStandardStreams \u003d false","lastModifiedDate":"2020-05-25"},{"lineNumber":28,"author":{"gitId":"-"},"content":"    }","lastModifiedDate":"2020-05-25"},{"lineNumber":29,"author":{"gitId":"-"},"content":"}","lastModifiedDate":"2020-05-25"},{"lineNumber":30,"author":{"gitId":"-"},"content":"","lastModifiedDate":"2020-05-25"},{"lineNumber":31,"author":{"gitId":"-"},"content":"application {","lastModifiedDate":"2020-05-25"},{"lineNumber":32,"author":{"gitId":"-"},"content":"    mainClass.set(\"seedu.duke.Duke\")","lastModifiedDate":"2023-08-05"},{"lineNumber":33,"author":{"gitId":"-"},"content":"}","lastModifiedDate":"2020-05-25"},{"lineNumber":34,"author":{"gitId":"-"},"content":"","lastModifiedDate":"2020-05-25"},{"lineNumber":35,"author":{"gitId":"-"},"content":"shadowJar {","lastModifiedDate":"2020-05-25"},{"lineNumber":36,"author":{"gitId":"-"},"content":"    archiveBaseName.set(\"duke\")","lastModifiedDate":"2023-09-24"},{"lineNumber":37,"author":{"gitId":"-"},"content":"    archiveClassifier.set(\"\")","lastModifiedDate":"2023-09-24"},{"lineNumber":38,"author":{"gitId":"-"},"content":"}","lastModifiedDate":"2020-05-25"},{"lineNumber":39,"author":{"gitId":"-"},"content":"","lastModifiedDate":"2020-05-25"},{"lineNumber":40,"author":{"gitId":"-"},"content":"checkstyle {","lastModifiedDate":"2020-05-25"},{"lineNumber":41,"author":{"gitId":"-"},"content":"    toolVersion \u003d \u002710.2\u0027","lastModifiedDate":"2022-04-29"},{"lineNumber":42,"author":{"gitId":"-"},"content":"}","lastModifiedDate":"2020-05-25"},{"lineNumber":43,"author":{"gitId":"-"},"content":"","lastModifiedDate":"2020-05-25"},{"lineNumber":44,"author":{"gitId":"-"},"content":"run{","lastModifiedDate":"2020-05-25"},{"lineNumber":45,"author":{"gitId":"-"},"content":"    standardInput \u003d System.in","lastModifiedDate":"2020-05-25"},{"lineNumber":46,"author":{"gitId":"EugeneChanJiajun"},"content":"    enableAssertions \u003d true","lastModifiedDate":"2024-03-17"},{"lineNumber":47,"author":{"gitId":"-"},"content":"}","lastModifiedDate":"2020-05-25"}],"authorContributionMap":{"EugeneChanJiajun":1,"-":46}},{"path":"docs/AboutUs.md","fileType":"docs","lines":[{"lineNumber":1,"author":{"gitId":"-"},"content":"# About us","lastModifiedDate":"2020-05-24"},{"lineNumber":2,"author":{"gitId":"-"},"content":"Display |        Name         |                Github Profile                 | Portfolio ","lastModifiedDate":"2020-05-24"},{"lineNumber":3,"author":{"gitId":"ChinYanXu"},"content":"--------|:-------------------:|:---------------------------------------------:|:---------:","lastModifiedDate":"2024-03-15"},{"lineNumber":4,"author":{"gitId":"EugeneChanJiajun"},"content":"![](https://via.placeholder.com/100.png?text\u003dPhoto) | Eugene Chan Jiajun  | [Github](https://github.com/EugeneChanJiajun) | [Portfolio](docs/team/eugenechanjiajun.md)","lastModifiedDate":"2024-03-07"},{"lineNumber":5,"author":{"gitId":"daryltay415"},"content":"![](https://via.placeholder.com/100.png?text\u003dPhoto) |      Daryl Tay      | [Github](https://github.com/daryltay415)      | [Portfolio](docs/team/daryltay415.md)","lastModifiedDate":"2024-03-07"},{"lineNumber":6,"author":{"gitId":"ChinYanXu"},"content":"![](https://via.placeholder.com/100.png?text\u003dPhoto) |      Annie Xu       | [Github](https://github.com/annnniexu)        | [Portfolio](docs/team/annnniexu.md)","lastModifiedDate":"2024-03-15"},{"lineNumber":7,"author":{"gitId":"ChinYanXu"},"content":"![](https://via.placeholder.com/100.png?text\u003dPhoto) |  Chin Yan Xu        | [Github](https://github.com/ChinYanXu)        | [Portfolio](docs/team/ChinYanXu.md)","lastModifiedDate":"2024-03-15"},{"lineNumber":8,"author":{"gitId":"ChinYanXu"},"content":"![](https://via.placeholder.com/100.png?text\u003dPhoto) |      Chen Kang      | [Github](https://github.com/ChenKangg)        | [Portfolio](docs/team/ChenKangg.md)","lastModifiedDate":"2024-03-15"},{"lineNumber":9,"author":{"gitId":"-"},"content":"","lastModifiedDate":"2024-03-15"}],"authorContributionMap":{"ChinYanXu":4,"EugeneChanJiajun":1,"daryltay415":1,"-":3}},{"path":"docs/README.md","fileType":"docs","lines":[{"lineNumber":1,"author":{"gitId":"EugeneChanJiajun"},"content":"# Omnitravel","lastModifiedDate":"2024-03-07"},{"lineNumber":2,"author":{"gitId":"-"},"content":"","lastModifiedDate":"2019-07-29"},{"lineNumber":3,"author":{"gitId":"-"},"content":"{Give product intro here}","lastModifiedDate":"2020-05-24"},{"lineNumber":4,"author":{"gitId":"-"},"content":"","lastModifiedDate":"2019-07-29"},{"lineNumber":5,"author":{"gitId":"-"},"content":"Useful links:","lastModifiedDate":"2020-05-24"},{"lineNumber":6,"author":{"gitId":"-"},"content":"* [User Guide](UserGuide.md)","lastModifiedDate":"2020-05-24"},{"lineNumber":7,"author":{"gitId":"-"},"content":"* [Developer Guide](DeveloperGuide.md)","lastModifiedDate":"2020-05-24"},{"lineNumber":8,"author":{"gitId":"-"},"content":"* [About Us](AboutUs.md)","lastModifiedDate":"2020-05-24"}],"authorContributionMap":{"EugeneChanJiajun":1,"-":7}},{"path":"src/main/java/seedu/duke/Duke.java","fileType":"functional-code","lines":[{"lineNumber":1,"author":{"gitId":"-"},"content":"package seedu.duke;","lastModifiedDate":"2020-05-24"},{"lineNumber":2,"author":{"gitId":"-"},"content":"","lastModifiedDate":"2020-05-24"},{"lineNumber":3,"author":{"gitId":"daryltay415"},"content":"import java.util.NoSuchElementException;","lastModifiedDate":"2024-03-17"},{"lineNumber":4,"author":{"gitId":"-"},"content":"import java.util.Scanner;","lastModifiedDate":"2020-05-24"},{"lineNumber":5,"author":{"gitId":"-"},"content":"","lastModifiedDate":"2020-05-24"},{"lineNumber":6,"author":{"gitId":"-"},"content":"public class Duke {","lastModifiedDate":"2019-07-29"},{"lineNumber":7,"author":{"gitId":"-"},"content":"","lastModifiedDate":"2024-03-14"},{"lineNumber":8,"author":{"gitId":"-"},"content":"    public static void main(String[] args) {","lastModifiedDate":"2019-07-29"},{"lineNumber":9,"author":{"gitId":"daryltay415"},"content":"        Ui.printGreeting();","lastModifiedDate":"2024-03-17"},{"lineNumber":10,"author":{"gitId":"daryltay415"},"content":"        boolean userSaysBye \u003d false;","lastModifiedDate":"2024-03-14"},{"lineNumber":11,"author":{"gitId":"EugeneChanJiajun"},"content":"        TravelActivityList list \u003d new TravelActivityList();","lastModifiedDate":"2024-03-17"},{"lineNumber":12,"author":{"gitId":"daryltay415"},"content":"        String line;","lastModifiedDate":"2024-03-14"},{"lineNumber":13,"author":{"gitId":"-"},"content":"        Scanner in \u003d new Scanner(System.in);","lastModifiedDate":"2020-05-24"},{"lineNumber":14,"author":{"gitId":"daryltay415"},"content":"        while (!userSaysBye) {","lastModifiedDate":"2024-03-14"},{"lineNumber":15,"author":{"gitId":"daryltay415"},"content":"            try {","lastModifiedDate":"2024-03-17"},{"lineNumber":16,"author":{"gitId":"daryltay415"},"content":"                line \u003d in.nextLine();","lastModifiedDate":"2024-03-14"},{"lineNumber":17,"author":{"gitId":"EugeneChanJiajun"},"content":"                assert line !\u003d null :\"Input does not exist!\";","lastModifiedDate":"2024-03-19"},{"lineNumber":18,"author":{"gitId":"EugeneChanJiajun"},"content":"                String[] command \u003d line.split(\" \");","lastModifiedDate":"2024-03-17"},{"lineNumber":19,"author":{"gitId":"EugeneChanJiajun"},"content":"                switch (command[0].toLowerCase()) {","lastModifiedDate":"2024-03-17"},{"lineNumber":20,"author":{"gitId":"EugeneChanJiajun"},"content":"                case \"list\":","lastModifiedDate":"2024-03-17"},{"lineNumber":21,"author":{"gitId":"EugeneChanJiajun"},"content":"                    Ui.printLine();","lastModifiedDate":"2024-03-17"},{"lineNumber":22,"author":{"gitId":"EugeneChanJiajun"},"content":"                    Parser.getList(list);","lastModifiedDate":"2024-03-17"},{"lineNumber":23,"author":{"gitId":"EugeneChanJiajun"},"content":"                    Ui.printLine();","lastModifiedDate":"2024-03-17"},{"lineNumber":24,"author":{"gitId":"EugeneChanJiajun"},"content":"                    break;","lastModifiedDate":"2024-03-17"},{"lineNumber":25,"author":{"gitId":"daryltay415"},"content":"","lastModifiedDate":"2024-03-17"},{"lineNumber":26,"author":{"gitId":"EugeneChanJiajun"},"content":"                case \"add\":","lastModifiedDate":"2024-03-17"},{"lineNumber":27,"author":{"gitId":"EugeneChanJiajun"},"content":"                    Ui.printLine();","lastModifiedDate":"2024-03-17"},{"lineNumber":28,"author":{"gitId":"EugeneChanJiajun"},"content":"                    Parser.addCommand(line, command, list);","lastModifiedDate":"2024-03-17"},{"lineNumber":29,"author":{"gitId":"EugeneChanJiajun"},"content":"                    Ui.printLine();","lastModifiedDate":"2024-03-17"},{"lineNumber":30,"author":{"gitId":"EugeneChanJiajun"},"content":"                    break;","lastModifiedDate":"2024-03-17"},{"lineNumber":31,"author":{"gitId":"daryltay415"},"content":"","lastModifiedDate":"2024-03-17"},{"lineNumber":32,"author":{"gitId":"EugeneChanJiajun"},"content":"                case \"delete\":","lastModifiedDate":"2024-03-17"},{"lineNumber":33,"author":{"gitId":"EugeneChanJiajun"},"content":"                    Ui.printLine();","lastModifiedDate":"2024-03-17"},{"lineNumber":34,"author":{"gitId":"EugeneChanJiajun"},"content":"                    Parser.deleteCommand(command, list);","lastModifiedDate":"2024-03-17"},{"lineNumber":35,"author":{"gitId":"EugeneChanJiajun"},"content":"                    Ui.printLine();","lastModifiedDate":"2024-03-17"},{"lineNumber":36,"author":{"gitId":"EugeneChanJiajun"},"content":"                    break;","lastModifiedDate":"2024-03-17"},{"lineNumber":37,"author":{"gitId":"daryltay415"},"content":"","lastModifiedDate":"2024-03-17"},{"lineNumber":38,"author":{"gitId":"annnniexu"},"content":"                case \"check\":","lastModifiedDate":"2024-03-19"},{"lineNumber":39,"author":{"gitId":"annnniexu"},"content":"                    Ui.printLine();","lastModifiedDate":"2024-03-19"},{"lineNumber":40,"author":{"gitId":"annnniexu"},"content":"                    Parser.checkCommand(command, list);","lastModifiedDate":"2024-03-19"},{"lineNumber":41,"author":{"gitId":"annnniexu"},"content":"                    Ui.printLine();","lastModifiedDate":"2024-03-19"},{"lineNumber":42,"author":{"gitId":"annnniexu"},"content":"                    break;","lastModifiedDate":"2024-03-19"},{"lineNumber":43,"author":{"gitId":"annnniexu"},"content":"","lastModifiedDate":"2024-03-19"},{"lineNumber":44,"author":{"gitId":"annnniexu"},"content":"                case \"uncheck\":","lastModifiedDate":"2024-03-19"},{"lineNumber":45,"author":{"gitId":"annnniexu"},"content":"                    Ui.printLine();","lastModifiedDate":"2024-03-19"},{"lineNumber":46,"author":{"gitId":"annnniexu"},"content":"                    Parser.uncheckCommand(command, list);","lastModifiedDate":"2024-03-19"},{"lineNumber":47,"author":{"gitId":"annnniexu"},"content":"                    Ui.printLine();","lastModifiedDate":"2024-03-19"},{"lineNumber":48,"author":{"gitId":"annnniexu"},"content":"                    break;","lastModifiedDate":"2024-03-19"},{"lineNumber":49,"author":{"gitId":"annnniexu"},"content":"","lastModifiedDate":"2024-03-19"},{"lineNumber":50,"author":{"gitId":"EugeneChanJiajun"},"content":"                case \"find\":","lastModifiedDate":"2024-03-17"},{"lineNumber":51,"author":{"gitId":"EugeneChanJiajun"},"content":"                    Ui.printLine();","lastModifiedDate":"2024-03-17"},{"lineNumber":52,"author":{"gitId":"EugeneChanJiajun"},"content":"                    Parser.findCommand(command, list);","lastModifiedDate":"2024-03-17"},{"lineNumber":53,"author":{"gitId":"EugeneChanJiajun"},"content":"                    Ui.printLine();","lastModifiedDate":"2024-03-17"},{"lineNumber":54,"author":{"gitId":"EugeneChanJiajun"},"content":"                    break;","lastModifiedDate":"2024-03-17"},{"lineNumber":55,"author":{"gitId":"daryltay415"},"content":"","lastModifiedDate":"2024-03-17"},{"lineNumber":56,"author":{"gitId":"EugeneChanJiajun"},"content":"                case \"help\":","lastModifiedDate":"2024-03-18"},{"lineNumber":57,"author":{"gitId":"EugeneChanJiajun"},"content":"                    Ui.printLine();","lastModifiedDate":"2024-03-18"},{"lineNumber":58,"author":{"gitId":"EugeneChanJiajun"},"content":"                    Ui.helpCommand();","lastModifiedDate":"2024-03-18"},{"lineNumber":59,"author":{"gitId":"EugeneChanJiajun"},"content":"                    Ui.printLine();","lastModifiedDate":"2024-03-18"},{"lineNumber":60,"author":{"gitId":"EugeneChanJiajun"},"content":"                    break;","lastModifiedDate":"2024-03-18"},{"lineNumber":61,"author":{"gitId":"EugeneChanJiajun"},"content":"","lastModifiedDate":"2024-03-18"},{"lineNumber":62,"author":{"gitId":"EugeneChanJiajun"},"content":"                case \"bye\":","lastModifiedDate":"2024-03-17"},{"lineNumber":63,"author":{"gitId":"daryltay415"},"content":"                    Ui.printBye();","lastModifiedDate":"2024-03-17"},{"lineNumber":64,"author":{"gitId":"EugeneChanJiajun"},"content":"                    userSaysBye \u003d true;","lastModifiedDate":"2024-03-17"},{"lineNumber":65,"author":{"gitId":"EugeneChanJiajun"},"content":"                    break;","lastModifiedDate":"2024-03-17"},{"lineNumber":66,"author":{"gitId":"daryltay415"},"content":"","lastModifiedDate":"2024-03-17"},{"lineNumber":67,"author":{"gitId":"EugeneChanJiajun"},"content":"                default:","lastModifiedDate":"2024-03-17"},{"lineNumber":68,"author":{"gitId":"EugeneChanJiajun"},"content":"                    Ui.printLine();","lastModifiedDate":"2024-03-17"},{"lineNumber":69,"author":{"gitId":"EugeneChanJiajun"},"content":"                    System.out.println(\"This is not a valid command\");","lastModifiedDate":"2024-03-17"},{"lineNumber":70,"author":{"gitId":"EugeneChanJiajun"},"content":"                    Ui.printLine();","lastModifiedDate":"2024-03-17"},{"lineNumber":71,"author":{"gitId":"EugeneChanJiajun"},"content":"                }","lastModifiedDate":"2024-03-17"},{"lineNumber":72,"author":{"gitId":"daryltay415"},"content":"            } catch (OmniException exception){","lastModifiedDate":"2024-03-17"},{"lineNumber":73,"author":{"gitId":"daryltay415"},"content":"                Ui.printException(exception);","lastModifiedDate":"2024-03-17"},{"lineNumber":74,"author":{"gitId":"daryltay415"},"content":"            } catch (NoSuchElementException exception){","lastModifiedDate":"2024-03-17"},{"lineNumber":75,"author":{"gitId":"daryltay415"},"content":"                Ui.printNoSuchElementException(exception);","lastModifiedDate":"2024-03-17"},{"lineNumber":76,"author":{"gitId":"EugeneChanJiajun"},"content":"            }","lastModifiedDate":"2024-03-17"},{"lineNumber":77,"author":{"gitId":"EugeneChanJiajun"},"content":"        }","lastModifiedDate":"2024-03-17"},{"lineNumber":78,"author":{"gitId":"-"},"content":"    }","lastModifiedDate":"2019-07-29"},{"lineNumber":79,"author":{"gitId":"ChenKangg"},"content":"","lastModifiedDate":"2024-03-20"},{"lineNumber":80,"author":{"gitId":"ChenKangg"},"content":"","lastModifiedDate":"2024-03-20"},{"lineNumber":81,"author":{"gitId":"ChenKangg"},"content":"","lastModifiedDate":"2024-03-20"},{"lineNumber":82,"author":{"gitId":"-"},"content":"}","lastModifiedDate":"2019-07-29"},{"lineNumber":83,"author":{"gitId":"ChenKangg"},"content":"","lastModifiedDate":"2024-03-20"},{"lineNumber":84,"author":{"gitId":"ChenKangg"},"content":"","lastModifiedDate":"2024-03-20"},{"lineNumber":85,"author":{"gitId":"ChenKangg"},"content":"","lastModifiedDate":"2024-03-20"}],"authorContributionMap":{"EugeneChanJiajun":40,"daryltay415":17,"ChenKangg":6,"annnniexu":12,"-":10}},{"path":"src/main/java/seedu/duke/OmniException.java","fileType":"functional-code","lines":[{"lineNumber":1,"author":{"gitId":"EugeneChanJiajun"},"content":"package seedu.duke;","lastModifiedDate":"2024-03-17"},{"lineNumber":2,"author":{"gitId":"EugeneChanJiajun"},"content":"","lastModifiedDate":"2024-03-17"},{"lineNumber":3,"author":{"gitId":"EugeneChanJiajun"},"content":"public class OmniException extends Exception {","lastModifiedDate":"2024-03-17"},{"lineNumber":4,"author":{"gitId":"EugeneChanJiajun"},"content":"    public OmniException(String errorMessage){","lastModifiedDate":"2024-03-17"},{"lineNumber":5,"author":{"gitId":"EugeneChanJiajun"},"content":"        super(errorMessage);","lastModifiedDate":"2024-03-17"},{"lineNumber":6,"author":{"gitId":"EugeneChanJiajun"},"content":"    }","lastModifiedDate":"2024-03-17"},{"lineNumber":7,"author":{"gitId":"EugeneChanJiajun"},"content":"}","lastModifiedDate":"2024-03-17"}],"authorContributionMap":{"EugeneChanJiajun":7}},{"path":"src/main/java/seedu/duke/Parser.java","fileType":"functional-code","lines":[{"lineNumber":1,"author":{"gitId":"EugeneChanJiajun"},"content":"package seedu.duke;","lastModifiedDate":"2024-03-17"},{"lineNumber":2,"author":{"gitId":"EugeneChanJiajun"},"content":"","lastModifiedDate":"2024-03-17"},{"lineNumber":3,"author":{"gitId":"EugeneChanJiajun"},"content":"public class Parser {","lastModifiedDate":"2024-03-17"},{"lineNumber":4,"author":{"gitId":"daryltay415"},"content":"    /**","lastModifiedDate":"2024-03-17"},{"lineNumber":5,"author":{"gitId":"daryltay415"},"content":"     * Checks if the string is a number","lastModifiedDate":"2024-03-17"},{"lineNumber":6,"author":{"gitId":"EugeneChanJiajun"},"content":"     *","lastModifiedDate":"2024-03-18"},{"lineNumber":7,"author":{"gitId":"daryltay415"},"content":"     * @param str The string that is to be defined as a number or sentence","lastModifiedDate":"2024-03-17"},{"lineNumber":8,"author":{"gitId":"daryltay415"},"content":"     * @return true or false","lastModifiedDate":"2024-03-17"},{"lineNumber":9,"author":{"gitId":"daryltay415"},"content":"     */","lastModifiedDate":"2024-03-17"},{"lineNumber":10,"author":{"gitId":"daryltay415"},"content":"    public static boolean isNumeric(String str) {","lastModifiedDate":"2024-03-17"},{"lineNumber":11,"author":{"gitId":"daryltay415"},"content":"        try {","lastModifiedDate":"2024-03-17"},{"lineNumber":12,"author":{"gitId":"daryltay415"},"content":"            Double.parseDouble(str);","lastModifiedDate":"2024-03-17"},{"lineNumber":13,"author":{"gitId":"daryltay415"},"content":"            return true;","lastModifiedDate":"2024-03-17"},{"lineNumber":14,"author":{"gitId":"daryltay415"},"content":"        } catch(NumberFormatException e){","lastModifiedDate":"2024-03-17"},{"lineNumber":15,"author":{"gitId":"daryltay415"},"content":"            return false;","lastModifiedDate":"2024-03-17"},{"lineNumber":16,"author":{"gitId":"daryltay415"},"content":"        }","lastModifiedDate":"2024-03-17"},{"lineNumber":17,"author":{"gitId":"daryltay415"},"content":"    }","lastModifiedDate":"2024-03-17"},{"lineNumber":18,"author":{"gitId":"daryltay415"},"content":"","lastModifiedDate":"2024-03-17"},{"lineNumber":19,"author":{"gitId":"EugeneChanJiajun"},"content":"    /**","lastModifiedDate":"2024-03-18"},{"lineNumber":20,"author":{"gitId":"EugeneChanJiajun"},"content":"     * Obtains the list of travel activities","lastModifiedDate":"2024-03-18"},{"lineNumber":21,"author":{"gitId":"EugeneChanJiajun"},"content":"     *","lastModifiedDate":"2024-03-18"},{"lineNumber":22,"author":{"gitId":"EugeneChanJiajun"},"content":"     * @param list List of travel activities.","lastModifiedDate":"2024-03-18"},{"lineNumber":23,"author":{"gitId":"EugeneChanJiajun"},"content":"     */","lastModifiedDate":"2024-03-18"},{"lineNumber":24,"author":{"gitId":"EugeneChanJiajun"},"content":"    public static void getList(TravelActivityList list){","lastModifiedDate":"2024-03-17"},{"lineNumber":25,"author":{"gitId":"EugeneChanJiajun"},"content":"        System.out.println(\"Here are the travel activities in your list:\");","lastModifiedDate":"2024-03-17"},{"lineNumber":26,"author":{"gitId":"EugeneChanJiajun"},"content":"        list.listTravelActivities();","lastModifiedDate":"2024-03-17"},{"lineNumber":27,"author":{"gitId":"EugeneChanJiajun"},"content":"    }","lastModifiedDate":"2024-03-17"},{"lineNumber":28,"author":{"gitId":"EugeneChanJiajun"},"content":"","lastModifiedDate":"2024-03-17"},{"lineNumber":29,"author":{"gitId":"EugeneChanJiajun"},"content":"    /**","lastModifiedDate":"2024-03-18"},{"lineNumber":30,"author":{"gitId":"EugeneChanJiajun"},"content":"     * Handles the case where the add command is given as input","lastModifiedDate":"2024-03-18"},{"lineNumber":31,"author":{"gitId":"EugeneChanJiajun"},"content":"     *","lastModifiedDate":"2024-03-18"},{"lineNumber":32,"author":{"gitId":"EugeneChanJiajun"},"content":"     * @param line Line that the user inputs into the chatbot","lastModifiedDate":"2024-03-18"},{"lineNumber":33,"author":{"gitId":"EugeneChanJiajun"},"content":"     * @param command Command array of input string without spaces","lastModifiedDate":"2024-03-18"},{"lineNumber":34,"author":{"gitId":"EugeneChanJiajun"},"content":"     * @param list List of travel activities","lastModifiedDate":"2024-03-18"},{"lineNumber":35,"author":{"gitId":"EugeneChanJiajun"},"content":"     * @throws OmniException if command.length \u003c 2","lastModifiedDate":"2024-03-18"},{"lineNumber":36,"author":{"gitId":"EugeneChanJiajun"},"content":"     */","lastModifiedDate":"2024-03-18"},{"lineNumber":37,"author":{"gitId":"EugeneChanJiajun"},"content":"    public static void addCommand(String line, String[] command, TravelActivityList list) throws OmniException{","lastModifiedDate":"2024-03-17"},{"lineNumber":38,"author":{"gitId":"EugeneChanJiajun"},"content":"        if (command.length \u003e\u003d 2) {","lastModifiedDate":"2024-03-17"},{"lineNumber":39,"author":{"gitId":"EugeneChanJiajun"},"content":"            TravelActivity newActivity \u003d new TravelActivity(line.substring(4));","lastModifiedDate":"2024-03-17"},{"lineNumber":40,"author":{"gitId":"EugeneChanJiajun"},"content":"            list.addTravelActivity(newActivity);","lastModifiedDate":"2024-03-17"},{"lineNumber":41,"author":{"gitId":"EugeneChanJiajun"},"content":"            System.out.println(\"I added a new travel activity\");","lastModifiedDate":"2024-03-17"},{"lineNumber":42,"author":{"gitId":"EugeneChanJiajun"},"content":"            System.out.println(newActivity);","lastModifiedDate":"2024-03-17"},{"lineNumber":43,"author":{"gitId":"EugeneChanJiajun"},"content":"        } else {","lastModifiedDate":"2024-03-17"},{"lineNumber":44,"author":{"gitId":"EugeneChanJiajun"},"content":"            throw new OmniException(\"The description of add cannot be empty!\");","lastModifiedDate":"2024-03-17"},{"lineNumber":45,"author":{"gitId":"EugeneChanJiajun"},"content":"        }","lastModifiedDate":"2024-03-17"},{"lineNumber":46,"author":{"gitId":"EugeneChanJiajun"},"content":"    }","lastModifiedDate":"2024-03-17"},{"lineNumber":47,"author":{"gitId":"EugeneChanJiajun"},"content":"","lastModifiedDate":"2024-03-17"},{"lineNumber":48,"author":{"gitId":"EugeneChanJiajun"},"content":"    /**","lastModifiedDate":"2024-03-18"},{"lineNumber":49,"author":{"gitId":"EugeneChanJiajun"},"content":"     * Handles the case where the delete command is given as input","lastModifiedDate":"2024-03-18"},{"lineNumber":50,"author":{"gitId":"EugeneChanJiajun"},"content":"     *","lastModifiedDate":"2024-03-18"},{"lineNumber":51,"author":{"gitId":"EugeneChanJiajun"},"content":"     * @param command Command array of input string without spaces","lastModifiedDate":"2024-03-18"},{"lineNumber":52,"author":{"gitId":"EugeneChanJiajun"},"content":"     * @param list List of travel activities","lastModifiedDate":"2024-03-18"},{"lineNumber":53,"author":{"gitId":"EugeneChanJiajun"},"content":"     * @throws OmniException if command.length !\u003d 2 \u0026\u0026 command[1] is not numeric","lastModifiedDate":"2024-03-18"},{"lineNumber":54,"author":{"gitId":"EugeneChanJiajun"},"content":"     */","lastModifiedDate":"2024-03-18"},{"lineNumber":55,"author":{"gitId":"EugeneChanJiajun"},"content":"    public static void deleteCommand(String[] command, TravelActivityList list) throws OmniException {","lastModifiedDate":"2024-03-17"},{"lineNumber":56,"author":{"gitId":"daryltay415"},"content":"        if (command.length \u003d\u003d 2 \u0026\u0026 isNumeric(command[1])){","lastModifiedDate":"2024-03-17"},{"lineNumber":57,"author":{"gitId":"EugeneChanJiajun"},"content":"            int listNumber \u003d Integer.parseInt(command[1]);","lastModifiedDate":"2024-03-17"},{"lineNumber":58,"author":{"gitId":"EugeneChanJiajun"},"content":"            list.removeTravelActivity(listNumber);","lastModifiedDate":"2024-03-17"},{"lineNumber":59,"author":{"gitId":"EugeneChanJiajun"},"content":"","lastModifiedDate":"2024-03-19"},{"lineNumber":60,"author":{"gitId":"EugeneChanJiajun"},"content":"        } else {","lastModifiedDate":"2024-03-17"},{"lineNumber":61,"author":{"gitId":"EugeneChanJiajun"},"content":"            throw new OmniException(\"Please specify which task to delete\");","lastModifiedDate":"2024-03-17"},{"lineNumber":62,"author":{"gitId":"EugeneChanJiajun"},"content":"        }","lastModifiedDate":"2024-03-17"},{"lineNumber":63,"author":{"gitId":"EugeneChanJiajun"},"content":"    }","lastModifiedDate":"2024-03-17"},{"lineNumber":64,"author":{"gitId":"EugeneChanJiajun"},"content":"","lastModifiedDate":"2024-03-17"},{"lineNumber":65,"author":{"gitId":"EugeneChanJiajun"},"content":"    /**","lastModifiedDate":"2024-03-18"},{"lineNumber":66,"author":{"gitId":"EugeneChanJiajun"},"content":"     *  Handles the case where the find command is given as input","lastModifiedDate":"2024-03-18"},{"lineNumber":67,"author":{"gitId":"EugeneChanJiajun"},"content":"     *","lastModifiedDate":"2024-03-18"},{"lineNumber":68,"author":{"gitId":"EugeneChanJiajun"},"content":"     * @param command Command array of input string without spaces","lastModifiedDate":"2024-03-18"},{"lineNumber":69,"author":{"gitId":"EugeneChanJiajun"},"content":"     * @param list List of travel activities","lastModifiedDate":"2024-03-18"},{"lineNumber":70,"author":{"gitId":"EugeneChanJiajun"},"content":"     * @throws OmniException if command.length !\u003d 2","lastModifiedDate":"2024-03-18"},{"lineNumber":71,"author":{"gitId":"EugeneChanJiajun"},"content":"     */","lastModifiedDate":"2024-03-18"},{"lineNumber":72,"author":{"gitId":"EugeneChanJiajun"},"content":"    public static void findCommand(String[] command, TravelActivityList list) throws OmniException{","lastModifiedDate":"2024-03-17"},{"lineNumber":73,"author":{"gitId":"EugeneChanJiajun"},"content":"        if (command.length \u003d\u003d 2) {","lastModifiedDate":"2024-03-17"},{"lineNumber":74,"author":{"gitId":"EugeneChanJiajun"},"content":"            String keyword \u003d command[1];","lastModifiedDate":"2024-03-17"},{"lineNumber":75,"author":{"gitId":"EugeneChanJiajun"},"content":"            list.searchKeyword(keyword);","lastModifiedDate":"2024-03-17"},{"lineNumber":76,"author":{"gitId":"EugeneChanJiajun"},"content":"        } else {","lastModifiedDate":"2024-03-17"},{"lineNumber":77,"author":{"gitId":"EugeneChanJiajun"},"content":"            throw new OmniException(\"Please specify which keyword you want to find!\");","lastModifiedDate":"2024-03-17"},{"lineNumber":78,"author":{"gitId":"EugeneChanJiajun"},"content":"        }","lastModifiedDate":"2024-03-17"},{"lineNumber":79,"author":{"gitId":"EugeneChanJiajun"},"content":"    }","lastModifiedDate":"2024-03-17"},{"lineNumber":80,"author":{"gitId":"annnniexu"},"content":"","lastModifiedDate":"2024-03-19"},{"lineNumber":81,"author":{"gitId":"annnniexu"},"content":"    /**","lastModifiedDate":"2024-03-19"},{"lineNumber":82,"author":{"gitId":"annnniexu"},"content":"     * Handles the case where the check command is given as input","lastModifiedDate":"2024-03-19"},{"lineNumber":83,"author":{"gitId":"annnniexu"},"content":"     *","lastModifiedDate":"2024-03-19"},{"lineNumber":84,"author":{"gitId":"annnniexu"},"content":"     * @param command Command array of input string without spaces","lastModifiedDate":"2024-03-19"},{"lineNumber":85,"author":{"gitId":"annnniexu"},"content":"     * @param list List of travel activities","lastModifiedDate":"2024-03-19"},{"lineNumber":86,"author":{"gitId":"annnniexu"},"content":"     * @throws OmniException if command.length !\u003d 2 \u0026\u0026 command[1] is not numeric","lastModifiedDate":"2024-03-19"},{"lineNumber":87,"author":{"gitId":"annnniexu"},"content":"     */","lastModifiedDate":"2024-03-19"},{"lineNumber":88,"author":{"gitId":"annnniexu"},"content":"    public static void checkCommand(String[] command, TravelActivityList list) throws OmniException {","lastModifiedDate":"2024-03-19"},{"lineNumber":89,"author":{"gitId":"annnniexu"},"content":"        if (command.length \u003d\u003d 2 \u0026\u0026 isNumeric(command[1])){","lastModifiedDate":"2024-03-19"},{"lineNumber":90,"author":{"gitId":"annnniexu"},"content":"            int listNumber \u003d Integer.parseInt(command[1]);","lastModifiedDate":"2024-03-19"},{"lineNumber":91,"author":{"gitId":"annnniexu"},"content":"            list.checkTravelActivity(listNumber);","lastModifiedDate":"2024-03-19"},{"lineNumber":92,"author":{"gitId":"annnniexu"},"content":"        } else {","lastModifiedDate":"2024-03-19"},{"lineNumber":93,"author":{"gitId":"annnniexu"},"content":"            throw new OmniException(\"Please specify which task to check\");","lastModifiedDate":"2024-03-19"},{"lineNumber":94,"author":{"gitId":"annnniexu"},"content":"        }","lastModifiedDate":"2024-03-19"},{"lineNumber":95,"author":{"gitId":"annnniexu"},"content":"    }","lastModifiedDate":"2024-03-19"},{"lineNumber":96,"author":{"gitId":"annnniexu"},"content":"","lastModifiedDate":"2024-03-19"},{"lineNumber":97,"author":{"gitId":"annnniexu"},"content":"    /**","lastModifiedDate":"2024-03-19"},{"lineNumber":98,"author":{"gitId":"annnniexu"},"content":"     * Handles the case where the uncheck command is given as input","lastModifiedDate":"2024-03-19"},{"lineNumber":99,"author":{"gitId":"annnniexu"},"content":"     *","lastModifiedDate":"2024-03-19"},{"lineNumber":100,"author":{"gitId":"annnniexu"},"content":"     * @param command Command array of input string without spaces","lastModifiedDate":"2024-03-19"},{"lineNumber":101,"author":{"gitId":"annnniexu"},"content":"     * @param list List of travel activities","lastModifiedDate":"2024-03-19"},{"lineNumber":102,"author":{"gitId":"annnniexu"},"content":"     * @throws OmniException if command.length !\u003d 2 \u0026\u0026 command[1] is not numeric","lastModifiedDate":"2024-03-19"},{"lineNumber":103,"author":{"gitId":"annnniexu"},"content":"     */","lastModifiedDate":"2024-03-19"},{"lineNumber":104,"author":{"gitId":"annnniexu"},"content":"    public static void uncheckCommand(String[] command, TravelActivityList list) throws OmniException {","lastModifiedDate":"2024-03-19"},{"lineNumber":105,"author":{"gitId":"annnniexu"},"content":"        if (command.length \u003d\u003d 2 \u0026\u0026 isNumeric(command[1])){","lastModifiedDate":"2024-03-19"},{"lineNumber":106,"author":{"gitId":"annnniexu"},"content":"            int listNumber \u003d Integer.parseInt(command[1]);","lastModifiedDate":"2024-03-19"},{"lineNumber":107,"author":{"gitId":"annnniexu"},"content":"            list.uncheckTravelActivity(listNumber);","lastModifiedDate":"2024-03-19"},{"lineNumber":108,"author":{"gitId":"annnniexu"},"content":"        } else {","lastModifiedDate":"2024-03-19"},{"lineNumber":109,"author":{"gitId":"annnniexu"},"content":"            throw new OmniException(\"Please specify which task to uncheck\");","lastModifiedDate":"2024-03-19"},{"lineNumber":110,"author":{"gitId":"annnniexu"},"content":"        }","lastModifiedDate":"2024-03-19"},{"lineNumber":111,"author":{"gitId":"annnniexu"},"content":"    }","lastModifiedDate":"2024-03-19"},{"lineNumber":112,"author":{"gitId":"EugeneChanJiajun"},"content":"}","lastModifiedDate":"2024-03-17"}],"authorContributionMap":{"EugeneChanJiajun":65,"daryltay415":15,"annnniexu":32}},{"path":"src/main/java/seedu/duke/TravelActivity.java","fileType":"functional-code","lines":[{"lineNumber":1,"author":{"gitId":"daryltay415"},"content":"package seedu.duke;","lastModifiedDate":"2024-03-14"},{"lineNumber":2,"author":{"gitId":"daryltay415"},"content":"","lastModifiedDate":"2024-03-14"},{"lineNumber":3,"author":{"gitId":"daryltay415"},"content":"public class TravelActivity {","lastModifiedDate":"2024-03-14"},{"lineNumber":4,"author":{"gitId":"daryltay415"},"content":"    /** Travel activity description */","lastModifiedDate":"2024-03-14"},{"lineNumber":5,"author":{"gitId":"daryltay415"},"content":"    private String travelActivity;","lastModifiedDate":"2024-03-14"},{"lineNumber":6,"author":{"gitId":"daryltay415"},"content":"    /** Travel activity status */","lastModifiedDate":"2024-03-14"},{"lineNumber":7,"author":{"gitId":"daryltay415"},"content":"    private boolean taskIsDone \u003d false;","lastModifiedDate":"2024-03-14"},{"lineNumber":8,"author":{"gitId":"daryltay415"},"content":"    public TravelActivity(String line){","lastModifiedDate":"2024-03-14"},{"lineNumber":9,"author":{"gitId":"daryltay415"},"content":"        travelActivity \u003d line;","lastModifiedDate":"2024-03-14"},{"lineNumber":10,"author":{"gitId":"daryltay415"},"content":"    }","lastModifiedDate":"2024-03-14"},{"lineNumber":11,"author":{"gitId":"daryltay415"},"content":"","lastModifiedDate":"2024-03-14"},{"lineNumber":12,"author":{"gitId":"daryltay415"},"content":"    @Override","lastModifiedDate":"2024-03-14"},{"lineNumber":13,"author":{"gitId":"daryltay415"},"content":"    public String toString(){","lastModifiedDate":"2024-03-14"},{"lineNumber":14,"author":{"gitId":"daryltay415"},"content":"        return travelActivity;","lastModifiedDate":"2024-03-14"},{"lineNumber":15,"author":{"gitId":"daryltay415"},"content":"    }","lastModifiedDate":"2024-03-14"},{"lineNumber":16,"author":{"gitId":"daryltay415"},"content":"","lastModifiedDate":"2024-03-14"},{"lineNumber":17,"author":{"gitId":"daryltay415"},"content":"    /**","lastModifiedDate":"2024-03-14"},{"lineNumber":18,"author":{"gitId":"daryltay415"},"content":"     * Sets the task status of the task to complete or incomplete","lastModifiedDate":"2024-03-14"},{"lineNumber":19,"author":{"gitId":"daryltay415"},"content":"     * @param taskIsDone Task status","lastModifiedDate":"2024-03-14"},{"lineNumber":20,"author":{"gitId":"daryltay415"},"content":"     */","lastModifiedDate":"2024-03-14"},{"lineNumber":21,"author":{"gitId":"daryltay415"},"content":"    public void setTaskStatus(boolean taskIsDone){","lastModifiedDate":"2024-03-14"},{"lineNumber":22,"author":{"gitId":"daryltay415"},"content":"        this.taskIsDone \u003d taskIsDone;","lastModifiedDate":"2024-03-14"},{"lineNumber":23,"author":{"gitId":"daryltay415"},"content":"    }","lastModifiedDate":"2024-03-14"},{"lineNumber":24,"author":{"gitId":"daryltay415"},"content":"","lastModifiedDate":"2024-03-14"},{"lineNumber":25,"author":{"gitId":"daryltay415"},"content":"    /**","lastModifiedDate":"2024-03-17"},{"lineNumber":26,"author":{"gitId":"daryltay415"},"content":"     * Gets the description of the travel activity","lastModifiedDate":"2024-03-17"},{"lineNumber":27,"author":{"gitId":"daryltay415"},"content":"     * @return The description of the travel activity","lastModifiedDate":"2024-03-17"},{"lineNumber":28,"author":{"gitId":"daryltay415"},"content":"     */","lastModifiedDate":"2024-03-17"},{"lineNumber":29,"author":{"gitId":"EugeneChanJiajun"},"content":"    public String getPlan(){","lastModifiedDate":"2024-03-14"},{"lineNumber":30,"author":{"gitId":"EugeneChanJiajun"},"content":"        return travelActivity;","lastModifiedDate":"2024-03-14"},{"lineNumber":31,"author":{"gitId":"EugeneChanJiajun"},"content":"    }","lastModifiedDate":"2024-03-14"},{"lineNumber":32,"author":{"gitId":"EugeneChanJiajun"},"content":"","lastModifiedDate":"2024-03-14"},{"lineNumber":33,"author":{"gitId":"annnniexu"},"content":"    public boolean getTaskStatus() {return taskIsDone;}","lastModifiedDate":"2024-03-19"},{"lineNumber":34,"author":{"gitId":"annnniexu"},"content":"","lastModifiedDate":"2024-03-19"},{"lineNumber":35,"author":{"gitId":"daryltay415"},"content":"}","lastModifiedDate":"2024-03-14"}],"authorContributionMap":{"EugeneChanJiajun":4,"daryltay415":29,"annnniexu":2}},{"path":"src/main/java/seedu/duke/TravelActivityList.java","fileType":"functional-code","lines":[{"lineNumber":1,"author":{"gitId":"daryltay415"},"content":"package seedu.duke;","lastModifiedDate":"2024-03-14"},{"lineNumber":2,"author":{"gitId":"daryltay415"},"content":"import java.util.ArrayList;","lastModifiedDate":"2024-03-14"},{"lineNumber":3,"author":{"gitId":"daryltay415"},"content":"","lastModifiedDate":"2024-03-14"},{"lineNumber":4,"author":{"gitId":"daryltay415"},"content":"public class TravelActivityList {","lastModifiedDate":"2024-03-14"},{"lineNumber":5,"author":{"gitId":"daryltay415"},"content":"    /** Array of travel activity */","lastModifiedDate":"2024-03-14"},{"lineNumber":6,"author":{"gitId":"daryltay415"},"content":"    private ArrayList\u003cTravelActivity\u003e travelActivities;","lastModifiedDate":"2024-03-14"},{"lineNumber":7,"author":{"gitId":"daryltay415"},"content":"","lastModifiedDate":"2024-03-14"},{"lineNumber":8,"author":{"gitId":"daryltay415"},"content":"    /** Number of TravelActivities */","lastModifiedDate":"2024-03-17"},{"lineNumber":9,"author":{"gitId":"daryltay415"},"content":"    private int noOfTasks \u003d 0;","lastModifiedDate":"2024-03-14"},{"lineNumber":10,"author":{"gitId":"daryltay415"},"content":"    public TravelActivityList() {","lastModifiedDate":"2024-03-14"},{"lineNumber":11,"author":{"gitId":"daryltay415"},"content":"        travelActivities \u003d new ArrayList\u003c\u003e();","lastModifiedDate":"2024-03-14"},{"lineNumber":12,"author":{"gitId":"daryltay415"},"content":"    }","lastModifiedDate":"2024-03-14"},{"lineNumber":13,"author":{"gitId":"daryltay415"},"content":"","lastModifiedDate":"2024-03-14"},{"lineNumber":14,"author":{"gitId":"daryltay415"},"content":"    /**","lastModifiedDate":"2024-03-14"},{"lineNumber":15,"author":{"gitId":"daryltay415"},"content":"     * Adds travel activity to the travel activity list","lastModifiedDate":"2024-03-14"},{"lineNumber":16,"author":{"gitId":"daryltay415"},"content":"     * @param travelActivity The travel activity","lastModifiedDate":"2024-03-14"},{"lineNumber":17,"author":{"gitId":"daryltay415"},"content":"     */","lastModifiedDate":"2024-03-14"},{"lineNumber":18,"author":{"gitId":"daryltay415"},"content":"    public void addTravelActivity(TravelActivity travelActivity){","lastModifiedDate":"2024-03-17"},{"lineNumber":19,"author":{"gitId":"EugeneChanJiajun"},"content":"        int initialListSize \u003d noOfTasks;","lastModifiedDate":"2024-03-17"},{"lineNumber":20,"author":{"gitId":"daryltay415"},"content":"        travelActivities.add(travelActivity);","lastModifiedDate":"2024-03-14"},{"lineNumber":21,"author":{"gitId":"annnniexu"},"content":"        noOfTasks +\u003d 1;","lastModifiedDate":"2024-03-15"},{"lineNumber":22,"author":{"gitId":"EugeneChanJiajun"},"content":"        int newSize \u003d noOfTasks;","lastModifiedDate":"2024-03-17"},{"lineNumber":23,"author":{"gitId":"daryltay415"},"content":"        assert newSize \u003d\u003d initialListSize + 1 :\"There is an error with list size!\";","lastModifiedDate":"2024-03-17"},{"lineNumber":24,"author":{"gitId":"daryltay415"},"content":"    }","lastModifiedDate":"2024-03-14"},{"lineNumber":25,"author":{"gitId":"daryltay415"},"content":"","lastModifiedDate":"2024-03-14"},{"lineNumber":26,"author":{"gitId":"daryltay415"},"content":"    /**","lastModifiedDate":"2024-03-14"},{"lineNumber":27,"author":{"gitId":"daryltay415"},"content":"     * Prints out all the travel activities","lastModifiedDate":"2024-03-17"},{"lineNumber":28,"author":{"gitId":"daryltay415"},"content":"     */","lastModifiedDate":"2024-03-14"},{"lineNumber":29,"author":{"gitId":"daryltay415"},"content":"    public void listTravelActivities(){","lastModifiedDate":"2024-03-17"},{"lineNumber":30,"author":{"gitId":"daryltay415"},"content":"        int taskCount \u003d 0;","lastModifiedDate":"2024-03-14"},{"lineNumber":31,"author":{"gitId":"daryltay415"},"content":"        for (TravelActivity task: travelActivities) {","lastModifiedDate":"2024-03-14"},{"lineNumber":32,"author":{"gitId":"daryltay415"},"content":"            if (task \u003d\u003d null) {","lastModifiedDate":"2024-03-14"},{"lineNumber":33,"author":{"gitId":"daryltay415"},"content":"                break;","lastModifiedDate":"2024-03-14"},{"lineNumber":34,"author":{"gitId":"daryltay415"},"content":"            }","lastModifiedDate":"2024-03-14"},{"lineNumber":35,"author":{"gitId":"annnniexu"},"content":"            String checked \u003d task.getTaskStatus()? \"[X]\" : \"[ ]\";","lastModifiedDate":"2024-03-19"},{"lineNumber":36,"author":{"gitId":"daryltay415"},"content":"            taskCount++;","lastModifiedDate":"2024-03-14"},{"lineNumber":37,"author":{"gitId":"ChenKangg"},"content":"            System.out.println(\"     \" + checked + \" \" + taskCount +\". \" + task);","lastModifiedDate":"2024-03-20"},{"lineNumber":38,"author":{"gitId":"daryltay415"},"content":"        }","lastModifiedDate":"2024-03-14"},{"lineNumber":39,"author":{"gitId":"daryltay415"},"content":"        int finalTaskCount \u003d noOfTasks;","lastModifiedDate":"2024-03-17"},{"lineNumber":40,"author":{"gitId":"daryltay415"},"content":"        assert finalTaskCount \u003d\u003d taskCount : \"Index out of bounds while listing activities\";","lastModifiedDate":"2024-03-17"},{"lineNumber":41,"author":{"gitId":"daryltay415"},"content":"    }","lastModifiedDate":"2024-03-14"},{"lineNumber":42,"author":{"gitId":"daryltay415"},"content":"","lastModifiedDate":"2024-03-14"},{"lineNumber":43,"author":{"gitId":"daryltay415"},"content":"    /**","lastModifiedDate":"2024-03-14"},{"lineNumber":44,"author":{"gitId":"daryltay415"},"content":"     * returns the number of travel activities in the list","lastModifiedDate":"2024-03-17"},{"lineNumber":45,"author":{"gitId":"daryltay415"},"content":"     * @return the number of travel activities","lastModifiedDate":"2024-03-17"},{"lineNumber":46,"author":{"gitId":"daryltay415"},"content":"     */","lastModifiedDate":"2024-03-14"},{"lineNumber":47,"author":{"gitId":"daryltay415"},"content":"    public int getNoOfTravelActivities(){","lastModifiedDate":"2024-03-17"},{"lineNumber":48,"author":{"gitId":"daryltay415"},"content":"        return noOfTasks;","lastModifiedDate":"2024-03-14"},{"lineNumber":49,"author":{"gitId":"daryltay415"},"content":"    }","lastModifiedDate":"2024-03-14"},{"lineNumber":50,"author":{"gitId":"daryltay415"},"content":"","lastModifiedDate":"2024-03-14"},{"lineNumber":51,"author":{"gitId":"daryltay415"},"content":"    /**","lastModifiedDate":"2024-03-14"},{"lineNumber":52,"author":{"gitId":"daryltay415"},"content":"     * Removes travel activity from the travel activity list","lastModifiedDate":"2024-03-17"},{"lineNumber":53,"author":{"gitId":"daryltay415"},"content":"     * @param taskNumber The travel activity number on the list","lastModifiedDate":"2024-03-17"},{"lineNumber":54,"author":{"gitId":"daryltay415"},"content":"     */","lastModifiedDate":"2024-03-14"},{"lineNumber":55,"author":{"gitId":"daryltay415"},"content":"    public void removeTravelActivity(int taskNumber) throws OmniException{","lastModifiedDate":"2024-03-17"},{"lineNumber":56,"author":{"gitId":"ChenKangg"},"content":"        assert taskNumber !\u003d 0  :\"There is not tasks in the list\";","lastModifiedDate":"2024-03-20"},{"lineNumber":57,"author":{"gitId":"daryltay415"},"content":"        if(taskNumber \u003e travelActivities.size()){","lastModifiedDate":"2024-03-17"},{"lineNumber":58,"author":{"gitId":"daryltay415"},"content":"            throw new OmniException(\"Travel activity cannot be found!\");","lastModifiedDate":"2024-03-17"},{"lineNumber":59,"author":{"gitId":"daryltay415"},"content":"        }","lastModifiedDate":"2024-03-17"},{"lineNumber":60,"author":{"gitId":"daryltay415"},"content":"        int indexOfTask \u003d taskNumber - 1;","lastModifiedDate":"2024-03-14"},{"lineNumber":61,"author":{"gitId":"EugeneChanJiajun"},"content":"        int initialListSize \u003d noOfTasks;","lastModifiedDate":"2024-03-17"},{"lineNumber":62,"author":{"gitId":"daryltay415"},"content":"        TravelActivity removedTask \u003d travelActivities.get(indexOfTask);","lastModifiedDate":"2024-03-14"},{"lineNumber":63,"author":{"gitId":"daryltay415"},"content":"        travelActivities.remove(indexOfTask);","lastModifiedDate":"2024-03-14"},{"lineNumber":64,"author":{"gitId":"daryltay415"},"content":"        System.out.println(\"I have removed this task:\");","lastModifiedDate":"2024-03-14"},{"lineNumber":65,"author":{"gitId":"daryltay415"},"content":"        System.out.println(removedTask);","lastModifiedDate":"2024-03-14"},{"lineNumber":66,"author":{"gitId":"annnniexu"},"content":"        noOfTasks -\u003d1;","lastModifiedDate":"2024-03-15"},{"lineNumber":67,"author":{"gitId":"EugeneChanJiajun"},"content":"        int newSize \u003d noOfTasks;","lastModifiedDate":"2024-03-17"},{"lineNumber":68,"author":{"gitId":"daryltay415"},"content":"        assert newSize \u003d\u003d initialListSize - 1 :\"There is an error with list size!\";","lastModifiedDate":"2024-03-17"},{"lineNumber":69,"author":{"gitId":"daryltay415"},"content":"    }","lastModifiedDate":"2024-03-14"},{"lineNumber":70,"author":{"gitId":"daryltay415"},"content":"","lastModifiedDate":"2024-03-14"},{"lineNumber":71,"author":{"gitId":"daryltay415"},"content":"","lastModifiedDate":"2024-03-17"},{"lineNumber":72,"author":{"gitId":"EugeneChanJiajun"},"content":"    public String getDescription(String plan){","lastModifiedDate":"2024-03-14"},{"lineNumber":73,"author":{"gitId":"EugeneChanJiajun"},"content":"        for(TravelActivity travelActivity: travelActivities){","lastModifiedDate":"2024-03-14"},{"lineNumber":74,"author":{"gitId":"EugeneChanJiajun"},"content":"            if(travelActivity.getPlan().equals(plan)){","lastModifiedDate":"2024-03-14"},{"lineNumber":75,"author":{"gitId":"EugeneChanJiajun"},"content":"                return travelActivity.getPlan();","lastModifiedDate":"2024-03-14"},{"lineNumber":76,"author":{"gitId":"EugeneChanJiajun"},"content":"            }","lastModifiedDate":"2024-03-14"},{"lineNumber":77,"author":{"gitId":"EugeneChanJiajun"},"content":"        }","lastModifiedDate":"2024-03-14"},{"lineNumber":78,"author":{"gitId":"EugeneChanJiajun"},"content":"        return \"cant be found\";","lastModifiedDate":"2024-03-14"},{"lineNumber":79,"author":{"gitId":"EugeneChanJiajun"},"content":"    }","lastModifiedDate":"2024-03-14"},{"lineNumber":80,"author":{"gitId":"ChinYanXu"},"content":"","lastModifiedDate":"2024-03-15"},{"lineNumber":81,"author":{"gitId":"EugeneChanJiajun"},"content":"    public void searchKeyword (String taskName) {","lastModifiedDate":"2024-03-17"},{"lineNumber":82,"author":{"gitId":"ChinYanXu"},"content":"        ArrayList\u003cTravelActivity\u003e temporaryArray \u003d new ArrayList\u003cTravelActivity\u003e();;","lastModifiedDate":"2024-03-15"},{"lineNumber":83,"author":{"gitId":"ChinYanXu"},"content":"        int temporaryArrayCounter \u003d 0;","lastModifiedDate":"2024-03-15"},{"lineNumber":84,"author":{"gitId":"ChinYanXu"},"content":"        boolean isFound \u003d false;","lastModifiedDate":"2024-03-15"},{"lineNumber":85,"author":{"gitId":"ChinYanXu"},"content":"        for (int iterator \u003d 0; iterator \u003c travelActivities.size(); iterator +\u003d 1){","lastModifiedDate":"2024-03-15"},{"lineNumber":86,"author":{"gitId":"ChinYanXu"},"content":"            if(travelActivities.get(iterator).getPlan().contains(taskName)){","lastModifiedDate":"2024-03-15"},{"lineNumber":87,"author":{"gitId":"ChinYanXu"},"content":"                temporaryArray.add(temporaryArrayCounter ,travelActivities.get(iterator));","lastModifiedDate":"2024-03-15"},{"lineNumber":88,"author":{"gitId":"ChinYanXu"},"content":"                temporaryArrayCounter +\u003d 1;","lastModifiedDate":"2024-03-15"},{"lineNumber":89,"author":{"gitId":"ChinYanXu"},"content":"            }","lastModifiedDate":"2024-03-15"},{"lineNumber":90,"author":{"gitId":"ChinYanXu"},"content":"        }","lastModifiedDate":"2024-03-15"},{"lineNumber":91,"author":{"gitId":"ChinYanXu"},"content":"        if (temporaryArrayCounter \u003d\u003d 0) {","lastModifiedDate":"2024-03-15"},{"lineNumber":92,"author":{"gitId":"ChinYanXu"},"content":"            System.out.println(\"Sorry I could not find what you are looking for.\");","lastModifiedDate":"2024-03-15"},{"lineNumber":93,"author":{"gitId":"daryltay415"},"content":"        } else {","lastModifiedDate":"2024-03-17"},{"lineNumber":94,"author":{"gitId":"ChinYanXu"},"content":"            System.out.println(\"Here are what you are looking for:\");","lastModifiedDate":"2024-03-15"},{"lineNumber":95,"author":{"gitId":"ChinYanXu"},"content":"            for (int newIterator \u003d 0; newIterator \u003c temporaryArray.size(); newIterator +\u003d 1) {","lastModifiedDate":"2024-03-15"},{"lineNumber":96,"author":{"gitId":"ChinYanXu"},"content":"                System.out.println((newIterator + 1) + \". \" + temporaryArray.get(newIterator).getPlan());","lastModifiedDate":"2024-03-15"},{"lineNumber":97,"author":{"gitId":"ChinYanXu"},"content":"            }","lastModifiedDate":"2024-03-15"},{"lineNumber":98,"author":{"gitId":"ChinYanXu"},"content":"        }","lastModifiedDate":"2024-03-15"},{"lineNumber":99,"author":{"gitId":"ChinYanXu"},"content":"    }","lastModifiedDate":"2024-03-15"},{"lineNumber":100,"author":{"gitId":"ChinYanXu"},"content":"","lastModifiedDate":"2024-03-15"},{"lineNumber":101,"author":{"gitId":"annnniexu"},"content":"    /**","lastModifiedDate":"2024-03-19"},{"lineNumber":102,"author":{"gitId":"annnniexu"},"content":"     * Checks travel activity as completed","lastModifiedDate":"2024-03-19"},{"lineNumber":103,"author":{"gitId":"annnniexu"},"content":"     * @param taskNumber The travel activity number on the list","lastModifiedDate":"2024-03-19"},{"lineNumber":104,"author":{"gitId":"annnniexu"},"content":"     */","lastModifiedDate":"2024-03-19"},{"lineNumber":105,"author":{"gitId":"annnniexu"},"content":"    public void checkTravelActivity(int taskNumber) throws OmniException{","lastModifiedDate":"2024-03-19"},{"lineNumber":106,"author":{"gitId":"ChenKangg"},"content":"        assert taskNumber !\u003d 0 : \"There is not tasks in the list\";","lastModifiedDate":"2024-03-20"},{"lineNumber":107,"author":{"gitId":"annnniexu"},"content":"        if (taskNumber \u003e travelActivities.size()) {","lastModifiedDate":"2024-03-19"},{"lineNumber":108,"author":{"gitId":"annnniexu"},"content":"            throw new OmniException(\"Travel activity cannot be found\");","lastModifiedDate":"2024-03-19"},{"lineNumber":109,"author":{"gitId":"annnniexu"},"content":"        }","lastModifiedDate":"2024-03-19"},{"lineNumber":110,"author":{"gitId":"annnniexu"},"content":"        int indexOfTask \u003d taskNumber - 1;","lastModifiedDate":"2024-03-19"},{"lineNumber":111,"author":{"gitId":"annnniexu"},"content":"        TravelActivity markedTask  \u003d travelActivities.get(indexOfTask);","lastModifiedDate":"2024-03-19"},{"lineNumber":112,"author":{"gitId":"annnniexu"},"content":"        markedTask.setTaskStatus(true);","lastModifiedDate":"2024-03-19"},{"lineNumber":113,"author":{"gitId":"annnniexu"},"content":"        System.out.println(\"I have checked this task:\");","lastModifiedDate":"2024-03-19"},{"lineNumber":114,"author":{"gitId":"annnniexu"},"content":"        System.out.println(markedTask);","lastModifiedDate":"2024-03-19"},{"lineNumber":115,"author":{"gitId":"annnniexu"},"content":"    }","lastModifiedDate":"2024-03-19"},{"lineNumber":116,"author":{"gitId":"annnniexu"},"content":"","lastModifiedDate":"2024-03-19"},{"lineNumber":117,"author":{"gitId":"annnniexu"},"content":"    /**","lastModifiedDate":"2024-03-19"},{"lineNumber":118,"author":{"gitId":"annnniexu"},"content":"     * Unchecks travel activity and sets it to uncompleted","lastModifiedDate":"2024-03-19"},{"lineNumber":119,"author":{"gitId":"annnniexu"},"content":"     * @param taskNumber The travel activity number on the list","lastModifiedDate":"2024-03-19"},{"lineNumber":120,"author":{"gitId":"annnniexu"},"content":"     */","lastModifiedDate":"2024-03-19"},{"lineNumber":121,"author":{"gitId":"annnniexu"},"content":"    public void uncheckTravelActivity(int taskNumber) throws OmniException{","lastModifiedDate":"2024-03-19"},{"lineNumber":122,"author":{"gitId":"ChenKangg"},"content":"        assert taskNumber !\u003d 0 : \"There is not tasks in the list\";","lastModifiedDate":"2024-03-20"},{"lineNumber":123,"author":{"gitId":"annnniexu"},"content":"        if (taskNumber \u003e travelActivities.size()) {","lastModifiedDate":"2024-03-19"},{"lineNumber":124,"author":{"gitId":"annnniexu"},"content":"            throw new OmniException(\"Travel activity cannot be found\");","lastModifiedDate":"2024-03-19"},{"lineNumber":125,"author":{"gitId":"annnniexu"},"content":"        }","lastModifiedDate":"2024-03-19"},{"lineNumber":126,"author":{"gitId":"annnniexu"},"content":"        int indexOfTask \u003d taskNumber - 1;","lastModifiedDate":"2024-03-19"},{"lineNumber":127,"author":{"gitId":"annnniexu"},"content":"        TravelActivity markedTask  \u003d travelActivities.get(indexOfTask);","lastModifiedDate":"2024-03-19"},{"lineNumber":128,"author":{"gitId":"annnniexu"},"content":"        markedTask.setTaskStatus(false);","lastModifiedDate":"2024-03-19"},{"lineNumber":129,"author":{"gitId":"annnniexu"},"content":"        System.out.println(\"I have unchecked this task:\");","lastModifiedDate":"2024-03-19"},{"lineNumber":130,"author":{"gitId":"annnniexu"},"content":"        System.out.println(markedTask);","lastModifiedDate":"2024-03-19"},{"lineNumber":131,"author":{"gitId":"annnniexu"},"content":"    }","lastModifiedDate":"2024-03-19"},{"lineNumber":132,"author":{"gitId":"annnniexu"},"content":"","lastModifiedDate":"2024-03-19"},{"lineNumber":133,"author":{"gitId":"ChinYanXu"},"content":"","lastModifiedDate":"2024-03-15"},{"lineNumber":134,"author":{"gitId":"daryltay415"},"content":"}","lastModifiedDate":"2024-03-14"}],"authorContributionMap":{"ChinYanXu":20,"EugeneChanJiajun":13,"daryltay415":64,"ChenKangg":4,"annnniexu":33}},{"path":"src/main/java/seedu/duke/Ui.java","fileType":"functional-code","lines":[{"lineNumber":1,"author":{"gitId":"daryltay415"},"content":"package seedu.duke;","lastModifiedDate":"2024-03-17"},{"lineNumber":2,"author":{"gitId":"daryltay415"},"content":"","lastModifiedDate":"2024-03-17"},{"lineNumber":3,"author":{"gitId":"daryltay415"},"content":"","lastModifiedDate":"2024-03-17"},{"lineNumber":4,"author":{"gitId":"daryltay415"},"content":"import java.util.NoSuchElementException;","lastModifiedDate":"2024-03-17"},{"lineNumber":5,"author":{"gitId":"daryltay415"},"content":"","lastModifiedDate":"2024-03-17"},{"lineNumber":6,"author":{"gitId":"daryltay415"},"content":"/**","lastModifiedDate":"2024-03-17"},{"lineNumber":7,"author":{"gitId":"daryltay415"},"content":" * Represents the user interface of the Omnitravel bot","lastModifiedDate":"2024-03-17"},{"lineNumber":8,"author":{"gitId":"daryltay415"},"content":" * It contains all the responses of the Omnitravel bot to the user\u0027s commands","lastModifiedDate":"2024-03-17"},{"lineNumber":9,"author":{"gitId":"daryltay415"},"content":" */","lastModifiedDate":"2024-03-17"},{"lineNumber":10,"author":{"gitId":"daryltay415"},"content":"public class Ui {","lastModifiedDate":"2024-03-17"},{"lineNumber":11,"author":{"gitId":"daryltay415"},"content":"    /**","lastModifiedDate":"2024-03-17"},{"lineNumber":12,"author":{"gitId":"daryltay415"},"content":"     * Prints the greetings","lastModifiedDate":"2024-03-17"},{"lineNumber":13,"author":{"gitId":"daryltay415"},"content":"     */","lastModifiedDate":"2024-03-17"},{"lineNumber":14,"author":{"gitId":"daryltay415"},"content":"    public static void printGreeting() {","lastModifiedDate":"2024-03-17"},{"lineNumber":15,"author":{"gitId":"EugeneChanJiajun"},"content":"        printLine();","lastModifiedDate":"2024-03-17"},{"lineNumber":16,"author":{"gitId":"daryltay415"},"content":"        System.out.println(\" ____  _      _      _  _____  ____  ____  _     _____ _\\n\" +","lastModifiedDate":"2024-03-17"},{"lineNumber":17,"author":{"gitId":"daryltay415"},"content":"                \"/  _ \\\\/ \\\\__/|/ \\\\  /|/ \\\\/__ __\\\\/  __\\\\/  _ \\\\/ \\\\ |\\\\/  __// \\\\\\n\" +","lastModifiedDate":"2024-03-17"},{"lineNumber":18,"author":{"gitId":"daryltay415"},"content":"                \"| / \\\\|| |\\\\/||| |\\\\ ||| |  / \\\\  |  \\\\/|| / \\\\|| | //|  \\\\  | |\\n\" +","lastModifiedDate":"2024-03-17"},{"lineNumber":19,"author":{"gitId":"daryltay415"},"content":"                \"| \\\\_/|| |  ||| | \\\\||| |  | |  |    /| |-||| \\\\// |  /_ | |_/\\\\\\n\" +","lastModifiedDate":"2024-03-17"},{"lineNumber":20,"author":{"gitId":"daryltay415"},"content":"                \"\\\\____/\\\\_/  \\\\|\\\\_/  \\\\|\\\\_/  \\\\_/  \\\\_/\\\\_\\\\\\\\_/ \\\\|\\\\__/  \\\\____\\\\\\\\____/)\");","lastModifiedDate":"2024-03-17"},{"lineNumber":21,"author":{"gitId":"daryltay415"},"content":"        System.out.println(\"Hello\");","lastModifiedDate":"2024-03-17"},{"lineNumber":22,"author":{"gitId":"daryltay415"},"content":"        System.out.println(\"How may I assist you?\");","lastModifiedDate":"2024-03-17"},{"lineNumber":23,"author":{"gitId":"EugeneChanJiajun"},"content":"        printLine();","lastModifiedDate":"2024-03-17"},{"lineNumber":24,"author":{"gitId":"daryltay415"},"content":"    }","lastModifiedDate":"2024-03-17"},{"lineNumber":25,"author":{"gitId":"daryltay415"},"content":"","lastModifiedDate":"2024-03-17"},{"lineNumber":26,"author":{"gitId":"daryltay415"},"content":"    /**","lastModifiedDate":"2024-03-17"},{"lineNumber":27,"author":{"gitId":"daryltay415"},"content":"     * Prints the farewell greetings","lastModifiedDate":"2024-03-17"},{"lineNumber":28,"author":{"gitId":"daryltay415"},"content":"     */","lastModifiedDate":"2024-03-17"},{"lineNumber":29,"author":{"gitId":"daryltay415"},"content":"    public static void printBye(){","lastModifiedDate":"2024-03-17"},{"lineNumber":30,"author":{"gitId":"EugeneChanJiajun"},"content":"        printLine();","lastModifiedDate":"2024-03-17"},{"lineNumber":31,"author":{"gitId":"daryltay415"},"content":"        System.out.println(\"Thank you for using Omnitravel\");","lastModifiedDate":"2024-03-17"},{"lineNumber":32,"author":{"gitId":"daryltay415"},"content":"        System.out.println(\"We hope to see you again! Goodbye!\");","lastModifiedDate":"2024-03-17"},{"lineNumber":33,"author":{"gitId":"EugeneChanJiajun"},"content":"        printLine();","lastModifiedDate":"2024-03-17"},{"lineNumber":34,"author":{"gitId":"daryltay415"},"content":"    }","lastModifiedDate":"2024-03-17"},{"lineNumber":35,"author":{"gitId":"daryltay415"},"content":"","lastModifiedDate":"2024-03-17"},{"lineNumber":36,"author":{"gitId":"EugeneChanJiajun"},"content":"    public static void printLine(){","lastModifiedDate":"2024-03-17"},{"lineNumber":37,"author":{"gitId":"daryltay415"},"content":"        System.out.println(\"____________________________________________________________\");","lastModifiedDate":"2024-03-17"},{"lineNumber":38,"author":{"gitId":"daryltay415"},"content":"    }","lastModifiedDate":"2024-03-17"},{"lineNumber":39,"author":{"gitId":"daryltay415"},"content":"","lastModifiedDate":"2024-03-17"},{"lineNumber":40,"author":{"gitId":"daryltay415"},"content":"    public static void printException(OmniException exception){","lastModifiedDate":"2024-03-17"},{"lineNumber":41,"author":{"gitId":"daryltay415"},"content":"        printLine();","lastModifiedDate":"2024-03-17"},{"lineNumber":42,"author":{"gitId":"daryltay415"},"content":"        System.out.println(\"Warning! \" + exception.getMessage());","lastModifiedDate":"2024-03-17"},{"lineNumber":43,"author":{"gitId":"daryltay415"},"content":"    }","lastModifiedDate":"2024-03-17"},{"lineNumber":44,"author":{"gitId":"daryltay415"},"content":"","lastModifiedDate":"2024-03-17"},{"lineNumber":45,"author":{"gitId":"daryltay415"},"content":"    public static void printNoSuchElementException(NoSuchElementException exception){","lastModifiedDate":"2024-03-17"},{"lineNumber":46,"author":{"gitId":"daryltay415"},"content":"        printLine();","lastModifiedDate":"2024-03-17"},{"lineNumber":47,"author":{"gitId":"daryltay415"},"content":"        System.out.println(\"Warning! \" + exception.getMessage());","lastModifiedDate":"2024-03-17"},{"lineNumber":48,"author":{"gitId":"daryltay415"},"content":"    }","lastModifiedDate":"2024-03-17"},{"lineNumber":49,"author":{"gitId":"daryltay415"},"content":"","lastModifiedDate":"2024-03-17"},{"lineNumber":50,"author":{"gitId":"EugeneChanJiajun"},"content":"    public static void helpCommand(){","lastModifiedDate":"2024-03-18"},{"lineNumber":51,"author":{"gitId":"EugeneChanJiajun"},"content":"        System.out.println(\"These are the available commands!\");","lastModifiedDate":"2024-03-18"},{"lineNumber":52,"author":{"gitId":"EugeneChanJiajun"},"content":"        System.out.println(\"1. list\\n2. add \u003cinsert travel activity\u003e\\n3. delete \u003cinsert activity number\u003e\\n\" +","lastModifiedDate":"2024-03-18"},{"lineNumber":53,"author":{"gitId":"EugeneChanJiajun"},"content":"                           \"4. find \u003cinsert keyword\u003e\\n5. help\\n6. bye\\n\");","lastModifiedDate":"2024-03-18"},{"lineNumber":54,"author":{"gitId":"EugeneChanJiajun"},"content":"    }","lastModifiedDate":"2024-03-18"},{"lineNumber":55,"author":{"gitId":"daryltay415"},"content":"}","lastModifiedDate":"2024-03-17"}],"authorContributionMap":{"EugeneChanJiajun":10,"daryltay415":45}},{"path":"src/test/java/seedu/duke/DukeTest.java","fileType":"test-code","lines":[{"lineNumber":1,"author":{"gitId":"-"},"content":"package seedu.duke;","lastModifiedDate":"2020-05-24"},{"lineNumber":2,"author":{"gitId":"-"},"content":"","lastModifiedDate":"2020-05-24"},{"lineNumber":3,"author":{"gitId":"-"},"content":"","lastModifiedDate":"2020-05-24"},{"lineNumber":4,"author":{"gitId":"-"},"content":"import org.junit.jupiter.api.Test;","lastModifiedDate":"2020-05-24"},{"lineNumber":5,"author":{"gitId":"EugeneChanJiajun"},"content":"import static org.junit.jupiter.api.Assertions.assertEquals;","lastModifiedDate":"2024-03-14"},{"lineNumber":6,"author":{"gitId":"daryltay415"},"content":"import static org.junit.jupiter.api.Assertions.assertTrue;","lastModifiedDate":"2024-03-15"},{"lineNumber":7,"author":{"gitId":"-"},"content":"","lastModifiedDate":"2020-05-24"},{"lineNumber":8,"author":{"gitId":"-"},"content":"class DukeTest {","lastModifiedDate":"2020-05-24"},{"lineNumber":9,"author":{"gitId":"EugeneChanJiajun"},"content":"","lastModifiedDate":"2024-03-14"},{"lineNumber":10,"author":{"gitId":"EugeneChanJiajun"},"content":"    @Test","lastModifiedDate":"2024-03-14"},{"lineNumber":11,"author":{"gitId":"EugeneChanJiajun"},"content":"    public void addTest() {","lastModifiedDate":"2024-03-14"},{"lineNumber":12,"author":{"gitId":"EugeneChanJiajun"},"content":"        TravelActivityList travelActivityList \u003d new TravelActivityList();","lastModifiedDate":"2024-03-14"},{"lineNumber":13,"author":{"gitId":"daryltay415"},"content":"        travelActivityList.addTravelActivity(new TravelActivity(\"visit museum\"));","lastModifiedDate":"2024-03-17"},{"lineNumber":14,"author":{"gitId":"EugeneChanJiajun"},"content":"        assertEquals(\"visit museum\", travelActivityList.getDescription(\"visit museum\"));","lastModifiedDate":"2024-03-14"},{"lineNumber":15,"author":{"gitId":"EugeneChanJiajun"},"content":"    }","lastModifiedDate":"2024-03-14"},{"lineNumber":16,"author":{"gitId":"EugeneChanJiajun"},"content":"","lastModifiedDate":"2024-03-14"},{"lineNumber":17,"author":{"gitId":"-"},"content":"    @Test","lastModifiedDate":"2020-05-24"},{"lineNumber":18,"author":{"gitId":"daryltay415"},"content":"    public void deleteTest() throws OmniException {","lastModifiedDate":"2024-03-17"},{"lineNumber":19,"author":{"gitId":"EugeneChanJiajun"},"content":"        //add the plan","lastModifiedDate":"2024-03-14"},{"lineNumber":20,"author":{"gitId":"EugeneChanJiajun"},"content":"        TravelActivityList travelActivityList \u003d new TravelActivityList();","lastModifiedDate":"2024-03-14"},{"lineNumber":21,"author":{"gitId":"daryltay415"},"content":"        travelActivityList.addTravelActivity(new TravelActivity(\"visit museum\"));","lastModifiedDate":"2024-03-17"},{"lineNumber":22,"author":{"gitId":"EugeneChanJiajun"},"content":"        assertEquals(\"visit museum\", travelActivityList.getDescription(\"visit museum\"));","lastModifiedDate":"2024-03-14"},{"lineNumber":23,"author":{"gitId":"EugeneChanJiajun"},"content":"        //delete the plan","lastModifiedDate":"2024-03-14"},{"lineNumber":24,"author":{"gitId":"daryltay415"},"content":"        travelActivityList.removeTravelActivity(1);","lastModifiedDate":"2024-03-17"},{"lineNumber":25,"author":{"gitId":"EugeneChanJiajun"},"content":"        assertEquals(\"cant be found\", travelActivityList.getDescription(\"visit museum\"));","lastModifiedDate":"2024-03-14"},{"lineNumber":26,"author":{"gitId":"-"},"content":"    }","lastModifiedDate":"2020-05-24"},{"lineNumber":27,"author":{"gitId":"EugeneChanJiajun"},"content":"","lastModifiedDate":"2024-03-14"},{"lineNumber":28,"author":{"gitId":"annnniexu"},"content":"    @Test","lastModifiedDate":"2024-03-15"},{"lineNumber":29,"author":{"gitId":"daryltay415"},"content":"    public void getNoTasksTest() throws OmniException {","lastModifiedDate":"2024-03-17"},{"lineNumber":30,"author":{"gitId":"annnniexu"},"content":"        //add the first plan","lastModifiedDate":"2024-03-15"},{"lineNumber":31,"author":{"gitId":"annnniexu"},"content":"        TravelActivityList travelActivityList \u003d new TravelActivityList();","lastModifiedDate":"2024-03-15"},{"lineNumber":32,"author":{"gitId":"daryltay415"},"content":"        travelActivityList.addTravelActivity(new TravelActivity(\"visit museum\"));","lastModifiedDate":"2024-03-17"},{"lineNumber":33,"author":{"gitId":"annnniexu"},"content":"        assertEquals(\"visit museum\", travelActivityList.getDescription(\"visit museum\"));","lastModifiedDate":"2024-03-15"},{"lineNumber":34,"author":{"gitId":"annnniexu"},"content":"        //add the second and third plan","lastModifiedDate":"2024-03-15"},{"lineNumber":35,"author":{"gitId":"daryltay415"},"content":"        travelActivityList.addTravelActivity(new TravelActivity(\"go to beach\"));","lastModifiedDate":"2024-03-17"},{"lineNumber":36,"author":{"gitId":"annnniexu"},"content":"        assertEquals(\"go to beach\", travelActivityList.getDescription(\"go to beach\"));","lastModifiedDate":"2024-03-15"},{"lineNumber":37,"author":{"gitId":"daryltay415"},"content":"        travelActivityList.addTravelActivity(new TravelActivity(\"shopping\"));","lastModifiedDate":"2024-03-17"},{"lineNumber":38,"author":{"gitId":"annnniexu"},"content":"        assertEquals(\"shopping\", travelActivityList.getDescription(\"shopping\"));","lastModifiedDate":"2024-03-15"},{"lineNumber":39,"author":{"gitId":"annnniexu"},"content":"        //check number of tasks","lastModifiedDate":"2024-03-15"},{"lineNumber":40,"author":{"gitId":"daryltay415"},"content":"        assertEquals(3, travelActivityList.getNoOfTravelActivities());","lastModifiedDate":"2024-03-17"},{"lineNumber":41,"author":{"gitId":"annnniexu"},"content":"        //delete the first plan","lastModifiedDate":"2024-03-15"},{"lineNumber":42,"author":{"gitId":"daryltay415"},"content":"        travelActivityList.removeTravelActivity(1);","lastModifiedDate":"2024-03-17"},{"lineNumber":43,"author":{"gitId":"annnniexu"},"content":"        assertEquals(\"cant be found\", travelActivityList.getDescription(\"visit museum\"));","lastModifiedDate":"2024-03-15"},{"lineNumber":44,"author":{"gitId":"annnniexu"},"content":"        //check number of tasks","lastModifiedDate":"2024-03-15"},{"lineNumber":45,"author":{"gitId":"daryltay415"},"content":"        assertEquals(2, travelActivityList.getNoOfTravelActivities());","lastModifiedDate":"2024-03-17"},{"lineNumber":46,"author":{"gitId":"annnniexu"},"content":"","lastModifiedDate":"2024-03-15"},{"lineNumber":47,"author":{"gitId":"annnniexu"},"content":"    }","lastModifiedDate":"2024-03-15"},{"lineNumber":48,"author":{"gitId":"annnniexu"},"content":"","lastModifiedDate":"2024-03-15"},{"lineNumber":49,"author":{"gitId":"-"},"content":"    @Test","lastModifiedDate":"2024-03-15"},{"lineNumber":50,"author":{"gitId":"daryltay415"},"content":"    public void trueTest(){","lastModifiedDate":"2024-03-15"},{"lineNumber":51,"author":{"gitId":"-"},"content":"        assertTrue(true);","lastModifiedDate":"2024-03-15"},{"lineNumber":52,"author":{"gitId":"-"},"content":"    }","lastModifiedDate":"2024-03-15"},{"lineNumber":53,"author":{"gitId":"daryltay415"},"content":"    @Test","lastModifiedDate":"2024-03-15"},{"lineNumber":54,"author":{"gitId":"EugeneChanJiajun"},"content":"    public void testStringCoversion(){","lastModifiedDate":"2024-03-14"},{"lineNumber":55,"author":{"gitId":"EugeneChanJiajun"},"content":"        assertEquals(\"visit museum\", new TravelActivity(\"visit museum\").toString());","lastModifiedDate":"2024-03-14"},{"lineNumber":56,"author":{"gitId":"EugeneChanJiajun"},"content":"    }","lastModifiedDate":"2024-03-14"},{"lineNumber":57,"author":{"gitId":"ChinYanXu"},"content":"    @Test","lastModifiedDate":"2024-03-20"},{"lineNumber":58,"author":{"gitId":"ChinYanXu"},"content":"","lastModifiedDate":"2024-03-20"},{"lineNumber":59,"author":{"gitId":"ChinYanXu"},"content":"    //basic test for search function","lastModifiedDate":"2024-03-20"},{"lineNumber":60,"author":{"gitId":"ChinYanXu"},"content":"    public void searchTest () {","lastModifiedDate":"2024-03-20"},{"lineNumber":61,"author":{"gitId":"ChinYanXu"},"content":"        assertTrue(true);","lastModifiedDate":"2024-03-20"},{"lineNumber":62,"author":{"gitId":"ChinYanXu"},"content":"    }","lastModifiedDate":"2024-03-20"},{"lineNumber":63,"author":{"gitId":"ChinYanXu"},"content":"","lastModifiedDate":"2024-03-20"},{"lineNumber":64,"author":{"gitId":"ChinYanXu"},"content":"","lastModifiedDate":"2024-03-20"},{"lineNumber":65,"author":{"gitId":"EugeneChanJiajun"},"content":"","lastModifiedDate":"2024-03-14"},{"lineNumber":66,"author":{"gitId":"-"},"content":"}","lastModifiedDate":"2020-05-24"}],"authorContributionMap":{"ChinYanXu":8,"EugeneChanJiajun":18,"daryltay415":14,"annnniexu":14,"-":12}}]
