{"authorDailyContributionsMap":{"ChinYanXu":[{"date":"2024-03-07","commitResults":[{"hash":"2dacda1cccf4ad43bc633d4dcd89744aa22724e3","isMergeCommit":false,"messageTitle":"Update AboutUs.md","messageBody":"","fileTypesAndContributionMap":{"docs":{"insertions":4,"deletions":7}}}]},{"date":"2024-03-14","commitResults":[{"hash":"648c8d0aa017ba5bd30c0daa493856aca900a18d","isMergeCommit":true,"messageTitle":"Merge branch \u0027master\u0027 into YanXu-AboutUs","messageBody":"","fileTypesAndContributionMap":{}},{"hash":"94322d0b0f4498ceb5491ba487fefbd34eac0f0c","isMergeCommit":true,"messageTitle":"Merge pull request #23 from ChinYanXu/YanXu-AboutUs","messageBody":"Update AboutUs.md with Yan Xu\u0027s details","fileTypesAndContributionMap":{}}]},{"date":"2024-03-15","commitResults":[{"hash":"f3a98f2b90dc0d27311cbbdd5078f1f35f09c7fe","isMergeCommit":false,"messageTitle":"Add searchTask functionality and edit AboutUs.md ~YanXu","messageBody":"","fileTypesAndContributionMap":{"functional-code":{"insertions":28,"deletions":1},"docs":{"insertions":3,"deletions":3}}},{"hash":"4377fcce156ba862921ee18f1ec6f76f12916885","isMergeCommit":true,"messageTitle":"Edit AboutUs.md ~YanXu","messageBody":"","fileTypesAndContributionMap":{}},{"hash":"2b089c7e0b5cf9090a6d2134f13deac8400aa21a","isMergeCommit":true,"messageTitle":"Merge pull request #25 from ChinYanXu/YanXu-AboutUs","messageBody":"Add searchTask functionality and edit AboutUs.md","fileTypesAndContributionMap":{}}]},{"date":"2024-03-19","commitResults":[{"hash":"ec3f71dc66b07dfcb345f4dde4cd3368081c6b23","isMergeCommit":true,"messageTitle":"Merge branch \u0027YanXu-AboutUs\u0027","messageBody":"","fileTypesAndContributionMap":{}},{"hash":"891f0a4e482449daf016ff0952608e79adfecb9f","isMergeCommit":true,"messageTitle":"Merge branch \u0027master\u0027 of github.com:ChinYanXu/tp","messageBody":"","fileTypesAndContributionMap":{}}]},{"date":"2024-03-20","commitResults":[{"hash":"cbdce229e8bc05085d9672f1c3c737f8084ca448","isMergeCommit":false,"messageTitle":"Add JUnit test for search function ~Yan Xu","messageBody":"","fileTypesAndContributionMap":{"test-code":{"insertions":6,"deletions":0}}},{"hash":"44affd7b1fca5bef05082b28266514b662c923e4","isMergeCommit":true,"messageTitle":"Added JUnit test for search function ~Yan Xu","messageBody":"","fileTypesAndContributionMap":{}},{"hash":"938d17161917090a709c515123eb1f0097f2b357","isMergeCommit":true,"messageTitle":"Merge branch \u0027master\u0027 of github.com:AY2324S2-CS2113-T12-4/tp","messageBody":"","fileTypesAndContributionMap":{}},{"hash":"60959399e92c97b6f947aba29d96f1faa1aaf00b","isMergeCommit":false,"messageTitle":"Add JUnit test for search function ~Yan Xu","messageBody":"","fileTypesAndContributionMap":{"test-code":{"insertions":2,"deletions":0}}},{"hash":"de706223e44c06e9add538339efdce4dce44b447","isMergeCommit":true,"messageTitle":"Add amendment to JUnit Test for search function ~Yan Xu","messageBody":"","fileTypesAndContributionMap":{}},{"hash":"749987f78999b535193aea49e97fb2fd9e7093e7","isMergeCommit":false,"messageTitle":"Add javadoc comment for searchKeyword function and regular comment for JUnit test for searchKeyword function ~Yan Xu","messageBody":"","fileTypesAndContributionMap":{"functional-code":{"insertions":8,"deletions":0},"test-code":{"insertions":1,"deletions":1}}},{"hash":"379e07606d7de8ddc1a81553e015f94abf333197","isMergeCommit":true,"messageTitle":"Merge Used-JUnit branch into master ~Yan Xu","messageBody":"","fileTypesAndContributionMap":{}},{"hash":"3ba7cf416acd71d3f26a5302e20c31ac71485e1f","isMergeCommit":false,"messageTitle":"Add assertions to searchKeyword function ~Yan Xu","messageBody":"","fileTypesAndContributionMap":{"functional-code":{"insertions":1,"deletions":0}}},{"hash":"b3797ec6319e7dfaf7104edc140d5c51f216da82","isMergeCommit":true,"messageTitle":"Merge Assertions branch into master","messageBody":"","fileTypesAndContributionMap":{}},{"hash":"2ab0fb7164c998895667a24ff3a5dd343a9327d6","isMergeCommit":false,"messageTitle":"Add logging to searchKeyword function ~Yan Xu","messageBody":"","fileTypesAndContributionMap":{"functional-code":{"insertions":12,"deletions":0}}},{"hash":"a447285f2ee75cf0d97a2a650f2f2afd26cf6c5f","isMergeCommit":false,"messageTitle":"Add logging to searchKeyword function ~Yan Xu","messageBody":"","fileTypesAndContributionMap":{"functional-code":{"insertions":4,"deletions":2}}},{"hash":"d9a395c55ef78274560e6c476eba7abc63403991","isMergeCommit":false,"messageTitle":"Edit logging in searchKeyword function ~Yan Xu","messageBody":"","fileTypesAndContributionMap":{"functional-code":{"insertions":2,"deletions":1}}}]}],"EugeneChanJiajun":[{"date":"2024-03-07","commitResults":[{"hash":"951cbaf304d8e214a015da39974b097b6a4c9a74","isMergeCommit":false,"messageTitle":"Update README.md","messageBody":"","fileTypesAndContributionMap":{"docs":{"insertions":1,"deletions":1}}},{"hash":"8bad6fd3f6731fccdaeda830d93b3e0e87172ce4","isMergeCommit":false,"messageTitle":"Update README.md","messageBody":"","fileTypesAndContributionMap":{"docs":{"insertions":1,"deletions":1}}},{"hash":"a7bae87e488bd3942525d7e0530a535da2a06dc4","isMergeCommit":false,"messageTitle":"Add AboutUs","messageBody":"","fileTypesAndContributionMap":{"docs":{"insertions":3,"deletions":7}}},{"hash":"4967042a5da7c6e813fac8bfc3a343c54bfae613","isMergeCommit":true,"messageTitle":"Merge branch \u0027master\u0027 into Eugene-AboutUs","messageBody":"# Conflicts:\n#\tdocs/AboutUs.md\n","fileTypesAndContributionMap":{}},{"hash":"6a1d5737c8400072a4612114d53872315240af3b","isMergeCommit":true,"messageTitle":"Merge pull request #3 from EugeneChanJiajun/Eugene-AboutUs","messageBody":"Add AboutUs","fileTypesAndContributionMap":{}}]},{"date":"2024-03-14","commitResults":[{"hash":"359fae2a5eb711de394b8a2f0827722b69ddcbb4","isMergeCommit":false,"messageTitle":"Add junit testing","messageBody":"","fileTypesAndContributionMap":{"functional-code":{"insertions":15,"deletions":2},"test-code":{"insertions":24,"deletions":2}}},{"hash":"2eddfc88de6677c137902567db093818b7fbfcaf","isMergeCommit":false,"messageTitle":"Update import statements","messageBody":"","fileTypesAndContributionMap":{"test-code":{"insertions":0,"deletions":3}}},{"hash":"815e250a3213671b49abf55e5b2a3a36a1afac1b","isMergeCommit":true,"messageTitle":"Merge pull request #22 from EugeneChanJiajun/master","messageBody":"Junit testing","fileTypesAndContributionMap":{}}]},{"date":"2024-03-17","commitResults":[{"hash":"fb3bb5c24e6f5ce4b0f21e93ce93129d4795266d","isMergeCommit":false,"messageTitle":"Add parser class along with exceptions","messageBody":"","fileTypesAndContributionMap":{"functional-code":{"insertions":102,"deletions":31}}},{"hash":"cfdfe3aed6f980ab9b4babbe990151e70b4bb013","isMergeCommit":false,"messageTitle":"Update test","messageBody":"","fileTypesAndContributionMap":{"other":{"insertions":2,"deletions":2}}},{"hash":"64e372d6c0dabdf552941aa3ff22c516704215cb","isMergeCommit":false,"messageTitle":"Update test","messageBody":"","fileTypesAndContributionMap":{"other":{"insertions":1,"deletions":1}}},{"hash":"17acd6ed73c39531c716eb5184d3c467d1d42c36","isMergeCommit":true,"messageTitle":"Merge pull request #33 from EugeneChanJiajun/master","messageBody":"Add parser and exceptions","fileTypesAndContributionMap":{}},{"hash":"bcd5069b6ce270fbeacf65c0c462cba808bf7bb5","isMergeCommit":false,"messageTitle":"Added assertions","messageBody":"","fileTypesAndContributionMap":{"functional-code":{"insertions":6,"deletions":1},"other":{"insertions":3,"deletions":2}}},{"hash":"d9e87bff62ea0f6d40dcb789e3312d6b6e75d3fd","isMergeCommit":false,"messageTitle":"Bug fix","messageBody":"","fileTypesAndContributionMap":{"test-code":{"insertions":1,"deletions":3}}},{"hash":"2294257d8d603833f9dd525c57a0f438dae8aa06","isMergeCommit":true,"messageTitle":"Merge pull request #34 from EugeneChanJiajun/master","messageBody":"Added assertion","fileTypesAndContributionMap":{}},{"hash":"c68d0686658e13567c17d6dd4aa84bb3a3b5130d","isMergeCommit":false,"messageTitle":"Bug fix","messageBody":"","fileTypesAndContributionMap":{"test-code":{"insertions":1,"deletions":1}}},{"hash":"85606f2dd48f46a1f242385d4d36b086463ecce7","isMergeCommit":true,"messageTitle":"Merge remote-tracking branch \u0027upstream/master\u0027","messageBody":"","fileTypesAndContributionMap":{}}]},{"date":"2024-03-18","commitResults":[{"hash":"ecfe140ba0cb619b6db37c2629ae40f3b39101b1","isMergeCommit":false,"messageTitle":"Add help command and JavaDoc","messageBody":"","fileTypesAndContributionMap":{"functional-code":{"insertions":38,"deletions":4}}},{"hash":"3e131c24f85a32d7212807c4c1e99d40536d2991","isMergeCommit":false,"messageTitle":"Update code to comply with coding standard","messageBody":"","fileTypesAndContributionMap":{"functional-code":{"insertions":2,"deletions":1}}}]},{"date":"2024-03-19","commitResults":[{"hash":"3453049cf71b5da759cc4df4cc8c07dcd03e5065","isMergeCommit":false,"messageTitle":"Add assertions and UI text test","messageBody":"","fileTypesAndContributionMap":{"functional-code":{"insertions":6,"deletions":4}}},{"hash":"1067c5d9b3bb8cf1ef7443ddb2b74e56b6ca3b4b","isMergeCommit":true,"messageTitle":"Merge pull request #39 from EugeneChanJiajun/master","messageBody":"Add help command and javadoc","fileTypesAndContributionMap":{}},{"hash":"8d0e4536827d1049ca0ae9b1b0d4b6cdad281c25","isMergeCommit":false,"messageTitle":"Add assertions and UI text test","messageBody":"","fileTypesAndContributionMap":{"functional-code":{"insertions":2,"deletions":2}}},{"hash":"884509c460d5928caed1b5c60405f40e647f3e91","isMergeCommit":false,"messageTitle":"text.ui fix","messageBody":"","fileTypesAndContributionMap":{"other":{"insertions":3,"deletions":3}}},{"hash":"4ee42c9374cd9f67a14ddd009d85e8c43c91f508","isMergeCommit":false,"messageTitle":"fix ui.test","messageBody":"","fileTypesAndContributionMap":{"other":{"insertions":1,"deletions":1}}},{"hash":"bc14b53241ccc5a2f811a9e71f918fd513e6bb2c","isMergeCommit":false,"messageTitle":"fix ui-test","messageBody":"","fileTypesAndContributionMap":{"other":{"insertions":3,"deletions":3}}},{"hash":"95db4f31865cbe9e7445547c37fa3c45d1f34698","isMergeCommit":true,"messageTitle":"Merge pull request #43 from daryltay415/master","messageBody":"Update runtest.sh","fileTypesAndContributionMap":{}},{"hash":"c7f03bb7dba838c9da812cb7e6f564cba8714114","isMergeCommit":true,"messageTitle":"Merge remote-tracking branch \u0027upstream/master\u0027","messageBody":"# Conflicts:\n#\ttext-ui-test/runtest.sh\n","fileTypesAndContributionMap":{}},{"hash":"7eca24fb42ed57e8e3a59d4819d8512795c7a901","isMergeCommit":false,"messageTitle":"fix test","messageBody":"","fileTypesAndContributionMap":{"functional-code":{"insertions":1,"deletions":0}}},{"hash":"bebf3e0e96845ac86d2ef6c20b7692e35e1c8b07","isMergeCommit":false,"messageTitle":"fix test","messageBody":"","fileTypesAndContributionMap":{"functional-code":{"insertions":1,"deletions":1},"other":{"insertions":1,"deletions":1}}}]},{"date":"2024-03-20","commitResults":[{"hash":"e29d02f8ad7d3c20b1b871206b03b40fec817eb2","isMergeCommit":true,"messageTitle":"Merge branch \u0027master\u0027 of https://github.com/AY2324S2-CS2113-T12-4/tp into Junit-Test","messageBody":"","fileTypesAndContributionMap":{}},{"hash":"e189ad7ebd51e940c11b9c2c865ce5c8a3ba05b8","isMergeCommit":false,"messageTitle":"Add junit test for check and uncheck","messageBody":"","fileTypesAndContributionMap":{"functional-code":{"insertions":6,"deletions":2},"test-code":{"insertions":28,"deletions":2}}},{"hash":"53e87fe1633a96bd49880ac594f3f862eb6e304f","isMergeCommit":false,"messageTitle":"Fix code for CI build test","messageBody":"","fileTypesAndContributionMap":{"test-code":{"insertions":3,"deletions":2}}},{"hash":"9ed313aa03cc64974d18e61aad9ce9c861ea4904","isMergeCommit":true,"messageTitle":"Merge pull request #49 from EugeneChanJiajun/Junit-Test","messageBody":"Junit test for check and uncheck","fileTypesAndContributionMap":{}},{"hash":"7a9086311a436e4826cde4d35ababe383eed2121","isMergeCommit":true,"messageTitle":"Merge pull request #50 from ChinYanXu/Used-JUnit","messageBody":"Add comments and JUnit test for searchKeyword function","fileTypesAndContributionMap":{}},{"hash":"a1ac4480f4966b5fc23a1ae4d4e93238bb63d6a1","isMergeCommit":true,"messageTitle":"Merge pull request #54 from ChinYanXu/Assertions","messageBody":"Added assertion to searchKeyword function ~Yan Xu","fileTypesAndContributionMap":{}},{"hash":"812945775927213e16482203f179ffc3a0f06351","isMergeCommit":true,"messageTitle":"Merge pull request #55 from ChinYanXu/Logging","messageBody":"Edit logging to searchKeyword function ~Yan Xu","fileTypesAndContributionMap":{}},{"hash":"faa90e54d4a8b2d4446f29202114ab530d06bcf5","isMergeCommit":false,"messageTitle":"Squashed bugs","messageBody":"","fileTypesAndContributionMap":{"functional-code":{"insertions":76,"deletions":63},"test-code":{"insertions":6,"deletions":6}}},{"hash":"d2e438dd75990c01c680a2b32529391b9d9b89c3","isMergeCommit":true,"messageTitle":"Merge branch \u0027master\u0027 into bug-fix","messageBody":"","fileTypesAndContributionMap":{}},{"hash":"fb96e0e7ae2f325e1310dab3640543e175960624","isMergeCommit":false,"messageTitle":"add logger for add function","messageBody":"","fileTypesAndContributionMap":{"functional-code":{"insertions":2,"deletions":0}}}]}],"daryltay415":[{"date":"2024-03-07","commitResults":[{"hash":"0642930dc74de292fba5afe672aa63e87f8c1bea","isMergeCommit":true,"messageTitle":"Merge pull request #1 from EugeneChanJiajun/master","messageBody":"Update README","fileTypesAndContributionMap":{}},{"hash":"f1aa4bcc54a5022d65b1437b62e6a937f41a6dc5","isMergeCommit":false,"messageTitle":"Add Daryl","messageBody":"","fileTypesAndContributionMap":{"docs":{"insertions":4,"deletions":7}}},{"hash":"1ce5eaf5e330931291d84450ee1eba602180b37e","isMergeCommit":true,"messageTitle":"Merge pull request #2 from daryltay415/Daryl-AboutUs","messageBody":"Add Daryl","fileTypesAndContributionMap":{}}]},{"date":"2024-03-14","commitResults":[{"hash":"049e4209b9ad51492d5f626987bf2575c904964f","isMergeCommit":false,"messageTitle":"Add travel activity class, ability to add and delete.","messageBody":"","fileTypesAndContributionMap":{"functional-code":{"insertions":125,"deletions":11}}},{"hash":"8cb6242808527ad441559cbb8e96b5d9db47613c","isMergeCommit":true,"messageTitle":"Merge pull request #20 from daryltay415/master","messageBody":"Add travel activity class, ability to add and delete.","fileTypesAndContributionMap":{}}]},{"date":"2024-03-15","commitResults":[{"hash":"4e87fbcdd37b17b3131a33903acc3b6537ab7c66","isMergeCommit":false,"messageTitle":"Add new test","messageBody":"","fileTypesAndContributionMap":{"test-code":{"insertions":6,"deletions":0}}},{"hash":"1c54ca92792f1be8692b4b53b31e3c01551436fe","isMergeCommit":true,"messageTitle":"Merge pull request #26 from daryltay415/master","messageBody":"Add new test","fileTypesAndContributionMap":{}}]},{"date":"2024-03-17","commitResults":[{"hash":"cda32937bbb7c4621db7b82bdb48ea274f2bfda0","isMergeCommit":false,"messageTitle":"Add Ui class","messageBody":"","fileTypesAndContributionMap":{"functional-code":{"insertions":80,"deletions":19},"test-code":{"insertions":9,"deletions":9}}},{"hash":"8b1caa28fe49ce9771d80a10191d9c3d91bdb05f","isMergeCommit":false,"messageTitle":"Update Ui class","messageBody":"","fileTypesAndContributionMap":{"functional-code":{"insertions":5,"deletions":23}}},{"hash":"8ff3ab7cd076ddf674e854f44e944c3d202cc606","isMergeCommit":false,"messageTitle":"Fix Ui","messageBody":"","fileTypesAndContributionMap":{"functional-code":{"insertions":1,"deletions":1}}},{"hash":"a518b4f5fd51c8e7da5f31d7bd9caac0d6ff17b0","isMergeCommit":true,"messageTitle":"Merge pull request #30 from daryltay415/master","messageBody":"Update Ui class","fileTypesAndContributionMap":{}},{"hash":"3d1836f7cead7dd8f393026d2714c69a575659fd","isMergeCommit":false,"messageTitle":"Add new exceptions","messageBody":"","fileTypesAndContributionMap":{"functional-code":{"insertions":69,"deletions":50},"test-code":{"insertions":2,"deletions":2}}},{"hash":"4ec5a8d577fa533f7e65d144356560976cd984ea","isMergeCommit":false,"messageTitle":"Fix assert error","messageBody":"","fileTypesAndContributionMap":{"functional-code":{"insertions":1,"deletions":1}}},{"hash":"1c5d0684b4379d5aeadcb220a90726579989b669","isMergeCommit":false,"messageTitle":"Fix bug","messageBody":"","fileTypesAndContributionMap":{"functional-code":{"insertions":1,"deletions":1}}},{"hash":"63537ea1642a4ad320dfb4a4e204fc19de4f8b1a","isMergeCommit":false,"messageTitle":"Fix code quality","messageBody":"","fileTypesAndContributionMap":{"functional-code":{"insertions":3,"deletions":4}}},{"hash":"87ed3d1c03fac0abcab01e3c67cd9829cacd9065","isMergeCommit":true,"messageTitle":"Merge pull request #36 from daryltay415/master","messageBody":"Add new exceptions","fileTypesAndContributionMap":{}}]},{"date":"2024-03-19","commitResults":[{"hash":"6aaa9c94ea41e8bae9a18466325d42828973cbf9","isMergeCommit":true,"messageTitle":"Merge pull request #42 from EugeneChanJiajun/master","messageBody":"Add assertions and UI text test","fileTypesAndContributionMap":{}},{"hash":"61b4ebeef7e1f7135557e5544968f4b49061c181","isMergeCommit":false,"messageTitle":"Update runtest.sh","messageBody":"","fileTypesAndContributionMap":{"other":{"insertions":2,"deletions":2}}},{"hash":"a2ee04aeb53e63c46e7f7a2d48e13da84ff700ac","isMergeCommit":false,"messageTitle":"Fix Checks","messageBody":"","fileTypesAndContributionMap":{"functional-code":{"insertions":3,"deletions":3},"other":{"insertions":2,"deletions":2}}},{"hash":"0693926315ba88ca11d316f23e634abb66812170","isMergeCommit":true,"messageTitle":"Merge pull request #46 from annnniexu/master","messageBody":"Completed check and uncheck functions","fileTypesAndContributionMap":{}}]},{"date":"2024-03-20","commitResults":[{"hash":"04576b2841b2ffdbc6c2c06f3cfb74b335a50352","isMergeCommit":true,"messageTitle":"Merge branch \u0027master\u0027 into master","messageBody":"","fileTypesAndContributionMap":{}},{"hash":"91d336f82daa73109e20fedb1ec5e23f99b1d70b","isMergeCommit":true,"messageTitle":"Merge pull request #59 from EugeneChanJiajun/bug-fix","messageBody":"Squashed bugs","fileTypesAndContributionMap":{}},{"hash":"a2d5a930693c1b9c6c222f893a336ecb06d52773","isMergeCommit":true,"messageTitle":"Merge pull request #58 from ChenKangg/master","messageBody":"add JUnit test for tagging and untagging","fileTypesAndContributionMap":{}},{"hash":"d9be03e740b4a2404739865b8f207bc832facec9","isMergeCommit":true,"messageTitle":"Merge branch \u0027branch-TextUiTest\u0027","messageBody":"","fileTypesAndContributionMap":{}},{"hash":"9d6cdb3ac5391402f84d92fe8588ad040bb4a513","isMergeCommit":false,"messageTitle":"Add jar file","messageBody":"","fileTypesAndContributionMap":{"functional-code":{"insertions":6,"deletions":2},"test-code":{"insertions":2,"deletions":0}}},{"hash":"c77ab9540333897a6af81a38cf722fd3964e7944","isMergeCommit":true,"messageTitle":"Merge pull request #62 from EugeneChanJiajun/master","messageBody":"add logger for add function","tags":["tpv1.0"],"fileTypesAndContributionMap":{}},{"hash":"6d2228473682814508afe52516db77d27586cdb0","isMergeCommit":true,"messageTitle":"Merge pull request #63 from daryltay415/branch-jar-file","messageBody":"Branch jar file","fileTypesAndContributionMap":{}},{"hash":"c4b94d7518ab66a590458a6841fb529fc61a43cc","isMergeCommit":false,"messageTitle":"Fix tag function","messageBody":"","fileTypesAndContributionMap":{"functional-code":{"insertions":4,"deletions":3}}},{"hash":"613a66be69746f2667c4aab81ee6b9c85f2595e1","isMergeCommit":true,"messageTitle":"Merge pull request #64 from daryltay415/master","messageBody":"Fix tag function","fileTypesAndContributionMap":{}}]}],"ChenKangg":[{"date":"2024-03-14","commitResults":[{"hash":"159580b4be48bb70c15d5030d1d3b9256302ebd7","isMergeCommit":false,"messageTitle":"Add AboutUs","messageBody":"","fileTypesAndContributionMap":{"docs":{"insertions":7,"deletions":6}}},{"hash":"c921c42343b4fa61666524aa6159308aa379d9c0","isMergeCommit":true,"messageTitle":"Merge pull request #24 from ChenKangg/master","messageBody":"Update AboutUs.md","fileTypesAndContributionMap":{}}]},{"date":"2024-03-20","commitResults":[{"hash":"870a3d975a68ce23006de0f80a1c59db11f8014b","isMergeCommit":false,"messageTitle":"Add tag and untag function","messageBody":"","fileTypesAndContributionMap":{"functional-code":{"insertions":114,"deletions":19}}},{"hash":"bf479c00cdd8fd674e2b4e03f2337ddfddf36800","isMergeCommit":true,"messageTitle":"Merge branch \u0027master\u0027 of https://github.com/AY2324S2-CS2113-T12-4/tp","messageBody":"","fileTypesAndContributionMap":{}},{"hash":"2d328105723555accdd83ea2920590276530efac","isMergeCommit":false,"messageTitle":"Revert \"Add tag and untag function\"","messageBody":"This reverts commit 870a3d975a68ce23006de0f80a1c59db11f8014b.\n","fileTypesAndContributionMap":{"functional-code":{"insertions":19,"deletions":114}}},{"hash":"5d02bfc01219e20d04e2470a752da2fd93290e86","isMergeCommit":false,"messageTitle":"Add tag and untag function","messageBody":"","fileTypesAndContributionMap":{"functional-code":{"insertions":100,"deletions":1}}},{"hash":"07a3f94497c50266a2162f743cd32f358d3eb6ae","isMergeCommit":false,"messageTitle":"fix build gradle","messageBody":"","fileTypesAndContributionMap":{"functional-code":{"insertions":1,"deletions":1}}},{"hash":"4ae0e564f6025b039e6d954d2a20aaf678b1fcdd","isMergeCommit":false,"messageTitle":"edit build gradle","messageBody":"","fileTypesAndContributionMap":{"functional-code":{"insertions":1,"deletions":0}}},{"hash":"547c2aeb3041fa88b7099ba7220c314005ba28f9","isMergeCommit":true,"messageTitle":"Merge branch \u0027master\u0027 of https://github.com/ChenKangg/tp","messageBody":"","fileTypesAndContributionMap":{}},{"hash":"56615d8cd461c202d6d3fa73ba58dd2d4588436d","isMergeCommit":false,"messageTitle":"resolve conflict","messageBody":"","fileTypesAndContributionMap":{"functional-code":{"insertions":21,"deletions":21}}},{"hash":"eef32709a018cf94da7b6a905724b2bb4975aa19","isMergeCommit":false,"messageTitle":"fix error","messageBody":"","fileTypesAndContributionMap":{"functional-code":{"insertions":17,"deletions":18}}},{"hash":"173cc84e2440c6d35184c51696f9e3d9ab5641f1","isMergeCommit":false,"messageTitle":"fix indentation","messageBody":"","fileTypesAndContributionMap":{"functional-code":{"insertions":2,"deletions":2}}},{"hash":"459f3a9ce01d3b928597105a57af9dabd8862693","isMergeCommit":false,"messageTitle":"fix","messageBody":"","fileTypesAndContributionMap":{"functional-code":{"insertions":1,"deletions":1}}},{"hash":"a4b35887c81763e7a63fe6fa2bc151ae9a761d14","isMergeCommit":false,"messageTitle":"fix indent","messageBody":"","fileTypesAndContributionMap":{"functional-code":{"insertions":1,"deletions":0}}},{"hash":"be302695b7d522df0a65c33a0d608c4c96ab1446","isMergeCommit":false,"messageTitle":"indent","messageBody":"","fileTypesAndContributionMap":{"functional-code":{"insertions":3,"deletions":4},"test-code":{"insertions":2,"deletions":0}}},{"hash":"d3c1a898452c685e2dd2eed135a9d7403b4eb2eb","isMergeCommit":true,"messageTitle":"Merge pull request #53 from ChenKangg/master","messageBody":"Add tag and untag functions","fileTypesAndContributionMap":{}},{"hash":"07b580734b19cdf3ddf05fcd8efb5be9e75e1223","isMergeCommit":false,"messageTitle":"add JUnit test","messageBody":"","fileTypesAndContributionMap":{"test-code":{"insertions":24,"deletions":3}}},{"hash":"36a4f1ae87006f1a5c25bb9134e706a1a1821982","isMergeCommit":false,"messageTitle":"rename tests","messageBody":"","fileTypesAndContributionMap":{"test-code":{"insertions":2,"deletions":2}}},{"hash":"38bbbacb5076cb076b4505de5e034c12a9404667","isMergeCommit":false,"messageTitle":"Revert \"rename tests\"","messageBody":"This reverts commit 36a4f1ae87006f1a5c25bb9134e706a1a1821982.\n","fileTypesAndContributionMap":{"test-code":{"insertions":2,"deletions":2}}}]}],"annnniexu":[{"date":"2024-03-07","commitResults":[{"hash":"9a2bf2423882eb81819b428de12eb86125983ee7","isMergeCommit":false,"messageTitle":"annie about us","messageBody":"","fileTypesAndContributionMap":{"docs":{"insertions":3,"deletions":7}}},{"hash":"362d1b0177d802786cd8ac5245338cb751ca6b9b","isMergeCommit":true,"messageTitle":"Merge branch \u0027master\u0027 of https://github.com/annnniexu/tp annie merge","messageBody":"","fileTypesAndContributionMap":{}},{"hash":"e43fd861789d675ea5caef3f86d52197ee0ffddf","isMergeCommit":true,"messageTitle":"resilved conflict","messageBody":"","fileTypesAndContributionMap":{}},{"hash":"5f86b4779141481146eb7bb2e3043570b4de47a2","isMergeCommit":true,"messageTitle":"Merge pull request #4 from annnniexu/master","messageBody":"update about us","fileTypesAndContributionMap":{}}]},{"date":"2024-03-15","commitResults":[{"hash":"65fcad0b726a942892c0cd27add58e5c7c2cb171","isMergeCommit":false,"messageTitle":"added getNoTasksTest","messageBody":"","fileTypesAndContributionMap":{"functional-code":{"insertions":2,"deletions":2},"test-code":{"insertions":23,"deletions":0}}},{"hash":"1054e6947148cc2d9bc24accb54ee1e0dba30629","isMergeCommit":true,"messageTitle":"Merge pull request #27 from annnniexu/master","messageBody":"Added 1 test","fileTypesAndContributionMap":{}}]},{"date":"2024-03-19","commitResults":[{"hash":"36b5ec399ecbe8cab248f733e7d5a1103793df52","isMergeCommit":false,"messageTitle":"complete check/uncheck","messageBody":"","fileTypesAndContributionMap":{"functional-code":{"insertions":80,"deletions":1}}}]}]},"authorFileTypeContributionMap":{"ChinYanXu":{"docs":4,"functional-code":41,"test-code":6},"EugeneChanJiajun":{"docs":3,"functional-code":211,"test-code":44,"other":2},"daryltay415":{"docs":1,"functional-code":163,"test-code":18},"ChenKangg":{"docs":0,"functional-code":96,"test-code":25},"annnniexu":{"docs":0,"functional-code":57,"test-code":13}},"authorContributionVariance":{"ChinYanXu":98.965706,"EugeneChanJiajun":2206.003,"daryltay415":3336.691,"ChenKangg":8833.401,"annnniexu":254.60358},"authorDisplayNameMap":{"ChinYanXu":"CS2113-T12-4 CHIN..N XU","EugeneChanJiajun":"CS2113-T12-4 EUGE..AJUN","daryltay415":"CS2113-T12-4 DARY..KIAN","ChenKangg":"CS2113-T12-4 CHEO..KANG","annnniexu":"CS2113-T12-4 XU A..NNIE"}}
