{"authorDailyContributionsMap":{"Jamarcus111":[{"date":"2024-03-10","commitResults":[{"hash":"619a9e0c01487b212151df3751022d3969fb440c","isMergeCommit":false,"messageTitle":"update MA JIAJUN information","messageBody":"","fileTypesAndContributionMap":{"docs":{"insertions":7,"deletions":7}}},{"hash":"462258fa46a8151a1088923f1e907cb0bb8542ac","isMergeCommit":true,"messageTitle":"Merge branch \u0027master\u0027 into JAMARCUS-AboutUs","messageBody":"","fileTypesAndContributionMap":{}},{"hash":"0691a5e7c16ffcf395b028f5985d4bdfbc00aa56","isMergeCommit":true,"messageTitle":"Merge pull request #4 from Jamarcus111/JAMARCUS-AboutUs","messageBody":"update MA JIAJUN information","fileTypesAndContributionMap":{}}]},{"date":"2024-03-14","commitResults":[{"hash":"50bad5c43abc379fa8170921bca534ea5f301da8","isMergeCommit":false,"messageTitle":"Initialize Command for users","messageBody":"","fileTypesAndContributionMap":{"functional-code":{"insertions":27,"deletions":0}}},{"hash":"4bb0de2b7c4d104409a820a96de46824038dd5ee","isMergeCommit":false,"messageTitle":"Initilized commands both names and careers for users","messageBody":"","fileTypesAndContributionMap":{"functional-code":{"insertions":2,"deletions":2}}},{"hash":"337b0ed5b6a777aec05b515fdac9e68c055c3552","isMergeCommit":false,"messageTitle":"Solve format problem","messageBody":"","fileTypesAndContributionMap":{"functional-code":{"insertions":4,"deletions":2}}},{"hash":"a25c8fdb356671f33c6553d0dd98d1f966eda9e3","isMergeCommit":true,"messageTitle":"Merge pull request #11 from Jamarcus111/InitialCommand","messageBody":"Initial command","fileTypesAndContributionMap":{}},{"hash":"ca607236eb00c0e6dc04b59fbf0b6e88edacde5f","isMergeCommit":false,"messageTitle":"Add JUnit test for InitialCommand","messageBody":"","fileTypesAndContributionMap":{"functional-code":{"insertions":5,"deletions":0},"test-code":{"insertions":15,"deletions":0}}},{"hash":"bb4df4f55d61254c899d644512c63379378769a1","isMergeCommit":false,"messageTitle":"fix style","messageBody":"","fileTypesAndContributionMap":{"test-code":{"insertions":2,"deletions":2}}},{"hash":"734e9e1383dfcf3568091d23a2eeecdc94134c80","isMergeCommit":true,"messageTitle":"Merge pull request #18 from Jamarcus111/InitialCommand-JUnit","messageBody":"Add JUnit test for InitialCommand","fileTypesAndContributionMap":{}}]},{"date":"2024-03-20","commitResults":[{"hash":"80d54bb6a9fbbd661fd5eb2a2fedb2b69d31b254","isMergeCommit":true,"messageTitle":"Merge pull request #30 from ZMinghuiZ/branch-TypingGame","messageBody":"Add Typing game","fileTypesAndContributionMap":{}},{"hash":"8ae2ae830920352c72afcfbf5787890bf505d6e9","isMergeCommit":true,"messageTitle":"Merge pull request #33 from CXIA17/branch-MCQGame","messageBody":"Implement MCQ games","fileTypesAndContributionMap":{}},{"hash":"8b9acd162e6d728ebb8e01ddf98c607906008d83","isMergeCommit":false,"messageTitle":"Add check status command","messageBody":"","fileTypesAndContributionMap":{"functional-code":{"insertions":34,"deletions":2}}},{"hash":"cff4b599d7faa328aa796675d4d8d6bbe1d0cdcf","isMergeCommit":true,"messageTitle":"Merge branch \u0027master\u0027 into branch-update-userprofile","messageBody":"","fileTypesAndContributionMap":{}},{"hash":"29321c55a1d70cc8eb956b0b441c94541071c1a0","isMergeCommit":false,"messageTitle":"Add reward and punishment","messageBody":"","fileTypesAndContributionMap":{"functional-code":{"insertions":35,"deletions":15}}},{"hash":"66d57ae53727a2aab61b9c806161b902aada26ae","isMergeCommit":true,"messageTitle":"Merge pull request #34 from Jamarcus111/branch-update-userprofile","messageBody":"Branch update userprofile","tags":["v1.0"],"fileTypesAndContributionMap":{}}]},{"date":"2024-03-23","commitResults":[{"hash":"cbbbca7fffdf2aeb6b82de982a00216ea32eda1a","isMergeCommit":false,"messageTitle":"Add Assertion","messageBody":"","fileTypesAndContributionMap":{"functional-code":{"insertions":1,"deletions":0}}},{"hash":"aa49f7932ffaabf14a50518f322243e9f67a025b","isMergeCommit":true,"messageTitle":"Merge pull request #42 from Jamarcus111/branch-assertion","messageBody":"Add Assertion","fileTypesAndContributionMap":{}},{"hash":"9f014cc1d8338e223dae57214dc4ba0e6f0ddef6","isMergeCommit":false,"messageTitle":"add FinancialManagement basics","messageBody":"","fileTypesAndContributionMap":{"functional-code":{"insertions":150,"deletions":0}}},{"hash":"9473a9bef4cd0bbf17d85d4d6d0a5605f14cf3cb","isMergeCommit":true,"messageTitle":"Merge pull request #45 from Jamarcus111/branch-FinancialManagement","messageBody":"add FinancialManagement basics","fileTypesAndContributionMap":{}}]},{"date":"2024-03-26","commitResults":[{"hash":"ad27f4a543c0765a23784d48ce5b0b2d5bd068e6","isMergeCommit":false,"messageTitle":"Add partial Finacial","messageBody":"","fileTypesAndContributionMap":{"functional-code":{"insertions":151,"deletions":0}}},{"hash":"59bc048c04b3f6c8bab038c1af1857b93e797e3c","isMergeCommit":true,"messageTitle":"Merge pull request #68 from Jamarcus111/branch-Financial","messageBody":"Add partial Finacial","fileTypesAndContributionMap":{}}]},{"date":"2024-03-27","commitResults":[{"hash":"d35266899e5d2bbb18c71e260bf83d480b40fbab","isMergeCommit":false,"messageTitle":"Add user stories","messageBody":"","fileTypesAndContributionMap":{"docs":{"insertions":9,"deletions":5}}}]}],"ZMinghuiZ":[{"date":"2024-03-07","commitResults":[{"hash":"13db34d540149f2a4b039e12943ff69df5d407af","isMergeCommit":false,"messageTitle":"Update README.md","messageBody":"","fileTypesAndContributionMap":{"docs":{"insertions":2,"deletions":2}}}]},{"date":"2024-03-10","commitResults":[{"hash":"29c7c8c4cc85ca556cc616855f66d82d0d1d2fdc","isMergeCommit":false,"messageTitle":"Update Minghui information","messageBody":"","fileTypesAndContributionMap":{"docs":{"insertions":7,"deletions":7}}},{"hash":"960303414366879d3a9a96d20a5d9c98c633ba4d","isMergeCommit":true,"messageTitle":"Merge branch \u0027master\u0027 into LiKunjun-AboutUs","messageBody":"","fileTypesAndContributionMap":{}},{"hash":"157f959172e7b3f90487c58c59cc82485da3982d","isMergeCommit":true,"messageTitle":"Merge pull request #2 from StargazerX0/LiKunjun-AboutUs","messageBody":"update readme","fileTypesAndContributionMap":{}},{"hash":"6f944cd7f754685822838870ed6301f7822cecf1","isMergeCommit":true,"messageTitle":"Merge branch \u0027master\u0027 into Minghui-AboutUs","messageBody":"","fileTypesAndContributionMap":{}},{"hash":"0348bd745a21f7d9dbf037d568dcfce7d1974e3f","isMergeCommit":true,"messageTitle":"Merge pull request #3 from ZMinghuiZ/Minghui-AboutUs","messageBody":"Update Minghui information","fileTypesAndContributionMap":{}},{"hash":"1163a38f59495771a5c6d695d4cc814b327cecac","isMergeCommit":false,"messageTitle":"Delete extra file","messageBody":"","fileTypesAndContributionMap":{"docs":{"insertions":0,"deletions":6}}},{"hash":"5cb99d63c9bac0429475d7ccd0383fda26b49e19","isMergeCommit":true,"messageTitle":"Merge pull request #5 from ZMinghuiZ/Delete-Extra","messageBody":"Delete extra file","fileTypesAndContributionMap":{}}]},{"date":"2024-03-14","commitResults":[{"hash":"709f3abe6b0fc9bb7a8383f83d9b1a49f4f0c55c","isMergeCommit":false,"messageTitle":"Add Parser class","messageBody":"","fileTypesAndContributionMap":{"functional-code":{"insertions":69,"deletions":18}}},{"hash":"1921346700179cf5bc1f34dc012813082d901e72","isMergeCommit":false,"messageTitle":"Resolve formatting issue","messageBody":"","fileTypesAndContributionMap":{"functional-code":{"insertions":1,"deletions":3}}},{"hash":"e2dd7c87187bab4a5a60b5408d73d6ac2ce526ce","isMergeCommit":false,"messageTitle":"Add main","messageBody":"","fileTypesAndContributionMap":{"functional-code":{"insertions":1,"deletions":1}}},{"hash":"e29cfd08fa1e16f5f2b615ef89707ffd56bb5490","isMergeCommit":true,"messageTitle":"Merge pull request #17 from ZMinghuiZ/branch-Parser","messageBody":"Add Parser class","fileTypesAndContributionMap":{}},{"hash":"b8d66ab5e416ba2e449f46fd00d28dddb41d3269","isMergeCommit":false,"messageTitle":"Add JUnit test for Parser","messageBody":"","fileTypesAndContributionMap":{"functional-code":{"insertions":1,"deletions":1},"test-code":{"insertions":28,"deletions":0}}},{"hash":"1a57d7b594ee36270101da899a23106f6f57af40","isMergeCommit":false,"messageTitle":"Fix format","messageBody":"","fileTypesAndContributionMap":{"test-code":{"insertions":2,"deletions":2}}},{"hash":"4af7ae0a2989a93ac36330d3222ce71c512e24ff","isMergeCommit":true,"messageTitle":"Merge pull request #19 from ZMinghuiZ/JUnit-Parser","messageBody":"Add JUnit test parser","fileTypesAndContributionMap":{}}]},{"date":"2024-03-16","commitResults":[{"hash":"22bedab0061d0f2c43bbbd848cbc71c04b2c6383","isMergeCommit":false,"messageTitle":"Refactor the project","messageBody":"","fileTypesAndContributionMap":{"functional-code":{"insertions":142,"deletions":107},"other":{"insertions":13,"deletions":13},"docs":{"insertions":2,"deletions":2},"test-code":{"insertions":48,"deletions":43}}},{"hash":"06ae0a5c29f5cc8e7558d70edc53128af1cac764","isMergeCommit":true,"messageTitle":"Merge branch \u0027master\u0027 into branch-RefactorClasses","messageBody":"","fileTypesAndContributionMap":{}},{"hash":"658b645156ed9c774bfb7e99797679290e623868","isMergeCommit":false,"messageTitle":"Sync with upstream","messageBody":"","fileTypesAndContributionMap":{"other":{"insertions":2,"deletions":2}}},{"hash":"0f9d7f42dc04d4d5700878ced546893b9c6826f5","isMergeCommit":true,"messageTitle":"Merge pull request #24 from ZMinghuiZ/branch-RefactorClasses","messageBody":"Refactor the project","fileTypesAndContributionMap":{}}]},{"date":"2024-03-20","commitResults":[{"hash":"1948428d01963e6a23d9b526bd2271bf774a1d7b","isMergeCommit":false,"messageTitle":"Add TypingGame; Improve code quality","messageBody":"","fileTypesAndContributionMap":{"functional-code":{"insertions":152,"deletions":22}}},{"hash":"75943acf8e34f5d561f7d0c6d8b131522a34a9ce","isMergeCommit":false,"messageTitle":"Add more command; Make the code more OOP","messageBody":"","fileTypesAndContributionMap":{"functional-code":{"insertions":109,"deletions":26}}},{"hash":"8c3f1a5cf46861effdbb7e1f6bfbd55939aba031","isMergeCommit":false,"messageTitle":"Refine the code for v1.0","messageBody":"","fileTypesAndContributionMap":{"functional-code":{"insertions":52,"deletions":8}}},{"hash":"9891464bc4fe584e991e26eeaf2426d654da488c","isMergeCommit":false,"messageTitle":"Solve build issue","messageBody":"","fileTypesAndContributionMap":{"functional-code":{"insertions":3,"deletions":1},"test-code":{"insertions":1,"deletions":1}}}]},{"date":"2024-03-21","commitResults":[{"hash":"bbe1bc501685c5b34f037f1e6e85028209b38b8a","isMergeCommit":false,"messageTitle":"Add logging and assertion","messageBody":"","fileTypesAndContributionMap":{"functional-code":{"insertions":36,"deletions":10},"other":{"insertions":2,"deletions":1},"test-code":{"insertions":27,"deletions":12}}},{"hash":"482bcf6dcd9461e35465cf2ab6c7f8cbdd844eba","isMergeCommit":false,"messageTitle":"Add JUnit test for commandType class","messageBody":"","fileTypesAndContributionMap":{"functional-code":{"insertions":11,"deletions":10},"test-code":{"insertions":39,"deletions":0}}},{"hash":"400b94ad63d44511ac4732d9c1288d897fa1eb79","isMergeCommit":false,"messageTitle":"Fix build issue","messageBody":"","fileTypesAndContributionMap":{"functional-code":{"insertions":7,"deletions":8},"other":{"insertions":1,"deletions":1}}},{"hash":"441608e5822466870e1ed4f09e41500b9f96ffba","isMergeCommit":false,"messageTitle":"Resolve scanner error in EconoLogic","messageBody":"","fileTypesAndContributionMap":{"functional-code":{"insertions":7,"deletions":8}}},{"hash":"b2456997ff79f51bc93c9123da1605d2a24681b3","isMergeCommit":false,"messageTitle":"Handle no command entered exception","messageBody":"","fileTypesAndContributionMap":{"functional-code":{"insertions":15,"deletions":2},"other":{"insertions":1,"deletions":1}}},{"hash":"818853927668b2972e0f77739d864be8582e81a7","isMergeCommit":true,"messageTitle":"Merge pull request #38 from ZMinghuiZ/branch-AddTests","messageBody":"Branch add tests","fileTypesAndContributionMap":{}}]},{"date":"2024-03-23","commitResults":[{"hash":"93e1eb03e95b8b82806a9b718f95cadde57b6602","isMergeCommit":false,"messageTitle":"Wrap up version 1.0","messageBody":"","fileTypesAndContributionMap":{"functional-code":{"insertions":31,"deletions":10}}},{"hash":"df73763a0deec62ea34a0743eec30a5b3b5a2797","isMergeCommit":false,"messageTitle":"Fix command analysing bug","messageBody":"","fileTypesAndContributionMap":{"functional-code":{"insertions":1,"deletions":1}}},{"hash":"1529a886869e32fd8e7026d311d6379e831232c3","isMergeCommit":true,"messageTitle":"Merge pull request #44 from ZMinghuiZ/branch-Wrapup-v1.0","messageBody":"Branch wrapup v1.0","fileTypesAndContributionMap":{}}]},{"date":"2024-03-24","commitResults":[{"hash":"bc9ac968bc5e59435c0d4775fbb744ac1f3410ce","isMergeCommit":false,"messageTitle":"Update user guide for v1.0","messageBody":"","fileTypesAndContributionMap":{"docs":{"insertions":202,"deletions":26}}},{"hash":"14e94539015e35642332472465a2ab1a0ef89e4c","isMergeCommit":true,"messageTitle":"Merge pull request #59 from ZMinghuiZ/Update-UG-v1.0","messageBody":"Update user guide for v1.0","fileTypesAndContributionMap":{}},{"hash":"c1b1ee5705206059ed2988b98dc540671c352931","isMergeCommit":false,"messageTitle":"Update UserGuide.md","messageBody":"","fileTypesAndContributionMap":{"docs":{"insertions":1,"deletions":1}}},{"hash":"8bf795f1e2cdb9b3f90df8415653351589faea5d","isMergeCommit":true,"messageTitle":"Merge pull request #60 from AY2324S2-CS2113-T11-4/branch-Update-UG","messageBody":"Update UserGuide.md","fileTypesAndContributionMap":{}}]},{"date":"2024-03-25","commitResults":[{"hash":"e1e1d6987dc97e78adea09ea2249dc70b8bdd7dc","isMergeCommit":false,"messageTitle":"Add basic DG framework","messageBody":"","fileTypesAndContributionMap":{"functional-code":{"insertions":1,"deletions":1},"other":{"insertions":1,"deletions":1},"docs":{"insertions":95,"deletions":2},"test-code":{"insertions":1,"deletions":1}}},{"hash":"effb8a608caeb9872420c3704320a781ea4e9a2e","isMergeCommit":false,"messageTitle":"Add implementation for typing game.","messageBody":"","fileTypesAndContributionMap":{"docs":{"insertions":12,"deletions":1}}}]},{"date":"2024-03-26","commitResults":[{"hash":"2accc1160e383a352de165403bf0948f8d9f9875","isMergeCommit":false,"messageTitle":"Add some architecture and sequence diagram","messageBody":"","fileTypesAndContributionMap":{"docs":{"insertions":3,"deletions":4}}},{"hash":"34c520331227ced3a2518ad4d17b81057ded24bb","isMergeCommit":false,"messageTitle":"Add detailed diagram for DG","messageBody":"","fileTypesAndContributionMap":{"docs":{"insertions":31,"deletions":11}}},{"hash":"d9d9e58dd6c08e36c71d602ad12a5fe669797fea","isMergeCommit":false,"messageTitle":"Fix table of content bug","messageBody":"","fileTypesAndContributionMap":{"docs":{"insertions":17,"deletions":17}}},{"hash":"91783a35803be438e82cfed7c01c733fa73382ee","isMergeCommit":true,"messageTitle":"Merge pull request #66 from ZMinghuiZ/branch-Fix-DGbug","messageBody":"Fix table of content bug","fileTypesAndContributionMap":{}},{"hash":"0e0499209b83680a21e28560384a48c07fb1cf8d","isMergeCommit":false,"messageTitle":"Fix code quality issue","messageBody":"","fileTypesAndContributionMap":{"functional-code":{"insertions":2,"deletions":1}}},{"hash":"cfd77b28ab70e47fb778c964f4dedb18398ee403","isMergeCommit":true,"messageTitle":"Merge pull request #67 from ZMinghuiZ/Improve-Code-Quality","messageBody":"Fix code quality issue","fileTypesAndContributionMap":{}}]},{"date":"2024-03-27","commitResults":[{"hash":"28a623c4af9f3d0c38f5bee1ad1471051da483f5","isMergeCommit":false,"messageTitle":"Revert \"Add partial Finacial\"","messageBody":"","fileTypesAndContributionMap":{"functional-code":{"insertions":0,"deletions":151}}},{"hash":"60248959b646943a9672b104c988486bffb8199f","isMergeCommit":true,"messageTitle":"Merge pull request #69 from AY2324S2-CS2113-T11-4/revert-68-branch-Financial","messageBody":"Revert \"Add partial Finacial\" to fix CI check","fileTypesAndContributionMap":{}}]},{"date":"2024-03-28","commitResults":[{"hash":"df683b59e51bbcdb779f0d8b1f78508203905423","isMergeCommit":false,"messageTitle":"Add basic Company class","messageBody":"","fileTypesAndContributionMap":{"functional-code":{"insertions":21,"deletions":0}}},{"hash":"4b962514259105d5b05034a6733d5d5be4cb6ef2","isMergeCommit":true,"messageTitle":"Merge pull request #75 from ZMinghuiZ/branch-Basic-Company","messageBody":"Add basic Company class","fileTypesAndContributionMap":{}}]},{"date":"2024-03-30","commitResults":[{"hash":"f89e87a5b02da46875ea8c67c4416f772baa8263","isMergeCommit":false,"messageTitle":"Add round system for the game","messageBody":"","fileTypesAndContributionMap":{"functional-code":{"insertions":96,"deletions":22},"test-code":{"insertions":1,"deletions":1}}},{"hash":"1f1d98406eade4666967f0acfabb941f5590ad44","isMergeCommit":false,"messageTitle":"Add player upgrade system","messageBody":"","fileTypesAndContributionMap":{"functional-code":{"insertions":193,"deletions":20}}},{"hash":"2dfc2debf5ead04d05261ad05a2b6df4b639b5be","isMergeCommit":false,"messageTitle":"Add command to manage company","messageBody":"","fileTypesAndContributionMap":{"functional-code":{"insertions":170,"deletions":39}}},{"hash":"e8d501652da88888953208117f89671e78c99337","isMergeCommit":true,"messageTitle":"Merge pull request #77 from AY2324S2-CS2113-T11-4/add-company-storage","messageBody":"add-company-storage","fileTypesAndContributionMap":{}}]},{"date":"2024-03-31","commitResults":[{"hash":"0345e80477accbc751116e463124cbdd13d7c66b","isMergeCommit":true,"messageTitle":"Merge pull request #78 from StargazerX0/add-file-exception","messageBody":"add-file-exception","fileTypesAndContributionMap":{}},{"hash":"063972539c80c8abacf62045a94857c887027ee9","isMergeCommit":true,"messageTitle":"Merge pull request #79 from StargazerX0/random-typing-game","messageBody":"Add randomness to typing game","fileTypesAndContributionMap":{}},{"hash":"ba7db81985cfea1664234a268d53397fbdca1806","isMergeCommit":false,"messageTitle":"Develop basic RandomEvent feature","messageBody":"","fileTypesAndContributionMap":{"functional-code":{"insertions":480,"deletions":14},"test-code":{"insertions":1,"deletions":6}}},{"hash":"d58bcb40671ffc3b1d36d69052f1735495e9d7ba","isMergeCommit":false,"messageTitle":"Add RandomEvent feature to gamePlay","messageBody":"","fileTypesAndContributionMap":{"functional-code":{"insertions":47,"deletions":42},"test-code":{"insertions":13,"deletions":0}}},{"hash":"4e00f11012772203100b9bc1d635aa492717e068","isMergeCommit":false,"messageTitle":"Fix bugs from RandomEvent","messageBody":"","fileTypesAndContributionMap":{"functional-code":{"insertions":55,"deletions":11}}},{"hash":"2af5e01ebd45c60163edd4fc0b36636063e895bb","isMergeCommit":false,"messageTitle":"Add files to support future changes","messageBody":"","fileTypesAndContributionMap":{"functional-code":{"insertions":21,"deletions":0}}},{"hash":"d4525b27761d0206455003a2974b2bab23d8f958","isMergeCommit":true,"messageTitle":"Merge pull request #80 from ZMinghuiZ/branch-RandomEvent","messageBody":"Branch random event","fileTypesAndContributionMap":{}}]}],"StargazerX0":[{"date":"2024-03-10","commitResults":[{"hash":"03c2cbe4b49d1c9f99b7b6ad52bf874ab05d9470","isMergeCommit":false,"messageTitle":"update readme","messageBody":"","fileTypesAndContributionMap":{"docs":{"insertions":7,"deletions":7}}}]},{"date":"2024-03-14","commitResults":[{"hash":"4f2aac4f65494acfdb64fff4937b395deeead72c","isMergeCommit":false,"messageTitle":"add responseManager","messageBody":"","fileTypesAndContributionMap":{"functional-code":{"insertions":27,"deletions":5}}},{"hash":"761873f14df936c6665c2d161c26056289601aa1","isMergeCommit":false,"messageTitle":"Resolve format issue for Response Manager","messageBody":"","fileTypesAndContributionMap":{"functional-code":{"insertions":2,"deletions":1},"other":{"insertions":3,"deletions":3}}},{"hash":"ce452c75ee0e8ea7ba091fb6e4bdb47916c992e1","isMergeCommit":true,"messageTitle":"Merge pull request #15 from StargazerX0/responseManager","messageBody":"Add responseManager","fileTypesAndContributionMap":{}},{"hash":"c97228337d083b473853143c3286eedfef4a7b4b","isMergeCommit":false,"messageTitle":" add ResponseManager test","messageBody":"","fileTypesAndContributionMap":{"test-code":{"insertions":53,"deletions":0}}},{"hash":"796ee03fab2fd32f499d41ad7ded553841896f81","isMergeCommit":true,"messageTitle":"Merge pull request #22 from StargazerX0/testResponseManager","messageBody":" add ResponseManager test","fileTypesAndContributionMap":{}}]},{"date":"2024-03-17","commitResults":[{"hash":"64850a162383f00f56f0c142c7a3ea71a9369e91","isMergeCommit":false,"messageTitle":"add tic tac toe game","messageBody":"","fileTypesAndContributionMap":{"functional-code":{"insertions":148,"deletions":0}}},{"hash":"ae82e75d69608ab2525ea2aa0d99baeeb45fa9f8","isMergeCommit":true,"messageTitle":"temp","messageBody":"","fileTypesAndContributionMap":{}},{"hash":"203b213935d7ff0cac95d3c28a2ab2b5c4540b67","isMergeCommit":false,"messageTitle":"fix merge conflict","messageBody":"","fileTypesAndContributionMap":{"functional-code":{"insertions":145,"deletions":111},"other":{"insertions":13,"deletions":13},"test-code":{"insertions":81,"deletions":43}}},{"hash":"3ba102bc67e0b9428074a7dfc5ac1a77ea8d8347","isMergeCommit":true,"messageTitle":"Merge branch \u0027master\u0027 into branch-tic-tac-toe","messageBody":"","fileTypesAndContributionMap":{}},{"hash":"9d19ac2734dcdf993a693e56d086a8ba88a054e4","isMergeCommit":true,"messageTitle":"Merge pull request #28 from StargazerX0/branch-tic-tac-toe","messageBody":"add tic tac toe game #28 ","fileTypesAndContributionMap":{}},{"hash":"c8edc25098eaff651e35d25ef8ff710df946ecad","isMergeCommit":true,"messageTitle":"temp","messageBody":"","fileTypesAndContributionMap":{}}]},{"date":"2024-03-20","commitResults":[{"hash":"58a057d0ec5010a7abb48e37716e9c4d1ab01be0","isMergeCommit":true,"messageTitle":"Merge branch \u0027master\u0027 of https://github.com/AY2324S2-CS2113-T11-4/tp","messageBody":"","fileTypesAndContributionMap":{}},{"hash":"69e7b333467dd065403c416e1d106d1ac383fc34","isMergeCommit":false,"messageTitle":"integrate tac game","messageBody":"","fileTypesAndContributionMap":{"functional-code":{"insertions":17,"deletions":2},"other":{"insertions":35,"deletions":22}}}]},{"date":"2024-03-21","commitResults":[{"hash":"06f5f363f29aa3052639b8b380e4b20c4bdf5eef","isMergeCommit":false,"messageTitle":"branch-fix-tag-game","messageBody":"","fileTypesAndContributionMap":{"functional-code":{"insertions":64,"deletions":24}}},{"hash":"41463f6c6a5b60724ea03190cba248890962e804","isMergeCommit":true,"messageTitle":"Merge pull request #39 from StargazerX0/branch-fix-tag-game","messageBody":"branch-fix-tag-game","fileTypesAndContributionMap":{}}]},{"date":"2024-03-22","commitResults":[{"hash":"f7877f981fc240261758001be79a2b5e2e751f16","isMergeCommit":false,"messageTitle":"add logging and assertions to tac game","messageBody":"","fileTypesAndContributionMap":{"functional-code":{"insertions":8,"deletions":0}}},{"hash":"11f1524ca820a71a2f1d709450df5d6390545fe5","isMergeCommit":true,"messageTitle":"Merge pull request #40 from StargazerX0/branch-tag-game-logging-assertions","messageBody":"add logging and assertions to tac game","fileTypesAndContributionMap":{}}]},{"date":"2024-03-27","commitResults":[{"hash":"8534404a5b6d90defd0ec971428fe2806d13b690","isMergeCommit":false,"messageTitle":"add developer user guide for tic tac toe game","messageBody":"","fileTypesAndContributionMap":{"docs":{"insertions":9,"deletions":1}}},{"hash":"cafbf14b58dc721872691d6eac2f6b75745667a2","isMergeCommit":false,"messageTitle":"add developer user guide for tic tac toe game","messageBody":"","fileTypesAndContributionMap":{"docs":{"insertions":9,"deletions":1}}},{"hash":"73ed5aafd4270cbaecfdfd8bcb203d792767a582","isMergeCommit":true,"messageTitle":"Merge pull request #71 from StargazerX0/tic-tac-toe-DG","messageBody":"add developer user guide for tic tac toe game","fileTypesAndContributionMap":{}},{"hash":"d20d0f4dba42ddb13b590305f681eee17e4434c8","isMergeCommit":false,"messageTitle":"add support for saving player profile and reloading","messageBody":"","fileTypesAndContributionMap":{"functional-code":{"insertions":138,"deletions":18}}},{"hash":"62e2b5959debde68857e1ab4b079a497e1026849","isMergeCommit":true,"messageTitle":"Merge branch \u0027master\u0027 of https://github.com/AY2324S2-CS2113-T11-4/tp into branch-save-playerprofile","messageBody":"","fileTypesAndContributionMap":{}}]},{"date":"2024-03-30","commitResults":[{"hash":"28f047c944284f4f000ee4072a6984045cd15dba","isMergeCommit":true,"messageTitle":"Merge pull request #76 from ZMinghuiZ/branch-Company-System","messageBody":"Branch company system","fileTypesAndContributionMap":{}},{"hash":"d1dbd9138e190413ae24fd90ac2e013e41ac8b2d","isMergeCommit":false,"messageTitle":"add-company-storage","messageBody":"","fileTypesAndContributionMap":{"functional-code":{"insertions":82,"deletions":23}}}]},{"date":"2024-03-31","commitResults":[{"hash":"d0932a36e5b0772e8e8dbe8e2d09a23455da2fd3","isMergeCommit":false,"messageTitle":"add-file-exception","messageBody":"","fileTypesAndContributionMap":{"functional-code":{"insertions":103,"deletions":57}}},{"hash":"ac4ceedbb67a36a0ee25d9d7c3014579df742b16","isMergeCommit":false,"messageTitle":"add randomness to typing game","messageBody":"","fileTypesAndContributionMap":{"functional-code":{"insertions":36,"deletions":8}}}]}],"CXIA17":[{"date":"2024-03-10","commitResults":[{"hash":"6e7b843f1f72004100bcab708d572cf762b65db2","isMergeCommit":false,"messageTitle":"Update AboutUS","messageBody":"","fileTypesAndContributionMap":{"docs":{"insertions":7,"deletions":7}}},{"hash":"29794cd057b51959fb2b2127d85b3f218955ed5b","isMergeCommit":true,"messageTitle":"Merge pull request #1 from CXIA17/branch-AboutUS-XC","messageBody":"Update AboutUS","fileTypesAndContributionMap":{}}]},{"date":"2024-03-14","commitResults":[{"hash":"9143a06a074712f1a7ed1cf73077370167b6529c","isMergeCommit":false,"messageTitle":"Add user profile","messageBody":"","fileTypesAndContributionMap":{"functional-code":{"insertions":78,"deletions":0}}},{"hash":"63b7e5ff1b7d3b4a1f2868ec6d84c722416bb815","isMergeCommit":true,"messageTitle":"Merge pull request #14 from CXIA17/branch-UserProfile","messageBody":"Add user profile","fileTypesAndContributionMap":{}},{"hash":"b67a7f8c7f589f79da7d3a70f3eaec7089e83891","isMergeCommit":false,"messageTitle":"Improve style for JUnit","messageBody":"","fileTypesAndContributionMap":{"functional-code":{"insertions":4,"deletions":0},"test-code":{"insertions":39,"deletions":0}}},{"hash":"8cab0f00121356632c3d340f2cc2e46239402442","isMergeCommit":true,"messageTitle":"Merge pull request #21 from CXIA17/branch-JUnit","messageBody":"Improve style for JUnit","fileTypesAndContributionMap":{}}]},{"date":"2024-03-16","commitResults":[{"hash":"54492fb36d9074e84c0e0dd723fb29c4ff173de2","isMergeCommit":false,"messageTitle":"Remove redundant code","messageBody":"","fileTypesAndContributionMap":{"test-code":{"insertions":0,"deletions":20}}},{"hash":"de55fc3fe0a2bcefd4189d4c1e44829d06266edc","isMergeCommit":true,"messageTitle":"Merge pull request #25 from CXIA17/branch-RemoveExtra","messageBody":"Remove redundant code","fileTypesAndContributionMap":{}}]},{"date":"2024-03-20","commitResults":[{"hash":"5f4ddf7ea60499103559bb5522909eb23733bf7c","isMergeCommit":true,"messageTitle":"Merge pull request #32 from StargazerX0/branch-integrate-tac-game","messageBody":"Branch integrate tac game","fileTypesAndContributionMap":{}},{"hash":"e1cae05a01fcf8ac9fc35d92d8d852e206a6fb83","isMergeCommit":false,"messageTitle":"Implement MCQ games","messageBody":"","fileTypesAndContributionMap":{"functional-code":{"insertions":84,"deletions":1}}},{"hash":"a077704d958dfb12b81ea5b9bb0da348a8dbbb80","isMergeCommit":false,"messageTitle":"Implement style change","messageBody":"","fileTypesAndContributionMap":{"functional-code":{"insertions":2,"deletions":1}}}]},{"date":"2024-03-21","commitResults":[{"hash":"6fac4a4eda39ef7931e1ab7a5ca2e19b6f8aabce","isMergeCommit":true,"messageTitle":"Merge pull request #35 from ZMinghuiZ/branch-Refinement","messageBody":"Refine the code for v1.0","fileTypesAndContributionMap":{}},{"hash":"e83f71cf6966380fcf760ef38997d66da8981fc3","isMergeCommit":false,"messageTitle":"Implement assertion and logging","messageBody":"","fileTypesAndContributionMap":{"functional-code":{"insertions":5,"deletions":0},"other":{"insertions":5,"deletions":1}}},{"hash":"2edd7ee1c44513c0c0e6f397560d27a7432f1e54","isMergeCommit":false,"messageTitle":"fix input exception","messageBody":"","fileTypesAndContributionMap":{"functional-code":{"insertions":1,"deletions":0}}},{"hash":"3c933e4526b4972b6da6cd6633203484391d9532","isMergeCommit":true,"messageTitle":"Merge branch \u0027master\u0027 into branch-AssertAndLog","messageBody":"","fileTypesAndContributionMap":{}},{"hash":"95ec510d43d6380b086ffb65609762fd661d9e1f","isMergeCommit":false,"messageTitle":"Implement assertion and logging","messageBody":"","fileTypesAndContributionMap":{"other":{"insertions":1,"deletions":1}}},{"hash":"441273309a214e776cbdc69f6a9c0c10d97f5943","isMergeCommit":true,"messageTitle":"Merge pull request #36 from CXIA17/branch-AssertAndLog","messageBody":"Implement assertion and logging","fileTypesAndContributionMap":{}}]},{"date":"2024-03-23","commitResults":[{"hash":"baf6ea1c1f06ba9ffd1355ca68422c7d4096afdd","isMergeCommit":false,"messageTitle":"Revert \"add FinancialManagement basics\"","messageBody":"","fileTypesAndContributionMap":{"functional-code":{"insertions":0,"deletions":150}}},{"hash":"ee5fdb75381a1e459acdd735b2f1df5bee081d59","isMergeCommit":true,"messageTitle":"Merge pull request #46 from AY2324S2-CS2113-T11-4/revert-45-branch-FinancialManagement","messageBody":"Revert \"add FinancialManagement basics\"","fileTypesAndContributionMap":{}}]},{"date":"2024-03-26","commitResults":[{"hash":"f181ea1de21f42dad0836ad66c0d810f7cb729ee","isMergeCommit":true,"messageTitle":"Merge pull request #65 from ZMinghuiZ/branch-Update-DG","messageBody":"Branch Update Developer Guide","fileTypesAndContributionMap":{}}]},{"date":"2024-03-27","commitResults":[{"hash":"e0250c0c621fc8df89057b3c2379eb421a453cdf","isMergeCommit":true,"messageTitle":"Merge pull request #70 from Jamarcus111/branchDG","messageBody":"Add user stories","fileTypesAndContributionMap":{}},{"hash":"cc4201b3105f938a979e6d244fc71ceb7707de73","isMergeCommit":false,"messageTitle":"Update user stories","messageBody":"","fileTypesAndContributionMap":{"functional-code":{"insertions":342,"deletions":1},"docs":{"insertions":38,"deletions":9}}},{"hash":"8c5c13512c326d8fc247ca8e52562c4bc91ebdff","isMergeCommit":false,"messageTitle":"Update Minigame component for developer guide","messageBody":"","fileTypesAndContributionMap":{"docs":{"insertions":6,"deletions":1}}},{"hash":"d7724012f87dda1dba78755f9afaf03a0b954b1a","isMergeCommit":false,"messageTitle":"Fix declaration order in classes","messageBody":"","fileTypesAndContributionMap":{"functional-code":{"insertions":11,"deletions":11}}},{"hash":"2f98032581b62f7c49bca846528d523a67eb8f53","isMergeCommit":true,"messageTitle":"Merge pull request #72 from CXIA17/branch-DG","messageBody":"Branch dg","fileTypesAndContributionMap":{}},{"hash":"4f67738f69e0d15e7e37dbe9039e69dfc6cf3204","isMergeCommit":true,"messageTitle":"Merge pull request #73 from AY2324S2-CS2113-T11-4/branch-save-playerprofile","messageBody":"Branch save playerprofile","fileTypesAndContributionMap":{}}]},{"date":"2024-03-31","commitResults":[{"hash":"d680ce695a157c70b6f5594ebbc2fbd3a787cb8e","isMergeCommit":false,"messageTitle":"Implement stock game","messageBody":"","fileTypesAndContributionMap":{"functional-code":{"insertions":353,"deletions":8}}},{"hash":"f425e48ea5797ea07416c10de24c0692eecbd1be","isMergeCommit":false,"messageTitle":"Implement hidden information based on player\u0027s occupation","messageBody":"","fileTypesAndContributionMap":{"functional-code":{"insertions":74,"deletions":22}}},{"hash":"ce452befa4248e657ce1de7a5a2b49e4967482fe","isMergeCommit":false,"messageTitle":"Prevent users from buying stocks they cannot afford","messageBody":"","fileTypesAndContributionMap":{"functional-code":{"insertions":50,"deletions":0}}}]},{"date":"2024-04-01","commitResults":[{"hash":"3d5d841f25b4e1e1f76a06840ab6cb8415a17720","isMergeCommit":false,"messageTitle":"Enable user to purchase and sell stock","messageBody":"","fileTypesAndContributionMap":{"functional-code":{"insertions":136,"deletions":14}}},{"hash":"4a6279cbf9ec1418edf7804efceb0f376da78fd5","isMergeCommit":false,"messageTitle":"Include instructions for new commands","messageBody":"","fileTypesAndContributionMap":{"functional-code":{"insertions":1,"deletions":0}}},{"hash":"9e7090dcff38b5b25a2e9fe60eb18cc74f332f98","isMergeCommit":false,"messageTitle":"Fixed error in coding style","messageBody":"","fileTypesAndContributionMap":{"functional-code":{"insertions":0,"deletions":1}}},{"hash":"e0132b3769e480603dbc829ef9d6e60e8b2ffa69","isMergeCommit":true,"messageTitle":"Merge pull request #81 from CXIA17/branch-Stock","messageBody":"Branch stock","fileTypesAndContributionMap":{}}]}]},"authorFileTypeContributionMap":{"Jamarcus111":{"docs":8,"functional-code":52,"test-code":0},"ZMinghuiZ":{"docs":330,"functional-code":1400,"test-code":123},"StargazerX0":{"docs":9,"functional-code":504,"test-code":31},"CXIA17":{"docs":35,"functional-code":1053,"test-code":28,"other":4}},"authorContributionVariance":{"Jamarcus111":1314.7926,"ZMinghuiZ":25075.816,"StargazerX0":9449.734,"CXIA17":11406.327},"authorDisplayNameMap":{"Jamarcus111":"CS2113-T11-4 MA J..AJUN","ZMinghuiZ":"CS2113-T11-4 ZHU ..GHUI","StargazerX0":"CS2113-T11-4 LI K..NJUN","CXIA17":"CS2113-T11-4 XIA ..CONG"}}
