{"authorDailyContributionsMap":{"Jamarcus111":[{"date":"2024-03-10","commitResults":[{"hash":"619a9e0c01487b212151df3751022d3969fb440c","isMergeCommit":false,"messageTitle":"update MA JIAJUN information","messageBody":"","fileTypesAndContributionMap":{"docs":{"insertions":7,"deletions":7}}},{"hash":"462258fa46a8151a1088923f1e907cb0bb8542ac","isMergeCommit":true,"messageTitle":"Merge branch \u0027master\u0027 into JAMARCUS-AboutUs","messageBody":"","fileTypesAndContributionMap":{}},{"hash":"0691a5e7c16ffcf395b028f5985d4bdfbc00aa56","isMergeCommit":true,"messageTitle":"Merge pull request #4 from Jamarcus111/JAMARCUS-AboutUs","messageBody":"update MA JIAJUN information","fileTypesAndContributionMap":{}}]},{"date":"2024-03-14","commitResults":[{"hash":"50bad5c43abc379fa8170921bca534ea5f301da8","isMergeCommit":false,"messageTitle":"Initialize Command for users","messageBody":"","fileTypesAndContributionMap":{"functional-code":{"insertions":27,"deletions":0}}},{"hash":"4bb0de2b7c4d104409a820a96de46824038dd5ee","isMergeCommit":false,"messageTitle":"Initilized commands both names and careers for users","messageBody":"","fileTypesAndContributionMap":{"functional-code":{"insertions":2,"deletions":2}}},{"hash":"337b0ed5b6a777aec05b515fdac9e68c055c3552","isMergeCommit":false,"messageTitle":"Solve format problem","messageBody":"","fileTypesAndContributionMap":{"functional-code":{"insertions":4,"deletions":2}}},{"hash":"a25c8fdb356671f33c6553d0dd98d1f966eda9e3","isMergeCommit":true,"messageTitle":"Merge pull request #11 from Jamarcus111/InitialCommand","messageBody":"Initial command","fileTypesAndContributionMap":{}},{"hash":"ca607236eb00c0e6dc04b59fbf0b6e88edacde5f","isMergeCommit":false,"messageTitle":"Add JUnit test for InitialCommand","messageBody":"","fileTypesAndContributionMap":{"functional-code":{"insertions":5,"deletions":0},"test-code":{"insertions":15,"deletions":0}}},{"hash":"bb4df4f55d61254c899d644512c63379378769a1","isMergeCommit":false,"messageTitle":"fix style","messageBody":"","fileTypesAndContributionMap":{"test-code":{"insertions":2,"deletions":2}}},{"hash":"734e9e1383dfcf3568091d23a2eeecdc94134c80","isMergeCommit":true,"messageTitle":"Merge pull request #18 from Jamarcus111/InitialCommand-JUnit","messageBody":"Add JUnit test for InitialCommand","fileTypesAndContributionMap":{}}]}],"ZMinghuiZ":[{"date":"2024-03-07","commitResults":[{"hash":"13db34d540149f2a4b039e12943ff69df5d407af","isMergeCommit":false,"messageTitle":"Update README.md","messageBody":"","fileTypesAndContributionMap":{"docs":{"insertions":2,"deletions":2}}}]},{"date":"2024-03-10","commitResults":[{"hash":"29c7c8c4cc85ca556cc616855f66d82d0d1d2fdc","isMergeCommit":false,"messageTitle":"Update Minghui information","messageBody":"","fileTypesAndContributionMap":{"docs":{"insertions":7,"deletions":7}}},{"hash":"960303414366879d3a9a96d20a5d9c98c633ba4d","isMergeCommit":true,"messageTitle":"Merge branch \u0027master\u0027 into LiKunjun-AboutUs","messageBody":"","fileTypesAndContributionMap":{}},{"hash":"157f959172e7b3f90487c58c59cc82485da3982d","isMergeCommit":true,"messageTitle":"Merge pull request #2 from StargazerX0/LiKunjun-AboutUs","messageBody":"update readme","fileTypesAndContributionMap":{}},{"hash":"6f944cd7f754685822838870ed6301f7822cecf1","isMergeCommit":true,"messageTitle":"Merge branch \u0027master\u0027 into Minghui-AboutUs","messageBody":"","fileTypesAndContributionMap":{}},{"hash":"0348bd745a21f7d9dbf037d568dcfce7d1974e3f","isMergeCommit":true,"messageTitle":"Merge pull request #3 from ZMinghuiZ/Minghui-AboutUs","messageBody":"Update Minghui information","fileTypesAndContributionMap":{}},{"hash":"1163a38f59495771a5c6d695d4cc814b327cecac","isMergeCommit":false,"messageTitle":"Delete extra file","messageBody":"","fileTypesAndContributionMap":{"docs":{"insertions":0,"deletions":6}}},{"hash":"5cb99d63c9bac0429475d7ccd0383fda26b49e19","isMergeCommit":true,"messageTitle":"Merge pull request #5 from ZMinghuiZ/Delete-Extra","messageBody":"Delete extra file","fileTypesAndContributionMap":{}}]},{"date":"2024-03-14","commitResults":[{"hash":"709f3abe6b0fc9bb7a8383f83d9b1a49f4f0c55c","isMergeCommit":false,"messageTitle":"Add Parser class","messageBody":"","fileTypesAndContributionMap":{"functional-code":{"insertions":69,"deletions":18}}},{"hash":"1921346700179cf5bc1f34dc012813082d901e72","isMergeCommit":false,"messageTitle":"Resolve formatting issue","messageBody":"","fileTypesAndContributionMap":{"functional-code":{"insertions":1,"deletions":3}}},{"hash":"e2dd7c87187bab4a5a60b5408d73d6ac2ce526ce","isMergeCommit":false,"messageTitle":"Add main","messageBody":"","fileTypesAndContributionMap":{"functional-code":{"insertions":1,"deletions":1}}},{"hash":"e29cfd08fa1e16f5f2b615ef89707ffd56bb5490","isMergeCommit":true,"messageTitle":"Merge pull request #17 from ZMinghuiZ/branch-Parser","messageBody":"Add Parser class","fileTypesAndContributionMap":{}},{"hash":"b8d66ab5e416ba2e449f46fd00d28dddb41d3269","isMergeCommit":false,"messageTitle":"Add JUnit test for Parser","messageBody":"","fileTypesAndContributionMap":{"functional-code":{"insertions":1,"deletions":1},"test-code":{"insertions":28,"deletions":0}}},{"hash":"1a57d7b594ee36270101da899a23106f6f57af40","isMergeCommit":false,"messageTitle":"Fix format","messageBody":"","fileTypesAndContributionMap":{"test-code":{"insertions":2,"deletions":2}}},{"hash":"4af7ae0a2989a93ac36330d3222ce71c512e24ff","isMergeCommit":true,"messageTitle":"Merge pull request #19 from ZMinghuiZ/JUnit-Parser","messageBody":"Add JUnit test parser","fileTypesAndContributionMap":{}}]}],"StargazerX0":[{"date":"2024-03-10","commitResults":[{"hash":"03c2cbe4b49d1c9f99b7b6ad52bf874ab05d9470","isMergeCommit":false,"messageTitle":"update readme","messageBody":"","fileTypesAndContributionMap":{"docs":{"insertions":7,"deletions":7}}}]},{"date":"2024-03-14","commitResults":[{"hash":"4f2aac4f65494acfdb64fff4937b395deeead72c","isMergeCommit":false,"messageTitle":"add responseManager","messageBody":"","fileTypesAndContributionMap":{"functional-code":{"insertions":27,"deletions":5}}},{"hash":"761873f14df936c6665c2d161c26056289601aa1","isMergeCommit":false,"messageTitle":"Resolve format issue for Response Manager","messageBody":"","fileTypesAndContributionMap":{"functional-code":{"insertions":2,"deletions":1},"other":{"insertions":3,"deletions":3}}},{"hash":"ce452c75ee0e8ea7ba091fb6e4bdb47916c992e1","isMergeCommit":true,"messageTitle":"Merge pull request #15 from StargazerX0/responseManager","messageBody":"Add responseManager","fileTypesAndContributionMap":{}},{"hash":"c97228337d083b473853143c3286eedfef4a7b4b","isMergeCommit":false,"messageTitle":" add ResponseManager test","messageBody":"","fileTypesAndContributionMap":{"test-code":{"insertions":53,"deletions":0}}},{"hash":"796ee03fab2fd32f499d41ad7ded553841896f81","isMergeCommit":true,"messageTitle":"Merge pull request #22 from StargazerX0/testResponseManager","messageBody":" add ResponseManager test","fileTypesAndContributionMap":{}}]}],"CXIA17":[{"date":"2024-03-10","commitResults":[{"hash":"6e7b843f1f72004100bcab708d572cf762b65db2","isMergeCommit":false,"messageTitle":"Update AboutUS","messageBody":"","fileTypesAndContributionMap":{"docs":{"insertions":7,"deletions":7}}},{"hash":"29794cd057b51959fb2b2127d85b3f218955ed5b","isMergeCommit":true,"messageTitle":"Merge pull request #1 from CXIA17/branch-AboutUS-XC","messageBody":"Update AboutUS","fileTypesAndContributionMap":{}}]},{"date":"2024-03-14","commitResults":[{"hash":"9143a06a074712f1a7ed1cf73077370167b6529c","isMergeCommit":false,"messageTitle":"Add user profile","messageBody":"","fileTypesAndContributionMap":{"functional-code":{"insertions":78,"deletions":0}}},{"hash":"63b7e5ff1b7d3b4a1f2868ec6d84c722416bb815","isMergeCommit":true,"messageTitle":"Merge pull request #14 from CXIA17/branch-UserProfile","messageBody":"Add user profile","fileTypesAndContributionMap":{}},{"hash":"b67a7f8c7f589f79da7d3a70f3eaec7089e83891","isMergeCommit":false,"messageTitle":"Improve style for JUnit","messageBody":"","fileTypesAndContributionMap":{"functional-code":{"insertions":4,"deletions":0},"test-code":{"insertions":39,"deletions":0}}},{"hash":"8cab0f00121356632c3d340f2cc2e46239402442","isMergeCommit":true,"messageTitle":"Merge pull request #21 from CXIA17/branch-JUnit","messageBody":"Improve style for JUnit","fileTypesAndContributionMap":{}}]}]},"authorFileTypeContributionMap":{"Jamarcus111":{"docs":3,"functional-code":22,"test-code":15},"ZMinghuiZ":{"docs":7,"functional-code":66,"test-code":28},"StargazerX0":{"docs":0,"functional-code":27,"test-code":53},"CXIA17":{"docs":0,"functional-code":73,"test-code":39}},"authorContributionVariance":{"Jamarcus111":173.76869,"ZMinghuiZ":736.1542,"StargazerX0":403.64624,"CXIA17":665.19727},"authorDisplayNameMap":{"Jamarcus111":"CS2113-T11-4 MA J..AJUN","ZMinghuiZ":"CS2113-T11-4 ZHU ..GHUI","StargazerX0":"CS2113-T11-4 LI K..NJUN","CXIA17":"CS2113-T11-4 XIA ..CONG"}}
