{"authorDailyContributionsMap":{"liuzehui03":[{"date":"2024-03-08","commitResults":[{"hash":"b3a9f306cdced92634800de7acaf268a997cb3d8","isMergeCommit":false,"messageTitle":"hehe","messageBody":"","fileTypesAndContributionMap":{"docs":{"insertions":4,"deletions":7}}},{"hash":"f7f0a66df5be808297b304a03da15c532ea23575","isMergeCommit":false,"messageTitle":"Revert \"hehe\"","messageBody":"This reverts commit b3a9f306cdced92634800de7acaf268a997cb3d8.\n","fileTypesAndContributionMap":{"docs":{"insertions":7,"deletions":4}}},{"hash":"6886d51205c72e44bf3f1d2c5980188104ee0adf","isMergeCommit":false,"messageTitle":"about us","messageBody":"","fileTypesAndContributionMap":{"docs":{"insertions":4,"deletions":7}}},{"hash":"cf45ac0e59d81c29dc77feeb5d74b5e28ada533d","isMergeCommit":true,"messageTitle":"Merge branch \u0027master\u0027 of https://github.com/AY2324S2-CS2113-F15-4/tp into Joy-AboutUs","messageBody":"# Conflicts:\n#\tdocs/AboutUs.md\n","fileTypesAndContributionMap":{}},{"hash":"2dc4498a631a4250287b72961960a3812806bdfa","isMergeCommit":true,"messageTitle":"Merge branch \u0027master\u0027 of https://github.com/AY2324S2-CS2113-F15-4/tp into Joy-AboutUs","messageBody":"# Conflicts:\n#\tdocs/AboutUs.md\n","fileTypesAndContributionMap":{}},{"hash":"60bebe2a03e55f6fc14f007d699023a79f5091bc","isMergeCommit":true,"messageTitle":"Merge pull request #3 from liuzehui03/Joy-AboutUs","messageBody":"Joy about us","fileTypesAndContributionMap":{}}]},{"date":"2024-03-20","commitResults":[{"hash":"3d09ba10920cafbcfff6188485e7d4df3a26ab80","isMergeCommit":false,"messageTitle":"Added Ui class","messageBody":"","fileTypesAndContributionMap":{"functional-code":{"insertions":54,"deletions":17},"test-code":{"insertions":1,"deletions":1}}},{"hash":"3a214f8076477d354d4ec40e7ded527d81e161ec","isMergeCommit":false,"messageTitle":"added help message","messageBody":"","fileTypesAndContributionMap":{"functional-code":{"insertions":9,"deletions":2}}},{"hash":"f5b2f041b2c1207fb4a402915a42cb1f57ebc329","isMergeCommit":false,"messageTitle":"changed according to test expected output","messageBody":"","fileTypesAndContributionMap":{"functional-code":{"insertions":4,"deletions":2},"test-code":{"insertions":3,"deletions":2}}},{"hash":"a9b21691bd2451a8f1196fc3315cadfecf9ec9fb","isMergeCommit":true,"messageTitle":"Merge pull request #21 from liuzehui03/Ui_class","messageBody":"UI class","fileTypesAndContributionMap":{}},{"hash":"2a95d1fbb667dc3e5ccf59219857000639460b39","isMergeCommit":false,"messageTitle":"modifided testing","messageBody":"","fileTypesAndContributionMap":{"functional-code":{"insertions":4,"deletions":4},"test-code":{"insertions":8,"deletions":2}}},{"hash":"01e22f95ebc4e3a48657fac8cf44a4cc1ab9f3a8","isMergeCommit":false,"messageTitle":"remodify testing to pass checkstyle","messageBody":"","fileTypesAndContributionMap":{"functional-code":{"insertions":3,"deletions":3},"test-code":{"insertions":3,"deletions":3}}},{"hash":"4210b5f1558c7314c2a991398e0013105d590ed4","isMergeCommit":false,"messageTitle":"no message","messageBody":"","fileTypesAndContributionMap":{"functional-code":{"insertions":3,"deletions":0},"test-code":{"insertions":1,"deletions":1}}},{"hash":"046e1b5f519a8ef3f09953f68b7c5cfc3b476195","isMergeCommit":false,"messageTitle":"no message","messageBody":"","fileTypesAndContributionMap":{"functional-code":{"insertions":2,"deletions":2}}},{"hash":"21d8fb56b5d5f3bed42d61cc17308d4ddac5332e","isMergeCommit":false,"messageTitle":"change expected test","messageBody":"","fileTypesAndContributionMap":{"test-code":{"insertions":3,"deletions":1}}},{"hash":"9dbe2dcfdc0b0b9a4077b80e3e6a8f6a7dd78dd7","isMergeCommit":false,"messageTitle":"fix IO test","messageBody":"","fileTypesAndContributionMap":{"functional-code":{"insertions":2,"deletions":3},"test-code":{"insertions":1,"deletions":5}}},{"hash":"c2af8b48e9cb178b22cf4c4ee493034e3c54df21","isMergeCommit":true,"messageTitle":"Merge pull request #22 from liuzehui03/master","messageBody":"modifided testing","fileTypesAndContributionMap":{}},{"hash":"ec465edd56202b976c12854bc4e8b236a78dab66","isMergeCommit":false,"messageTitle":"modify help command","messageBody":"","fileTypesAndContributionMap":{"functional-code":{"insertions":4,"deletions":0}}},{"hash":"8f7a0d54faf3c1cc9321ad05bbd908249d0f610a","isMergeCommit":false,"messageTitle":"fix catch Invalid Command Exception error","messageBody":"","fileTypesAndContributionMap":{"functional-code":{"insertions":4,"deletions":1}}},{"hash":"009e65f6a0157408ffd0fa5850064f7c17399af4","isMergeCommit":false,"messageTitle":"fix checkstyle","messageBody":"","fileTypesAndContributionMap":{"functional-code":{"insertions":2,"deletions":1}}},{"hash":"1c70ffbc448b306c868aa99c84c49bbeee9af764","isMergeCommit":true,"messageTitle":"Merge branch \u0027master\u0027 into help_feature","messageBody":"","fileTypesAndContributionMap":{}},{"hash":"ef929ec581e23f06adc9641bc25f2b313b9bbc31","isMergeCommit":true,"messageTitle":"Merge branch \u0027master\u0027 of https://github.com/AY2324S2-CS2113-F15-4/tp into help_feature","messageBody":"# Conflicts:\n#\tsrc/main/java/seedu/bookbuddy/Parser.java\n","fileTypesAndContributionMap":{}},{"hash":"0c6cfc1aed3aa59580b83d9466c678c45b22258a","isMergeCommit":true,"messageTitle":"edit parser","messageBody":"","fileTypesAndContributionMap":{}},{"hash":"7d7b4e3a7b9645706906230177fcc5d3d81d8ad6","isMergeCommit":false,"messageTitle":"Merge branch \u0027help_feature\u0027 of https://github.com/liuzehui03/tp into help_feature","messageBody":"# Conflicts:\n#\tsrc/main/java/seedu/bookbuddy/Parser.java\n","fileTypesAndContributionMap":{"functional-code":{"insertions":1,"deletions":2}}},{"hash":"96ac344846112361d69dbedae6ce7b59dfb9cf87","isMergeCommit":true,"messageTitle":"Merge pull request #24 from liuzehui03/help_feature","messageBody":"Help feature","fileTypesAndContributionMap":{}}]},{"date":"2024-03-21","commitResults":[{"hash":"7fee9f93b6d6765edf3ff6761dedeae1f7ba5c04","isMergeCommit":false,"messageTitle":"added assertions to markDone and markundone","messageBody":"","fileTypesAndContributionMap":{"functional-code":{"insertions":2,"deletions":0}}},{"hash":"a0d65a953a7f8e1b27c4b6bf002c57a735baa07e","isMergeCommit":true,"messageTitle":"Merge pull request #34 from liuzehui03/assertions","messageBody":"Assertions","fileTypesAndContributionMap":{}}]},{"date":"2024-03-29","commitResults":[{"hash":"c8cf65cba49dab524130f7fcbec15b6ddd35667e","isMergeCommit":false,"messageTitle":"no message","messageBody":"","fileTypesAndContributionMap":{"functional-code":{"insertions":2,"deletions":0}}},{"hash":"ec088e3f2b42538b464f45259ff96e9ce567486f","isMergeCommit":true,"messageTitle":"update DG","messageBody":"","fileTypesAndContributionMap":{}},{"hash":"ff16fb690eb41ab73c4883f4b843ebb8d52a23ef","isMergeCommit":true,"messageTitle":"Merge pull request #49 from liuzehui03/master","messageBody":"update DG","fileTypesAndContributionMap":{}}]},{"date":"2024-03-30","commitResults":[{"hash":"54b9d295565b2be6c39788ab37fb4ebe7f3cc627","isMergeCommit":false,"messageTitle":"update DG","messageBody":"","fileTypesAndContributionMap":{"docs":{"insertions":5,"deletions":1}}},{"hash":"f70edf9dd74a812c9e891e5088fdb4d27ed6769d","isMergeCommit":true,"messageTitle":"Merge pull request #50 from liuzehui03/master","messageBody":"update DG","fileTypesAndContributionMap":{}}]},{"date":"2024-04-01","commitResults":[{"hash":"efa3f3649a5baa79e963ebcd12a1c2b539b44cad","isMergeCommit":false,"messageTitle":"implement basic findBook function","messageBody":"","fileTypesAndContributionMap":{"functional-code":{"insertions":30,"deletions":0}}},{"hash":"ffdb3910ef3ce309ec32e65639e26237b3c5b192","isMergeCommit":true,"messageTitle":"Merge pull request #53 from liuzehui03/master","messageBody":"implement basic findBook function","fileTypesAndContributionMap":{}}]},{"date":"2024-04-03","commitResults":[{"hash":"4d0d418064e2806e638a6648979ff60f99ff9ed7","isMergeCommit":false,"messageTitle":"basic find-genre function implemented","messageBody":"","fileTypesAndContributionMap":{"functional-code":{"insertions":31,"deletions":5}}},{"hash":"6da134f1f3d3e3ed135779c4255bfc3db0c1a2b3","isMergeCommit":false,"messageTitle":"added ParserFind for all find functions","messageBody":"","fileTypesAndContributionMap":{"functional-code":{"insertions":38,"deletions":13}}},{"hash":"cf246e3f8e690e77622b02cd34de05a4a1316b65","isMergeCommit":false,"messageTitle":"resolve check style error","messageBody":"","fileTypesAndContributionMap":{"functional-code":{"insertions":10,"deletions":2}}},{"hash":"512ab782b12b9092f2389a69a62968799f84c03d","isMergeCommit":true,"messageTitle":"Merge pull request #75 from liuzehui03/find_function","messageBody":"Find function","fileTypesAndContributionMap":{}}]}],"Joshuahoky":[{"date":"2024-03-08","commitResults":[{"hash":"98b7fc132bb589dc955284232d45332d260352d3","isMergeCommit":false,"messageTitle":"Update AboutUs","messageBody":"","fileTypesAndContributionMap":{"docs":{"insertions":4,"deletions":7}}},{"hash":"cdd0a738e15171cc16cfa65fde41e36e9a78a868","isMergeCommit":true,"messageTitle":"Merge branch \u0027master\u0027 of https://github.com/AY2324S2-CS2113-F15-4/tp into test-joshua","messageBody":"# Conflicts:\n#\tdocs/AboutUs.md\n","fileTypesAndContributionMap":{}},{"hash":"b2bfaa0228437ce1dbce668416b803266fc7785b","isMergeCommit":true,"messageTitle":"Merge pull request #2 from Joshuahoky/test-joshua","messageBody":"Update AboutUs","fileTypesAndContributionMap":{}}]},{"date":"2024-03-19","commitResults":[{"hash":"eaef53ded98829c392992402f1aaa9252b5539e0","isMergeCommit":false,"messageTitle":"Implement parser support for add, remove, mark, unmark, list and exit commands","messageBody":"","fileTypesAndContributionMap":{"functional-code":{"insertions":89,"deletions":32},"test-code":{"insertions":1,"deletions":1}}},{"hash":"6fc79ee031259096dbea08738193af92c99c23e8","isMergeCommit":false,"messageTitle":"Implement JUnit test for Parser class","messageBody":"","fileTypesAndContributionMap":{"test-code":{"insertions":23,"deletions":0}}},{"hash":"22ac458cb2aee882cc59ec624b43d36340ee4888","isMergeCommit":false,"messageTitle":"Add documentation for Parser class","messageBody":"","fileTypesAndContributionMap":{"functional-code":{"insertions":17,"deletions":7}}},{"hash":"7f2b6ecb6b7b9323c3c54d29f25a90cda9cd2722","isMergeCommit":false,"messageTitle":"Fix issues with Gradle build","messageBody":"","fileTypesAndContributionMap":{"functional-code":{"insertions":0,"deletions":1}}},{"hash":"0dac213635ccf93bc76dda8fe1204bac74dc6e6d","isMergeCommit":true,"messageTitle":"Merge pull request #1 from Joshuahoky/branch-Parser","messageBody":"Branch parser","fileTypesAndContributionMap":{}},{"hash":"6b07f6f1b0b569e88e4b0ad42bb6f2764d28ae9d","isMergeCommit":true,"messageTitle":"Merge pull request #14 from Joshuahoky/master","messageBody":"","fileTypesAndContributionMap":{}}]},{"date":"2024-03-21","commitResults":[{"hash":"92e6b86bbad8174865c4f8b6115ffa0801517328","isMergeCommit":false,"messageTitle":"Add exception handling for marking and unmarking books","messageBody":"","fileTypesAndContributionMap":{"functional-code":{"insertions":29,"deletions":20},"test-code":{"insertions":0,"deletions":9}}},{"hash":"00f9dcd3a5cbe13e713402adb378a7c30fc2cb57","isMergeCommit":false,"messageTitle":"Remove unused exception","messageBody":"","fileTypesAndContributionMap":{"functional-code":{"insertions":1,"deletions":1}}},{"hash":"68e215bb805d69afad216b3acf16a67d2f077320","isMergeCommit":true,"messageTitle":"Merge pull request #33 from Joshuahoky/branch-defensiveCoding","messageBody":"Branch defensive coding","fileTypesAndContributionMap":{}}]},{"date":"2024-03-24","commitResults":[{"hash":"20c64481d8f3909d461a6a7a7d9e711f23eedf88","isMergeCommit":false,"messageTitle":"Add new exceptions","messageBody":"","fileTypesAndContributionMap":{"functional-code":{"insertions":14,"deletions":0}}},{"hash":"733ed7e1a4dec7e7a32af60b589a4e92f37d439e","isMergeCommit":true,"messageTitle":"Merge branch \u0027master\u0027 of https://github.com/Joshuahoky/tp","messageBody":"","fileTypesAndContributionMap":{}}]},{"date":"2024-03-28","commitResults":[{"hash":"c1a4e0c92f0324db14406fa62368aeade0efe574","isMergeCommit":true,"messageTitle":"Merge branch \u0027AY2324S2-CS2113-F15-4:master\u0027 into master","messageBody":"","fileTypesAndContributionMap":{}},{"hash":"570d652677e1a2fada4a38122a1ba344d53957d4","isMergeCommit":true,"messageTitle":"Merge branch \u0027master\u0027 of https://github.com/AY2324S2-CS2113-F15-4/tp","messageBody":"","fileTypesAndContributionMap":{}},{"hash":"396e0b49195dce456d80b62a466574e9b8a796ee","isMergeCommit":false,"messageTitle":"Add book display functionality to view details of a book","messageBody":"","fileTypesAndContributionMap":{"functional-code":{"insertions":32,"deletions":5}}},{"hash":"7965b708d67030fe6b846b6b5595625fbb107572","isMergeCommit":false,"messageTitle":"Remove redundant code and fix bugs","messageBody":"","fileTypesAndContributionMap":{"functional-code":{"insertions":9,"deletions":9}}},{"hash":"06d8da431506cc79a9f085aa6d4ad5604dfbc29a","isMergeCommit":true,"messageTitle":"Merge pull request #45 from Joshuahoky/branch-displayBook","messageBody":"Branch display book","fileTypesAndContributionMap":{}},{"hash":"9aac18e4f2d4c9e327dc474c4c66bf11d20901f7","isMergeCommit":false,"messageTitle":"Update DG","messageBody":"","fileTypesAndContributionMap":{"docs":{"insertions":20,"deletions":0}}},{"hash":"b25a17df2cebc51ea4b1574497f6e6934362a0e7","isMergeCommit":true,"messageTitle":"Merge pull request #46 from Joshuahoky/master","messageBody":"Update DG","fileTypesAndContributionMap":{}}]},{"date":"2024-04-02","commitResults":[{"hash":"60baef5f19d85da0cad965aaad9b360b36b29566","isMergeCommit":false,"messageTitle":"Update User Guide","messageBody":"","fileTypesAndContributionMap":{"docs":{"insertions":140,"deletions":17}}},{"hash":"7ace354e36af4d6b16b0ff46f79445f0af0ca9f9","isMergeCommit":true,"messageTitle":"Merge pull request #55 from Joshuahoky/master","messageBody":"Update User Guide","fileTypesAndContributionMap":{}},{"hash":"caeb76b04759573b1d98b8ef34aafba72c3e082a","isMergeCommit":false,"messageTitle":"Add FileStorage class to load, write and save data","messageBody":"","fileTypesAndContributionMap":{"functional-code":{"insertions":104,"deletions":14}}},{"hash":"70ff974f7bd7fb9bfba3798d3df614d257a51b0b","isMergeCommit":true,"messageTitle":"Merge branch \u0027branch-saveData\u0027","messageBody":"# Conflicts:\n#\tsrc/main/java/seedu/bookbuddy/BookBuddy.java\n#\tsrc/main/java/seedu/bookbuddy/BookDetails.java\n#\tsrc/main/java/seedu/bookbuddy/Parser.java\n","fileTypesAndContributionMap":{}},{"hash":"df3dcbd2b4594acadabab0f3ece867c10e4dd62c","isMergeCommit":false,"messageTitle":"Fix bugs in code","messageBody":"","fileTypesAndContributionMap":{"functional-code":{"insertions":1,"deletions":0}}},{"hash":"837ae860fe9138184534f2a33d9238df7ea33a22","isMergeCommit":false,"messageTitle":"Remove redundant class","messageBody":"","fileTypesAndContributionMap":{"functional-code":{"insertions":0,"deletions":126}}},{"hash":"a5d66020db9a1e457b071cec65639b223e3beb35","isMergeCommit":true,"messageTitle":"Merge pull request #69 from Joshuahoky/master","messageBody":"Add FileStorage class to read and write from a file","fileTypesAndContributionMap":{}},{"hash":"8942ef407d9c85ea1b2a492e8ee5e9aa6b09ddee","isMergeCommit":false,"messageTitle":"Improve code based on code review","messageBody":"","fileTypesAndContributionMap":{"functional-code":{"insertions":18,"deletions":9}}},{"hash":"c72c56ec6c3c63feb5ba65161d211e5aeb6a97cb","isMergeCommit":true,"messageTitle":"Merge pull request #70 from Joshuahoky/branch-CodeReview","messageBody":"Improve code based on code review","fileTypesAndContributionMap":{}}]},{"date":"2024-04-03","commitResults":[{"hash":"0fd092ed3f539e1a4b5a01612d6859ebfc0745a0","isMergeCommit":false,"messageTitle":"Update User Guide","messageBody":"","fileTypesAndContributionMap":{"docs":{"insertions":84,"deletions":14}}},{"hash":"23fdc1877a66605785173f7264b92a8add0b3b66","isMergeCommit":false,"messageTitle":"Update help message in UI","messageBody":"","fileTypesAndContributionMap":{"functional-code":{"insertions":11,"deletions":4}}},{"hash":"01bf883b782b10ae7c0ef0ed39b9efc04ec9cffa","isMergeCommit":true,"messageTitle":"Merge pull request #74 from Joshuahoky/master","messageBody":"Update User Guide and help message","fileTypesAndContributionMap":{}},{"hash":"79db3785655c033ea7f867809176b01ae2d2046f","isMergeCommit":false,"messageTitle":"Fix spacing issues","messageBody":"","fileTypesAndContributionMap":{"functional-code":{"insertions":13,"deletions":2},"test-code":{"insertions":0,"deletions":3}}},{"hash":"cd37dad9ea776af11ca54fe9a87a70dc0c2ebc38","isMergeCommit":false,"messageTitle":"Edit help message","messageBody":"","fileTypesAndContributionMap":{"functional-code":{"insertions":1,"deletions":0}}},{"hash":"2cec9dce202fdc3a2f4154c8b6aa7f06b439fe5e","isMergeCommit":false,"messageTitle":"Fix spacing issues","messageBody":"","fileTypesAndContributionMap":{"functional-code":{"insertions":9,"deletions":3}}},{"hash":"7adfcc24d39e14975c664ad662cdea6a1db5be4a","isMergeCommit":false,"messageTitle":"Remove redundant code","messageBody":"","fileTypesAndContributionMap":{"functional-code":{"insertions":1,"deletions":1}}},{"hash":"8882774ebcb2269917a0b40feec52235bd909281","isMergeCommit":false,"messageTitle":"Update User Guide","messageBody":"","fileTypesAndContributionMap":{"docs":{"insertions":28,"deletions":6}}},{"hash":"855c0eb83360268883ee7121db3b6b1cf2683dd6","isMergeCommit":true,"messageTitle":"Merge pull request #78 from Joshuahoky/master","messageBody":"Update User Guide and fix spacing issues","fileTypesAndContributionMap":{}},{"hash":"c35572009d580f4c0de86075e64cc1f66628d4d9","isMergeCommit":false,"messageTitle":"Improve book display function and fix white space issues","messageBody":"","fileTypesAndContributionMap":{"functional-code":{"insertions":34,"deletions":11}}},{"hash":"7565ed7d3428b2add5685078c6760c4956b177f8","isMergeCommit":true,"messageTitle":"Merge pull request #79 from Joshuahoky/branch-displayDetails","messageBody":"Improve book display function and fix white space issues","fileTypesAndContributionMap":{}}]}],"hailey-jung":[],"lordgareth10":[{"date":"2024-03-08","commitResults":[{"hash":"72284e458f6bd73cab1ae1e104762737d46bd591","isMergeCommit":false,"messageTitle":"Test edit","messageBody":"","fileTypesAndContributionMap":{"docs":{"insertions":4,"deletions":7}}},{"hash":"56d93b443f3cebfb55961b336489544af55af8d2","isMergeCommit":true,"messageTitle":"Merge branch \u0027Testing-Branch\u0027","messageBody":"","fileTypesAndContributionMap":{}},{"hash":"a911e427399587b0928f3900ee45e3143ab9bcbc","isMergeCommit":true,"messageTitle":"Merge pull request #1 from lordgareth10/master","messageBody":"Testing","fileTypesAndContributionMap":{}}]},{"date":"2024-03-19","commitResults":[{"hash":"bd89268ae9bd34c88f767600158cdf1bb58f12cf","isMergeCommit":false,"messageTitle":"Implement BookList class, add functions to add, remove, mark, unmark books, get size of list, print list, return single book","messageBody":"","fileTypesAndContributionMap":{"functional-code":{"insertions":84,"deletions":0},"test-code":{"insertions":23,"deletions":0}}},{"hash":"00eb7f446b9c803a5a4ffef39e1dceeebdf9aa3d","isMergeCommit":false,"messageTitle":"Change BookDetails class to Book, add methods to return description, read status, change read status and toString method to show read status","messageBody":"","fileTypesAndContributionMap":{"functional-code":{"insertions":58,"deletions":36}}},{"hash":"1b2302f733a2d6a66bb54f22210502abaaead66f","isMergeCommit":false,"messageTitle":"Modify JUNIT test for BookList class to call methods correctly","messageBody":"","fileTypesAndContributionMap":{"functional-code":{"insertions":5,"deletions":16},"test-code":{"insertions":5,"deletions":7}}},{"hash":"e6bc1b833738b059e5b9aa4c8b8e27ee94636b4f","isMergeCommit":true,"messageTitle":"Merge pull request #13 from lordgareth10/BookList-Branch","messageBody":"Book list branch","fileTypesAndContributionMap":{}}]},{"date":"2024-03-20","commitResults":[{"hash":"90968ba853f34b0606bafad7364261d26df707dc","isMergeCommit":false,"messageTitle":"Add JUnit tests for all BookList methods","messageBody":"","fileTypesAndContributionMap":{"test-code":{"insertions":36,"deletions":0}}},{"hash":"f1322bee1edbcb7d193aaf44aa5a251c8e1d1c91","isMergeCommit":false,"messageTitle":"Add exception handling for BookList methods","messageBody":"","fileTypesAndContributionMap":{"functional-code":{"insertions":16,"deletions":4}}},{"hash":"5a5f131e79248da5fa81c31dcfdc83c1eff73097","isMergeCommit":true,"messageTitle":"Merge pull request #17 from lordgareth10/master","messageBody":"Adding exceptions and test","fileTypesAndContributionMap":{}}]},{"date":"2024-03-22","commitResults":[{"hash":"601ae1b228347b7a5e42bfaf569707ad05de1d7a","isMergeCommit":false,"messageTitle":"Add new exceptions and assertions to handle exceptions for marking book status","messageBody":"","fileTypesAndContributionMap":{"functional-code":{"insertions":23,"deletions":2}}},{"hash":"61a4fe4ce8e49c9240bd2e6a1414ca1a09ee8a82","isMergeCommit":false,"messageTitle":"Add new exceptions BookReadAlreadyException and BookUnreadAlreadyException","messageBody":"","fileTypesAndContributionMap":{"functional-code":{"insertions":7,"deletions":0}}},{"hash":"e565e098ed2ebaa0da6b402de3cb52cdc770b02c","isMergeCommit":true,"messageTitle":"Merge branch \u0027master\u0027 of https://github.com/AY2324S2-CS2113-F15-4/tp","messageBody":"# Conflicts:\n#\tsrc/main/java/seedu/bookbuddy/BookList.java\n","fileTypesAndContributionMap":{}},{"hash":"1533432ef82f9e65d620afb52193cc341ecd0590","isMergeCommit":true,"messageTitle":"Merge pull request #38 from lordgareth10/master","messageBody":"Added exceptions","fileTypesAndContributionMap":{}}]},{"date":"2024-03-29","commitResults":[{"hash":"2b1c27ac6a95eec12e342e970f6427fd50284fa2","isMergeCommit":false,"messageTitle":"Add summary into BookDetails","messageBody":"","fileTypesAndContributionMap":{"functional-code":{"insertions":63,"deletions":0}}},{"hash":"377ce74917369c020b34ff29bee680b31a7cf07b","isMergeCommit":false,"messageTitle":"Fix indentation in Parser","messageBody":"","fileTypesAndContributionMap":{"functional-code":{"insertions":18,"deletions":18}}},{"hash":"bd41363db2d678285013c11c2f16da6bb2a41416","isMergeCommit":true,"messageTitle":"Merge pull request #47 from lordgareth10/master","messageBody":"Add Summary feature","fileTypesAndContributionMap":{}},{"hash":"0790a0ccdc80c2463aa22f95ee5e84ed166cc723","isMergeCommit":false,"messageTitle":"Updated DG","messageBody":"","fileTypesAndContributionMap":{"docs":{"insertions":20,"deletions":1}}},{"hash":"b752fdfcbd5f647ebb2ec3a126aa73406ba699e8","isMergeCommit":true,"messageTitle":"Merge pull request #48 from lordgareth10/master","messageBody":"Updated DG","fileTypesAndContributionMap":{}}]},{"date":"2024-04-02","commitResults":[{"hash":"8c1dc2075abc1b0ec37deab4073ca42383116ab1","isMergeCommit":false,"messageTitle":"Fix bug with give-summary command","messageBody":"","fileTypesAndContributionMap":{"functional-code":{"insertions":1,"deletions":1}}},{"hash":"7c9dc4ba1eadd83b517df0809b520850ce3c0171","isMergeCommit":true,"messageTitle":"Merge pull request #56 from lordgareth10/master","messageBody":"Fix bug with give-summary command","fileTypesAndContributionMap":{}},{"hash":"c1b0af696872a772fbd0b7040297327749a8faa8","isMergeCommit":false,"messageTitle":"Add view summary command","messageBody":"","fileTypesAndContributionMap":{"functional-code":{"insertions":39,"deletions":4}}},{"hash":"e4d6f0afe9524d69701b5dab7f8f79e647d8add4","isMergeCommit":true,"messageTitle":"Merge pull request #59 from lordgareth10/master","messageBody":"Add view summary command","fileTypesAndContributionMap":{}},{"hash":"9523857f523dc6448cc6aae36d2f455e2d88be50","isMergeCommit":false,"messageTitle":"Add summary to display comand","messageBody":"","fileTypesAndContributionMap":{"functional-code":{"insertions":1,"deletions":0}}},{"hash":"5bcd238bb7985d71c0649add825b7f59d9ba4384","isMergeCommit":true,"messageTitle":"Merge pull request #60 from lordgareth10/master","messageBody":"Add summary to display comand","fileTypesAndContributionMap":{}}]}],"yeozongyao":[{"date":"2024-03-08","commitResults":[{"hash":"7b53132825ef327a34000097bf56036260662239","isMergeCommit":false,"messageTitle":"Update README.md","messageBody":"","fileTypesAndContributionMap":{"docs":{"insertions":1,"deletions":1}}},{"hash":"912bcab3a4042efc0e008893ea5ba4a1adb1a428","isMergeCommit":false,"messageTitle":"Zong Yao","messageBody":"","fileTypesAndContributionMap":{"docs":{"insertions":3,"deletions":7}}},{"hash":"c5cfa511b1caffbc35b04cd3b154ad806e9c41d4","isMergeCommit":true,"messageTitle":"Merge pull request #1 from yeozongyao/branch-zongyao","messageBody":"Zong Yao","fileTypesAndContributionMap":{}},{"hash":"1e71bf21989230e4955e6976eeff9695c274236a","isMergeCommit":true,"messageTitle":"Merge branch \u0027master\u0027 into MAIN-master","messageBody":"* master:\n  Zong Yao\n\n# Conflicts:\n#\tdocs/AboutUs.md\n","fileTypesAndContributionMap":{}},{"hash":"411536dd2e7b2c1bdd90327d5a44ade90741de00","isMergeCommit":true,"messageTitle":"Merge pull request #5 from yeozongyao/MAIN-master","messageBody":"Zong Yao Main master","fileTypesAndContributionMap":{}}]},{"date":"2024-03-15","commitResults":[{"hash":"f45fea9cdeb637461dfa1d4f5ecece9fd15832ad","isMergeCommit":false,"messageTitle":"Format","messageBody":"","fileTypesAndContributionMap":{"docs":{"insertions":1,"deletions":7}}},{"hash":"c2ac747cfdda8fb6fa74b7df8343f3f081413591","isMergeCommit":true,"messageTitle":"Merge pull request #6 from yeozongyao/branch-zongyao","messageBody":"Format","fileTypesAndContributionMap":{}},{"hash":"3f06ce17dbf7aa78d1801050dee46f5aee4ab4f6","isMergeCommit":false,"messageTitle":"Skeletal code + addBook Method + Junit test for addMethod","messageBody":"","fileTypesAndContributionMap":{"functional-code":{"insertions":67,"deletions":21},"test-code":{"insertions":30,"deletions":12}}},{"hash":"0d4a5308f885b84b28e9f375981f85ca9580421d","isMergeCommit":false,"messageTitle":"Syntax","messageBody":"","fileTypesAndContributionMap":{"other":{"insertions":6,"deletions":6}}},{"hash":"63915edc1bed2b1ddcf0a9f2a272a8dc809d0aeb","isMergeCommit":false,"messageTitle":"syntax","messageBody":"","fileTypesAndContributionMap":{"other":{"insertions":2,"deletions":2},"test-code":{"insertions":1,"deletions":8}}},{"hash":"7f6ea06b79dab2833c2134ecb53854c34f820c9d","isMergeCommit":true,"messageTitle":"Merge pull request #9 from yeozongyao/branch-skeletal","messageBody":"Branch skeletal","fileTypesAndContributionMap":{}}]},{"date":"2024-03-20","commitResults":[{"hash":"c30e0d1e9c97a2dc310f5f0f26ff98e4ce279769","isMergeCommit":false,"messageTitle":"BookBuddyTest jUnit Test cases.","messageBody":"","fileTypesAndContributionMap":{"test-code":{"insertions":29,"deletions":5}}},{"hash":"5b7287e12b192fc6b2e06dde91913731e3fff307","isMergeCommit":false,"messageTitle":"BookListTest jUnit test cases","messageBody":"","fileTypesAndContributionMap":{"test-code":{"insertions":54,"deletions":6}}},{"hash":"fa968fdf658e621ee2c535d5e51de56e68d992a2","isMergeCommit":false,"messageTitle":"Parser Test jUnit test cases","messageBody":"","fileTypesAndContributionMap":{"test-code":{"insertions":50,"deletions":2}}},{"hash":"03a5804a56fd9e26aade8d9d27824214259d10ff","isMergeCommit":true,"messageTitle":"Merge branch \u0027master\u0027 into branch-zongyao-jUnitTest Settle code conflicts between zong yao and gareth * master:   Add exception handling for BookList methods   Add JUnit tests for all BookList methods","messageBody":"# Conflicts:\n#\tsrc/test/java/seedu/bookbuddy/BookListTest.java\n","fileTypesAndContributionMap":{}},{"hash":"5789e405ab24cf6a4e3181771155c5f80796edee","isMergeCommit":false,"messageTitle":"Checkstyle fixes","messageBody":"","fileTypesAndContributionMap":{"test-code":{"insertions":6,"deletions":2}}},{"hash":"05bf1d37f8584595e73595e96bb3fb246218a9de","isMergeCommit":false,"messageTitle":"Checkstyle fix - newline at the end of file","messageBody":"","fileTypesAndContributionMap":{"test-code":{"insertions":1,"deletions":1}}},{"hash":"d5cde76bf2283e7b22bd67f2ea625174e9e63f07","isMergeCommit":false,"messageTitle":"Checkstyle fixes - empty spaces. For Gradle Checkstyle","messageBody":"","fileTypesAndContributionMap":{"test-code":{"insertions":3,"deletions":3}}},{"hash":"a1b0102f25d0e2692d24fb8f74132204089d25f5","isMergeCommit":false,"messageTitle":"checkstyle fixes","messageBody":"","fileTypesAndContributionMap":{"test-code":{"insertions":1,"deletions":1}}},{"hash":"fab0e4ecfdd24436bbd846f0c584a46f42e44a13","isMergeCommit":false,"messageTitle":"checkstyle fixes","messageBody":"","fileTypesAndContributionMap":{"test-code":{"insertions":1,"deletions":1}}},{"hash":"56f4794749a406481988a8184ab29ed68371a0a9","isMergeCommit":false,"messageTitle":"checkstyle fixes","messageBody":"","fileTypesAndContributionMap":{"test-code":{"insertions":17,"deletions":2}}},{"hash":"0884acd4ec31fc789390043fd708f4727af56907","isMergeCommit":false,"messageTitle":"checkstyle fixes","messageBody":"","fileTypesAndContributionMap":{"test-code":{"insertions":0,"deletions":7}}},{"hash":"f018db4e99c8eba2457573d894c92e96527fd96b","isMergeCommit":false,"messageTitle":"checkstyle fixes","messageBody":"","fileTypesAndContributionMap":{"test-code":{"insertions":11,"deletions":3}}},{"hash":"e6bc787bda88362cf1a3d801370fe17f437c2e6a","isMergeCommit":false,"messageTitle":"checkstyle fixes","messageBody":"","fileTypesAndContributionMap":{"test-code":{"insertions":6,"deletions":12}}},{"hash":"4927c5402eca03ed051895b59a0c7bbbbcda75eb","isMergeCommit":false,"messageTitle":"checkstyle fixes - unused imports","messageBody":"","fileTypesAndContributionMap":{"test-code":{"insertions":0,"deletions":1}}},{"hash":"abfe183e41ae8e0270b27f353f16ec36614ea2b3","isMergeCommit":false,"messageTitle":"checkstyle fixes - \\r\\n on windows system and \\n on unix systems","messageBody":"","fileTypesAndContributionMap":{"test-code":{"insertions":4,"deletions":2}}},{"hash":"8080b31a77881d36170be2c4dd9114792ffacc17","isMergeCommit":true,"messageTitle":"Merge pull request #18 from yeozongyao/branch-zongyao-jUnitTest","messageBody":"Zong Yao jUnit Testcases for BookBuddyTest, BookListTest and ParserTest","fileTypesAndContributionMap":{}},{"hash":"fee4c6d9559d849426f903c660cac13c8e5df3db","isMergeCommit":false,"messageTitle":"Custom Exception handling for parser class","messageBody":"","fileTypesAndContributionMap":{"functional-code":{"insertions":67,"deletions":26}}},{"hash":"cd116619e6a85d850b75a2b504ab75cb28ab0d53","isMergeCommit":false,"messageTitle":"checkstyle fixes","messageBody":"","fileTypesAndContributionMap":{"functional-code":{"insertions":2,"deletions":1}}},{"hash":"0c338604f103e280ce9031ad950693b534d6d8ef","isMergeCommit":false,"messageTitle":"checkstyle fixes","messageBody":"","fileTypesAndContributionMap":{"functional-code":{"insertions":27,"deletions":27}}},{"hash":"0306edaef50bac1467f2243abfab3682891f826a","isMergeCommit":false,"messageTitle":"checkstyle fixes","messageBody":"","fileTypesAndContributionMap":{"test-code":{"insertions":1,"deletions":1}}},{"hash":"5099f38d5e99ed18117f7422c89e0d8f83f7a044","isMergeCommit":true,"messageTitle":"Merge branch \u0027master\u0027 into branch-zongyao-exceptionhandling","messageBody":"","fileTypesAndContributionMap":{}},{"hash":"815f18cd8229fa6c0bc5652e8e9ca738cd6fce14","isMergeCommit":false,"messageTitle":"Junit Test for exception handling","messageBody":"","fileTypesAndContributionMap":{"test-code":{"insertions":33,"deletions":10}}},{"hash":"8517cfbdfb84854c91a6265dcdac44f6082937c8","isMergeCommit":true,"messageTitle":"Merge branch \u0027branch-zongyao-exceptionhandling\u0027 of https://github.com/yeozongyao/tp into branch-zongyao-exceptionhandling","messageBody":"* \u0027branch-zongyao-exceptionhandling\u0027 of https://github.com/yeozongyao/tp:\n  checkstyle fixes - \\r\\n on windows system and \\n on unix systems\n  checkstyle fixes - unused imports\n  checkstyle fixes\n  checkstyle fixes\n  checkstyle fixes\n  checkstyle fixes\n  checkstyle fixes\n  checkstyle fixes\n  Checkstyle fixes - empty spaces. For Gradle Checkstyle\n  Checkstyle fix - newline at the end of file\n  Checkstyle fixes\n\n# Conflicts:\n#\tsrc/test/java/seedu/bookbuddy/ParserTest.java\n","fileTypesAndContributionMap":{}},{"hash":"2e6ad25e2d28e7c9b65e5fe519e2adf17a21d249","isMergeCommit":false,"messageTitle":"checkstyle fixes","messageBody":"","fileTypesAndContributionMap":{"test-code":{"insertions":4,"deletions":4}}},{"hash":"aff00829ff1a1e2940ac2eec47060c22e492a1fa","isMergeCommit":false,"messageTitle":"checkstyle fixes","messageBody":"","fileTypesAndContributionMap":{"test-code":{"insertions":8,"deletions":4}}},{"hash":"7e6f4bd21f68a63dfad2c71f3393cf7521d92cf3","isMergeCommit":false,"messageTitle":"checkstyle fix","messageBody":"","fileTypesAndContributionMap":{"functional-code":{"insertions":13,"deletions":2}}},{"hash":"64cbafdf5f9438f2a562f9257bf0da67b11f4fe1","isMergeCommit":true,"messageTitle":"Merge pull request #19 from yeozongyao/branch-zongyao-exceptionhandling","messageBody":"Custom Exception handling for parser class","fileTypesAndContributionMap":{}},{"hash":"fbeb7eab57fdea1a5e089f4c508dfb13fee492a2","isMergeCommit":false,"messageTitle":"Defensive Coding - Adding assertions and logging","messageBody":"","fileTypesAndContributionMap":{"functional-code":{"insertions":17,"deletions":2},"other":{"insertions":1,"deletions":0}}},{"hash":"65178189de8e6d0aec127a80c16e9308cb2865ae","isMergeCommit":false,"messageTitle":"checkstyle fixes","messageBody":"","fileTypesAndContributionMap":{"functional-code":{"insertions":11,"deletions":10}}},{"hash":"12a0bc1e25acb0f121fc243abd8c1e2093c6bf94","isMergeCommit":true,"messageTitle":"Merge branch \u0027master\u0027 into branch-zongyao-defensiveCoding","messageBody":"* master:\n  changed according to test expected output\n  added help message\n  Added Ui class\n\n# Conflicts:\n#\tsrc/main/java/seedu/bookbuddy/BookBuddy.java\n#\tsrc/main/java/seedu/bookbuddy/BookList.java\n","fileTypesAndContributionMap":{}},{"hash":"d8f16630993315cadbde409d2a087b5ee3c3010f","isMergeCommit":true,"messageTitle":"Merge pull request #20 from yeozongyao/branch-zongyao-defensiveCoding","messageBody":"Defensive Coding - Adding assertions and logging","fileTypesAndContributionMap":{}},{"hash":"b24bfb177b29e5cee05f13360945607b55a8e529","isMergeCommit":false,"messageTitle":"Coding standard fixes","messageBody":"","fileTypesAndContributionMap":{"functional-code":{"insertions":2,"deletions":5}}},{"hash":"dfd506ee71739b569278bd7170c6612ba0d74733","isMergeCommit":true,"messageTitle":"Merge pull request #25 from yeozongyao/branch-zongyao-defensiveCoding","messageBody":"Coding standard fixes","fileTypesAndContributionMap":{}},{"hash":"b623f53d71b61fc543274b13a64f9162161418c9","isMergeCommit":false,"messageTitle":"Add external logging to a logging file and remove logging updates in console","messageBody":"","fileTypesAndContributionMap":{"functional-code":{"insertions":26,"deletions":0}}},{"hash":"ec3439eda45f6ff2b1dc0a443938f733ac78acf1","isMergeCommit":true,"messageTitle":"Merge pull request #27 from yeozongyao/branch-zongyao-defensiveCoding","messageBody":"Add external logging to a logging file and remove logging updates in console","fileTypesAndContributionMap":{}},{"hash":"ed7603e4069ac0f38815d9e458be2535cf55705e","isMergeCommit":false,"messageTitle":"Assertions in BookList class","messageBody":"","fileTypesAndContributionMap":{"functional-code":{"insertions":4,"deletions":2}}},{"hash":"a3645f690babe392ee63c4c131ea44e8d4310042","isMergeCommit":true,"messageTitle":"Merge pull request #28 from yeozongyao/branch-zongyao-defensiveCoding","messageBody":"Assertions in BookList class","fileTypesAndContributionMap":{}}]},{"date":"2024-03-21","commitResults":[{"hash":"889a5a2c82ec9fd6a9e40fbee864bcd07142e0f2","isMergeCommit":false,"messageTitle":"Improved user experience - use help command when command is invalid","messageBody":"","fileTypesAndContributionMap":{"functional-code":{"insertions":1,"deletions":1}}},{"hash":"25ad3737b865e7ed5b425fc3e1a32473fb188f3e","isMergeCommit":false,"messageTitle":"checkstyle fixes - longer than 120 lines","messageBody":"","fileTypesAndContributionMap":{"functional-code":{"insertions":2,"deletions":1}}},{"hash":"3af8853b323dc467f9e32593e8b2c6576f91436f","isMergeCommit":true,"messageTitle":"Merge pull request #31 from yeozongyao/branch-zongyao-defensiveCoding","messageBody":"Improved user experience - use help command when command is invalid","tags":["V1.0"],"fileTypesAndContributionMap":{}},{"hash":"e89c61ad1f55237d9b90b15f3b4ebfc57d966920","isMergeCommit":false,"messageTitle":"BookBuddy Jar Creation Update on build.gradle","messageBody":"","fileTypesAndContributionMap":{"other":{"insertions":1,"deletions":0}}},{"hash":"fc325a437946d2e89c6c5ffce2b468eec842c5aa","isMergeCommit":true,"messageTitle":"Merge pull request #32 from yeozongyao/branch-zongyao-defensiveCoding","messageBody":"BookBuddy Jar Creation Update on build.gradle","fileTypesAndContributionMap":{}},{"hash":"8edc9696f3918c2af3d11fc83d6c59c8f639811f","isMergeCommit":false,"messageTitle":"Bug fixes for unsupported commands - index for mark, unmark and remove are not numbers but are characters","messageBody":"","fileTypesAndContributionMap":{"functional-code":{"insertions":26,"deletions":6}}},{"hash":"5f09440856a0db865cc8d7cecf8b854d047c4404","isMergeCommit":false,"messageTitle":"Checkstyle fixes","messageBody":"","fileTypesAndContributionMap":{"functional-code":{"insertions":6,"deletions":3},"test-code":{"insertions":1,"deletions":1}}},{"hash":"3aa4aad42a71c7f3f55e4aa3fbdd33da43724780","isMergeCommit":false,"messageTitle":"junit update","messageBody":"","fileTypesAndContributionMap":{"test-code":{"insertions":18,"deletions":4}}},{"hash":"338b84131492c9458d0693db3920c1025cf5d76e","isMergeCommit":false,"messageTitle":"checkstyle fixes","messageBody":"","fileTypesAndContributionMap":{"functional-code":{"insertions":0,"deletions":1},"test-code":{"insertions":0,"deletions":1}}},{"hash":"7e1fc6c7b6f620bd52905b6fb6c54fecd015a623","isMergeCommit":true,"messageTitle":"Merge pull request #35 from yeozongyao/branch-zongyao-defensiveCoding","messageBody":"Bug fixes for unsupported commands - index for mark, unmark and remov…","fileTypesAndContributionMap":{}},{"hash":"e36cb061c3f610201355102a185d40f0b0924da7","isMergeCommit":false,"messageTitle":"Exception handling","messageBody":"","fileTypesAndContributionMap":{"functional-code":{"insertions":4,"deletions":2}}},{"hash":"90fbea35b5fb934c54df90936872ae4fdd400bc3","isMergeCommit":true,"messageTitle":"Merge pull request #36 from yeozongyao/branch-zongyao-defensiveCoding","messageBody":"Exception handling","fileTypesAndContributionMap":{}},{"hash":"12d45963e7deea1d38d5f7e84de4500e4419ca7c","isMergeCommit":false,"messageTitle":"Logging exceptions support","messageBody":"","fileTypesAndContributionMap":{"functional-code":{"insertions":26,"deletions":3}}},{"hash":"c096b822cf655f37d882652911191c6c72032b69","isMergeCommit":false,"messageTitle":"Assertion support for the main classes","messageBody":"","fileTypesAndContributionMap":{"functional-code":{"insertions":12,"deletions":1}}},{"hash":"31720083adedb4a2ebc4b835009a4c8fb17652a6","isMergeCommit":false,"messageTitle":"Bug fixes - getbook logic","messageBody":"","fileTypesAndContributionMap":{"functional-code":{"insertions":1,"deletions":1},"test-code":{"insertions":1,"deletions":1}}},{"hash":"37080af157335a771f4f97e129db21285cbe856b","isMergeCommit":false,"messageTitle":"Bug fixes - getbook logic","messageBody":"","fileTypesAndContributionMap":{"test-code":{"insertions":4,"deletions":4}}},{"hash":"f600430b50eb0c8e0ff6f4dc18a9ee4c548b6e01","isMergeCommit":false,"messageTitle":"Bug fixes - getbook logic","messageBody":"","fileTypesAndContributionMap":{"test-code":{"insertions":5,"deletions":5}}},{"hash":"8bfda2c6ec2f9e2dfbce60163a7cc249a64f5e98","isMergeCommit":false,"messageTitle":"Bug fixes - getbook logic","messageBody":"","fileTypesAndContributionMap":{"test-code":{"insertions":1,"deletions":1}}},{"hash":"4aa1fd738e4136c80031980172eb48afa4a46fc1","isMergeCommit":false,"messageTitle":"Bug fixes - getbook logic","messageBody":"","fileTypesAndContributionMap":{"test-code":{"insertions":1,"deletions":1}}},{"hash":"66633ad639e7d7548a27c2faf100a24de2b8d100","isMergeCommit":false,"messageTitle":"Disable assertions for jUnit tests","messageBody":"","fileTypesAndContributionMap":{"functional-code":{"insertions":0,"deletions":1},"other":{"insertions":1,"deletions":0}}}]},{"date":"2024-03-22","commitResults":[{"hash":"744cc106058768386a160c194fdd804f87670088","isMergeCommit":false,"messageTitle":"Bug Fixes - Exception propagation logic","messageBody":"","fileTypesAndContributionMap":{"functional-code":{"insertions":7,"deletions":0}}},{"hash":"2414f3a7f555421e0b11113783af5a1e4bf598f5","isMergeCommit":true,"messageTitle":"Merge pull request #37 from yeozongyao/branch-zongyao-defensiveCoding","messageBody":"Branch zongyao defensive coding","fileTypesAndContributionMap":{}}]},{"date":"2024-03-28","commitResults":[{"hash":"2f8a7cde92341342bd029cabf6526e1a9b9e8f7b","isMergeCommit":false,"messageTitle":"Categorise the books with personalised labels and with the genre","messageBody":"","fileTypesAndContributionMap":{"functional-code":{"insertions":130,"deletions":0}}},{"hash":"00dff763250803c112cd03d8bdc916c1dd6f9f38","isMergeCommit":false,"messageTitle":"Checkstyle fixes - lines longer than 120 lines","messageBody":"","fileTypesAndContributionMap":{"functional-code":{"insertions":8,"deletions":4}}},{"hash":"726ca9a4a6ff2ec2543166566c27f7b4dd7308ec","isMergeCommit":true,"messageTitle":"Merge pull request #41 from yeozongyao/branch-zongyao-categoriseBooks","messageBody":"Categorise the books with personalised labels and with the genre","fileTypesAndContributionMap":{}},{"hash":"42e16b8e72f644adf2fb296b5a174c621660c46f","isMergeCommit":false,"messageTitle":"Update developer guide","messageBody":"","fileTypesAndContributionMap":{"docs":{"insertions":24,"deletions":0}}},{"hash":"53e1a8906b2e17e5ff520af07c1172e8ebee5245","isMergeCommit":false,"messageTitle":"Update developer guide","messageBody":"","fileTypesAndContributionMap":{"docs":{"insertions":11,"deletions":11}}},{"hash":"0d1053c0f2504966a45fd4ad468c98aed21bbdac","isMergeCommit":false,"messageTitle":"Update DG","messageBody":"","fileTypesAndContributionMap":{"docs":{"insertions":6,"deletions":6}}},{"hash":"47d3c9f2d9f0a98a877dccec8851ca6de62f80f8","isMergeCommit":false,"messageTitle":"Update DG","messageBody":"","fileTypesAndContributionMap":{"docs":{"insertions":3,"deletions":3}}},{"hash":"9d71946143bcfa3bc612a0782a63c750b9fdcb63","isMergeCommit":false,"messageTitle":"Update DG","messageBody":"","fileTypesAndContributionMap":{"docs":{"insertions":23,"deletions":12}}},{"hash":"435c679acca524aaac84fe14652cdd5a2c4bd0d3","isMergeCommit":false,"messageTitle":"Update DG","messageBody":"","fileTypesAndContributionMap":{"docs":{"insertions":21,"deletions":10}}},{"hash":"344f514364a6602a7553a1f75e941062059234e0","isMergeCommit":true,"messageTitle":"Merge pull request #42 from yeozongyao/branch-zongyao-categoriseBooks","messageBody":"Update developer guide","fileTypesAndContributionMap":{}},{"hash":"75a56a6ab372c087632a32dba24b283d632669cf","isMergeCommit":false,"messageTitle":"Update DG","messageBody":"","fileTypesAndContributionMap":{"docs":{"insertions":6,"deletions":0}}},{"hash":"c9d72c9cda3d4c0c9d25d2eac9a0f129d8d0ee57","isMergeCommit":true,"messageTitle":"Merge pull request #43 from yeozongyao/branch-zongyao-categoriseBooks","messageBody":"Update DG","fileTypesAndContributionMap":{}}]},{"date":"2024-03-30","commitResults":[{"hash":"fa0a196665df7b44d337a1cc3f124243349fe10d","isMergeCommit":false,"messageTitle":"Huge bug fix related to static inheritance","messageBody":"","fileTypesAndContributionMap":{"functional-code":{"insertions":85,"deletions":47},"test-code":{"insertions":4,"deletions":0}}},{"hash":"f68c6b756de41e78974d7b5b74e674004e7657fe","isMergeCommit":false,"messageTitle":"Checkstyle fixes - line longer than 120","messageBody":"","fileTypesAndContributionMap":{"functional-code":{"insertions":2,"deletions":1}}},{"hash":"5c8d5b1655c3896c7ede139551427d89406cc520","isMergeCommit":true,"messageTitle":"Merge pull request #51 from yeozongyao/branch-zongyao-bookDetails","messageBody":"Huge bug fix related to static inheritance","fileTypesAndContributionMap":{}},{"hash":"90d1f4ddd30f379b39a4add6f258393970dbbdbe","isMergeCommit":false,"messageTitle":"Added Junit test cases for set label and set genre","messageBody":"","fileTypesAndContributionMap":{"test-code":{"insertions":45,"deletions":0}}},{"hash":"31a3acb5b9075accef9db369ff49d9cdb43d758d","isMergeCommit":true,"messageTitle":"Merge pull request #52 from yeozongyao/branch-zongyao-bookDetailsTest","messageBody":"Added Junit test cases for set label and set genre","fileTypesAndContributionMap":{}}]},{"date":"2024-04-02","commitResults":[{"hash":"965baec6c617af988ac307c607e14b8bda79776f","isMergeCommit":false,"messageTitle":"Update set-genre function for a more user-friendly user experience","messageBody":"","fileTypesAndContributionMap":{"functional-code":{"insertions":61,"deletions":22}}},{"hash":"134e577dd87726a5014323075f052a422c1a4cef","isMergeCommit":false,"messageTitle":"Update parseGenreCommand Junit test","messageBody":"","fileTypesAndContributionMap":{"test-code":{"insertions":16,"deletions":2}}},{"hash":"b14c200988ee9cd3bdb19ca0407ce3c5c945ae0c","isMergeCommit":false,"messageTitle":"Checkstyle fixes - wrong order of variable definition","messageBody":"","fileTypesAndContributionMap":{"functional-code":{"insertions":2,"deletions":4}}},{"hash":"2e20f2f7e735f8faa6c442d8fc80998f5a74f8b3","isMergeCommit":true,"messageTitle":"Merge pull request #57 from yeozongyao/branch-zongyao-setgenre","messageBody":"Update set-genre function for a more user-friendly user experience","fileTypesAndContributionMap":{}},{"hash":"afd2e470715a5197fb21807404c219bdf9dd2ff5","isMergeCommit":false,"messageTitle":"Add rating system for books. Rate books and list books based on good to bad ratings","messageBody":"","fileTypesAndContributionMap":{"functional-code":{"insertions":119,"deletions":20}}},{"hash":"3cff111f88c6437c052681669cab6170dfb8a513","isMergeCommit":true,"messageTitle":"Merge pull request #58 from yeozongyao/branch-zongyao-rating-system","messageBody":"Add rating system for books. Rate books and list books based on good …","fileTypesAndContributionMap":{}},{"hash":"716e1548f9031341045b439d30ea62f4cf5c7f71","isMergeCommit":false,"messageTitle":"Abstract BookDetails into concise accurate classes. Abstract exception handling in parser class","messageBody":"","fileTypesAndContributionMap":{"functional-code":{"insertions":283,"deletions":313},"test-code":{"insertions":6,"deletions":4}}},{"hash":"f18cb8992dcfbf604dd821b021ad6e3fbe35e556","isMergeCommit":true,"messageTitle":"Merge branch \u0027master\u0027 of https://github.com/AY2324S2-CS2113-F15-4/tp into branch-zongyao-abstraction","messageBody":"* \u0027master\u0027 of https://github.com/AY2324S2-CS2113-F15-4/tp:\n  Add summary to display comand\n  Add view summary command\n\n# Conflicts:\n#\tsrc/main/java/seedu/bookbuddy/BookDetails.java\n","fileTypesAndContributionMap":{}},{"hash":"066851d95b16d714673acdb948e6b4453b5518d6","isMergeCommit":false,"messageTitle":"Checkstyle fixes - order of variable declaration","messageBody":"","fileTypesAndContributionMap":{"functional-code":{"insertions":5,"deletions":5}}},{"hash":"4c5886b9ee9b1c76bd5a4bfd1967f970b022bb11","isMergeCommit":false,"messageTitle":"Update Parsertest","messageBody":"","fileTypesAndContributionMap":{"test-code":{"insertions":33,"deletions":10}}},{"hash":"f99f2afd7731aa31f0acd9fea7b2cd7f1c3ad103","isMergeCommit":false,"messageTitle":"Checkstyle fixes - single imports","messageBody":"","fileTypesAndContributionMap":{"test-code":{"insertions":3,"deletions":11}}},{"hash":"2bb96f4e8d378929c230b8792a80d9438149015e","isMergeCommit":true,"messageTitle":"Merge pull request #61 from yeozongyao/branch-zongyao-abstraction","messageBody":"Abstract BookDetails into concise accurate classes.","fileTypesAndContributionMap":{}},{"hash":"9a3f4c912784be4d5fa6bb7caffe0d7c79b90cb0","isMergeCommit":false,"messageTitle":"Abstraction of parser class","messageBody":"","fileTypesAndContributionMap":{"functional-code":{"insertions":4,"deletions":0},"other":{"insertions":13,"deletions":15},"test-code":{"insertions":1,"deletions":0}}},{"hash":"e3dc3a8544f4f9d70313a2b3e17cc600e5438db0","isMergeCommit":true,"messageTitle":"Merge branch \u0027master\u0027 of https://github.com/AY2324S2-CS2113-F15-4/tp into branch-zongyao-abstraction","messageBody":"* \u0027master\u0027 of https://github.com/AY2324S2-CS2113-F15-4/tp:\n  Remove redundant class\n  Fix bugs in code\n  Add FileStorage class to load, write and save data\n","fileTypesAndContributionMap":{}},{"hash":"9d8efd69b59cb1278249021a1f2a610b84c71966","isMergeCommit":true,"messageTitle":"Merge branch \u0027master\u0027 of https://github.com/AY2324S2-CS2113-F15-4/tp into branch-zongyao-abstraction","messageBody":"* \u0027master\u0027 of https://github.com/AY2324S2-CS2113-F15-4/tp:\n  Improve code based on code review\n","fileTypesAndContributionMap":{}},{"hash":"3509f53ee6f3c4d517babc14e91261e9a532a8b8","isMergeCommit":false,"messageTitle":"Abstraction of code","messageBody":"","fileTypesAndContributionMap":{"functional-code":{"insertions":643,"deletions":415},"other":{"insertions":28,"deletions":25},"test-code":{"insertions":23,"deletions":17}}},{"hash":"42d7954d4ae4d0c33bc0a77eb91f91e76f9668fa","isMergeCommit":true,"messageTitle":"Merge branch \u0027master\u0027 of https://github.com/AY2324S2-CS2113-F15-4/tp into branch-zongyao-abstraction","messageBody":"* \u0027master\u0027 of https://github.com/AY2324S2-CS2113-F15-4/tp:\n  Edit .gitignore\n","fileTypesAndContributionMap":{}},{"hash":"18b0118b879981920c66aee5fea523a509445919","isMergeCommit":false,"messageTitle":"Abstraction of code for code readability in Book, BookDetails, BookList, Parser class","messageBody":"","fileTypesAndContributionMap":{"functional-code":{"insertions":201,"deletions":180},"other":{"insertions":70,"deletions":39},"test-code":{"insertions":19,"deletions":16}}},{"hash":"d19a804aee380c92d51450e585bbcdb23673ad26","isMergeCommit":false,"messageTitle":"Checkstyle fixes","messageBody":"","fileTypesAndContributionMap":{"functional-code":{"insertions":28,"deletions":21},"test-code":{"insertions":4,"deletions":1}}},{"hash":"7b3b2cd010d251ea20a8ed13a8dc28cc000b97ca","isMergeCommit":false,"messageTitle":"Checkstyle fixes","messageBody":"","fileTypesAndContributionMap":{"functional-code":{"insertions":3,"deletions":3}}},{"hash":"5a648d29fabe810cb009340424b059de026ba30d","isMergeCommit":false,"messageTitle":"Checkstyle fixes","messageBody":"","fileTypesAndContributionMap":{"functional-code":{"insertions":4,"deletions":2}}},{"hash":"f0b226b6a2e792d665af3a6525ebeef647db9658","isMergeCommit":false,"messageTitle":"Checkstyle fixes","messageBody":"","fileTypesAndContributionMap":{"functional-code":{"insertions":3,"deletions":5}}},{"hash":"330427ce8eca1a9cd8838a5851dec1201e2af044","isMergeCommit":true,"messageTitle":"Merge pull request #72 from yeozongyao/branch-zongyao-abstraction","messageBody":"Branch zongyao abstraction","fileTypesAndContributionMap":{}}]},{"date":"2024-04-03","commitResults":[{"hash":"7d6314059ed09034195e325e669c378d811db91c","isMergeCommit":false,"messageTitle":"Authorship edits","messageBody":"","fileTypesAndContributionMap":{"functional-code":{"insertions":1,"deletions":0}}},{"hash":"866bf432e6f6427efe37f0493a3504312c6b759a","isMergeCommit":true,"messageTitle":"Merge pull request #77 from yeozongyao/branch-zongyao-abstraction","messageBody":"Authorship edits","fileTypesAndContributionMap":{}}]}]},"authorFileTypeContributionMap":{"liuzehui03":{"docs":8,"functional-code":140,"test-code":9},"Joshuahoky":{"docs":251,"functional-code":253,"test-code":9},"hailey-jung":{"docs":0,"functional-code":0,"test-code":0},"lordgareth10":{"docs":20,"functional-code":163,"test-code":35},"yeozongyao":{"docs":55,"functional-code":833,"test-code":280,"other":5}},"authorContributionVariance":{"liuzehui03":877.47406,"Joshuahoky":6092.317,"hailey-jung":0.0,"lordgareth10":1694.629,"yeozongyao":179416.89},"authorDisplayNameMap":{"liuzehui03":"CS2113-F15-4 LIU ..EHUI","Joshuahoky":"CS2113-F15-4 HO K..SHUA","hailey-jung":"CS2113-F15-4 JUNG..OJIN","lordgareth10":"CS2113-F15-4 GARE.. JUN","yeozongyao":"CS2113-F15-4 YEO .. YAO"}}
