{"authorDailyContributionsMap":{"Praneet-25":[{"date":"2024-03-06","commitResults":[{"hash":"f1c5ef9a67081fb64273f143785c1eee78c77fe2","isMergeCommit":false,"messageTitle":"Update description","messageBody":"","fileTypesAndContributionMap":{"docs":{"insertions":2,"deletions":5}}},{"hash":"5dea3c6c11fa4b4bdb9e3faa708ad86e390702a8","isMergeCommit":true,"messageTitle":"Merge branch \u0027master\u0027 into Praneet-about-us","messageBody":"","fileTypesAndContributionMap":{}},{"hash":"b1b8d662ceac7099e656a0a82060daa12f08e1cb","isMergeCommit":true,"messageTitle":"Merge branch \u0027master\u0027 into Praneet-about-us","messageBody":"","fileTypesAndContributionMap":{}},{"hash":"dacdc25d8d53e3aa186681b5fe4735e1cb03b4e6","isMergeCommit":true,"messageTitle":"Merge pull request #5 from Praneet-25/Praneet-about-us","messageBody":"Update description","fileTypesAndContributionMap":{}}]},{"date":"2024-03-16","commitResults":[{"hash":"be1d03cae72b9b89e4dbf7f9d303034ab50aec1a","isMergeCommit":false,"messageTitle":"Add changes to the database","messageBody":"","fileTypesAndContributionMap":{"functional-code":{"insertions":89,"deletions":16}}}]},{"date":"2024-03-18","commitResults":[{"hash":"53b8c38f5f2279fbcc9059c9f1d06c5ef0874788","isMergeCommit":true,"messageTitle":"database update","messageBody":"","fileTypesAndContributionMap":{}},{"hash":"08c0eadd8db1046de82f5214ce327f735f1b1a33","isMergeCommit":true,"messageTitle":"Fix merge conflicts","messageBody":"","fileTypesAndContributionMap":{}},{"hash":"294db0385568cd75fff6c2030deb2435b84ddb60","isMergeCommit":true,"messageTitle":"Merge pull request #40 from Praneet-25/feat/database","messageBody":"Feat/database","fileTypesAndContributionMap":{}}]},{"date":"2024-03-19","commitResults":[{"hash":"3560c5946642a75dff7b1f40c3cc07e5b1528cbd","isMergeCommit":false,"messageTitle":"Add documentation for food data.","messageBody":"","fileTypesAndContributionMap":{"functional-code":{"insertions":10,"deletions":2}}},{"hash":"c4548c2a77b8889a994585902d9d2930f21ff2a7","isMergeCommit":true,"messageTitle":"Merge pull request #62 from Praneet-25/master","messageBody":"Add documentation for food data.","fileTypesAndContributionMap":{}}]},{"date":"2024-03-22","commitResults":[{"hash":"d1ba6cb13dc6ca9f7d5e2a1db8d6c08cbea335d5","isMergeCommit":false,"messageTitle":"Add assertions into the FoodData class","messageBody":"","fileTypesAndContributionMap":{"functional-code":{"insertions":10,"deletions":0}}},{"hash":"7fb2f6415e1af2908c70d947e2036dcafac1cf35","isMergeCommit":true,"messageTitle":"Merge pull request #67 from Praneet-25/master","messageBody":"Add assertions into the FoodData class","fileTypesAndContributionMap":{}}]}],"pradeep-cod":[{"date":"2024-03-06","commitResults":[{"hash":"1e270412bab2da4545220481b189022093acf35c","isMergeCommit":false,"messageTitle":"Deeps about us","messageBody":"","fileTypesAndContributionMap":{"docs":{"insertions":4,"deletions":7}}},{"hash":"23062aad210721e0568f2f9992826c6f45e31dc7","isMergeCommit":true,"messageTitle":"Merge pull request #3 from pradeep-cod/Deeps-about-us","messageBody":"Deeps about us","fileTypesAndContributionMap":{}},{"hash":"5ecf7e4dabd381025803434cdd60fbdc34297a9b","isMergeCommit":true,"messageTitle":"Merge branch \u0027master\u0027 of https://github.com/AY2324S2-CS2113-W12-2/tp into Deeps-about-us","messageBody":"# Conflicts:\n#\tdocs/AboutUs.md\n","fileTypesAndContributionMap":{}},{"hash":"4c034bf52ffd7a35bda483d93f7e3b0a6daf0086","isMergeCommit":true,"messageTitle":"Merge branch \u0027master\u0027 of https://github.com/AY2324S2-CS2113-W12-2/tp into Deeps-about-us","messageBody":"# Conflicts:\n#\tdocs/AboutUs.md\n","fileTypesAndContributionMap":{}}]},{"date":"2024-03-11","commitResults":[{"hash":"a0b421a3147faec50704d8b022ac0be3671b8266","isMergeCommit":false,"messageTitle":"Goal Setting","messageBody":"","fileTypesAndContributionMap":{"functional-code":{"insertions":92,"deletions":4}}},{"hash":"e8775a41c110d20c2d2c273a655a34da04d6cfc9","isMergeCommit":true,"messageTitle":"Merge branch \u0027master\u0027 into GoalSetting","messageBody":"# Conflicts:\n#\tsrc/main/java/ActiveEdge/Parser/Parser.java\n","fileTypesAndContributionMap":{}}]},{"date":"2024-03-15","commitResults":[{"hash":"4571483258cdbe843d826c31788b3b43f3796e39","isMergeCommit":true,"messageTitle":"Merge branch \u0027master\u0027 into GoalSetting","messageBody":"# Conflicts:\n#\tsrc/main/java/ActiveEdge/Parser/Parser.java\n","fileTypesAndContributionMap":{}},{"hash":"88aa7fb0e94aaf9ce5c59bf953bcc77a3fa50ca7","isMergeCommit":true,"messageTitle":"Merge pull request #28 from pradeep-cod/JUnit-tests-Goals-Command","messageBody":"JUnit test got goal setting","fileTypesAndContributionMap":{}},{"hash":"57b0181dd8eb7f8251a5f0563b3d191ea71530a7","isMergeCommit":false,"messageTitle":"JUnit test got goal setting","messageBody":"","fileTypesAndContributionMap":{"test-code":{"insertions":47,"deletions":0}}}]},{"date":"2024-03-16","commitResults":[{"hash":"9fc724bc6973f497c1c78ea6327378d69567f058","isMergeCommit":true,"messageTitle":"Merge branch \u0027master\u0027 into GoalSetting","messageBody":"","fileTypesAndContributionMap":{}},{"hash":"e06abd61af37319878e07ea9242584aaa73d45ef","isMergeCommit":true,"messageTitle":"Merge pull request #33 from pradeep-cod/GoalSetting","messageBody":"Goal setting","fileTypesAndContributionMap":{}},{"hash":"e6b5aaebc71065c7394a24931ffbdd846e10ded0","isMergeCommit":false,"messageTitle":"Add Goals and Show Goals commands","messageBody":"","fileTypesAndContributionMap":{"functional-code":{"insertions":94,"deletions":59},"test-code":{"insertions":77,"deletions":47}}}]},{"date":"2024-03-18","commitResults":[{"hash":"5cc4b7e70ce98d37ca63a3df8b893f93ec28a5ab","isMergeCommit":true,"messageTitle":"Merge pull request #43 from pradeep-cod/GoalSetting","messageBody":"Goal setting","fileTypesAndContributionMap":{}},{"hash":"4513e6720d4615ce3bb4cec4cfc8bdae01f41207","isMergeCommit":false,"messageTitle":"Percentage of water consumed with goals","messageBody":"","fileTypesAndContributionMap":{"functional-code":{"insertions":17,"deletions":3}}}]},{"date":"2024-03-19","commitResults":[{"hash":"8df8652e979959a6a11822dc018ed85faa07f680","isMergeCommit":true,"messageTitle":"Merge pull request #59 from pradeep-cod/GoalSetting","messageBody":"Add documentation for GoalTask class","fileTypesAndContributionMap":{}},{"hash":"0ccc4bc94f09fb7fa1f1e770a66404e4860a5e2a","isMergeCommit":false,"messageTitle":"Add documentation for GoalTask class","messageBody":"","fileTypesAndContributionMap":{"functional-code":{"insertions":23,"deletions":3}}},{"hash":"8de311566b75edcc5762d6e507fa0980907de24e","isMergeCommit":true,"messageTitle":"Merge pull request #64 from pradeep-cod/GoalSetting","messageBody":"Add docs for add goals command","fileTypesAndContributionMap":{}},{"hash":"7f2eb583b94272bbeff2e0ce784e025ae78953d7","isMergeCommit":false,"messageTitle":"Add docs for add goals command","messageBody":"","fileTypesAndContributionMap":{"functional-code":{"insertions":21,"deletions":3}}}]},{"date":"2024-03-22","commitResults":[{"hash":"33a4f7232c7fa37755e0e6494f2b95250ca6366f","isMergeCommit":true,"messageTitle":"Merge pull request #69 from pradeep-cod/GoalSetting","messageBody":"Add assertion to Add Goals Command","fileTypesAndContributionMap":{}},{"hash":"58cf2b4297b3410b2897242a4d7319f4914c60e4","isMergeCommit":false,"messageTitle":"Add assertion to Add Goals Command","messageBody":"","fileTypesAndContributionMap":{"functional-code":{"insertions":4,"deletions":0},"other":{"insertions":4,"deletions":0}}},{"hash":"3befd34cb9743461314baf3000a7b3460ed1ae03","isMergeCommit":false,"messageTitle":"Find Command functionality","messageBody":"","fileTypesAndContributionMap":{"functional-code":{"insertions":2,"deletions":0}}},{"hash":"fffab70f6eba27875edbb4ea1a300742e94ab559","isMergeCommit":false,"messageTitle":"Find-Command functionality","messageBody":"","fileTypesAndContributionMap":{"functional-code":{"insertions":59,"deletions":13}}},{"hash":"455e61ba38941131487a1403a47c26afdf1c1895","isMergeCommit":true,"messageTitle":"Merge pull request #72 from pradeep-cod/Find-Command","messageBody":"Find command","fileTypesAndContributionMap":{}},{"hash":"f83229c6241ebce76abc55ea93adc8c1842f42e7","isMergeCommit":true,"messageTitle":"Merge branch \u0027master\u0027 into Find-Command","messageBody":"# Conflicts:\n#\tsrc/main/java/activeedge/parser/Parser.java\n#\tsrc/main/java/activeedge/ui/CommandUi.java\n","fileTypesAndContributionMap":{}}]}],"alvinnnnnnnnnn":[{"date":"2024-03-06","commitResults":[{"hash":"85e99996f902b7347f17f05fb3da07b1c1dda2d5","isMergeCommit":false,"messageTitle":"update: aboutus","messageBody":"","fileTypesAndContributionMap":{"docs":{"insertions":2,"deletions":5}}},{"hash":"b1131fccd9e54ea316970c51f532fb7186ac8498","isMergeCommit":true,"messageTitle":"Merge branch \u0027master\u0027 into alvin-aboutus","messageBody":"","fileTypesAndContributionMap":{}},{"hash":"d1bf21be2115dff4309696b5450bd54bd46b91ab","isMergeCommit":true,"messageTitle":"Merge pull request #2 from alvinnnnnnnnnn/alvin-aboutus","messageBody":"update: aboutus","fileTypesAndContributionMap":{}}]},{"date":"2024-03-11","commitResults":[{"hash":"c9e40844dfa4e0f9b69ba2e1738c62459265c142","isMergeCommit":false,"messageTitle":"no message","messageBody":"","fileTypesAndContributionMap":{"functional-code":{"insertions":15,"deletions":0}}},{"hash":"8ec1b6bdc3e1761879eb675b34f4faa53e853a7f","isMergeCommit":false,"messageTitle":"no message","messageBody":"","fileTypesAndContributionMap":{"functional-code":{"insertions":16,"deletions":2}}},{"hash":"dc75254abd0d13e8697245f8e41a368eb915525e","isMergeCommit":true,"messageTitle":"Merge pull request #11 from alvinnnnnnnnnn/branch-Calorie-Tracker","messageBody":"Branch calorie tracker","fileTypesAndContributionMap":{}},{"hash":"bacbf033212fc2f56cbc45c5d7053e5286745285","isMergeCommit":false,"messageTitle":"no message","messageBody":"","fileTypesAndContributionMap":{"functional-code":{"insertions":19,"deletions":1}}},{"hash":"0009d00af6853ac2dd9bf7cfcba096084430f861","isMergeCommit":true,"messageTitle":"Merge branch \u0027master\u0027 into branch-Calorie-Tracker","messageBody":"","fileTypesAndContributionMap":{}},{"hash":"0f72dca1a6bb9b5823e3dc42b4fbed2eb52dce9f","isMergeCommit":true,"messageTitle":"Merge pull request #13 from alvinnnnnnnnnn/branch-Calorie-Tracker","messageBody":"calorie tracker","fileTypesAndContributionMap":{}},{"hash":"c09dc47d1b15a91ab3040b47f91d250f5affb731","isMergeCommit":false,"messageTitle":"no message","messageBody":"","fileTypesAndContributionMap":{"functional-code":{"insertions":5,"deletions":1}}},{"hash":"5d1d5c0323a56599c362b79013682cd4966b1d6d","isMergeCommit":true,"messageTitle":"Merge branch \u0027branch-Calorie-Tracker\u0027 of https://github.com/alvinnnnnnnnnn/tp into branch-Calorie-Tracker","messageBody":"","fileTypesAndContributionMap":{}},{"hash":"4c58d6e036a9295d312ce87a58a85e8e6c67f4bb","isMergeCommit":false,"messageTitle":"no message","messageBody":"","fileTypesAndContributionMap":{"functional-code":{"insertions":1,"deletions":1}}},{"hash":"9c9f66636f3988c11e73e6868a028949509d9a12","isMergeCommit":true,"messageTitle":"Merge branch \u0027master\u0027 of https://github.com/alvinnnnnnnnnn/tp into branch-Calorie-Tracker","messageBody":"","fileTypesAndContributionMap":{}},{"hash":"c434fee333c9b0e75ef08c542d5db8663a09f810","isMergeCommit":false,"messageTitle":"no message","messageBody":"","fileTypesAndContributionMap":{"functional-code":{"insertions":1,"deletions":3}}},{"hash":"904a77a9d0c02d872c5afee91b3325b4d024eca2","isMergeCommit":true,"messageTitle":"Merge pull request #14 from alvinnnnnnnnnn/branch-Calorie-Tracker","messageBody":"Branch calorie tracker","fileTypesAndContributionMap":{}},{"hash":"8a22288e8f195269f510d8b1794119f61814a08e","isMergeCommit":false,"messageTitle":"no message","messageBody":"","fileTypesAndContributionMap":{"functional-code":{"insertions":9,"deletions":0}}},{"hash":"845343b46475f03d18a05f69870a890d4d148f6e","isMergeCommit":false,"messageTitle":"update showcalories command","messageBody":"","fileTypesAndContributionMap":{"functional-code":{"insertions":0,"deletions":1}}},{"hash":"d9bad2717af1f6a88b2dd855b90d85ca68e1cf8b","isMergeCommit":false,"messageTitle":"no message","messageBody":"","fileTypesAndContributionMap":{"functional-code":{"insertions":0,"deletions":1}}},{"hash":"1100d5d18f9f1be33db96b4eefedc7777175ac11","isMergeCommit":true,"messageTitle":"Merge pull request #15 from alvinnnnnnnnnn/branch-Calorie-Tracker","messageBody":"Branch calorie tracker","fileTypesAndContributionMap":{}}]},{"date":"2024-03-12","commitResults":[{"hash":"f23ff527fab5376e76f5094c5a5cb94f22026795","isMergeCommit":false,"messageTitle":"no message","messageBody":"","fileTypesAndContributionMap":{"functional-code":{"insertions":18,"deletions":0}}},{"hash":"072aa66c0ed52e2a2cdd13ae0ee951b58effa656","isMergeCommit":true,"messageTitle":"Merge pull request #18 from alvinnnnnnnnnn/branch-Calorie-Tracker","messageBody":"food data","fileTypesAndContributionMap":{}}]},{"date":"2024-03-13","commitResults":[{"hash":"6569ff05743134beac46c7c7dd4a37f39a0ff98d","isMergeCommit":false,"messageTitle":"updated log meals function","messageBody":"","fileTypesAndContributionMap":{"functional-code":{"insertions":100,"deletions":34}}}]},{"date":"2024-03-14","commitResults":[{"hash":"acc41918106c8e0fc421e28b1d8892b7c325c57c","isMergeCommit":true,"messageTitle":"Merge branch \u0027master\u0027 of https://github.com/alvinnnnnnnnnn/tp into branch-Calorie-Tracker","messageBody":"# Conflicts:\n#\tsrc/main/java/ActiveEdge/Command/LogCaloriesCommand.java\n#\tsrc/main/java/ActiveEdge/Command/ShowCaloriesCommand.java\n#\tsrc/main/java/ActiveEdge/Parser/Parser.java\n","fileTypesAndContributionMap":{}},{"hash":"fdf8b72bc2aa4703f981750f2b44224780997881","isMergeCommit":true,"messageTitle":"Merge pull request #23 from alvinnnnnnnnnn/branch-Calorie-Tracker","messageBody":"updated log meals function","fileTypesAndContributionMap":{}},{"hash":"5cf4a13d52e23901a64803c48d10cc773c15abdb","isMergeCommit":false,"messageTitle":"Storage","messageBody":"","fileTypesAndContributionMap":{"functional-code":{"insertions":62,"deletions":0}}},{"hash":"5c29a92a2edbf9bfa019e598262cf6b659c36854","isMergeCommit":true,"messageTitle":"Merge pull request #24 from alvinnnnnnnnnn/branch-Calorie-Tracker","messageBody":"Storage","fileTypesAndContributionMap":{}},{"hash":"7c034de7a00eaeec9dbab566296b5e0a98264165","isMergeCommit":false,"messageTitle":"no message","messageBody":"","fileTypesAndContributionMap":{"functional-code":{"insertions":76,"deletions":40}}},{"hash":"ece07e17b5246d601db8904458cd9a344a23e76d","isMergeCommit":true,"messageTitle":"Merge pull request #25 from alvinnnnnnnnnn/branch-Calorie-Tracker","messageBody":"calorie tracker","fileTypesAndContributionMap":{}}]},{"date":"2024-03-15","commitResults":[{"hash":"785995a773be5881263ac60fadbe36c3116d737c","isMergeCommit":false,"messageTitle":"no message","messageBody":"","fileTypesAndContributionMap":{"functional-code":{"insertions":7,"deletions":23}}},{"hash":"d925b6213f4f935a700b61cf25daeaf3c1009c83","isMergeCommit":false,"messageTitle":"no message","messageBody":"","fileTypesAndContributionMap":{"functional-code":{"insertions":11,"deletions":5}}},{"hash":"33779caaec7871cae062522cad6abe9a94944c22","isMergeCommit":true,"messageTitle":"Merge pull request #27 from alvinnnnnnnnnn/branch-Calorie-Tracker","messageBody":"Branch calorie tracker","fileTypesAndContributionMap":{}},{"hash":"fae78280057e8151ea7ad2d67e2188bf18619687","isMergeCommit":false,"messageTitle":"no message","messageBody":"","fileTypesAndContributionMap":{"test-code":{"insertions":29,"deletions":0}}},{"hash":"a0a7b7258c06f3749ad92d1a60633ed77e08d9fb","isMergeCommit":true,"messageTitle":"Merge pull request #29 from alvinnnnnnnnnn/branch-Calorie-Tracker","messageBody":"JUnit test","fileTypesAndContributionMap":{}}]},{"date":"2024-03-16","commitResults":[{"hash":"5b42b825144c917a390690bc84d1710594b1cdc8","isMergeCommit":false,"messageTitle":"no message","messageBody":"","fileTypesAndContributionMap":{"functional-code":{"insertions":122,"deletions":51}}},{"hash":"8d05ced1d02e2675bfb4377a1598eab9f23a9e8d","isMergeCommit":true,"messageTitle":"Merge pull request #35 from alvinnnnnnnnnn/branch-Calorie-Tracker","messageBody":"calorie tracker","fileTypesAndContributionMap":{}},{"hash":"821432d0f1c36ab981e0aeb8373828120b263d1a","isMergeCommit":true,"messageTitle":"Merge branch \u0027master\u0027 of https://github.com/alvinnnnnnnnnn/tp into branch-Calorie-Tracker","messageBody":"","fileTypesAndContributionMap":{}},{"hash":"f58b7c906450bd345b32d0a834574fb5ff5976d4","isMergeCommit":false,"messageTitle":"no message","messageBody":"","fileTypesAndContributionMap":{"functional-code":{"insertions":27,"deletions":28}}},{"hash":"f643dbae05e8e83269f57715677db5c58107225a","isMergeCommit":false,"messageTitle":"no message","messageBody":"","fileTypesAndContributionMap":{"functional-code":{"insertions":1,"deletions":1}}},{"hash":"b2be681b8c83f18423383283d064c6621eb4da6c","isMergeCommit":true,"messageTitle":"Merge branch \u0027master\u0027 into branch-Calorie-Tracker","messageBody":"","fileTypesAndContributionMap":{}},{"hash":"d674a90bc032a94825afd59275255dda3292e243","isMergeCommit":true,"messageTitle":"Merge pull request #37 from alvinnnnnnnnnn/branch-Calorie-Tracker","messageBody":"Branch calorie tracker","fileTypesAndContributionMap":{}}]},{"date":"2024-03-18","commitResults":[{"hash":"2e96ce0759139c05cb8189b5ee189904532eacfc","isMergeCommit":false,"messageTitle":"no message","messageBody":"","fileTypesAndContributionMap":{"functional-code":{"insertions":1,"deletions":1}}},{"hash":"f15519eeefdc1b45f53cd97cdcddead5230db731","isMergeCommit":true,"messageTitle":"Merge branch \u0027branch-Calorie-Tracker\u0027 of https://github.com/alvinnnnnnnnnn/tp into branch-Calorie-Tracker","messageBody":"","fileTypesAndContributionMap":{}},{"hash":"e5fd0dcef4411b493b629d5ff002a240037a6156","isMergeCommit":true,"messageTitle":"Merge branch \u0027master\u0027 of https://github.com/alvinnnnnnnnnn/tp into branch-Calorie-Tracker","messageBody":"# Conflicts:\n#\tsrc/main/java/ActiveEdge/Task/LogMeals.java\n","fileTypesAndContributionMap":{}},{"hash":"c3648e705a1abbc0f66d544d13b06a475781f2ca","isMergeCommit":true,"messageTitle":"Merge branch \u0027master\u0027 of https://github.com/alvinnnnnnnnnn/tp into branch-Calorie-Tracker","messageBody":"# Conflicts:\n#\tdata/data.txt\n","fileTypesAndContributionMap":{}},{"hash":"dca2c6eaec85f8baa4b81fc4400f602aebf5aa44","isMergeCommit":false,"messageTitle":"no message","messageBody":"","fileTypesAndContributionMap":{"functional-code":{"insertions":1,"deletions":0}}},{"hash":"da72be9c7ee8be4b2069941e99825d08c2d291ff","isMergeCommit":false,"messageTitle":"no message","messageBody":"","fileTypesAndContributionMap":{"functional-code":{"insertions":6,"deletions":3}}},{"hash":"03872640b0cbf9b18da0b6cd94940a61aacef488","isMergeCommit":true,"messageTitle":"Merge branch \u0027master\u0027 into branch-Calorie-Tracker","messageBody":"","fileTypesAndContributionMap":{}},{"hash":"20b261b3e64ac02ff7241a4480b5eef6ebdedeff","isMergeCommit":true,"messageTitle":"Merge pull request #49 from alvinnnnnnnnnn/branch-Calorie-Tracker","messageBody":"Branch calorie tracker","fileTypesAndContributionMap":{}},{"hash":"7fdcd5fb5bbb981d8128484f9a2018cb13355fcf","isMergeCommit":false,"messageTitle":"no message","messageBody":"","fileTypesAndContributionMap":{"functional-code":{"insertions":40,"deletions":11}}},{"hash":"5f0adda549a2abf1ebd7c5573b0134f48b40cb83","isMergeCommit":true,"messageTitle":"Merge pull request #50 from alvinnnnnnnnnn/branch-Calorie-Tracker","messageBody":"calorie tracker","fileTypesAndContributionMap":{}}]},{"date":"2024-03-21","commitResults":[{"hash":"7f741c133d41742d86e493eb16ff442899ba816c","isMergeCommit":false,"messageTitle":"no message","messageBody":"","fileTypesAndContributionMap":{"functional-code":{"insertions":4,"deletions":1}}},{"hash":"b794ff90918397a92f5433d6a6dfdf670232cdfc","isMergeCommit":true,"messageTitle":"Merge pull request #66 from alvinnnnnnnnnn/branch-Calorie-Tracker","messageBody":"assertions-alvin","fileTypesAndContributionMap":{}}]},{"date":"2024-03-22","commitResults":[{"hash":"c4ae7026fa5102cb01b2ee1167c9770623562b6f","isMergeCommit":false,"messageTitle":"add height and weight","messageBody":"","fileTypesAndContributionMap":{"functional-code":{"insertions":173,"deletions":25}}},{"hash":"e9c36cfdc95a182d0a256f8ff6aea785b893dd70","isMergeCommit":false,"messageTitle":"exercise list","messageBody":"","fileTypesAndContributionMap":{"functional-code":{"insertions":7,"deletions":0}}},{"hash":"dda68983fb688cbc537c3ac0cf996d3ba6c4714d","isMergeCommit":false,"messageTitle":"fixed errors","messageBody":"","fileTypesAndContributionMap":{"functional-code":{"insertions":2,"deletions":3}}},{"hash":"445e961cf30dd866500b9a28f9a05cc0ef1ec37d","isMergeCommit":true,"messageTitle":"Merge branch \u0027master\u0027 into branch-exercises-alvin","messageBody":"","fileTypesAndContributionMap":{}},{"hash":"269107d6ddf9bc2d2bd6f8577c64dd04499b15cb","isMergeCommit":false,"messageTitle":"no message","messageBody":"","fileTypesAndContributionMap":{"functional-code":{"insertions":3,"deletions":0}}},{"hash":"2d6c21818ea25757f98672134f2c93826f018b35","isMergeCommit":true,"messageTitle":"Merge branch \u0027branch-exercises-alvin\u0027 of https://github.com/alvinnnnnnnnnn/tp into branch-exercises-alvin","messageBody":"","fileTypesAndContributionMap":{}},{"hash":"065804271787bf012996178f5c297e51f63ffb45","isMergeCommit":false,"messageTitle":"no message","messageBody":"","fileTypesAndContributionMap":{"functional-code":{"insertions":4,"deletions":0}}},{"hash":"c92f37ba43c3a73012f9d9a40b9678b9c08a9f19","isMergeCommit":false,"messageTitle":"no message","messageBody":"","fileTypesAndContributionMap":{"functional-code":{"insertions":8,"deletions":16}}},{"hash":"fbc425ae87271bd3fb15b9213359a0e939389a47","isMergeCommit":false,"messageTitle":"updated nikhils assertion","messageBody":"","fileTypesAndContributionMap":{"functional-code":{"insertions":1,"deletions":3}}},{"hash":"622cc8fd2daafa4292297e1d74218845ba5cc6e7","isMergeCommit":false,"messageTitle":"fixing nikhils code again","messageBody":"","fileTypesAndContributionMap":{"functional-code":{"insertions":1,"deletions":1},"test-code":{"insertions":0,"deletions":1}}},{"hash":"c122d36740419ee31a8ea84682c2796c9cb74b36","isMergeCommit":false,"messageTitle":"revert","messageBody":"","fileTypesAndContributionMap":{"functional-code":{"insertions":3,"deletions":1},"test-code":{"insertions":1,"deletions":0}}},{"hash":"a9cce0d412510fe523fa06e1a15ed8143dcece4e","isMergeCommit":true,"messageTitle":"Merge pull request #68 from alvinnnnnnnnnn/branch-exercises-alvin","messageBody":"Branch exercises alvin","fileTypesAndContributionMap":{}},{"hash":"e46878061bc9fc641c98767cae9a8396e11dde7b","isMergeCommit":false,"messageTitle":"updated storage","messageBody":"","fileTypesAndContributionMap":{"functional-code":{"insertions":2,"deletions":10}}},{"hash":"08863bd0bf73bc84762406199fcdb3d1bcc71704","isMergeCommit":true,"messageTitle":"Merge pull request #75 from alvinnnnnnnnnn/branch-exercises-alvin","messageBody":"updated storage","fileTypesAndContributionMap":{}}]},{"date":"2024-03-23","commitResults":[{"hash":"81cd61800b49365123009f75114c8f144135abb6","isMergeCommit":false,"messageTitle":"no message","messageBody":"","fileTypesAndContributionMap":{"functional-code":{"insertions":1,"deletions":3}}},{"hash":"fc7d992566b3e259c4bcae0524b39a1687860d0b","isMergeCommit":false,"messageTitle":"no message","messageBody":"","fileTypesAndContributionMap":{"functional-code":{"insertions":7,"deletions":6}}},{"hash":"eff47808a6171ce9f9d6bebe472c16458b8af9bc","isMergeCommit":false,"messageTitle":"no message","messageBody":"","fileTypesAndContributionMap":{"functional-code":{"insertions":6,"deletions":8},"test-code":{"insertions":4,"deletions":2}}},{"hash":"c40b4a7ef5491e3f3981ea30d1ff12b52b954f61","isMergeCommit":false,"messageTitle":"no message","messageBody":"","fileTypesAndContributionMap":{"functional-code":{"insertions":5,"deletions":6},"test-code":{"insertions":1,"deletions":1}}},{"hash":"f3f9a0c5d017f831738f85a4429f4fc6c233c2c1","isMergeCommit":false,"messageTitle":"fix errors","messageBody":"","fileTypesAndContributionMap":{"functional-code":{"insertions":26,"deletions":22},"test-code":{"insertions":1,"deletions":1}}},{"hash":"82340e5fbf3f9f721ed5b3912e9224c610dea5ed","isMergeCommit":false,"messageTitle":"no message","messageBody":"","fileTypesAndContributionMap":{"functional-code":{"insertions":1,"deletions":2}}},{"hash":"6f7dd24332e39fb441d49c2ce34d9e0bd610df6c","isMergeCommit":false,"messageTitle":"no message","messageBody":"","fileTypesAndContributionMap":{"functional-code":{"insertions":1,"deletions":16}}},{"hash":"6507ee1483d6788f3570331ac877af551c5166bf","isMergeCommit":false,"messageTitle":"no message","messageBody":"","fileTypesAndContributionMap":{"functional-code":{"insertions":4,"deletions":4}}},{"hash":"378402d1f341b3709ed9db6ff582c9e06ec74e56","isMergeCommit":true,"messageTitle":"Merge pull request #79 from alvinnnnnnnnnn/branch-exercises-alvin","messageBody":"fixed all errors\r\n","fileTypesAndContributionMap":{}}]}],"nikhil-2101":[{"date":"2024-03-06","commitResults":[{"hash":"72e178b42c854718c70e209dfbdd8d7120202f2c","isMergeCommit":false,"messageTitle":"about-us","messageBody":"","fileTypesAndContributionMap":{"docs":{"insertions":4,"deletions":7}}},{"hash":"3196fcea45b9dd0879634857753bc0c1251d7213","isMergeCommit":true,"messageTitle":"Merge branch \u0027master\u0027 into nikhil-about-us","messageBody":"","fileTypesAndContributionMap":{}},{"hash":"31624ae39e6cd504c171d7d8e527ab292f0170ea","isMergeCommit":true,"messageTitle":"Merge pull request #4 from nikhil-2101/nikhil-about-us","messageBody":"nikhil-about-us","fileTypesAndContributionMap":{}}]},{"date":"2024-03-11","commitResults":[{"hash":"0da2fcdddcd4bd70718d318f4bb6e1f9816fce0c","isMergeCommit":true,"messageTitle":"Merge branch \u0027master\u0027 of https://github.com/nikhil-2101/tp","messageBody":"","fileTypesAndContributionMap":{}},{"hash":"8e4ee37693622652d475a194f5e306589cea4ad4","isMergeCommit":false,"messageTitle":"command commit","messageBody":"","fileTypesAndContributionMap":{"functional-code":{"insertions":5,"deletions":0}}},{"hash":"233ab4095bd4d05f74c8490e5286f297bf162132","isMergeCommit":true,"messageTitle":"Merge pull request #9 from nikhil-2101/master","messageBody":"command commit","fileTypesAndContributionMap":{}},{"hash":"f951f4fddb5d72755cc9bfac850641ca73658f7c","isMergeCommit":false,"messageTitle":"Task commit","messageBody":"","fileTypesAndContributionMap":{"functional-code":{"insertions":14,"deletions":0}}},{"hash":"347d0175e9fb2ac1550cf6cefc89cb9b7be49b68","isMergeCommit":true,"messageTitle":"Merge pull request #10 from nikhil-2101/master","messageBody":"Task commit","fileTypesAndContributionMap":{}},{"hash":"e6518074f13b2600e1ec340adbb022c5d1887d90","isMergeCommit":false,"messageTitle":"more commit","messageBody":"","fileTypesAndContributionMap":{"functional-code":{"insertions":23,"deletions":4}}},{"hash":"5f4074816619b2198d5f9fe1886ae8d2d3c0584d","isMergeCommit":true,"messageTitle":"Merge branch \u0027master\u0027 into master","messageBody":"","fileTypesAndContributionMap":{}},{"hash":"c696cc49e3483a81b3ce1dc28259cdf29e871084","isMergeCommit":true,"messageTitle":"Merge pull request #12 from nikhil-2101/master","messageBody":"more commit","fileTypesAndContributionMap":{}},{"hash":"7d9b46f36dfcd088f72cd4168b923c65792fcb2b","isMergeCommit":false,"messageTitle":"some changes cos of exception","messageBody":"","fileTypesAndContributionMap":{"functional-code":{"insertions":30,"deletions":10}}},{"hash":"0d6bafcec4c15796eff53e3e1b151d5ae034d4c4","isMergeCommit":true,"messageTitle":"Merge branch \u0027master\u0027 into master","messageBody":"","fileTypesAndContributionMap":{}},{"hash":"0176db1e4b81a58660b3cd9b25038565f1b74ab6","isMergeCommit":true,"messageTitle":"Merge pull request #16 from nikhil-2101/master","messageBody":"some changes cos of exception","fileTypesAndContributionMap":{}}]},{"date":"2024-03-12","commitResults":[{"hash":"f0d949607452a5334493db96036bd5d25020156e","isMergeCommit":false,"messageTitle":"Revert \"some changes cos of exception\"","messageBody":"","fileTypesAndContributionMap":{"functional-code":{"insertions":9,"deletions":30}}},{"hash":"3884f4dc2c54d9ea1799594a3af996396e30c73a","isMergeCommit":true,"messageTitle":"Merge pull request #17 from AY2324S2-CS2113-W12-2/revert-16-master","messageBody":"Revert \"some changes cos of exception\"","fileTypesAndContributionMap":{}}]},{"date":"2024-03-15","commitResults":[{"hash":"9165d102933a598fc8104109f99136d2d19327ac","isMergeCommit":false,"messageTitle":"commit stuff","messageBody":"","fileTypesAndContributionMap":{"functional-code":{"insertions":99,"deletions":1}}},{"hash":"9082426f101de9ef2739441b0e0fd13aaf4a9424","isMergeCommit":true,"messageTitle":"Merge branch \u0027master\u0027 into Nikhil-WaterTracker-1.0","messageBody":"# Conflicts:\n#\tsrc/main/java/ActiveEdge/Parser/Parser.java\n","fileTypesAndContributionMap":{}},{"hash":"079657ed4cec4a19906515f4fb0b017175ac9648","isMergeCommit":true,"messageTitle":"Merge branch \u0027master\u0027 into Nikhil-WaterTracker-1.0","messageBody":"","fileTypesAndContributionMap":{}},{"hash":"bcd4c5b7d34f19d439e65c8be2fd570c4cb884ef","isMergeCommit":false,"messageTitle":"commit junit","messageBody":"","fileTypesAndContributionMap":{"functional-code":{"insertions":3,"deletions":0},"test-code":{"insertions":73,"deletions":0}}},{"hash":"1bd606070cc6c185db96725775d4d68c79a4a0b2","isMergeCommit":true,"messageTitle":"Merge pull request #30 from nikhil-2101/Nikhil-WaterTracker-1.0","messageBody":"Nikhil water tracker 1.0","fileTypesAndContributionMap":{}}]},{"date":"2024-03-16","commitResults":[{"hash":"5b8d6741adf583d4a996fa06032ae2eb66b4a187","isMergeCommit":false,"messageTitle":"commit","messageBody":"","fileTypesAndContributionMap":{"functional-code":{"insertions":20,"deletions":27}}},{"hash":"c30cb1c5e316e772198e3cf3330a6e02ad2fbc99","isMergeCommit":true,"messageTitle":"Merge branch \u0027master\u0027 into Nikhil-WaterTracker-1.0","messageBody":"# Conflicts:\n#\tsrc/main/java/ActiveEdge/Parser/Parser.java\n","fileTypesAndContributionMap":{}},{"hash":"81528011278b48df71d5650a3178cda5d35a9ad1","isMergeCommit":true,"messageTitle":"Merge pull request #32 from nikhil-2101/Nikhil-WaterTracker-1.0","messageBody":"Nikhil water tracker 1.0 changes","fileTypesAndContributionMap":{}}]},{"date":"2024-03-18","commitResults":[{"hash":"0d89ef1856d24c9d85a92db28504ed3de436f190","isMergeCommit":false,"messageTitle":"commit","messageBody":"","fileTypesAndContributionMap":{"functional-code":{"insertions":10,"deletions":8}}},{"hash":"4d566d821e7652982e5f2c19254cc33e8f2e478f","isMergeCommit":true,"messageTitle":"Merge branch \u0027master\u0027 into Nikhil-WaterTracker-1.0","messageBody":"","fileTypesAndContributionMap":{}},{"hash":"be62b8f7ea5ad5eb049eac9b431e6e69143a947d","isMergeCommit":false,"messageTitle":"commit2","messageBody":"","fileTypesAndContributionMap":{"functional-code":{"insertions":142,"deletions":127}}},{"hash":"63dae1bce7c5f8e3d242cb925d98973a7161c9ad","isMergeCommit":true,"messageTitle":"Merge branch \u0027master\u0027 into Nikhil-WaterTracker-1.0","messageBody":"# Conflicts:\n#\tsrc/main/java/ActiveEdge/Parser/Parser.java\n","fileTypesAndContributionMap":{}},{"hash":"ddead900c311cef5874608b8bc390d5eb6f3e612","isMergeCommit":true,"messageTitle":"Merge pull request #41 from nikhil-2101/Nikhil-WaterTracker-1.0","messageBody":"Nikhil water tracker 1.0","fileTypesAndContributionMap":{}},{"hash":"76b577ab93ac5462e69283d63083149671ce40b6","isMergeCommit":false,"messageTitle":"com","messageBody":"","fileTypesAndContributionMap":{"functional-code":{"insertions":2,"deletions":1}}},{"hash":"484a5b2e41fe7683379fa4d79114e7c898e6e35f","isMergeCommit":false,"messageTitle":"commit","messageBody":"","fileTypesAndContributionMap":{"functional-code":{"insertions":1,"deletions":1}}},{"hash":"76a4685359d254d08ad25a77bb7d13d00abcf1a2","isMergeCommit":true,"messageTitle":"Merge pull request #42 from nikhil-2101/Nikhil-WaterTracker-1.0","messageBody":"Nikhil water tracker 1.0","fileTypesAndContributionMap":{}},{"hash":"80b4bf27ba53810ebbd979183d1372425298758e","isMergeCommit":false,"messageTitle":"junit again","messageBody":"","fileTypesAndContributionMap":{"functional-code":{"insertions":2,"deletions":2},"test-code":{"insertions":65,"deletions":72}}},{"hash":"fd8406c90c5c501e0d36b7ac0162087acd634583","isMergeCommit":true,"messageTitle":"Merge pull request #44 from nikhil-2101/Nikhil-WaterTracker-1.0","messageBody":"junit again","fileTypesAndContributionMap":{}}]},{"date":"2024-03-19","commitResults":[{"hash":"0518641a12f566375e256559a15485192d344fc8","isMergeCommit":false,"messageTitle":"WaterTask documentation","messageBody":"","fileTypesAndContributionMap":{"functional-code":{"insertions":24,"deletions":0}}},{"hash":"4b321ab2dfa5568523a47b9bda8cbd6380d73d35","isMergeCommit":true,"messageTitle":"Merge pull request #60 from nikhil-2101/Nikhil-WaterTracker-1.0","messageBody":"WaterTask documentation","fileTypesAndContributionMap":{}},{"hash":"ef08df42fc9e02d7260625ef342be62f2277698c","isMergeCommit":false,"messageTitle":"documentation for logwatercommand","messageBody":"","fileTypesAndContributionMap":{"functional-code":{"insertions":16,"deletions":3}}},{"hash":"d80ea15c6ad74d213dafb66ec95d23cdd00e578c","isMergeCommit":true,"messageTitle":"Merge pull request #63 from nikhil-2101/Nikhil-WaterTracker-1.0","messageBody":"documentation for logwatercommand","fileTypesAndContributionMap":{}},{"hash":"fdea1c15da377f9c7df9b25ca27703b1936dce2e","isMergeCommit":false,"messageTitle":"fixes","messageBody":"","fileTypesAndContributionMap":{"functional-code":{"insertions":1,"deletions":1}}},{"hash":"e31f9d8d25ba0cc17c5f6d13a9842b5095fc5853","isMergeCommit":true,"messageTitle":"Merge pull request #65 from nikhil-2101/Nikhil-WaterTracker-1.0","messageBody":"fixes","tags":["ActiveEdge-v1"],"fileTypesAndContributionMap":{}}]},{"date":"2024-03-22","commitResults":[{"hash":"c4c01bccc8a2473e1a84fc57b7258f1dafe20fa7","isMergeCommit":false,"messageTitle":"assert","messageBody":"","fileTypesAndContributionMap":{"functional-code":{"insertions":2,"deletions":0},"other":{"insertions":10,"deletions":0}}},{"hash":"1e6b200ee2c3dac927dfdd7196fb58f85423a1aa","isMergeCommit":true,"messageTitle":"Merge branch \u0027master\u0027 into Nikhil-WaterTracker-1.0","messageBody":"","fileTypesAndContributionMap":{}},{"hash":"aa25871de91415f951ecff6c045554185eea51e0","isMergeCommit":true,"messageTitle":"Merge pull request #70 from nikhil-2101/Nikhil-WaterTracker-1.0","messageBody":"assert","fileTypesAndContributionMap":{}},{"hash":"d6c883a0ef71d9609e7c393613ac64aa9e51d69b","isMergeCommit":false,"messageTitle":"delete function and fixes","messageBody":"","fileTypesAndContributionMap":{"functional-code":{"insertions":76,"deletions":22}}},{"hash":"a12bc8f0274a9b3c2c7a7544c3f4572f7afe9e23","isMergeCommit":true,"messageTitle":"Merge pull request #71 from nikhil-2101/Delete","messageBody":"delete function and fixes","fileTypesAndContributionMap":{}},{"hash":"03941169e5c7a83032430fe9ea23b7fd478b2b56","isMergeCommit":false,"messageTitle":"delete bugs","messageBody":"","fileTypesAndContributionMap":{"functional-code":{"insertions":15,"deletions":1}}},{"hash":"587276405169ac7b77ba67c51591322e82256c54","isMergeCommit":true,"messageTitle":"Merge branch \u0027master\u0027 into Delete","messageBody":"","fileTypesAndContributionMap":{}},{"hash":"8a0662eab51dfbac75bf77b2a6f56011e489564d","isMergeCommit":true,"messageTitle":"Merge pull request #73 from nikhil-2101/Delete","messageBody":"Delete bugs","fileTypesAndContributionMap":{}}]}],"SuveenE":[{"date":"2024-03-06","commitResults":[{"hash":"f2fd16d167013def401d9124bcb2e49af04ea533","isMergeCommit":false,"messageTitle":"Update README.md with product name","messageBody":"","fileTypesAndContributionMap":{"docs":{"insertions":1,"deletions":1}}},{"hash":"17b7f09471b9cf5d207dcafbedbd2ae604663a2e","isMergeCommit":false,"messageTitle":"Update AboutUs.md","messageBody":"","fileTypesAndContributionMap":{"docs":{"insertions":2,"deletions":5}}},{"hash":"f832101ce05ca06b93c4f4e69ec631647e443134","isMergeCommit":true,"messageTitle":"Merge pull request #1 from SuveenE/suveen-aboutus","messageBody":"Update AboutUs.md","fileTypesAndContributionMap":{}}]},{"date":"2024-03-10","commitResults":[{"hash":"25dab1daec6a10f0333fdd98ded7dd4de30bac86","isMergeCommit":false,"messageTitle":"Setup initial folder structure","messageBody":"","fileTypesAndContributionMap":{"functional-code":{"insertions":17,"deletions":21},"other":{"insertions":1,"deletions":1},"docs":{"insertions":1,"deletions":1}}},{"hash":"88e9212b0d877388471e386b5a8f019527b8cb38","isMergeCommit":false,"messageTitle":"Update testing files","messageBody":"","fileTypesAndContributionMap":{"functional-code":{"insertions":2,"deletions":2}}},{"hash":"98333c6d05cd71e50da7bfb66a9c9387971eaa2f","isMergeCommit":true,"messageTitle":"Merge pull request #6 from SuveenE/initial-setup","messageBody":"Setup initial folder structure","fileTypesAndContributionMap":{}},{"hash":"1064b87e2606b2af102fc490504944e3f286eac2","isMergeCommit":false,"messageTitle":"Add Parser and UI classes","messageBody":"","fileTypesAndContributionMap":{"functional-code":{"insertions":31,"deletions":2}}},{"hash":"2ba8e01dfce4d1290de241a1dceb1063fd4ec8c5","isMergeCommit":false,"messageTitle":"Fix styling errors","messageBody":"","fileTypesAndContributionMap":{"functional-code":{"insertions":4,"deletions":6}}},{"hash":"b577d9d30e414ee4c4e2ae37a18a3976bb6132a9","isMergeCommit":false,"messageTitle":"Update runtest.sh","messageBody":"","fileTypesAndContributionMap":{"other":{"insertions":1,"deletions":1}}},{"hash":"b3dda42e6d5328f87df550fd07f23a54f0b02c4e","isMergeCommit":false,"messageTitle":"Update build.gradle with new class name","messageBody":"","fileTypesAndContributionMap":{"other":{"insertions":3,"deletions":3}}},{"hash":"7d7ded77422eb09fb3a10501b87301badc279242","isMergeCommit":true,"messageTitle":"Merge pull request #7 from SuveenE/Classes-setup","messageBody":"Add Parser and UI classes","fileTypesAndContributionMap":{}}]},{"date":"2024-03-11","commitResults":[{"hash":"f5f5bf29d97bd37980a6e5126f83175189b70d8f","isMergeCommit":false,"messageTitle":"Add help command","messageBody":"","fileTypesAndContributionMap":{"functional-code":{"insertions":44,"deletions":2}}},{"hash":"62bd87c0db77bedc3e11af55b3f25580314604c9","isMergeCommit":false,"messageTitle":"Update test input and output","messageBody":"","fileTypesAndContributionMap":{"functional-code":{"insertions":1,"deletions":1}}},{"hash":"9fdd00606bdd03661140c41e548473451c13fc72","isMergeCommit":false,"messageTitle":"Fix test cases issues","messageBody":"","fileTypesAndContributionMap":{"functional-code":{"insertions":2,"deletions":0}}},{"hash":"af76c22866255ae32a128c4704d4065702453b50","isMergeCommit":false,"messageTitle":"Add main function to ActiveEdge class","messageBody":"","fileTypesAndContributionMap":{"functional-code":{"insertions":5,"deletions":1}}},{"hash":"f7f16eee36717a93fe32f3b3295a322ca31a2f35","isMergeCommit":false,"messageTitle":"Fix test files","messageBody":"","fileTypesAndContributionMap":{"other":{"insertions":15,"deletions":12}}},{"hash":"57e8dc6ce79b291ad1d6109363defd269553ca22","isMergeCommit":true,"messageTitle":"Merge pull request #8 from SuveenE/feat/help-command","messageBody":"Add help command","fileTypesAndContributionMap":{}}]},{"date":"2024-03-12","commitResults":[{"hash":"9620ce67cb91958d0268abf8a8ec563c29530eb7","isMergeCommit":false,"messageTitle":"Add file storage class","messageBody":"","fileTypesAndContributionMap":{"functional-code":{"insertions":66,"deletions":5}}},{"hash":"2b4832262326e2e0d0d6d8eb8d11224a6c6498de","isMergeCommit":false,"messageTitle":"Remove unused imports","messageBody":"","fileTypesAndContributionMap":{"functional-code":{"insertions":2,"deletions":2}}},{"hash":"56724fd89417b7a7949c5fdabc8499ac02f26c2c","isMergeCommit":false,"messageTitle":"Fix build fail errors","messageBody":"","fileTypesAndContributionMap":{"functional-code":{"insertions":1,"deletions":1}}},{"hash":"d7902251c2d6524fb31790cb9522fe4fc6ee380a","isMergeCommit":false,"messageTitle":"Remove redundant imports","messageBody":"","fileTypesAndContributionMap":{"functional-code":{"insertions":0,"deletions":1}}},{"hash":"ebf7e58fb694244773cf8f21e3c3fc0ff365f411","isMergeCommit":true,"messageTitle":"Merge pull request #19 from SuveenE/feat/file-storage","messageBody":"Add file storage class","fileTypesAndContributionMap":{}}]},{"date":"2024-03-14","commitResults":[{"hash":"41bdc163c878d6084c71686fa353976281923846","isMergeCommit":false,"messageTitle":"Create JUnit Test Case for Parser Class","messageBody":"","fileTypesAndContributionMap":{"test-code":{"insertions":25,"deletions":0}}},{"hash":"dcd3cd67d700758e935f2be0ad53408e6dde69f4","isMergeCommit":true,"messageTitle":"Merge pull request #26 from SuveenE/JUnit-tests-help-Command","messageBody":"Create JUnit Test Case for Parser Class","fileTypesAndContributionMap":{}}]},{"date":"2024-03-16","commitResults":[{"hash":"76f3eee81afb96675dd7716c5cb2be4505e9041b","isMergeCommit":false,"messageTitle":"fix water log command","messageBody":"","fileTypesAndContributionMap":{"functional-code":{"insertions":21,"deletions":52}}},{"hash":"de5af7dc82b6e0642f756e26f8cb1c4c3b5189d6","isMergeCommit":true,"messageTitle":"Merge pull request #31 from SuveenE/fix/water-command","messageBody":"fix water log command","fileTypesAndContributionMap":{}}]},{"date":"2024-03-17","commitResults":[{"hash":"be3d19423d33e46c039246a5ba952d533930da1a","isMergeCommit":false,"messageTitle":"fix for log meals class","messageBody":"","fileTypesAndContributionMap":{"functional-code":{"insertions":31,"deletions":192}}},{"hash":"18a870c4c6300a887620c4f9390df75334d089d8","isMergeCommit":true,"messageTitle":"Merge pull request #38 from SuveenE/fix/log-meals-class","messageBody":"fix for log meals class","fileTypesAndContributionMap":{}},{"hash":"6d7a7f704feccb42bc93f572af897bd5fd876119","isMergeCommit":false,"messageTitle":"Add logs saving functionality","messageBody":"","fileTypesAndContributionMap":{"functional-code":{"insertions":41,"deletions":5}}},{"hash":"17794d264074dcdff4d7f45d0fa06f0fff864b33","isMergeCommit":true,"messageTitle":"Merge pull request #39 from SuveenE/feat/save-logs-to-file","messageBody":"Add logs saving functionality","fileTypesAndContributionMap":{}}]},{"date":"2024-03-19","commitResults":[{"hash":"cd280853e55319a29d12fa208795a0586b9fed32","isMergeCommit":false,"messageTitle":"Add fixes to file storage class","messageBody":"","fileTypesAndContributionMap":{"functional-code":{"insertions":8,"deletions":3},"test-code":{"insertions":46,"deletions":56}}},{"hash":"a7456ad71295ded83f2b1c353d5ca187f11b23de","isMergeCommit":false,"messageTitle":"Fix build errors","messageBody":"","fileTypesAndContributionMap":{"functional-code":{"insertions":3,"deletions":12}}},{"hash":"53f2e2e88eed8c4e43467fd448022d55877ed411","isMergeCommit":false,"messageTitle":"Remove redundant imports","messageBody":"","fileTypesAndContributionMap":{"functional-code":{"insertions":17,"deletions":15},"other":{"insertions":41,"deletions":33},"docs":{"insertions":1,"deletions":1},"test-code":{"insertions":15,"deletions":29}}},{"hash":"b6ed5a67b3f2a54e576ad236b174558bd0d2a67b","isMergeCommit":false,"messageTitle":"Rename files to avoid warnings","messageBody":"","fileTypesAndContributionMap":{"other":{"insertions":77,"deletions":112},"docs":{"insertions":1,"deletions":1}}},{"hash":"4950573b8819bab3099dd2d2f22006f68ef44e5f","isMergeCommit":false,"messageTitle":"Fix Parser class import issue","messageBody":"","fileTypesAndContributionMap":{"functional-code":{"insertions":1,"deletions":0}}},{"hash":"7c7a1630fdbe7422665802c4d9e0bbf211318339","isMergeCommit":false,"messageTitle":"fix parser import * issue","messageBody":"","fileTypesAndContributionMap":{"functional-code":{"insertions":10,"deletions":1}}},{"hash":"62a6558ea3d7d356a3192555ecabf22d30d24fb0","isMergeCommit":false,"messageTitle":"Fix viewWaterCommandTest class","messageBody":"","fileTypesAndContributionMap":{"test-code":{"insertions":11,"deletions":11}}},{"hash":"b34866f3dfb569a3896c0e5499c125d92736b271","isMergeCommit":false,"messageTitle":"Fix indentation errors","messageBody":"","fileTypesAndContributionMap":{"test-code":{"insertions":1,"deletions":16}}},{"hash":"f7f2f4e7fe6b236ebb753b62fdebbc35e69715ff","isMergeCommit":true,"messageTitle":"Merge pull request #51 from SuveenE/fix/file-storage","messageBody":"Add fixes to file storage class","fileTypesAndContributionMap":{}},{"hash":"883da15acc5f67d2fdc30b77e0cbd4ba86f1f7d0","isMergeCommit":false,"messageTitle":"Add documentation for Storage and HelpUi classes","messageBody":"","fileTypesAndContributionMap":{"functional-code":{"insertions":38,"deletions":0}}},{"hash":"9de979dee288910c12ef51433a907da6ceecd488","isMergeCommit":true,"messageTitle":"Merge pull request #54 from SuveenE/feat/add-documentation","messageBody":"Add documentation for Storage and HelpUi classes","fileTypesAndContributionMap":{}}]}]},"authorFileTypeContributionMap":{"Praneet-25":{"docs":2,"functional-code":251,"test-code":0},"pradeep-cod":{"docs":1,"functional-code":205,"test-code":29,"other":1},"alvinnnnnnnnnn":{"docs":1,"functional-code":366,"test-code":4},"nikhil-2101":{"docs":2,"functional-code":240,"test-code":70,"other":8},"SuveenE":{"docs":3,"functional-code":273,"test-code":63,"other":15}},"authorContributionVariance":{"Praneet-25":357.31555,"pradeep-cod":2885.6458,"alvinnnnnnnnnn":5286.0767,"nikhil-2101":7223.356,"SuveenE":12228.56},"authorDisplayNameMap":{"Praneet-25":"CS2113-W12-2 SEEN..NEET","pradeep-cod":"CS2113-W12-2 MANI..DEEP","alvinnnnnnnnnn":"CS2113-W12-2 WONG..LVIN","nikhil-2101":"CS2113-W12-2 NIKH..BABU","SuveenE":"CS2113-W12-2 ELLA..DARA"}}
