[{"path":"docs/AboutUs.md","fileType":"docs","lines":[{"lineNumber":1,"author":{"gitId":"-"},"content":"# About us","lastModifiedDate":"2020-05-24"},{"lineNumber":2,"author":{"gitId":"-"},"content":"","lastModifiedDate":"2020-05-24"},{"lineNumber":3,"author":{"gitId":"-"},"content":"Display |     Name     | Github Profile | Portfolio ","lastModifiedDate":"2020-05-24"},{"lineNumber":4,"author":{"gitId":"Zhengwinter"},"content":"--------|:------------:|:--------------:|:---------:","lastModifiedDate":"2024-03-08"},{"lineNumber":5,"author":{"gitId":"Zhengwinter"},"content":"![](https://via.placeholder.com/100.png?text\u003dPhoto) | Zheng Wentao | [Github](https://github.com/Zhengwinter/) | [Portfolio](docs/team/johndoe.md)","lastModifiedDate":"2024-03-08"},{"lineNumber":6,"author":{"gitId":"Xb990219"},"content":"![](https://media.licdn.com/dms/image/D5635AQF9CsBIurtIhQ/profile-framedphoto-shrink_400_400/0/1709822298987?e\u003d1710486000\u0026v\u003dbeta\u0026t\u003dZFPmBTwS2j4itxdUfOToKvL_Wd55X4m0V1_SBnHl_Go) | Xiao Bo  | [Github](https://github.com/Xb990219) | [Portfolio](docs/team/UserGuide.md)","lastModifiedDate":"2024-03-08"},{"lineNumber":7,"author":{"gitId":"adamzzq"},"content":"![](https://static.wikia.nocookie.net/pure-good-wiki/images/6/6e/Winnie_The_Pooh.png/revision/latest?cb\u003d20210310185331) | Zeng Zheqi | [Github](https://github.com/adamzzq) | [Portfolio](youtube.com)","lastModifiedDate":"2024-03-08"},{"lineNumber":8,"author":{"gitId":"webtjs"},"content":"![](https://media.licdn.com/dms/image/D5603AQFfWFYq1mqgcA/profile-displayphoto-shrink_400_400/0/1696897863941?e\u003d1715212800\u0026v\u003dbeta\u0026t\u003dTLopY2QuxEZz9oFQttl_5avFfWdGFdeMX25c60Tnvl8) | Webster Tan | [Github](https://github.com/webtjs) | [Portfolio](docs/team/UserGuide.md)","lastModifiedDate":"2024-03-08"}],"authorContributionMap":{"Zhengwinter":2,"webtjs":1,"Xb990219":1,"adamzzq":1,"-":3}},{"path":"docs/README.md","fileType":"docs","lines":[{"lineNumber":1,"author":{"gitId":"Zhengwinter"},"content":"# DINEZ","lastModifiedDate":"2024-03-08"},{"lineNumber":2,"author":{"gitId":"-"},"content":"","lastModifiedDate":"2019-07-29"},{"lineNumber":3,"author":{"gitId":"-"},"content":"{Give product intro here}","lastModifiedDate":"2020-05-24"},{"lineNumber":4,"author":{"gitId":"-"},"content":"","lastModifiedDate":"2019-07-29"},{"lineNumber":5,"author":{"gitId":"-"},"content":"Useful links:","lastModifiedDate":"2020-05-24"},{"lineNumber":6,"author":{"gitId":"-"},"content":"* [User Guide](UserGuide.md)","lastModifiedDate":"2020-05-24"},{"lineNumber":7,"author":{"gitId":"-"},"content":"* [Developer Guide](DeveloperGuide.md)","lastModifiedDate":"2020-05-24"},{"lineNumber":8,"author":{"gitId":"-"},"content":"* [About Us](AboutUs.md)","lastModifiedDate":"2020-05-24"}],"authorContributionMap":{"Zhengwinter":1,"-":7}},{"path":"src/main/java/CommandType.java","fileType":"functional-code","lines":[{"lineNumber":1,"author":{"gitId":"adamzzq"},"content":"public enum CommandType {","lastModifiedDate":"2024-03-09"},{"lineNumber":2,"author":{"gitId":"adamzzq"},"content":"    EXIT(\"(?i)bye\"),","lastModifiedDate":"2024-03-09"},{"lineNumber":3,"author":{"gitId":"adamzzq"},"content":"    HELP(\"(?i)help\"),","lastModifiedDate":"2024-03-09"},{"lineNumber":4,"author":{"gitId":"adamzzq"},"content":"    CREATE_ORDER(\"(?i)create\\\\s*order\\\\s*-menu\\\\s*(\\\\d+)\"), // case insensitive space safe","lastModifiedDate":"2024-03-09"},{"lineNumber":5,"author":{"gitId":"adamzzq"},"content":"    VIEW_ORDER(\"(?i)view\\\\s*-order\\\\s*(\\\\d+)\"),","lastModifiedDate":"2024-03-09"},{"lineNumber":6,"author":{"gitId":"adamzzq"},"content":"    EDIT_ORDER(\"(?i)edit\\\\s*-order\\\\s*(\\\\d+)\");","lastModifiedDate":"2024-03-09"},{"lineNumber":7,"author":{"gitId":"adamzzq"},"content":"","lastModifiedDate":"2024-03-09"},{"lineNumber":8,"author":{"gitId":"adamzzq"},"content":"    private final String commandRegex;","lastModifiedDate":"2024-03-09"},{"lineNumber":9,"author":{"gitId":"adamzzq"},"content":"    CommandType(String commandRegex) {","lastModifiedDate":"2024-03-09"},{"lineNumber":10,"author":{"gitId":"adamzzq"},"content":"        this.commandRegex \u003d commandRegex;","lastModifiedDate":"2024-03-09"},{"lineNumber":11,"author":{"gitId":"adamzzq"},"content":"    }","lastModifiedDate":"2024-03-09"},{"lineNumber":12,"author":{"gitId":"adamzzq"},"content":"","lastModifiedDate":"2024-03-09"},{"lineNumber":13,"author":{"gitId":"adamzzq"},"content":"    String getCommandRegex() {","lastModifiedDate":"2024-03-09"},{"lineNumber":14,"author":{"gitId":"adamzzq"},"content":"        return commandRegex;","lastModifiedDate":"2024-03-09"},{"lineNumber":15,"author":{"gitId":"adamzzq"},"content":"    }","lastModifiedDate":"2024-03-09"},{"lineNumber":16,"author":{"gitId":"adamzzq"},"content":"}","lastModifiedDate":"2024-03-09"}],"authorContributionMap":{"adamzzq":16}},{"path":"src/main/java/Parser.java","fileType":"functional-code","lines":[{"lineNumber":1,"author":{"gitId":"adamzzq"},"content":"import java.util.Arrays;","lastModifiedDate":"2024-03-09"},{"lineNumber":2,"author":{"gitId":"adamzzq"},"content":"import java.util.regex.Matcher;","lastModifiedDate":"2024-03-09"},{"lineNumber":3,"author":{"gitId":"adamzzq"},"content":"import java.util.regex.Pattern;","lastModifiedDate":"2024-03-09"},{"lineNumber":4,"author":{"gitId":"adamzzq"},"content":"import java.util.stream.IntStream;","lastModifiedDate":"2024-03-09"},{"lineNumber":5,"author":{"gitId":"adamzzq"},"content":"","lastModifiedDate":"2024-03-09"},{"lineNumber":6,"author":{"gitId":"adamzzq"},"content":"public class Parser {","lastModifiedDate":"2024-03-09"},{"lineNumber":7,"author":{"gitId":"adamzzq"},"content":"    /**","lastModifiedDate":"2024-03-09"},{"lineNumber":8,"author":{"gitId":"adamzzq"},"content":"     * Analyzes the given input and returns the corresponding token.","lastModifiedDate":"2024-03-09"},{"lineNumber":9,"author":{"gitId":"adamzzq"},"content":"     *","lastModifiedDate":"2024-03-09"},{"lineNumber":10,"author":{"gitId":"adamzzq"},"content":"     * @param input The input to be analyzed.","lastModifiedDate":"2024-03-09"},{"lineNumber":11,"author":{"gitId":"adamzzq"},"content":"     * @return The corresponding token.","lastModifiedDate":"2024-03-09"},{"lineNumber":12,"author":{"gitId":"adamzzq"},"content":"     * @throws IllegalArgumentException If the input is invalid.","lastModifiedDate":"2024-03-09"},{"lineNumber":13,"author":{"gitId":"adamzzq"},"content":"     */","lastModifiedDate":"2024-03-09"},{"lineNumber":14,"author":{"gitId":"adamzzq"},"content":"    public static CommandType analyzeInput(String input) throws IllegalArgumentException {","lastModifiedDate":"2024-03-09"},{"lineNumber":15,"author":{"gitId":"adamzzq"},"content":"        return Arrays.stream(CommandType.values())","lastModifiedDate":"2024-03-09"},{"lineNumber":16,"author":{"gitId":"adamzzq"},"content":"                .filter(token -\u003e input.matches(token.getCommandRegex()))","lastModifiedDate":"2024-03-09"},{"lineNumber":17,"author":{"gitId":"adamzzq"},"content":"                .findFirst()","lastModifiedDate":"2024-03-09"},{"lineNumber":18,"author":{"gitId":"adamzzq"},"content":"                .orElseThrow(() -\u003e new IllegalArgumentException(\"Invalid input\"));","lastModifiedDate":"2024-03-09"},{"lineNumber":19,"author":{"gitId":"adamzzq"},"content":"    }","lastModifiedDate":"2024-03-09"},{"lineNumber":20,"author":{"gitId":"adamzzq"},"content":"","lastModifiedDate":"2024-03-09"},{"lineNumber":21,"author":{"gitId":"adamzzq"},"content":"    /**","lastModifiedDate":"2024-03-09"},{"lineNumber":22,"author":{"gitId":"adamzzq"},"content":"     * Splits the given input based on the given token.","lastModifiedDate":"2024-03-09"},{"lineNumber":23,"author":{"gitId":"adamzzq"},"content":"     *","lastModifiedDate":"2024-03-09"},{"lineNumber":24,"author":{"gitId":"adamzzq"},"content":"     * @param token The token to be used for splitting the input.","lastModifiedDate":"2024-03-09"},{"lineNumber":25,"author":{"gitId":"adamzzq"},"content":"     * @param input The input to be split.","lastModifiedDate":"2024-03-09"},{"lineNumber":26,"author":{"gitId":"adamzzq"},"content":"     * @return The split input containing the arguments required for the command.","lastModifiedDate":"2024-03-09"},{"lineNumber":27,"author":{"gitId":"adamzzq"},"content":"     */","lastModifiedDate":"2024-03-09"},{"lineNumber":28,"author":{"gitId":"adamzzq"},"content":"    public static String[] splitInput(CommandType token, String input) {","lastModifiedDate":"2024-03-09"},{"lineNumber":29,"author":{"gitId":"adamzzq"},"content":"        Pattern matchedPattern \u003d Pattern.compile(token.getCommandRegex());","lastModifiedDate":"2024-03-09"},{"lineNumber":30,"author":{"gitId":"adamzzq"},"content":"        Matcher matcher \u003d matchedPattern.matcher(input);","lastModifiedDate":"2024-03-09"},{"lineNumber":31,"author":{"gitId":"adamzzq"},"content":"        matcher.matches();","lastModifiedDate":"2024-03-09"},{"lineNumber":32,"author":{"gitId":"adamzzq"},"content":"","lastModifiedDate":"2024-03-09"},{"lineNumber":33,"author":{"gitId":"adamzzq"},"content":"        return IntStream.rangeClosed(1, matcher.groupCount())","lastModifiedDate":"2024-03-09"},{"lineNumber":34,"author":{"gitId":"adamzzq"},"content":"                .mapToObj(i -\u003e matcher.group(i).trim())","lastModifiedDate":"2024-03-09"},{"lineNumber":35,"author":{"gitId":"adamzzq"},"content":"                .filter(s -\u003e !s.isEmpty())","lastModifiedDate":"2024-03-09"},{"lineNumber":36,"author":{"gitId":"adamzzq"},"content":"                .toArray(String[]::new);","lastModifiedDate":"2024-03-09"},{"lineNumber":37,"author":{"gitId":"adamzzq"},"content":"    }","lastModifiedDate":"2024-03-09"},{"lineNumber":38,"author":{"gitId":"adamzzq"},"content":"","lastModifiedDate":"2024-03-09"},{"lineNumber":39,"author":{"gitId":"adamzzq"},"content":"    // unit test for the parser","lastModifiedDate":"2024-03-09"},{"lineNumber":40,"author":{"gitId":"adamzzq"},"content":"    public static void main(String[] args) {","lastModifiedDate":"2024-03-09"},{"lineNumber":41,"author":{"gitId":"adamzzq"},"content":"        String[] inputs \u003d {","lastModifiedDate":"2024-03-09"},{"lineNumber":42,"author":{"gitId":"adamzzq"},"content":"            \"TEST CASES FOR NORMAL OPERATION\",","lastModifiedDate":"2024-03-09"},{"lineNumber":43,"author":{"gitId":"adamzzq"},"content":"            \"create order -menu 1\",","lastModifiedDate":"2024-03-09"},{"lineNumber":44,"author":{"gitId":"adamzzq"},"content":"            \"view -order 2\",","lastModifiedDate":"2024-03-09"},{"lineNumber":45,"author":{"gitId":"adamzzq"},"content":"            \"edit -order 3\",","lastModifiedDate":"2024-03-09"},{"lineNumber":46,"author":{"gitId":"adamzzq"},"content":"            \"bye\",","lastModifiedDate":"2024-03-09"},{"lineNumber":47,"author":{"gitId":"adamzzq"},"content":"            \"help\",","lastModifiedDate":"2024-03-09"},{"lineNumber":48,"author":{"gitId":"adamzzq"},"content":"            \"asfdhih 123\",","lastModifiedDate":"2024-03-09"},{"lineNumber":49,"author":{"gitId":"adamzzq"},"content":"            \"create order -menu 1 2 3\",","lastModifiedDate":"2024-03-09"},{"lineNumber":50,"author":{"gitId":"adamzzq"},"content":"            \"view -order 1 2 3\",","lastModifiedDate":"2024-03-09"},{"lineNumber":51,"author":{"gitId":"adamzzq"},"content":"            \"edit -order 1 2 3\",","lastModifiedDate":"2024-03-09"},{"lineNumber":52,"author":{"gitId":"adamzzq"},"content":"            \"create order -menu\",","lastModifiedDate":"2024-03-09"},{"lineNumber":53,"author":{"gitId":"adamzzq"},"content":"            \"view -order\",","lastModifiedDate":"2024-03-09"},{"lineNumber":54,"author":{"gitId":"adamzzq"},"content":"            \"edit -order\",","lastModifiedDate":"2024-03-09"},{"lineNumber":55,"author":{"gitId":"adamzzq"},"content":"","lastModifiedDate":"2024-03-09"},{"lineNumber":56,"author":{"gitId":"adamzzq"},"content":"            \"TEST CASES FOR CASE INSENSITIVITY\",","lastModifiedDate":"2024-03-09"},{"lineNumber":57,"author":{"gitId":"adamzzq"},"content":"            \"CrEaTe OrDeR -mEnU 99\",","lastModifiedDate":"2024-03-09"},{"lineNumber":58,"author":{"gitId":"adamzzq"},"content":"            \"ViEw -OrDeR 2\",","lastModifiedDate":"2024-03-09"},{"lineNumber":59,"author":{"gitId":"adamzzq"},"content":"            \"EdIt -OrDeR 1\",","lastModifiedDate":"2024-03-09"},{"lineNumber":60,"author":{"gitId":"adamzzq"},"content":"            \"ByE\",","lastModifiedDate":"2024-03-09"},{"lineNumber":61,"author":{"gitId":"adamzzq"},"content":"            \"HeLp\",","lastModifiedDate":"2024-03-09"},{"lineNumber":62,"author":{"gitId":"adamzzq"},"content":"            \"AsFdHiH 123\",","lastModifiedDate":"2024-03-09"},{"lineNumber":63,"author":{"gitId":"adamzzq"},"content":"            \"CrEaTe OrDeR -mEnU 1 2 3\"","lastModifiedDate":"2024-03-09"},{"lineNumber":64,"author":{"gitId":"adamzzq"},"content":"        };","lastModifiedDate":"2024-03-09"},{"lineNumber":65,"author":{"gitId":"adamzzq"},"content":"","lastModifiedDate":"2024-03-09"},{"lineNumber":66,"author":{"gitId":"adamzzq"},"content":"        for (String input : inputs) {","lastModifiedDate":"2024-03-09"},{"lineNumber":67,"author":{"gitId":"adamzzq"},"content":"            try {","lastModifiedDate":"2024-03-09"},{"lineNumber":68,"author":{"gitId":"adamzzq"},"content":"                CommandType token \u003d analyzeInput(input);","lastModifiedDate":"2024-03-09"},{"lineNumber":69,"author":{"gitId":"adamzzq"},"content":"                String[] arguments \u003d splitInput(token, input);","lastModifiedDate":"2024-03-09"},{"lineNumber":70,"author":{"gitId":"adamzzq"},"content":"                System.out.println(\"Input: \" + input);","lastModifiedDate":"2024-03-09"},{"lineNumber":71,"author":{"gitId":"adamzzq"},"content":"                System.out.println(\"Token: \" + token);","lastModifiedDate":"2024-03-09"},{"lineNumber":72,"author":{"gitId":"adamzzq"},"content":"                System.out.println(\"Arguments: \" + Arrays.toString(arguments));","lastModifiedDate":"2024-03-09"},{"lineNumber":73,"author":{"gitId":"adamzzq"},"content":"                System.out.println();","lastModifiedDate":"2024-03-09"},{"lineNumber":74,"author":{"gitId":"adamzzq"},"content":"            } catch (IllegalArgumentException e) {","lastModifiedDate":"2024-03-09"},{"lineNumber":75,"author":{"gitId":"adamzzq"},"content":"                System.out.println(\"Invalid input: \" + input);","lastModifiedDate":"2024-03-09"},{"lineNumber":76,"author":{"gitId":"adamzzq"},"content":"                System.out.println();","lastModifiedDate":"2024-03-09"},{"lineNumber":77,"author":{"gitId":"adamzzq"},"content":"            }","lastModifiedDate":"2024-03-09"},{"lineNumber":78,"author":{"gitId":"adamzzq"},"content":"        }","lastModifiedDate":"2024-03-09"},{"lineNumber":79,"author":{"gitId":"adamzzq"},"content":"","lastModifiedDate":"2024-03-09"},{"lineNumber":80,"author":{"gitId":"adamzzq"},"content":"    }","lastModifiedDate":"2024-03-09"},{"lineNumber":81,"author":{"gitId":"adamzzq"},"content":"}","lastModifiedDate":"2024-03-09"}],"authorContributionMap":{"adamzzq":81}},{"path":"src/main/java/model/Item.java","fileType":"functional-code","lines":[{"lineNumber":1,"author":{"gitId":"Xb990219"},"content":"package model;","lastModifiedDate":"2024-03-10"},{"lineNumber":2,"author":{"gitId":"Xb990219"},"content":"","lastModifiedDate":"2024-03-10"},{"lineNumber":3,"author":{"gitId":"Xb990219"},"content":"public abstract class Item {","lastModifiedDate":"2024-03-10"},{"lineNumber":4,"author":{"gitId":"Xb990219"},"content":"    private final String ID;","lastModifiedDate":"2024-03-10"},{"lineNumber":5,"author":{"gitId":"Xb990219"},"content":"    private final String name;","lastModifiedDate":"2024-03-10"},{"lineNumber":6,"author":{"gitId":"Xb990219"},"content":"    private final double unitPrice;","lastModifiedDate":"2024-03-10"},{"lineNumber":7,"author":{"gitId":"Xb990219"},"content":"","lastModifiedDate":"2024-03-10"},{"lineNumber":8,"author":{"gitId":"Xb990219"},"content":"    public Item(String ID, String name, double unitPrice) {","lastModifiedDate":"2024-03-10"},{"lineNumber":9,"author":{"gitId":"Xb990219"},"content":"        this.ID \u003d ID;","lastModifiedDate":"2024-03-10"},{"lineNumber":10,"author":{"gitId":"Xb990219"},"content":"        this.name \u003d name;","lastModifiedDate":"2024-03-10"},{"lineNumber":11,"author":{"gitId":"Xb990219"},"content":"        this.unitPrice \u003d unitPrice;","lastModifiedDate":"2024-03-10"},{"lineNumber":12,"author":{"gitId":"Xb990219"},"content":"    }","lastModifiedDate":"2024-03-10"},{"lineNumber":13,"author":{"gitId":"Xb990219"},"content":"","lastModifiedDate":"2024-03-10"},{"lineNumber":14,"author":{"gitId":"Xb990219"},"content":"    public String getID() {","lastModifiedDate":"2024-03-10"},{"lineNumber":15,"author":{"gitId":"Xb990219"},"content":"        return this.ID;","lastModifiedDate":"2024-03-10"},{"lineNumber":16,"author":{"gitId":"Xb990219"},"content":"    }","lastModifiedDate":"2024-03-10"},{"lineNumber":17,"author":{"gitId":"Xb990219"},"content":"","lastModifiedDate":"2024-03-10"},{"lineNumber":18,"author":{"gitId":"Xb990219"},"content":"    public String getName() {","lastModifiedDate":"2024-03-10"},{"lineNumber":19,"author":{"gitId":"Xb990219"},"content":"        return this.name;","lastModifiedDate":"2024-03-10"},{"lineNumber":20,"author":{"gitId":"Xb990219"},"content":"    }","lastModifiedDate":"2024-03-10"},{"lineNumber":21,"author":{"gitId":"Xb990219"},"content":"","lastModifiedDate":"2024-03-10"},{"lineNumber":22,"author":{"gitId":"Xb990219"},"content":"    public double getPrice() {","lastModifiedDate":"2024-03-10"},{"lineNumber":23,"author":{"gitId":"Xb990219"},"content":"        return this.unitPrice;","lastModifiedDate":"2024-03-10"},{"lineNumber":24,"author":{"gitId":"Xb990219"},"content":"    }","lastModifiedDate":"2024-03-10"},{"lineNumber":25,"author":{"gitId":"Xb990219"},"content":"}","lastModifiedDate":"2024-03-10"}],"authorContributionMap":{"Xb990219":25}},{"path":"src/main/java/model/ItemManager.java","fileType":"functional-code","lines":[{"lineNumber":1,"author":{"gitId":"Xb990219"},"content":"package model;","lastModifiedDate":"2024-03-10"},{"lineNumber":2,"author":{"gitId":"Xb990219"},"content":"","lastModifiedDate":"2024-03-10"},{"lineNumber":3,"author":{"gitId":"Xb990219"},"content":"public interface ItemManager {","lastModifiedDate":"2024-03-10"},{"lineNumber":4,"author":{"gitId":"Xb990219"},"content":"    void add(MenuItem item);","lastModifiedDate":"2024-03-10"},{"lineNumber":5,"author":{"gitId":"Xb990219"},"content":"    void remove(String ID);","lastModifiedDate":"2024-03-10"},{"lineNumber":6,"author":{"gitId":"Xb990219"},"content":"    void remove(int index);","lastModifiedDate":"2024-03-10"},{"lineNumber":7,"author":{"gitId":"Xb990219"},"content":"    String getID();","lastModifiedDate":"2024-03-10"},{"lineNumber":8,"author":{"gitId":"Xb990219"},"content":"}","lastModifiedDate":"2024-03-10"}],"authorContributionMap":{"Xb990219":8}},{"path":"src/main/java/model/MenuItem.java","fileType":"functional-code","lines":[{"lineNumber":1,"author":{"gitId":"Xb990219"},"content":"package model;","lastModifiedDate":"2024-03-10"},{"lineNumber":2,"author":{"gitId":"Xb990219"},"content":"","lastModifiedDate":"2024-03-10"},{"lineNumber":3,"author":{"gitId":"Xb990219"},"content":"public class MenuItem extends Item{","lastModifiedDate":"2024-03-10"},{"lineNumber":4,"author":{"gitId":"Xb990219"},"content":"    public MenuItem(String ID, String name, double unitPrice) {","lastModifiedDate":"2024-03-10"},{"lineNumber":5,"author":{"gitId":"Xb990219"},"content":"        super(ID, name, unitPrice);","lastModifiedDate":"2024-03-10"},{"lineNumber":6,"author":{"gitId":"Xb990219"},"content":"    }","lastModifiedDate":"2024-03-10"},{"lineNumber":7,"author":{"gitId":"Xb990219"},"content":"","lastModifiedDate":"2024-03-10"},{"lineNumber":8,"author":{"gitId":"Xb990219"},"content":"    @Override","lastModifiedDate":"2024-03-10"},{"lineNumber":9,"author":{"gitId":"Xb990219"},"content":"    public String toString() {","lastModifiedDate":"2024-03-10"},{"lineNumber":10,"author":{"gitId":"Xb990219"},"content":"        return String.format(\"%s %s $%.2f\", this.getID(), this.getName(), this.getPrice());","lastModifiedDate":"2024-03-10"},{"lineNumber":11,"author":{"gitId":"Xb990219"},"content":"    }","lastModifiedDate":"2024-03-10"},{"lineNumber":12,"author":{"gitId":"Xb990219"},"content":"","lastModifiedDate":"2024-03-10"},{"lineNumber":13,"author":{"gitId":"Xb990219"},"content":"}","lastModifiedDate":"2024-03-10"}],"authorContributionMap":{"Xb990219":13}},{"path":"src/main/java/model/Order.java","fileType":"functional-code","lines":[{"lineNumber":1,"author":{"gitId":"Xb990219"},"content":"package model;","lastModifiedDate":"2024-03-10"},{"lineNumber":2,"author":{"gitId":"Xb990219"},"content":"","lastModifiedDate":"2024-03-10"},{"lineNumber":3,"author":{"gitId":"Xb990219"},"content":"","lastModifiedDate":"2024-03-10"},{"lineNumber":4,"author":{"gitId":"Xb990219"},"content":"import java.util.ArrayList;","lastModifiedDate":"2024-03-10"},{"lineNumber":5,"author":{"gitId":"Xb990219"},"content":"import java.util.stream.Collectors;","lastModifiedDate":"2024-03-10"},{"lineNumber":6,"author":{"gitId":"Xb990219"},"content":"import java.util.stream.IntStream;","lastModifiedDate":"2024-03-10"},{"lineNumber":7,"author":{"gitId":"Xb990219"},"content":"import java.time.LocalDateTime;","lastModifiedDate":"2024-03-10"},{"lineNumber":8,"author":{"gitId":"Xb990219"},"content":"import java.time.format.DateTimeFormatter;","lastModifiedDate":"2024-03-10"},{"lineNumber":9,"author":{"gitId":"Xb990219"},"content":"","lastModifiedDate":"2024-03-10"},{"lineNumber":10,"author":{"gitId":"Xb990219"},"content":"public class Order implements ItemManager {","lastModifiedDate":"2024-03-10"},{"lineNumber":11,"author":{"gitId":"Xb990219"},"content":"    private static final double SERVICE_CHARGE \u003d 0.1;","lastModifiedDate":"2024-03-10"},{"lineNumber":12,"author":{"gitId":"Xb990219"},"content":"    private static final double GST \u003d 0.09;","lastModifiedDate":"2024-03-10"},{"lineNumber":13,"author":{"gitId":"Xb990219"},"content":"    private final String orderID;","lastModifiedDate":"2024-03-10"},{"lineNumber":14,"author":{"gitId":"Xb990219"},"content":"    private final ArrayList\u003cMenuItem\u003e orderItemList \u003d new ArrayList\u003c\u003e();","lastModifiedDate":"2024-03-10"},{"lineNumber":15,"author":{"gitId":"Xb990219"},"content":"","lastModifiedDate":"2024-03-10"},{"lineNumber":16,"author":{"gitId":"Xb990219"},"content":"    public Order() {;","lastModifiedDate":"2024-03-10"},{"lineNumber":17,"author":{"gitId":"Xb990219"},"content":"        this.orderID \u003d \"ORDER\" + LocalDateTime.now().format(DateTimeFormatter.ofPattern(\"yyyyMMddHHmmss\"));","lastModifiedDate":"2024-03-10"},{"lineNumber":18,"author":{"gitId":"Xb990219"},"content":"    }","lastModifiedDate":"2024-03-10"},{"lineNumber":19,"author":{"gitId":"Xb990219"},"content":"","lastModifiedDate":"2024-03-10"},{"lineNumber":20,"author":{"gitId":"Xb990219"},"content":"    @Override","lastModifiedDate":"2024-03-10"},{"lineNumber":21,"author":{"gitId":"Xb990219"},"content":"    public void add(MenuItem item) {","lastModifiedDate":"2024-03-10"},{"lineNumber":22,"author":{"gitId":"Xb990219"},"content":"        this.orderItemList.add(item);","lastModifiedDate":"2024-03-10"},{"lineNumber":23,"author":{"gitId":"Xb990219"},"content":"    }","lastModifiedDate":"2024-03-10"},{"lineNumber":24,"author":{"gitId":"Xb990219"},"content":"","lastModifiedDate":"2024-03-10"},{"lineNumber":25,"author":{"gitId":"Xb990219"},"content":"    @Override","lastModifiedDate":"2024-03-10"},{"lineNumber":26,"author":{"gitId":"Xb990219"},"content":"    public void remove(int index) {","lastModifiedDate":"2024-03-10"},{"lineNumber":27,"author":{"gitId":"Xb990219"},"content":"        try {","lastModifiedDate":"2024-03-10"},{"lineNumber":28,"author":{"gitId":"Xb990219"},"content":"            this.orderItemList.remove(index - 1);","lastModifiedDate":"2024-03-10"},{"lineNumber":29,"author":{"gitId":"Xb990219"},"content":"        } catch (IndexOutOfBoundsException e) {","lastModifiedDate":"2024-03-10"},{"lineNumber":30,"author":{"gitId":"Xb990219"},"content":"            System.out.println(\"Invalid index\");","lastModifiedDate":"2024-03-10"},{"lineNumber":31,"author":{"gitId":"Xb990219"},"content":"        }","lastModifiedDate":"2024-03-10"},{"lineNumber":32,"author":{"gitId":"Xb990219"},"content":"    }","lastModifiedDate":"2024-03-10"},{"lineNumber":33,"author":{"gitId":"Xb990219"},"content":"","lastModifiedDate":"2024-03-10"},{"lineNumber":34,"author":{"gitId":"Xb990219"},"content":"    /**","lastModifiedDate":"2024-03-10"},{"lineNumber":35,"author":{"gitId":"Xb990219"},"content":"     * Remove all items from the order list by its ID","lastModifiedDate":"2024-03-10"},{"lineNumber":36,"author":{"gitId":"Xb990219"},"content":"     * @param ID the ID of the item to be removed","lastModifiedDate":"2024-03-10"},{"lineNumber":37,"author":{"gitId":"Xb990219"},"content":"     */","lastModifiedDate":"2024-03-10"},{"lineNumber":38,"author":{"gitId":"Xb990219"},"content":"    @Override","lastModifiedDate":"2024-03-10"},{"lineNumber":39,"author":{"gitId":"Xb990219"},"content":"    public void remove(String ID) {","lastModifiedDate":"2024-03-10"},{"lineNumber":40,"author":{"gitId":"Xb990219"},"content":"        this.orderItemList.removeIf(x -\u003e x.getID().equals(ID));","lastModifiedDate":"2024-03-10"},{"lineNumber":41,"author":{"gitId":"Xb990219"},"content":"    }","lastModifiedDate":"2024-03-10"},{"lineNumber":42,"author":{"gitId":"Xb990219"},"content":"","lastModifiedDate":"2024-03-10"},{"lineNumber":43,"author":{"gitId":"Xb990219"},"content":"    public String getID() {","lastModifiedDate":"2024-03-10"},{"lineNumber":44,"author":{"gitId":"Xb990219"},"content":"        return orderID;","lastModifiedDate":"2024-03-10"},{"lineNumber":45,"author":{"gitId":"Xb990219"},"content":"    }","lastModifiedDate":"2024-03-10"},{"lineNumber":46,"author":{"gitId":"Xb990219"},"content":"","lastModifiedDate":"2024-03-10"},{"lineNumber":47,"author":{"gitId":"Xb990219"},"content":"    public double getTotalPrice() {","lastModifiedDate":"2024-03-10"},{"lineNumber":48,"author":{"gitId":"Xb990219"},"content":"        return Double.parseDouble(String.format(\"%.2f\",","lastModifiedDate":"2024-03-10"},{"lineNumber":49,"author":{"gitId":"Xb990219"},"content":"                this.orderItemList.stream().mapToDouble(Item::getPrice).sum() * (1+SERVICE_CHARGE+GST)));","lastModifiedDate":"2024-03-10"},{"lineNumber":50,"author":{"gitId":"Xb990219"},"content":"    }","lastModifiedDate":"2024-03-10"},{"lineNumber":51,"author":{"gitId":"Xb990219"},"content":"","lastModifiedDate":"2024-03-10"},{"lineNumber":52,"author":{"gitId":"Xb990219"},"content":"    //TODO: Implement getReceipt method","lastModifiedDate":"2024-03-10"},{"lineNumber":53,"author":{"gitId":"Xb990219"},"content":"    public String getReceipt() {","lastModifiedDate":"2024-03-10"},{"lineNumber":54,"author":{"gitId":"Xb990219"},"content":"        return null;","lastModifiedDate":"2024-03-10"},{"lineNumber":55,"author":{"gitId":"Xb990219"},"content":"    }","lastModifiedDate":"2024-03-10"},{"lineNumber":56,"author":{"gitId":"Xb990219"},"content":"","lastModifiedDate":"2024-03-10"},{"lineNumber":57,"author":{"gitId":"Xb990219"},"content":"    //TODO: Implement getReceipt method with discount","lastModifiedDate":"2024-03-10"},{"lineNumber":58,"author":{"gitId":"Xb990219"},"content":"    public String getReceipt(double discount) {","lastModifiedDate":"2024-03-10"},{"lineNumber":59,"author":{"gitId":"Xb990219"},"content":"        return null;","lastModifiedDate":"2024-03-10"},{"lineNumber":60,"author":{"gitId":"Xb990219"},"content":"    }","lastModifiedDate":"2024-03-10"},{"lineNumber":61,"author":{"gitId":"Xb990219"},"content":"","lastModifiedDate":"2024-03-10"},{"lineNumber":62,"author":{"gitId":"Xb990219"},"content":"    @Override","lastModifiedDate":"2024-03-10"},{"lineNumber":63,"author":{"gitId":"Xb990219"},"content":"    public String toString() {","lastModifiedDate":"2024-03-10"},{"lineNumber":64,"author":{"gitId":"Xb990219"},"content":"        return this.orderID + \"\\n\" +","lastModifiedDate":"2024-03-10"},{"lineNumber":65,"author":{"gitId":"Xb990219"},"content":"                IntStream.range(0, this.orderItemList.size())","lastModifiedDate":"2024-03-10"},{"lineNumber":66,"author":{"gitId":"Xb990219"},"content":"                        .mapToObj(x -\u003e (x + 1) + \". \" + this.orderItemList.get(x))","lastModifiedDate":"2024-03-10"},{"lineNumber":67,"author":{"gitId":"Xb990219"},"content":"                        .collect(Collectors.joining(\"\\n\"));","lastModifiedDate":"2024-03-10"},{"lineNumber":68,"author":{"gitId":"Xb990219"},"content":"    }","lastModifiedDate":"2024-03-10"},{"lineNumber":69,"author":{"gitId":"Xb990219"},"content":"}","lastModifiedDate":"2024-03-10"}],"authorContributionMap":{"Xb990219":69}},{"path":"src/main/java/seedu/duke/Duke.java","fileType":"functional-code","lines":[{"lineNumber":1,"author":{"gitId":"-"},"content":"package seedu.duke;","lastModifiedDate":"2020-05-24"},{"lineNumber":2,"author":{"gitId":"-"},"content":"","lastModifiedDate":"2020-05-24"},{"lineNumber":3,"author":{"gitId":"Xb990219"},"content":"import model.MenuItem;","lastModifiedDate":"2024-03-10"},{"lineNumber":4,"author":{"gitId":"Xb990219"},"content":"import model.Order;","lastModifiedDate":"2024-03-10"},{"lineNumber":5,"author":{"gitId":"Xb990219"},"content":"","lastModifiedDate":"2024-03-10"},{"lineNumber":6,"author":{"gitId":"-"},"content":"import java.util.Scanner;","lastModifiedDate":"2020-05-24"},{"lineNumber":7,"author":{"gitId":"-"},"content":"","lastModifiedDate":"2020-05-24"},{"lineNumber":8,"author":{"gitId":"-"},"content":"public class Duke {","lastModifiedDate":"2019-07-29"},{"lineNumber":9,"author":{"gitId":"-"},"content":"    /**","lastModifiedDate":"2020-05-24"},{"lineNumber":10,"author":{"gitId":"-"},"content":"     * Main entry-point for the java.duke.Duke application.","lastModifiedDate":"2020-05-24"},{"lineNumber":11,"author":{"gitId":"-"},"content":"     */","lastModifiedDate":"2020-05-24"},{"lineNumber":12,"author":{"gitId":"-"},"content":"    public static void main(String[] args) {","lastModifiedDate":"2019-07-29"},{"lineNumber":13,"author":{"gitId":"Xb990219"},"content":"","lastModifiedDate":"2024-03-10"},{"lineNumber":14,"author":{"gitId":"-"},"content":"        String logo \u003d \" ____        _        \\n\"","lastModifiedDate":"2019-07-29"},{"lineNumber":15,"author":{"gitId":"-"},"content":"                + \"|  _ \\\\ _   _| | _____ \\n\"","lastModifiedDate":"2019-07-29"},{"lineNumber":16,"author":{"gitId":"-"},"content":"                + \"| | | | | | | |/ / _ \\\\\\n\"","lastModifiedDate":"2019-07-29"},{"lineNumber":17,"author":{"gitId":"-"},"content":"                + \"| |_| | |_| |   \u003c  __/\\n\"","lastModifiedDate":"2019-07-29"},{"lineNumber":18,"author":{"gitId":"-"},"content":"                + \"|____/ \\\\__,_|_|\\\\_\\\\___|\\n\";","lastModifiedDate":"2019-07-29"},{"lineNumber":19,"author":{"gitId":"-"},"content":"        System.out.println(\"Hello from\\n\" + logo);","lastModifiedDate":"2019-07-29"},{"lineNumber":20,"author":{"gitId":"-"},"content":"        System.out.println(\"What is your name?\");","lastModifiedDate":"2020-05-24"},{"lineNumber":21,"author":{"gitId":"-"},"content":"","lastModifiedDate":"2020-05-24"},{"lineNumber":22,"author":{"gitId":"-"},"content":"        Scanner in \u003d new Scanner(System.in);","lastModifiedDate":"2024-03-10"},{"lineNumber":23,"author":{"gitId":"-"},"content":"        System.out.println(\"Hello \" + in.nextLine());","lastModifiedDate":"2024-03-10"},{"lineNumber":24,"author":{"gitId":"Xb990219"},"content":"","lastModifiedDate":"2024-03-10"},{"lineNumber":25,"author":{"gitId":"Xb990219"},"content":"        //testModel();","lastModifiedDate":"2024-03-10"},{"lineNumber":26,"author":{"gitId":"-"},"content":"    }","lastModifiedDate":"2019-07-29"},{"lineNumber":27,"author":{"gitId":"Xb990219"},"content":"","lastModifiedDate":"2024-03-10"},{"lineNumber":28,"author":{"gitId":"Xb990219"},"content":"    public static void testModel() {","lastModifiedDate":"2024-03-10"},{"lineNumber":29,"author":{"gitId":"Xb990219"},"content":"        MenuItem dish01 \u003d new MenuItem(\"D01\", \"Chicken Rice\", 3.50);","lastModifiedDate":"2024-03-10"},{"lineNumber":30,"author":{"gitId":"Xb990219"},"content":"        MenuItem dish02 \u003d new MenuItem(\"D02\", \"Nasi Lemak\", 3.00);","lastModifiedDate":"2024-03-10"},{"lineNumber":31,"author":{"gitId":"Xb990219"},"content":"        MenuItem dish03 \u003d new MenuItem(\"D03\", \"Mee Goreng\", 4.00);","lastModifiedDate":"2024-03-10"},{"lineNumber":32,"author":{"gitId":"Xb990219"},"content":"        MenuItem dish04 \u003d new MenuItem(\"D04\", \"Mee Siam\", 3.50);","lastModifiedDate":"2024-03-10"},{"lineNumber":33,"author":{"gitId":"Xb990219"},"content":"        MenuItem dish05 \u003d new MenuItem(\"D04\", \"Mee Siam\", 3.50);","lastModifiedDate":"2024-03-10"},{"lineNumber":34,"author":{"gitId":"Xb990219"},"content":"        Order order \u003d new Order();","lastModifiedDate":"2024-03-10"},{"lineNumber":35,"author":{"gitId":"Xb990219"},"content":"        order.add(dish01);","lastModifiedDate":"2024-03-10"},{"lineNumber":36,"author":{"gitId":"Xb990219"},"content":"        order.add(dish02);","lastModifiedDate":"2024-03-10"},{"lineNumber":37,"author":{"gitId":"Xb990219"},"content":"        order.add(dish03);","lastModifiedDate":"2024-03-10"},{"lineNumber":38,"author":{"gitId":"Xb990219"},"content":"        order.add(dish04);","lastModifiedDate":"2024-03-10"},{"lineNumber":39,"author":{"gitId":"Xb990219"},"content":"        order.add(dish05);","lastModifiedDate":"2024-03-10"},{"lineNumber":40,"author":{"gitId":"Xb990219"},"content":"        System.out.println(order);","lastModifiedDate":"2024-03-10"},{"lineNumber":41,"author":{"gitId":"Xb990219"},"content":"        System.out.println(\"Total price: \" + order.getTotalPrice());","lastModifiedDate":"2024-03-10"},{"lineNumber":42,"author":{"gitId":"Xb990219"},"content":"        order.remove(0);","lastModifiedDate":"2024-03-10"},{"lineNumber":43,"author":{"gitId":"Xb990219"},"content":"        order.remove(\"D04\");","lastModifiedDate":"2024-03-10"},{"lineNumber":44,"author":{"gitId":"Xb990219"},"content":"        System.out.println(order);","lastModifiedDate":"2024-03-10"},{"lineNumber":45,"author":{"gitId":"Xb990219"},"content":"        System.out.println(\"Total price: \" + order.getTotalPrice());","lastModifiedDate":"2024-03-10"},{"lineNumber":46,"author":{"gitId":"Xb990219"},"content":"    }","lastModifiedDate":"2024-03-10"},{"lineNumber":47,"author":{"gitId":"Xb990219"},"content":"","lastModifiedDate":"2024-03-10"},{"lineNumber":48,"author":{"gitId":"-"},"content":"}","lastModifiedDate":"2019-07-29"}],"authorContributionMap":{"Xb990219":27,"-":21}}]
