{"authorDailyContributionsMap":{"webtjs":[{"date":"2024-03-08","commitResults":[{"hash":"a1c95f514fd1f5bac0a92d577cc1c4102d1df33b","isMergeCommit":false,"messageTitle":"docs/AboutUs.md: Add team member information for Webster","messageBody":"","fileTypesAndContributionMap":{"docs":{"insertions":4,"deletions":7}}},{"hash":"be010e37502fd451de58399d0c01b5245f35d6af","isMergeCommit":true,"messageTitle":"Merge branch \u0027master\u0027 into websterTan-AboutUs","messageBody":"","fileTypesAndContributionMap":{}},{"hash":"f8c5b34a4f6b72f2513e64f42c12ec85326cbdf9","isMergeCommit":true,"messageTitle":"Merge pull request #4 from webtjs/websterTan-AboutUs","messageBody":"docs/AboutUs.md: Add team member information for Webster","fileTypesAndContributionMap":{}}]},{"date":"2024-03-15","commitResults":[{"hash":"f1a13f81d6551eccc0bb6c3a71bb77dadace50b6","isMergeCommit":false,"messageTitle":"Add MainCommand interface and its related classes","messageBody":"","fileTypesAndContributionMap":{"functional-code":{"insertions":133,"deletions":0}}},{"hash":"339129c082f1b48401ce2894889cade0367cc11b","isMergeCommit":true,"messageTitle":"Merge pull request #22 from webtjs/branch-CommandPackage","messageBody":"Add MainCommand interface and its related classes","fileTypesAndContributionMap":{}},{"hash":"79412cbfe7f9445ca651b20e8d995b245915e592","isMergeCommit":false,"messageTitle":"Add unit test for ExitCommand","messageBody":"","fileTypesAndContributionMap":{"test-code":{"insertions":18,"deletions":0}}},{"hash":"7f3e7da501f19813ea8ec3bdb74032b64e9cec64","isMergeCommit":true,"messageTitle":"Merge pull request #28 from webtjs/branch-ExitCommandTest","messageBody":"Add unit test for ExitCommand","fileTypesAndContributionMap":{}}]},{"date":"2024-03-20","commitResults":[{"hash":"9d1fc3b01a36e800997393629df3218ee0d3251c","isMergeCommit":false,"messageTitle":"Add Classes for sub-commands under \"create order\"","messageBody":"","fileTypesAndContributionMap":{"functional-code":{"insertions":81,"deletions":1}}},{"hash":"18bfe0f09635d30f95e6cc56e39cac9b604a16c1","isMergeCommit":false,"messageTitle":"Add missing import for ViewMenuCommand class","messageBody":"","fileTypesAndContributionMap":{"functional-code":{"insertions":1,"deletions":0}}}]},{"date":"2024-03-21","commitResults":[{"hash":"d07db7fc3f85b0a2962008c4bfac9bc088e10460","isMergeCommit":false,"messageTitle":"MainViewOrderCommand.java: Change return statement","messageBody":"Fix return statement to return the order searched for\n","fileTypesAndContributionMap":{"functional-code":{"insertions":1,"deletions":1}}},{"hash":"c099fd695feac958bf97acfe0b267d1eb8268e92","isMergeCommit":true,"messageTitle":"Merge pull request #50 from webtjs/master","messageBody":"MainViewOrderCommand.java: Change return statement","fileTypesAndContributionMap":{}},{"hash":"8c4c60dd04193c2940cddbbb7606c6a4e986eafd","isMergeCommit":false,"messageTitle":"Add logger for OrderAddCommand","messageBody":"","fileTypesAndContributionMap":{"functional-code":{"insertions":28,"deletions":2}}},{"hash":"64750fddd33cb53bdb87121ae4bee7ebaa63192c","isMergeCommit":false,"messageTitle":"OrderAddCommand.java: Remove wildcard import","messageBody":"","fileTypesAndContributionMap":{"functional-code":{"insertions":5,"deletions":1}}},{"hash":"e4d7512ad36f6f9dd50168501aade4db0f8a5fac","isMergeCommit":true,"messageTitle":"Merge pull request #52 from webtjs/branch-OrderCommandLogger","messageBody":"Add logger for OrderAddCommand","fileTypesAndContributionMap":{}}]},{"date":"2024-03-22","commitResults":[{"hash":"7a239e301f0d84d1dc89c9b2a3353bae652eb0ae","isMergeCommit":false,"messageTitle":"Add assertion in MainLogic and OrderDeleteCommand classes","messageBody":"","fileTypesAndContributionMap":{"functional-code":{"insertions":6,"deletions":0}}},{"hash":"6c33fe51111193c52de9389e8bc608c525b85ebf","isMergeCommit":true,"messageTitle":"Merge pull request #55 from webtjs/branch-CommandAssertions","messageBody":"Add assertion in MainLogic and OrderDeleteCommand classes","fileTypesAndContributionMap":{}}]},{"date":"2024-03-25","commitResults":[{"hash":"b8c27b467f59f85c20b9b5c58867f0d14cd944a5","isMergeCommit":false,"messageTitle":"Add assertion in MainLogic and OrderDeleteCommand classes","messageBody":"","fileTypesAndContributionMap":{"functional-code":{"insertions":6,"deletions":0}}}]},{"date":"2024-03-28","commitResults":[{"hash":"073e70d55314a96166dc45fdd42998238f3fd712","isMergeCommit":false,"messageTitle":"Add Command Component and OrderLogic Implementation in DeveloperGuide","messageBody":"","fileTypesAndContributionMap":{"docs":{"insertions":30,"deletions":2}}},{"hash":"31032209dce922780d00e745557e84fa0cd6d961","isMergeCommit":true,"messageTitle":"Merge pull request #61 from webtjs/branch-DG","messageBody":"Add Command Component and OrderLogic Implementation in DeveloperGuide","fileTypesAndContributionMap":{}}]}],"Zhengwinter":[{"date":"2024-03-08","commitResults":[{"hash":"19764817be8a03239f3ed4d8789fcf7e4069ba55","isMergeCommit":false,"messageTitle":"Update README.md","messageBody":"","fileTypesAndContributionMap":{"docs":{"insertions":1,"deletions":1}}},{"hash":"ee87e4acad045e504b782f552f3a34ad0dcf0486","isMergeCommit":false,"messageTitle":"Update README.md","messageBody":"","fileTypesAndContributionMap":{"docs":{"insertions":1,"deletions":1}}},{"hash":"32f8dacb5e854772579e7d94561cc132124457c0","isMergeCommit":false,"messageTitle":"Update about me","messageBody":"","fileTypesAndContributionMap":{"docs":{"insertions":4,"deletions":7}}}]},{"date":"2024-03-15","commitResults":[{"hash":"f65be06a687004d553741d0ee444af683d8b1128","isMergeCommit":false,"messageTitle":"Add enum class for set menu categories","messageBody":"","fileTypesAndContributionMap":{"functional-code":{"insertions":8,"deletions":0},"docs":{"insertions":1,"deletions":1}}},{"hash":"ee82f82accced8b450ee463ae53c114574537a8f","isMergeCommit":true,"messageTitle":"Merge pull request #19 from Zhengwinter/branch-ZhengWentao","messageBody":"Add enum class for set menu categories and update profile picture","fileTypesAndContributionMap":{}},{"hash":"9d42a45766b606d38e7353ba3419785e8d90a8a3","isMergeCommit":false,"messageTitle":"Add Menu class","messageBody":"","fileTypesAndContributionMap":{"functional-code":{"insertions":64,"deletions":0}}},{"hash":"5b4f3c4be45f5c17dd9fae44a108572886a17cfa","isMergeCommit":false,"messageTitle":"Refactor wildcard import","messageBody":"","fileTypesAndContributionMap":{"functional-code":{"insertions":3,"deletions":1}}},{"hash":"4639d0cc16ca3836a005ce9cd99520972e056ea7","isMergeCommit":true,"messageTitle":"Merge pull request #21 from Zhengwinter/branch-ZhengWentao","messageBody":"Add Menu class","fileTypesAndContributionMap":{}},{"hash":"4ca1cc9d97ab3822e99ea89bf2da87eb404266a6","isMergeCommit":false,"messageTitle":"Add Menu item addition and removal unit test","messageBody":"","fileTypesAndContributionMap":{"functional-code":{"insertions":12,"deletions":1},"test-code":{"insertions":34,"deletions":0}}},{"hash":"f696043ca287ed3c28f88f64cab3182220b1e965","isMergeCommit":true,"messageTitle":"Merge branch \u0027branch-ZhengWentao\u0027 of github.com:Zhengwinter/tp into branch-ZhengWentao","messageBody":"","fileTypesAndContributionMap":{}},{"hash":"7749c2f3e6bcaf1968043419134e4691f4194d3c","isMergeCommit":true,"messageTitle":"Merge pull request #24 from Zhengwinter/branch-ZhengWentao","messageBody":"Add menu item addition/removal unit test","fileTypesAndContributionMap":{}}]},{"date":"2024-03-17","commitResults":[{"hash":"26190e53b5e5e81b973efb17e0e2eac36a06ed35","isMergeCommit":false,"messageTitle":"Remove numOfItems field from Menu and change name of menu id","messageBody":"","fileTypesAndContributionMap":{"functional-code":{"insertions":9,"deletions":11}}},{"hash":"d3c294c16c9a2a79fad80c6062de0c1733c80040","isMergeCommit":false,"messageTitle":"Add and integrate logger for Menu class","messageBody":"","fileTypesAndContributionMap":{"functional-code":{"insertions":27,"deletions":1}}},{"hash":"291dc2eacb712861e10845e67f85d962cb23a947","isMergeCommit":false,"messageTitle":"Refactor wildcard import of logging","messageBody":"","fileTypesAndContributionMap":{"functional-code":{"insertions":8,"deletions":1}}}]},{"date":"2024-03-19","commitResults":[{"hash":"432d7866106dd76517ca8805786363e4d1324120","isMergeCommit":false,"messageTitle":"Add initial hardcoded menu for v1","messageBody":"","fileTypesAndContributionMap":{"functional-code":{"insertions":30,"deletions":0}}},{"hash":"8b9358baba420cee9c5e8b88892fa7a4325fe2ff","isMergeCommit":true,"messageTitle":"Merge branch \u0027master\u0027 into branch-ZhengWentao","messageBody":"","fileTypesAndContributionMap":{}},{"hash":"02618a3a39c4bcfc480f44e1c994ce6ee635dbb4","isMergeCommit":false,"messageTitle":"Fix minor syntax issue","messageBody":"","fileTypesAndContributionMap":{"functional-code":{"insertions":1,"deletions":1}}},{"hash":"a0ba47f617a42affe2539f1eb611543e94ab2f8c","isMergeCommit":true,"messageTitle":"Merge branch \u0027branch-ZhengWentao\u0027 of github.com:Zhengwinter/tp into branch-ZhengWentao","messageBody":"","fileTypesAndContributionMap":{}},{"hash":"f3b1462c5e7849c0df993fd2a537e2ccbaa816fa","isMergeCommit":false,"messageTitle":"Change order of static variable declaration, wrap long String","messageBody":"","fileTypesAndContributionMap":{"functional-code":{"insertions":3,"deletions":4}}},{"hash":"e1d9377b2005028277c45fbd3a17ddc3cf1d4d84","isMergeCommit":true,"messageTitle":"Merge pull request #31 from Zhengwinter/branch-ZhengWentao","messageBody":"Add and integrate logger for Menu class","fileTypesAndContributionMap":{}},{"hash":"ab492592abe4b37fec3ca772990a9c57c6d4cb2f","isMergeCommit":true,"messageTitle":"Merge pull request #35 from Zhengwinter/master","messageBody":"Add initial hardcoded menu for v1","fileTypesAndContributionMap":{}}]},{"date":"2024-03-20","commitResults":[{"hash":"af53cfe61ecdde33ea88a70e7ed06668e09b3eca","isMergeCommit":false,"messageTitle":"Minor name changes of variables","messageBody":"","fileTypesAndContributionMap":{"functional-code":{"insertions":3,"deletions":3}}},{"hash":"e60ffa8a5009fd96124d3cb2db89f6b2baf045d5","isMergeCommit":false,"messageTitle":"Add method for displaying the menu","messageBody":"","fileTypesAndContributionMap":{"functional-code":{"insertions":17,"deletions":7}}},{"hash":"8a96cd882a20d39e257d71f87c8c46f79d05dcae","isMergeCommit":true,"messageTitle":"Merge branch \u0027branch-ZhengWentao\u0027 into master","messageBody":"","fileTypesAndContributionMap":{}},{"hash":"a79f639507dbb9b80aa6fcb9320ba9f89502de5c","isMergeCommit":false,"messageTitle":"Include item id in the display menu method","messageBody":"","fileTypesAndContributionMap":{"functional-code":{"insertions":10,"deletions":8}}},{"hash":"c617ac5e52f981a7fa389e7ba114c096a46ff30c","isMergeCommit":true,"messageTitle":"Resolve conflicts","messageBody":"","fileTypesAndContributionMap":{}},{"hash":"58e328e305c5edf026399c64e12d6a0fc4c92681","isMergeCommit":false,"messageTitle":"Add view menu command and integrated it into the various modules","messageBody":"","fileTypesAndContributionMap":{"functional-code":{"insertions":30,"deletions":8}}},{"hash":"65f524ed15c4bb46b6303b9c3cb8a3ea0dfb17e6","isMergeCommit":true,"messageTitle":"Merge pull request #37 from Zhengwinter/master","messageBody":"Add method for displaying Menu","fileTypesAndContributionMap":{}},{"hash":"f51c4442e3f67e8194835a9fdc446a321a67159e","isMergeCommit":false,"messageTitle":"Revert \"Add method for displaying Menu\"","messageBody":"","fileTypesAndContributionMap":{"functional-code":{"insertions":14,"deletions":52}}},{"hash":"b48b5427aaa34708e3fa103aaddcf449ed0d2d88","isMergeCommit":true,"messageTitle":"Merge pull request #39 from AY2324S2-CS2113-F14-2/revert-37-master","messageBody":"Revert \"Add method for displaying Menu\"","fileTypesAndContributionMap":{}},{"hash":"798e423ba1ff0540812cb23036e68b291795815d","isMergeCommit":false,"messageTitle":"Add method and command for displaying Menu","messageBody":"","fileTypesAndContributionMap":{"test-code":{"insertions":1,"deletions":0}}},{"hash":"30968090423c033c1d28b9d3f791535131035353","isMergeCommit":true,"messageTitle":"Merge pull request #40 from Zhengwinter/master","messageBody":"Add method and command for displaying Menu","fileTypesAndContributionMap":{}},{"hash":"a077fa3a7c16ca57d421ee583711366629c4478a","isMergeCommit":false,"messageTitle":"Revert \"Revert \"Add method for displaying Menu\"\"","messageBody":"","fileTypesAndContributionMap":{"functional-code":{"insertions":52,"deletions":14}}},{"hash":"2027dadc0e7b183a0a363fa380b79e1d0d340c30","isMergeCommit":false,"messageTitle":"Add empty menu Junit test","messageBody":"","fileTypesAndContributionMap":{"functional-code":{"insertions":15,"deletions":13},"test-code":{"insertions":26,"deletions":13}}},{"hash":"45ef6bb05cdb70b04da619eb73e1ebdbd91ecce9","isMergeCommit":false,"messageTitle":"Update MainLogic.java","messageBody":"","fileTypesAndContributionMap":{"functional-code":{"insertions":6,"deletions":1}}},{"hash":"8546076fa5044eb4eaf4b53e3b433a92bb27aa83","isMergeCommit":true,"messageTitle":"Merge pull request #42 from AY2324S2-CS2113-F14-2/revert-39-revert-37-master","messageBody":"Correct version with View Menu command","fileTypesAndContributionMap":{}},{"hash":"7610197f0a64246f47412f81ff355647765e4a48","isMergeCommit":true,"messageTitle":"Merge pull request #43 from Zhengwinter/master","messageBody":"Add empty menu Junit test","fileTypesAndContributionMap":{}}]},{"date":"2024-03-21","commitResults":[{"hash":"97dcfcf383790c2a9961d946b2cde05b07e3b2be","isMergeCommit":false,"messageTitle":"Add assertion for removal of item from Menu","messageBody":"","fileTypesAndContributionMap":{"functional-code":{"insertions":1,"deletions":0}}},{"hash":"caef18236a2742446ea173416bef8e716a811f14","isMergeCommit":true,"messageTitle":"Merge pull request #53 from Zhengwinter/master","messageBody":"Add assertion for removal of item from Menu","fileTypesAndContributionMap":{}}]},{"date":"2024-03-26","commitResults":[{"hash":"1e3c163c40845501f1c747910337e7d0076f7466","isMergeCommit":true,"messageTitle":"Add to developer guide for model","messageBody":"","fileTypesAndContributionMap":{}},{"hash":"e5b0839274c0409976315ff1c0dbd832e44081f1","isMergeCommit":true,"messageTitle":"Merge pull request #57 from Zhengwinter/master","messageBody":"Add model component to developer guide","fileTypesAndContributionMap":{}}]},{"date":"2024-03-27","commitResults":[{"hash":"2c457f0f7cc8b77d902eac0c4f1fb43626b4da10","isMergeCommit":false,"messageTitle":"Update Developer Guide with model component and order logic documentation","messageBody":"","fileTypesAndContributionMap":{"docs":{"insertions":89,"deletions":1}}},{"hash":"ec606e068437a0c9a2690504443c4ac96c93d3fe","isMergeCommit":true,"messageTitle":"Merge pull request #58 from Zhengwinter/master","messageBody":"Document model component and order logic in DG","fileTypesAndContributionMap":{}}]}],"Xb990219":[{"date":"2024-03-08","commitResults":[{"hash":"50b5af6665320b220614f4afc4461678c51531a9","isMergeCommit":false,"messageTitle":"Update AboutUs.md","messageBody":"","fileTypesAndContributionMap":{"docs":{"insertions":3,"deletions":7}}}]},{"date":"2024-03-10","commitResults":[{"hash":"b1284cc2b2df5020f12e01e6b1680e2b2b7fc80f","isMergeCommit":false,"messageTitle":"Add Order related classes","messageBody":"","fileTypesAndContributionMap":{"functional-code":{"insertions":146,"deletions":2}}},{"hash":"b8ef105143a28c8f9b38f2e9223240f2db1c3883","isMergeCommit":false,"messageTitle":"Fix declarationOrder","messageBody":"","fileTypesAndContributionMap":{"functional-code":{"insertions":7,"deletions":9}}},{"hash":"d9ac3494450aa5841e8546ca5a044c7bb0853e93","isMergeCommit":false,"messageTitle":"Fix declarationOrder2","messageBody":"","fileTypesAndContributionMap":{"functional-code":{"insertions":2,"deletions":3}}},{"hash":"ab22cc5db0f4b8992fce1c8bd018fab8e340e047","isMergeCommit":false,"messageTitle":"Fix declarationOrder3","messageBody":"","fileTypesAndContributionMap":{"functional-code":{"insertions":2,"deletions":2}}},{"hash":"94fc105f54a91df71f6042ad335a9d891b8ed376","isMergeCommit":false,"messageTitle":"Fix declarationOrder4","messageBody":"","fileTypesAndContributionMap":{"functional-code":{"insertions":3,"deletions":2}}},{"hash":"07860788691f7c29fd3235b174501462530a9406","isMergeCommit":true,"messageTitle":"Merge pull request #6 from Xb990219/MenuItemAndOrder","messageBody":"Add Order related classes","fileTypesAndContributionMap":{}}]},{"date":"2024-03-14","commitResults":[{"hash":"6bd228cd36d7120c7dda2fb48647873bf78143f0","isMergeCommit":false,"messageTitle":"Add unit test for Order and MenuItem","messageBody":"","fileTypesAndContributionMap":{"functional-code":{"insertions":6,"deletions":24},"test-code":{"insertions":57,"deletions":0}}},{"hash":"394e0322c3ff69d143c8c580459e8c080577c6f2","isMergeCommit":false,"messageTitle":"Fix checkstyle problems","messageBody":"","fileTypesAndContributionMap":{"functional-code":{"insertions":0,"deletions":3},"test-code":{"insertions":0,"deletions":1}}},{"hash":"14e085d58a76a968e1b6e803db35cb6c1a14ca7d","isMergeCommit":true,"messageTitle":"Merge pull request #12 from Xb990219/MenuItemAndOrder","messageBody":"Add unit test for Order and MenuItem","fileTypesAndContributionMap":{}},{"hash":"27f1cc0a8a43e5923089e14940fbe16ecd70f9a0","isMergeCommit":true,"messageTitle":"Merge pull request #6 from Xb990219/MenuItemAndOrder","messageBody":"Add Order related classes\n","fileTypesAndContributionMap":{}},{"hash":"5d4fc1f3cd920c6dab2cd8652e10503a09f1c93c","isMergeCommit":true,"messageTitle":"Merge pull request #6 from Xb990219/MenuItemAndOrder","messageBody":"Add Order related classes\n","fileTypesAndContributionMap":{}}]},{"date":"2024-03-17","commitResults":[{"hash":"8d85cf04e673fbf35053593a7f2adacb11f45c1f","isMergeCommit":false,"messageTitle":"Add mainLogic, Add OrderLogic class as the sub-logic, change some of the Commands","messageBody":"","fileTypesAndContributionMap":{"functional-code":{"insertions":143,"deletions":106},"test-code":{"insertions":16,"deletions":8}}},{"hash":"f282661d3a7b2f9a5955e54e6ece640c41592458","isMergeCommit":false,"messageTitle":"Fix mainLogic problem, fix checkstyle problem","messageBody":"","fileTypesAndContributionMap":{"functional-code":{"insertions":13,"deletions":22},"test-code":{"insertions":12,"deletions":5}}},{"hash":"918bc6520414266266d11acd6f0b85d7da38c6f5","isMergeCommit":false,"messageTitle":"add MainLogic class as the entry point","messageBody":"","fileTypesAndContributionMap":{"functional-code":{"insertions":86,"deletions":69}}},{"hash":"60de217a15d003ed81c21f056530493ed217f989","isMergeCommit":true,"messageTitle":"Merge pull request #33 from Xb990219/mainLogic","messageBody":"Add mainLogic","fileTypesAndContributionMap":{}}]},{"date":"2024-03-20","commitResults":[{"hash":"27c0df614bb5a967c01454c5acd2e54428e337e0","isMergeCommit":false,"messageTitle":"Add OrderCommand structure","messageBody":"","fileTypesAndContributionMap":{"functional-code":{"insertions":39,"deletions":29},"other":{"insertions":4,"deletions":2},"test-code":{"insertions":1,"deletions":1}}},{"hash":"452bf7e4c93430834bf3fb766b8d3de86ea80e45","isMergeCommit":true,"messageTitle":"Resolve merge conflict on local","messageBody":"","fileTypesAndContributionMap":{}}]},{"date":"2024-03-21","commitResults":[{"hash":"056cf64ea093127ef43be212f66c933d9c2424a5","isMergeCommit":false,"messageTitle":"Implement V1.0","messageBody":"","fileTypesAndContributionMap":{"functional-code":{"insertions":238,"deletions":156},"other":{"insertions":10,"deletions":5},"test-code":{"insertions":1,"deletions":9}}},{"hash":"456681a81543bd5cdac82664de29dbc5f22dff57","isMergeCommit":true,"messageTitle":"Merge pull request #49 from Xb990219/mainLogic","messageBody":"V1.0","fileTypesAndContributionMap":{}},{"hash":"b8807d047858b2f0eaa865466a4ad48bb8c18beb","isMergeCommit":false,"messageTitle":"Add future TODO documentation","messageBody":"","fileTypesAndContributionMap":{"functional-code":{"insertions":2,"deletions":0}}},{"hash":"5521f9b65c170ae5c9b813f979ff19647ba41d00","isMergeCommit":true,"messageTitle":"Merge pull request #51 from Xb990219/mainLogic","messageBody":"Add future TODO documentation","tags":["v1.0"],"fileTypesAndContributionMap":{}},{"hash":"8463716b4c45acf4191cacbb5003604306179d81","isMergeCommit":false,"messageTitle":"Fix UI problem in OrderLogic","messageBody":"","fileTypesAndContributionMap":{"functional-code":{"insertions":4,"deletions":3}}}]},{"date":"2024-03-25","commitResults":[{"hash":"854600112879439dd78395f6284bdc3e222a33f6","isMergeCommit":false,"messageTitle":"Update Architecture in DeveloperGuide, Add UMLs for illustration","messageBody":"","fileTypesAndContributionMap":{"docs":{"insertions":187,"deletions":2}}},{"hash":"bb1086325f1044a2c20333d30e62e050d69bb711","isMergeCommit":true,"messageTitle":"Merge pull request #56 from Xb990219/mainLogic","messageBody":"Update developerGuide","fileTypesAndContributionMap":{}}]},{"date":"2024-03-27","commitResults":[{"hash":"74bef8ad93c1e14825e004ce25d049a93c278f33","isMergeCommit":true,"messageTitle":"Merge branch \u0027master\u0027 of github.com:AY2324S2-CS2113T-F14-2/tp into mainLogic","messageBody":"","fileTypesAndContributionMap":{}},{"hash":"a098476c93bd8ca7557ecc464cc72f92b5613e6b","isMergeCommit":false,"messageTitle":"Update developerGuide with logic component and MainLogic part","messageBody":"","fileTypesAndContributionMap":{"docs":{"insertions":20,"deletions":0}}},{"hash":"0f97430cebd2d985840ec65d4fc37facab58befc","isMergeCommit":true,"messageTitle":"Merge pull request #59 from Xb990219/mainLogic","messageBody":"Update DeveloperGuide","fileTypesAndContributionMap":{}}]},{"date":"2024-03-28","commitResults":[{"hash":"17cd601fb6d167c2abe1e581f6c5d7b3b9f3f7de","isMergeCommit":false,"messageTitle":"Enable Assertion in build.gradle","messageBody":"","fileTypesAndContributionMap":{"other":{"insertions":1,"deletions":0}}},{"hash":"cb5e53a0989c181b2fe6e2f624f88aad52aac4c4","isMergeCommit":true,"messageTitle":"Merge pull request #60 from Xb990219/mainLogic","messageBody":"Enable Assertion in build.gradle","fileTypesAndContributionMap":{}}]}],"adamzzq":[{"date":"2024-03-08","commitResults":[{"hash":"cabc7f7b23de61f269d87de54d59b458d1866268","isMergeCommit":false,"messageTitle":"Add Zheqi\u0027s profile in AboutUs.md","messageBody":"","fileTypesAndContributionMap":{"docs":{"insertions":3,"deletions":7}}},{"hash":"179cb8abf7cd0ceab48e7e69c4c2b6e23bb34724","isMergeCommit":true,"messageTitle":"Merge pull request #2 from Zhengwinter/branch-ZhengWentao","messageBody":"Update about me (Zheng Wentao)","fileTypesAndContributionMap":{}},{"hash":"9104b5466fcd5c5a22b1fc5ccaddd6c1365b18ee","isMergeCommit":true,"messageTitle":"Merge branch \u0027master\u0027 into XiaoBo_AboutUs","messageBody":"","fileTypesAndContributionMap":{}},{"hash":"d12ff8cd00ed2f5db4339a315f767268dce72335","isMergeCommit":true,"messageTitle":"Merge pull request #3 from Xb990219/XiaoBo_AboutUs","messageBody":"Update AboutUs.md","fileTypesAndContributionMap":{}},{"hash":"b68e170184e32b4507b3086afc4c40255e52619a","isMergeCommit":true,"messageTitle":"Merge branch \u0027master\u0027 into branch-about-us","messageBody":"","fileTypesAndContributionMap":{}},{"hash":"a229cdcdd2f0c5ae3e9d4e4ff6234df4a6cf6a10","isMergeCommit":true,"messageTitle":"Merge pull request #1 from adamzzq/branch-about-us","messageBody":"Add Zheqi\u0027s profile in AboutUs.md","fileTypesAndContributionMap":{}}]},{"date":"2024-03-09","commitResults":[{"hash":"01a75d94b55bc7c8ac5c980a8fbd543faf5528af","isMergeCommit":false,"messageTitle":"Implement parsing function * Add CommandType and Parser classes * Add pseudo unit test in Parser.java","messageBody":"","fileTypesAndContributionMap":{"functional-code":{"insertions":97,"deletions":0}}},{"hash":"e4ac8df4bc3148a7f8c00bd8e8d0a33b7e503581","isMergeCommit":false,"messageTitle":"Fix code format issue","messageBody":"","fileTypesAndContributionMap":{"functional-code":{"insertions":21,"deletions":21}}},{"hash":"8ce8b46452d581319e708771ac1cc450a7a28fc6","isMergeCommit":true,"messageTitle":"Merge pull request #5 from adamzzq/branch-parser","messageBody":"Implement parsing function","fileTypesAndContributionMap":{}}]},{"date":"2024-03-14","commitResults":[{"hash":"6b245df7856d8c99b6ab1b386dc72cc1bccf2594","isMergeCommit":false,"messageTitle":"Update CommandType enum with new command VIEW_ALL_ORDERS","messageBody":"","fileTypesAndContributionMap":{"other":{"insertions":6,"deletions":44}}},{"hash":"9b13573831884b13a87b15d1e9d397cf1dd6f81b","isMergeCommit":true,"messageTitle":"Merge pull request #11 from adamzzq/branch-parser","messageBody":"Update CommandType enum with new command VIEW_ALL_ORDERS","fileTypesAndContributionMap":{}},{"hash":"1817ff5ccc7e86b1eed9c1a6cf898eb195ca144d","isMergeCommit":true,"messageTitle":"Merge branch \u0027branch-parser-unit-test\u0027 of https://github.com/adamzzq/tp into branch-parser-unit-test","messageBody":"# Conflicts:\n#\tsrc/main/java/seedu/duke/Duke.java\n#\tsrc/test/java/ParserTest.java\n","fileTypesAndContributionMap":{}},{"hash":"53103bea5e396a439a5fab4ce09e13efef642a55","isMergeCommit":false,"messageTitle":"Resolve merge conflicts","messageBody":"","fileTypesAndContributionMap":{"other":{"insertions":6,"deletions":1},"test-code":{"insertions":2,"deletions":0}}},{"hash":"07bcfeb7d23feca9c22a23f46507273d15c363d0","isMergeCommit":true,"messageTitle":"Merge pull request #14 from adamzzq/branch-parser-unit-test","messageBody":"Branch parser unit test","fileTypesAndContributionMap":{}},{"hash":"92fcba3cab339f813e79ec63e8e392f5ee62c1e2","isMergeCommit":false,"messageTitle":"Refactor ParserTest.java to locate in the corresponding  package","messageBody":"","fileTypesAndContributionMap":{"other":{"insertions":0,"deletions":0}}},{"hash":"84fda7d65b7d7c18d9c03ebb3d8230f143bba1da","isMergeCommit":false,"messageTitle":"Fix checkstyle violations in model package","messageBody":"","fileTypesAndContributionMap":{"functional-code":{"insertions":11,"deletions":11}}},{"hash":"70671e2d1082ec2725c124fb34dc60cd60025758","isMergeCommit":true,"messageTitle":"Merge pull request #16 from adamzzq/branch-parser-unit-test","messageBody":"Branch parser unit test","fileTypesAndContributionMap":{}},{"hash":"636c6b0b1864590e45508c181714fe29dff064cd","isMergeCommit":false,"messageTitle":"Refactor ParserUnitTest","messageBody":"","fileTypesAndContributionMap":{"other":{"insertions":3,"deletions":3}}},{"hash":"d28ebaaa7ed3c3a22b3b6ddd8a61d2ee934eb810","isMergeCommit":true,"messageTitle":"Merge pull request #17 from adamzzq/branch-parser-unit-test","messageBody":"Refactor ParserUnitTest","fileTypesAndContributionMap":{}}]},{"date":"2024-03-15","commitResults":[{"hash":"47e691d5c4d17412e7f181b08766ea0682c29c07","isMergeCommit":false,"messageTitle":"Refactor ParserUnitTest","messageBody":"","fileTypesAndContributionMap":{"test-code":{"insertions":36,"deletions":0}}},{"hash":"0cb74b14d7ad7601212449bb2983a6537be71412","isMergeCommit":true,"messageTitle":"Merge pull request #20 from adamzzq/branch-Junit-parser","messageBody":"Refactor ParserUnitTest","fileTypesAndContributionMap":{}},{"hash":"1f7ffb708376454429ef89c62bce479ca6399c5c","isMergeCommit":false,"messageTitle":"Refactor ParserUnitTest","messageBody":"","fileTypesAndContributionMap":{"test-code":{"insertions":1,"deletions":0}}},{"hash":"977f6a97ecac118b90f3145d03fc8d2e232a9353","isMergeCommit":true,"messageTitle":"Merge pull request #30 from adamzzq/branch-Junit-parser","messageBody":"Add more junit for parser","fileTypesAndContributionMap":{}}]},{"date":"2024-03-20","commitResults":[{"hash":"8ba142ad9f08e7d6004737c463487dbd99542316","isMergeCommit":false,"messageTitle":"Add CommandType support for OrderLogic","messageBody":"","fileTypesAndContributionMap":{"functional-code":{"insertions":12,"deletions":1},"test-code":{"insertions":4,"deletions":0}}},{"hash":"2bb8d504a17b38f7a2baa8d3b09dfcffdba701cf","isMergeCommit":true,"messageTitle":"Merge pull request #44 from webtjs/branch-OrderSubCommands","messageBody":"Add Classes for sub-commands under \"create order\"","fileTypesAndContributionMap":{}},{"hash":"72a1cc782d8833cf80a660fee345bbe5286d8236","isMergeCommit":true,"messageTitle":"Merge pull request #46 from adamzzq/branch-command-type","messageBody":"Add CommandType support for OrderLogic","fileTypesAndContributionMap":{}},{"hash":"801320cbd2754bedbcde60f2f18b1b4a94e8af49","isMergeCommit":false,"messageTitle":"Refactor code to comply with stylecheck","messageBody":"","fileTypesAndContributionMap":{"functional-code":{"insertions":4,"deletions":9},"test-code":{"insertions":7,"deletions":7}}},{"hash":"7eaea5207c067badfa502d56d5677a8b74228098","isMergeCommit":true,"messageTitle":"Merge pull request #47 from adamzzq/branch-fix-code-style","messageBody":"Refactor code to comply with stylecheck","fileTypesAndContributionMap":{}}]},{"date":"2024-03-21","commitResults":[{"hash":"d2f28e824072e251b803f2e482d3c13d3d3e7cd0","isMergeCommit":false,"messageTitle":"Add assertions and logging methods in Parser.java","messageBody":"","fileTypesAndContributionMap":{"functional-code":{"insertions":16,"deletions":1}}},{"hash":"9965b441a311a0159ce4f04938d672ed2bf9a286","isMergeCommit":false,"messageTitle":"Add assertions and logging methods in Parser.java","messageBody":"","fileTypesAndContributionMap":{"functional-code":{"insertions":17,"deletions":1}}},{"hash":"5ca19629d2f76df2450b1d2f52095261e25d0ba5","isMergeCommit":true,"messageTitle":"Merge pull request #54 from adamzzq/branch-Parser-logging","messageBody":"Add assertions and logging methods in Parser.java","fileTypesAndContributionMap":{}}]},{"date":"2024-03-22","commitResults":[{"hash":"6eb0811e0bc236a6159c4ce3131a01cf84295791","isMergeCommit":true,"messageTitle":"Merge branch \u0027master\u0027 of https://github.com/AY2324S2-CS2113-F14-2/tp","messageBody":"","fileTypesAndContributionMap":{}}]},{"date":"2024-03-26","commitResults":[{"hash":"998a39c29437656b64b5fc7e8225276c7016607d","isMergeCommit":true,"messageTitle":"Merge branch \u0027master\u0027 of https://github.com/AY2324S2-CS2113-F14-2/tp","messageBody":"","fileTypesAndContributionMap":{}}]},{"date":"2024-03-27","commitResults":[{"hash":"ba2861c46438354fa03e7c7a028b967b2e58c42b","isMergeCommit":true,"messageTitle":"Merge branch \u0027master\u0027 of https://github.com/AY2324S2-CS2113-F14-2/tp","messageBody":"","fileTypesAndContributionMap":{}}]},{"date":"2024-03-29","commitResults":[{"hash":"8eaf0705984ac12a221d20b1f6a3d0f2e1b4ca14","isMergeCommit":true,"messageTitle":"Merge branch \u0027master\u0027 of https://github.com/AY2324S2-CS2113-F14-2/tp","messageBody":"","fileTypesAndContributionMap":{}},{"hash":"d04ad2fb5a1290e022a817f3ecb03366c5e197cd","isMergeCommit":false,"messageTitle":"Add view order components to implementation section of UG","messageBody":"","fileTypesAndContributionMap":{"docs":{"insertions":10,"deletions":0}}},{"hash":"052992990155d20d547dada164536e7aa0400edf","isMergeCommit":true,"messageTitle":"Merge pull request #62 from adamzzq/branch-UG","messageBody":"Branch ug","fileTypesAndContributionMap":{}},{"hash":"2a0d68ab33993d2622184901f0d921bf1df6c50c","isMergeCommit":false,"messageTitle":"Add UI components to UG","messageBody":"","fileTypesAndContributionMap":{"docs":{"insertions":7,"deletions":0}}},{"hash":"9227ced29d5876b15bc898fc18dedbafd4f4ab26","isMergeCommit":false,"messageTitle":"Modify UI component description","messageBody":"","fileTypesAndContributionMap":{"docs":{"insertions":3,"deletions":3}}},{"hash":"b7c5d2bd6ea7d337c487e0d753e8ee85045e5036","isMergeCommit":true,"messageTitle":"Merge pull request #63 from adamzzq/branch-UG","messageBody":"Add UI components to UG","fileTypesAndContributionMap":{}},{"hash":"05a609b9deb4013e8944c594a4690726368b9fe3","isMergeCommit":false,"messageTitle":"Refactor createOrder command in MainLogic","messageBody":"","fileTypesAndContributionMap":{"functional-code":{"insertions":7,"deletions":12}}},{"hash":"f584afddcf4ebc9db9461c53dc6f66735be15e41","isMergeCommit":false,"messageTitle":"Refactor view order command in main logic","messageBody":"","fileTypesAndContributionMap":{"functional-code":{"insertions":18,"deletions":19}}},{"hash":"e82bfd91336d17d02fb7ba7e9fcbfff8fffe65c3","isMergeCommit":false,"messageTitle":"Fix checkstyle issue","messageBody":"","fileTypesAndContributionMap":{"functional-code":{"insertions":3,"deletions":9}}},{"hash":"e79d41ea52432fcd24ab87ee900d0997ddeb2eec","isMergeCommit":true,"messageTitle":"Merge pull request #68 from adamzzq/branch-MainLogic-TODO","messageBody":"Refactor createOrder command in MainLogic","fileTypesAndContributionMap":{}}]}]},"authorFileTypeContributionMap":{"webtjs":{"docs":31,"functional-code":90,"test-code":8},"Zhengwinter":{"docs":107,"functional-code":127,"test-code":50},"Xb990219":{"docs":206,"functional-code":456,"test-code":128,"other":1},"adamzzq":{"docs":18,"functional-code":107,"test-code":44}},"authorContributionVariance":{"webtjs":816.13226,"Zhengwinter":2885.8943,"Xb990219":12091.023,"adamzzq":954.15625},"authorDisplayNameMap":{"webtjs":"CS2113-F14-2 WEBS..HENG","Zhengwinter":"CS2113-F14-2 ZHEN..NTAO","Xb990219":"CS2113-F14-2 XIAO..O BO","adamzzq":"CS2113-F14-2 ZENG..HEQI"}}
