{"authorDailyContributionsMap":{"webtjs":[{"date":"2024-03-08","commitResults":[{"hash":"a1c95f514fd1f5bac0a92d577cc1c4102d1df33b","isMergeCommit":false,"messageTitle":"docs/AboutUs.md: Add team member information for Webster","messageBody":"","fileTypesAndContributionMap":{"docs":{"insertions":4,"deletions":7}}},{"hash":"be010e37502fd451de58399d0c01b5245f35d6af","isMergeCommit":true,"messageTitle":"Merge branch \u0027master\u0027 into websterTan-AboutUs","messageBody":"","fileTypesAndContributionMap":{}},{"hash":"f8c5b34a4f6b72f2513e64f42c12ec85326cbdf9","isMergeCommit":true,"messageTitle":"Merge pull request #4 from webtjs/websterTan-AboutUs","messageBody":"docs/AboutUs.md: Add team member information for Webster","fileTypesAndContributionMap":{}}]},{"date":"2024-03-15","commitResults":[{"hash":"f1a13f81d6551eccc0bb6c3a71bb77dadace50b6","isMergeCommit":false,"messageTitle":"Add MainCommand interface and its related classes","messageBody":"","fileTypesAndContributionMap":{"functional-code":{"insertions":133,"deletions":0}}},{"hash":"339129c082f1b48401ce2894889cade0367cc11b","isMergeCommit":true,"messageTitle":"Merge pull request #22 from webtjs/branch-CommandPackage","messageBody":"Add MainCommand interface and its related classes","fileTypesAndContributionMap":{}},{"hash":"60a7273f0836267ef2c25f24613df81b08a0f37c","isMergeCommit":false,"messageTitle":"Add unit test for HelpCommand","messageBody":"","fileTypesAndContributionMap":{"test-code":{"insertions":34,"deletions":0}}},{"hash":"814935255137eb541ad27f3fc270deb57d8c621b","isMergeCommit":false,"messageTitle":"HelpCommandTest.java: Fix syntax error for Gradle","messageBody":"","fileTypesAndContributionMap":{"test-code":{"insertions":8,"deletions":9}}},{"hash":"abf793a5e3e6ea630d78a0499fb95850639ceead","isMergeCommit":false,"messageTitle":"HelpCommand.java: Fix typo in printed message","messageBody":"","fileTypesAndContributionMap":{"functional-code":{"insertions":1,"deletions":1}}},{"hash":"79412cbfe7f9445ca651b20e8d995b245915e592","isMergeCommit":false,"messageTitle":"Add unit test for ExitCommand","messageBody":"","fileTypesAndContributionMap":{"test-code":{"insertions":18,"deletions":0}}},{"hash":"7f3e7da501f19813ea8ec3bdb74032b64e9cec64","isMergeCommit":true,"messageTitle":"Merge pull request #28 from webtjs/branch-ExitCommandTest","messageBody":"Add unit test for ExitCommand","fileTypesAndContributionMap":{}}]},{"date":"2024-03-20","commitResults":[{"hash":"9d1fc3b01a36e800997393629df3218ee0d3251c","isMergeCommit":false,"messageTitle":"Add Classes for sub-commands under \"create order\"","messageBody":"","fileTypesAndContributionMap":{"functional-code":{"insertions":81,"deletions":1}}},{"hash":"18bfe0f09635d30f95e6cc56e39cac9b604a16c1","isMergeCommit":false,"messageTitle":"Add missing import for ViewMenuCommand class","messageBody":"","fileTypesAndContributionMap":{"functional-code":{"insertions":1,"deletions":0}}}]},{"date":"2024-03-21","commitResults":[{"hash":"d07db7fc3f85b0a2962008c4bfac9bc088e10460","isMergeCommit":false,"messageTitle":"MainViewOrderCommand.java: Change return statement","messageBody":"Fix return statement to return the order searched for\n","fileTypesAndContributionMap":{"functional-code":{"insertions":1,"deletions":1}}},{"hash":"c099fd695feac958bf97acfe0b267d1eb8268e92","isMergeCommit":true,"messageTitle":"Merge pull request #50 from webtjs/master","messageBody":"MainViewOrderCommand.java: Change return statement","fileTypesAndContributionMap":{}},{"hash":"8c4c60dd04193c2940cddbbb7606c6a4e986eafd","isMergeCommit":false,"messageTitle":"Add logger for OrderAddCommand","messageBody":"","fileTypesAndContributionMap":{"functional-code":{"insertions":28,"deletions":2}}},{"hash":"64750fddd33cb53bdb87121ae4bee7ebaa63192c","isMergeCommit":false,"messageTitle":"OrderAddCommand.java: Remove wildcard import","messageBody":"","fileTypesAndContributionMap":{"functional-code":{"insertions":5,"deletions":1}}},{"hash":"e4d7512ad36f6f9dd50168501aade4db0f8a5fac","isMergeCommit":true,"messageTitle":"Merge pull request #52 from webtjs/branch-OrderCommandLogger","messageBody":"Add logger for OrderAddCommand","fileTypesAndContributionMap":{}}]},{"date":"2024-03-22","commitResults":[{"hash":"7a239e301f0d84d1dc89c9b2a3353bae652eb0ae","isMergeCommit":false,"messageTitle":"Add assertion in MainLogic and OrderDeleteCommand classes","messageBody":"","fileTypesAndContributionMap":{"functional-code":{"insertions":6,"deletions":0}}},{"hash":"6c33fe51111193c52de9389e8bc608c525b85ebf","isMergeCommit":true,"messageTitle":"Merge pull request #55 from webtjs/branch-CommandAssertions","messageBody":"Add assertion in MainLogic and OrderDeleteCommand classes","fileTypesAndContributionMap":{}}]},{"date":"2024-03-25","commitResults":[{"hash":"b8c27b467f59f85c20b9b5c58867f0d14cd944a5","isMergeCommit":false,"messageTitle":"Add assertion in MainLogic and OrderDeleteCommand classes","messageBody":"","fileTypesAndContributionMap":{"functional-code":{"insertions":6,"deletions":0}}}]},{"date":"2024-03-28","commitResults":[{"hash":"073e70d55314a96166dc45fdd42998238f3fd712","isMergeCommit":false,"messageTitle":"Add Command Component and OrderLogic Implementation in DeveloperGuide","messageBody":"","fileTypesAndContributionMap":{"docs":{"insertions":30,"deletions":2}}},{"hash":"31032209dce922780d00e745557e84fa0cd6d961","isMergeCommit":true,"messageTitle":"Merge pull request #61 from webtjs/branch-DG","messageBody":"Add Command Component and OrderLogic Implementation in DeveloperGuide","fileTypesAndContributionMap":{}}]},{"date":"2024-03-29","commitResults":[{"hash":"abb2d2eaa224653a7781175948ec7bcf19d62823","isMergeCommit":false,"messageTitle":"Refactor code according to code review","messageBody":"","fileTypesAndContributionMap":{"functional-code":{"insertions":3,"deletions":2}}},{"hash":"e6712f7dbc1dc85f85885b6abba224a39aac4fea","isMergeCommit":true,"messageTitle":"Merge pull request #70 from webtjs/branch-CodeReview","messageBody":"Refactor code according to code review","fileTypesAndContributionMap":{}}]},{"date":"2024-03-30","commitResults":[{"hash":"b4d439a0eff205b2ea8f9bae933df86ca13907d5","isMergeCommit":true,"messageTitle":"Merge branch \u0027master\u0027 into branch-CommandTest","messageBody":"# Conflicts:\n#\tsrc/main/java/command/MainHelpCommand.java\n","fileTypesAndContributionMap":{}},{"hash":"03e1b904e6320a68096f2e2ac7c5fb8d6225035f","isMergeCommit":false,"messageTitle":"Add JUnit tests for MainCommand subclasses","messageBody":"","fileTypesAndContributionMap":{"test-code":{"insertions":75,"deletions":44}}},{"hash":"8a0233aa0593f8234090c9fb9142d8e482fd5c65","isMergeCommit":true,"messageTitle":"Merge branch \u0027webtjs-branch-CommandTest\u0027","messageBody":"","fileTypesAndContributionMap":{}},{"hash":"3c69074edaa5a23f46a2bfc76fc2452041ad521d","isMergeCommit":true,"messageTitle":"Merge branch \u0027master\u0027 of https://github.com/webtjs/tp","messageBody":"","fileTypesAndContributionMap":{}},{"hash":"d9d3692333b1d7488290881a71552e2e24ebece7","isMergeCommit":false,"messageTitle":"Add tests for MainCommand subclasses","messageBody":"","fileTypesAndContributionMap":{"test-code":{"insertions":5,"deletions":1}}},{"hash":"6bf61145e848fdf218455c2212610b311dd2b94a","isMergeCommit":true,"messageTitle":"Merge pull request #77 from webtjs/branch-MainCommandTest","messageBody":"Add JUnit tests for MainCommand subclasses","fileTypesAndContributionMap":{}}]},{"date":"2024-03-31","commitResults":[{"hash":"229e6ae575f48ea3f286a096a027e10896beed51","isMergeCommit":false,"messageTitle":"Add create and edit menu features","messageBody":"","fileTypesAndContributionMap":{"functional-code":{"insertions":24,"deletions":13}}},{"hash":"319c09250a2039aa199fb49ad712cdf5646850fa","isMergeCommit":false,"messageTitle":"Add MainEditMenuCommand class","messageBody":"","fileTypesAndContributionMap":{"functional-code":{"insertions":16,"deletions":0}}},{"hash":"89fc26bb9ec5c10b52de4b64b8673ce24b5fd471","isMergeCommit":true,"messageTitle":"Merge pull request #78 from webtjs/branch-MainCreateEditMenuCommand","messageBody":"Add create and edit menu features, change text messages","fileTypesAndContributionMap":{}},{"hash":"984fe19a25154a64d14bbd657402e9e1fdd6b893","isMergeCommit":false,"messageTitle":"Update help message, add JUnit test for MainEditMenuCommand","messageBody":"","fileTypesAndContributionMap":{"functional-code":{"insertions":6,"deletions":4},"test-code":{"insertions":15,"deletions":1}}},{"hash":"d8c491bd9e9d0987f7fedeb18f17a424d7622c4e","isMergeCommit":false,"messageTitle":"MainEditMenuCommand.java: Remove unused import","messageBody":"","fileTypesAndContributionMap":{"functional-code":{"insertions":0,"deletions":1}}},{"hash":"d2d2a65cff0663b9e583826c7c1c9c345d9b4332","isMergeCommit":true,"messageTitle":"Merge pull request #80 from webtjs/master","messageBody":"Update help message, add JUnit test for MainEditMenuCommand","fileTypesAndContributionMap":{}}]},{"date":"2024-04-03","commitResults":[{"hash":"cd028a82181ee3bfe8b307785d1f1eabb706d143","isMergeCommit":false,"messageTitle":"Update User Guide for v2.0","messageBody":"","fileTypesAndContributionMap":{"docs":{"insertions":270,"deletions":19}}},{"hash":"68f82b5580f03d06ee6bc214444a29749848c65f","isMergeCommit":true,"messageTitle":"Merge pull request #91 from webtjs/master","messageBody":"Update User Guide for v2.0","fileTypesAndContributionMap":{}}]},{"date":"2024-04-04","commitResults":[{"hash":"4dac5d6e129a172e8a4459cb6b8190461aa4a7ac","isMergeCommit":false,"messageTitle":"MainCommandTest.java: Refactor test code","messageBody":"","fileTypesAndContributionMap":{"test-code":{"insertions":1,"deletions":1}}},{"hash":"38e2d206463534c1a4705b60318821942ae0ccda","isMergeCommit":true,"messageTitle":"Merge pull request #96 from webtjs/branch-v2.0","messageBody":"Add tag for v2.0, refactor code","fileTypesAndContributionMap":{}}]},{"date":"2024-04-08","commitResults":[{"hash":"15d40b3925c07e4a174d75c2bb9460585b275d92","isMergeCommit":false,"messageTitle":"OrderHelpCommand.java: Fix incorrect command description in help message","messageBody":"","fileTypesAndContributionMap":{"functional-code":{"insertions":4,"deletions":2}}},{"hash":"b8e7868d5260a25e12870083c66a3bd0c02de3bb","isMergeCommit":true,"messageTitle":"Merge pull request #129 from webtjs/branch-bugfix-incorrect-order-help-description","messageBody":"OrderHelpCommand.java: Fix incorrect command description in help message","fileTypesAndContributionMap":{}},{"hash":"26b5a41953d769b86aa0f01bc59f4475dd6a3027","isMergeCommit":false,"messageTitle":"Add more descriptive messages for invalid commands","messageBody":"","fileTypesAndContributionMap":{"functional-code":{"insertions":27,"deletions":5}}},{"hash":"562abe807887b51d7d38ff697051dfff662cc26f","isMergeCommit":false,"messageTitle":"Add messages for invalid commands in the different interfaces","messageBody":"","fileTypesAndContributionMap":{"functional-code":{"insertions":39,"deletions":14}}},{"hash":"dcd515b434e0f8ecd4405c8e34c1a25fa0c82047","isMergeCommit":true,"messageTitle":"Merge pull request #132 from webtjs/branch-bugfix-unclear-error-messages","messageBody":"Add more descriptive messages for invalid commands","fileTypesAndContributionMap":{}}]},{"date":"2024-04-09","commitResults":[{"hash":"089f7009f45d6a46687b5c2add77e79635a03d29","isMergeCommit":false,"messageTitle":"Add indication of which interface user is currently in","messageBody":"","fileTypesAndContributionMap":{"functional-code":{"insertions":7,"deletions":3}}},{"hash":"b268e89c816b9f4f146e13746479bb1cc7fe39e0","isMergeCommit":true,"messageTitle":"Merge pull request #133 from webtjs/branch-bugfix-current-interface-unclear","messageBody":"Add indication of which interface user is currently in","fileTypesAndContributionMap":{}},{"hash":"f42c86065d2a279d4458c47067e0b60326424e7d","isMergeCommit":false,"messageTitle":"Add invalid command messages for default case in switch case","messageBody":"","fileTypesAndContributionMap":{"functional-code":{"insertions":3,"deletions":6}}},{"hash":"295ede16e5febbb14de1b62cf14dadeb14878807","isMergeCommit":true,"messageTitle":"Merge pull request #135 from webtjs/branch-bugfix-unclear-error-messages","messageBody":"Add invalid command messages for default case in switch case","fileTypesAndContributionMap":{}},{"hash":"993bccd18eef4a1d226d897f3086e486a0041a68","isMergeCommit":false,"messageTitle":"Add feature to revert changes to menu after using \"cancel\" command","messageBody":"","fileTypesAndContributionMap":{"functional-code":{"insertions":25,"deletions":5}}},{"hash":"afe515e3bb2416ac6ca30550d11da731aa0a3bed","isMergeCommit":false,"messageTitle":"Fix MainCommandTest.java JUnit test and MainLogic.java checkstyle","messageBody":"","fileTypesAndContributionMap":{"functional-code":{"insertions":1,"deletions":1},"test-code":{"insertions":5,"deletions":1}}},{"hash":"f736c0b28c2c13c7c89aa31c73763875757e080e","isMergeCommit":true,"messageTitle":"Merge pull request #137 from webtjs/branch-bugfix-revert-changes-with-cancel","messageBody":"Add feature to revert changes to menu after using \"cancel\" command","fileTypesAndContributionMap":{}},{"hash":"2f20fb6e4e900e82840b70ec69ef2990124cc483","isMergeCommit":false,"messageTitle":"Fix bug when quantity of item added to order is too large","messageBody":"","fileTypesAndContributionMap":{"functional-code":{"insertions":8,"deletions":2}}}]}],"Zhengwinter":[{"date":"2024-03-08","commitResults":[{"hash":"19764817be8a03239f3ed4d8789fcf7e4069ba55","isMergeCommit":false,"messageTitle":"Update README.md","messageBody":"","fileTypesAndContributionMap":{"docs":{"insertions":1,"deletions":1}}},{"hash":"ee87e4acad045e504b782f552f3a34ad0dcf0486","isMergeCommit":false,"messageTitle":"Update README.md","messageBody":"","fileTypesAndContributionMap":{"docs":{"insertions":1,"deletions":1}}},{"hash":"32f8dacb5e854772579e7d94561cc132124457c0","isMergeCommit":false,"messageTitle":"Update about me","messageBody":"","fileTypesAndContributionMap":{"docs":{"insertions":4,"deletions":7}}}]},{"date":"2024-03-15","commitResults":[{"hash":"f65be06a687004d553741d0ee444af683d8b1128","isMergeCommit":false,"messageTitle":"Add enum class for set menu categories","messageBody":"","fileTypesAndContributionMap":{"functional-code":{"insertions":8,"deletions":0},"docs":{"insertions":1,"deletions":1}}},{"hash":"ee82f82accced8b450ee463ae53c114574537a8f","isMergeCommit":true,"messageTitle":"Merge pull request #19 from Zhengwinter/branch-ZhengWentao","messageBody":"Add enum class for set menu categories and update profile picture","fileTypesAndContributionMap":{}},{"hash":"9d42a45766b606d38e7353ba3419785e8d90a8a3","isMergeCommit":false,"messageTitle":"Add Menu class","messageBody":"","fileTypesAndContributionMap":{"functional-code":{"insertions":64,"deletions":0}}},{"hash":"5b4f3c4be45f5c17dd9fae44a108572886a17cfa","isMergeCommit":false,"messageTitle":"Refactor wildcard import","messageBody":"","fileTypesAndContributionMap":{"functional-code":{"insertions":3,"deletions":1}}},{"hash":"4639d0cc16ca3836a005ce9cd99520972e056ea7","isMergeCommit":true,"messageTitle":"Merge pull request #21 from Zhengwinter/branch-ZhengWentao","messageBody":"Add Menu class","fileTypesAndContributionMap":{}},{"hash":"4ca1cc9d97ab3822e99ea89bf2da87eb404266a6","isMergeCommit":false,"messageTitle":"Add Menu item addition and removal unit test","messageBody":"","fileTypesAndContributionMap":{"functional-code":{"insertions":12,"deletions":1},"test-code":{"insertions":34,"deletions":0}}},{"hash":"f696043ca287ed3c28f88f64cab3182220b1e965","isMergeCommit":true,"messageTitle":"Merge branch \u0027branch-ZhengWentao\u0027 of github.com:Zhengwinter/tp into branch-ZhengWentao","messageBody":"","fileTypesAndContributionMap":{}},{"hash":"7749c2f3e6bcaf1968043419134e4691f4194d3c","isMergeCommit":true,"messageTitle":"Merge pull request #24 from Zhengwinter/branch-ZhengWentao","messageBody":"Add menu item addition/removal unit test","fileTypesAndContributionMap":{}}]},{"date":"2024-03-17","commitResults":[{"hash":"26190e53b5e5e81b973efb17e0e2eac36a06ed35","isMergeCommit":false,"messageTitle":"Remove numOfItems field from Menu and change name of menu id","messageBody":"","fileTypesAndContributionMap":{"functional-code":{"insertions":9,"deletions":11}}},{"hash":"d3c294c16c9a2a79fad80c6062de0c1733c80040","isMergeCommit":false,"messageTitle":"Add and integrate logger for Menu class","messageBody":"","fileTypesAndContributionMap":{"functional-code":{"insertions":27,"deletions":1}}},{"hash":"291dc2eacb712861e10845e67f85d962cb23a947","isMergeCommit":false,"messageTitle":"Refactor wildcard import of logging","messageBody":"","fileTypesAndContributionMap":{"functional-code":{"insertions":8,"deletions":1}}}]},{"date":"2024-03-19","commitResults":[{"hash":"432d7866106dd76517ca8805786363e4d1324120","isMergeCommit":false,"messageTitle":"Add initial hardcoded menu for v1","messageBody":"","fileTypesAndContributionMap":{"functional-code":{"insertions":30,"deletions":0}}},{"hash":"8b9358baba420cee9c5e8b88892fa7a4325fe2ff","isMergeCommit":true,"messageTitle":"Merge branch \u0027master\u0027 into branch-ZhengWentao","messageBody":"","fileTypesAndContributionMap":{}},{"hash":"02618a3a39c4bcfc480f44e1c994ce6ee635dbb4","isMergeCommit":false,"messageTitle":"Fix minor syntax issue","messageBody":"","fileTypesAndContributionMap":{"functional-code":{"insertions":1,"deletions":1}}},{"hash":"a0ba47f617a42affe2539f1eb611543e94ab2f8c","isMergeCommit":true,"messageTitle":"Merge branch \u0027branch-ZhengWentao\u0027 of github.com:Zhengwinter/tp into branch-ZhengWentao","messageBody":"","fileTypesAndContributionMap":{}},{"hash":"f3b1462c5e7849c0df993fd2a537e2ccbaa816fa","isMergeCommit":false,"messageTitle":"Change order of static variable declaration, wrap long String","messageBody":"","fileTypesAndContributionMap":{"functional-code":{"insertions":3,"deletions":4}}},{"hash":"e1d9377b2005028277c45fbd3a17ddc3cf1d4d84","isMergeCommit":true,"messageTitle":"Merge pull request #31 from Zhengwinter/branch-ZhengWentao","messageBody":"Add and integrate logger for Menu class","fileTypesAndContributionMap":{}},{"hash":"ab492592abe4b37fec3ca772990a9c57c6d4cb2f","isMergeCommit":true,"messageTitle":"Merge pull request #35 from Zhengwinter/master","messageBody":"Add initial hardcoded menu for v1","fileTypesAndContributionMap":{}}]},{"date":"2024-03-20","commitResults":[{"hash":"af53cfe61ecdde33ea88a70e7ed06668e09b3eca","isMergeCommit":false,"messageTitle":"Minor name changes of variables","messageBody":"","fileTypesAndContributionMap":{"functional-code":{"insertions":3,"deletions":3}}},{"hash":"e60ffa8a5009fd96124d3cb2db89f6b2baf045d5","isMergeCommit":false,"messageTitle":"Add method for displaying the menu","messageBody":"","fileTypesAndContributionMap":{"functional-code":{"insertions":17,"deletions":7}}},{"hash":"8a96cd882a20d39e257d71f87c8c46f79d05dcae","isMergeCommit":true,"messageTitle":"Merge branch \u0027branch-ZhengWentao\u0027 into master","messageBody":"","fileTypesAndContributionMap":{}},{"hash":"a79f639507dbb9b80aa6fcb9320ba9f89502de5c","isMergeCommit":false,"messageTitle":"Include item id in the display menu method","messageBody":"","fileTypesAndContributionMap":{"functional-code":{"insertions":10,"deletions":8}}},{"hash":"c617ac5e52f981a7fa389e7ba114c096a46ff30c","isMergeCommit":true,"messageTitle":"Resolve conflicts","messageBody":"","fileTypesAndContributionMap":{}},{"hash":"58e328e305c5edf026399c64e12d6a0fc4c92681","isMergeCommit":false,"messageTitle":"Add view menu command and integrated it into the various modules","messageBody":"","fileTypesAndContributionMap":{"functional-code":{"insertions":30,"deletions":8}}},{"hash":"65f524ed15c4bb46b6303b9c3cb8a3ea0dfb17e6","isMergeCommit":true,"messageTitle":"Merge pull request #37 from Zhengwinter/master","messageBody":"Add method for displaying Menu","fileTypesAndContributionMap":{}},{"hash":"f51c4442e3f67e8194835a9fdc446a321a67159e","isMergeCommit":false,"messageTitle":"Revert \"Add method for displaying Menu\"","messageBody":"","fileTypesAndContributionMap":{"functional-code":{"insertions":14,"deletions":52}}},{"hash":"b48b5427aaa34708e3fa103aaddcf449ed0d2d88","isMergeCommit":true,"messageTitle":"Merge pull request #39 from AY2324S2-CS2113-F14-2/revert-37-master","messageBody":"Revert \"Add method for displaying Menu\"","fileTypesAndContributionMap":{}},{"hash":"798e423ba1ff0540812cb23036e68b291795815d","isMergeCommit":false,"messageTitle":"Add method and command for displaying Menu","messageBody":"","fileTypesAndContributionMap":{"test-code":{"insertions":1,"deletions":0}}},{"hash":"30968090423c033c1d28b9d3f791535131035353","isMergeCommit":true,"messageTitle":"Merge pull request #40 from Zhengwinter/master","messageBody":"Add method and command for displaying Menu","fileTypesAndContributionMap":{}},{"hash":"a077fa3a7c16ca57d421ee583711366629c4478a","isMergeCommit":false,"messageTitle":"Revert \"Revert \"Add method for displaying Menu\"\"","messageBody":"","fileTypesAndContributionMap":{"functional-code":{"insertions":52,"deletions":14}}},{"hash":"2027dadc0e7b183a0a363fa380b79e1d0d340c30","isMergeCommit":false,"messageTitle":"Add empty menu Junit test","messageBody":"","fileTypesAndContributionMap":{"functional-code":{"insertions":15,"deletions":13},"test-code":{"insertions":26,"deletions":13}}},{"hash":"45ef6bb05cdb70b04da619eb73e1ebdbd91ecce9","isMergeCommit":false,"messageTitle":"Update MainLogic.java","messageBody":"","fileTypesAndContributionMap":{"functional-code":{"insertions":6,"deletions":1}}},{"hash":"8546076fa5044eb4eaf4b53e3b433a92bb27aa83","isMergeCommit":true,"messageTitle":"Merge pull request #42 from AY2324S2-CS2113-F14-2/revert-39-revert-37-master","messageBody":"Correct version with View Menu command","fileTypesAndContributionMap":{}},{"hash":"7610197f0a64246f47412f81ff355647765e4a48","isMergeCommit":true,"messageTitle":"Merge pull request #43 from Zhengwinter/master","messageBody":"Add empty menu Junit test","fileTypesAndContributionMap":{}}]},{"date":"2024-03-21","commitResults":[{"hash":"97dcfcf383790c2a9961d946b2cde05b07e3b2be","isMergeCommit":false,"messageTitle":"Add assertion for removal of item from Menu","messageBody":"","fileTypesAndContributionMap":{"functional-code":{"insertions":1,"deletions":0}}},{"hash":"caef18236a2742446ea173416bef8e716a811f14","isMergeCommit":true,"messageTitle":"Merge pull request #53 from Zhengwinter/master","messageBody":"Add assertion for removal of item from Menu","fileTypesAndContributionMap":{}}]},{"date":"2024-03-26","commitResults":[{"hash":"1e3c163c40845501f1c747910337e7d0076f7466","isMergeCommit":true,"messageTitle":"Add to developer guide for model","messageBody":"","fileTypesAndContributionMap":{}},{"hash":"e5b0839274c0409976315ff1c0dbd832e44081f1","isMergeCommit":true,"messageTitle":"Merge pull request #57 from Zhengwinter/master","messageBody":"Add model component to developer guide","fileTypesAndContributionMap":{}}]},{"date":"2024-03-27","commitResults":[{"hash":"2c457f0f7cc8b77d902eac0c4f1fb43626b4da10","isMergeCommit":false,"messageTitle":"Update Developer Guide with model component and order logic documentation","messageBody":"","fileTypesAndContributionMap":{"docs":{"insertions":89,"deletions":1}}},{"hash":"ec606e068437a0c9a2690504443c4ac96c93d3fe","isMergeCommit":true,"messageTitle":"Merge pull request #58 from Zhengwinter/master","messageBody":"Document model component and order logic in DG","fileTypesAndContributionMap":{}}]},{"date":"2024-03-29","commitResults":[{"hash":"f38c8bd214e4089b07c86a7a262414d7d3a69819","isMergeCommit":false,"messageTitle":"Fix typo in naming of items in initMenu","messageBody":"","fileTypesAndContributionMap":{"functional-code":{"insertions":2,"deletions":2}}},{"hash":"bc5c23f2c6117aac00c07956ea0dc8e3cd89da9a","isMergeCommit":true,"messageTitle":"Merge pull request #71 from Zhengwinter/master","messageBody":"Fix typo in naming of items in initMenu","fileTypesAndContributionMap":{}}]},{"date":"2024-03-30","commitResults":[{"hash":"024888f343caef2553a61366be3c71fd560866bf","isMergeCommit":false,"messageTitle":"Modify Menu class, add MenuLogic","messageBody":"","fileTypesAndContributionMap":{"functional-code":{"insertions":105,"deletions":1}}},{"hash":"b6be5c89df30a771760524239098fddbf807e0e0","isMergeCommit":true,"messageTitle":"Merge pull request #72 from Zhengwinter/master","messageBody":"Modify Menu class, add MenuLogic","fileTypesAndContributionMap":{}},{"hash":"accf2022d5ca9498d402c92c21e138fac2b89c62","isMergeCommit":false,"messageTitle":"Revert \"Modify Menu class, add MenuLogic\"","messageBody":"","fileTypesAndContributionMap":{"functional-code":{"insertions":1,"deletions":105}}},{"hash":"717b1ce03e9c7c20d075d3feee85fdcc3c62be33","isMergeCommit":false,"messageTitle":"Refactor command packages, implement menu commands","messageBody":"","fileTypesAndContributionMap":{"functional-code":{"insertions":59,"deletions":18},"other":{"insertions":17,"deletions":16}}},{"hash":"74d04a5cefa03fcb0f9ba8ee8441cd48be2e2e0e","isMergeCommit":true,"messageTitle":"Merge pull request #73 from AY2324S2-CS2113-F14-2/revert-72-master","messageBody":"Revert \"Modify Menu class, add MenuLogic\"","fileTypesAndContributionMap":{}},{"hash":"84afc60f4c2b12684e45d9e901b9143615a4677d","isMergeCommit":false,"messageTitle":"Revert \"Revert \"Modify Menu class, add MenuLogic\"\"","messageBody":"","fileTypesAndContributionMap":{"functional-code":{"insertions":105,"deletions":1}}},{"hash":"0c28640c420391b7aad9b06c3947df9028e66db0","isMergeCommit":false,"messageTitle":"Comment out unimplemented classes in MenuLogic.java","messageBody":"","fileTypesAndContributionMap":{"functional-code":{"insertions":5,"deletions":5}}},{"hash":"0cb90e4f3eaf76594e4c3debea90d9dc0f704c3a","isMergeCommit":false,"messageTitle":"Update MenuLogic.java","messageBody":"","fileTypesAndContributionMap":{"functional-code":{"insertions":1,"deletions":1}}},{"hash":"8d044eb78d191599205b597f0b3eaac9613deaa5","isMergeCommit":false,"messageTitle":"Remove help case in MenuLogic.java","messageBody":"","fileTypesAndContributionMap":{"functional-code":{"insertions":2,"deletions":2}}},{"hash":"74b839968aaafae085de0f7e92f04e438d0776cd","isMergeCommit":false,"messageTitle":"Refactor code by changing order of static declaration","messageBody":"","fileTypesAndContributionMap":{"functional-code":{"insertions":2,"deletions":1}}},{"hash":"ce1d3b4d86388a0a117107cbfd10b43ee5217d28","isMergeCommit":true,"messageTitle":"Merge pull request #74 from AY2324S2-CS2113-F14-2/revert-73-revert-72-master","messageBody":"Correct version, Modify Menu class, add MenuLogic","fileTypesAndContributionMap":{}},{"hash":"fc265236a98696507241be4bdc6f1a1b1244f0a4","isMergeCommit":false,"messageTitle":"Remove wildcard imports, refactor code","messageBody":"","fileTypesAndContributionMap":{"functional-code":{"insertions":9,"deletions":4}}},{"hash":"9901a69ce6c4ca7721ae5ab71ce2675a456dd391","isMergeCommit":true,"messageTitle":"Merge branch \u0027master\u0027 into master","messageBody":"","fileTypesAndContributionMap":{}},{"hash":"7e46b90364fc46f4418f526868661109b6e8b653","isMergeCommit":false,"messageTitle":"Add missing break statement","messageBody":"","fileTypesAndContributionMap":{"functional-code":{"insertions":1,"deletions":1}}},{"hash":"c91580c4743fcfa8faaa368ae06680fd218b0d88","isMergeCommit":true,"messageTitle":"Merge pull request #75 from Zhengwinter/master","messageBody":"Implement some of the Menu commands, refactor code","fileTypesAndContributionMap":{}}]},{"date":"2024-04-01","commitResults":[{"hash":"6f5ba8012180d5cacdc49e6cee329669a2a3ce1f","isMergeCommit":false,"messageTitle":"Implement Menu commands","messageBody":"","fileTypesAndContributionMap":{"functional-code":{"insertions":65,"deletions":33},"test-code":{"insertions":15,"deletions":0}}},{"hash":"35938ea7d9ad79bb4c0d1105a8a59af6f1f213be","isMergeCommit":true,"messageTitle":"Merge branch \u0027master\u0027 into master","messageBody":"","fileTypesAndContributionMap":{}},{"hash":"d7e1a94f99509975138d26e23464da71af70cbaf","isMergeCommit":false,"messageTitle":"Restructure the complete command to be used by both order and menu logic","messageBody":"","fileTypesAndContributionMap":{"functional-code":{"insertions":3,"deletions":4}}},{"hash":"2062fec6b6801e3b3bdbaff639d1d0f40e563ced","isMergeCommit":true,"messageTitle":"Resolve merge conflicts","messageBody":"","fileTypesAndContributionMap":{}},{"hash":"e180aeee9c5f06dd219c1fec5db31c837cd60dd3","isMergeCommit":false,"messageTitle":"Reformat code to comply with char limit","messageBody":"","fileTypesAndContributionMap":{"functional-code":{"insertions":4,"deletions":2}}},{"hash":"d2efbed3780d9bdc5857df0978464e06c30a3d4e","isMergeCommit":true,"messageTitle":"Merge pull request #85 from Zhengwinter/master","messageBody":"Implement Menu commands (MenuAdd, MenuDelete, MenuComplete)","fileTypesAndContributionMap":{}},{"hash":"7927ae7708b00768439554313d14add628d92b30","isMergeCommit":false,"messageTitle":"Refactor code and abstract out classes, format in CamelCase","messageBody":"","fileTypesAndContributionMap":{"functional-code":{"insertions":44,"deletions":44},"test-code":{"insertions":4,"deletions":4}}},{"hash":"afbbea0b6cfbe9df0627a07e9bade82abb105ed8","isMergeCommit":true,"messageTitle":"Merge pull request #86 from Zhengwinter/master","messageBody":"Refactor code and abstract out classes, format in CamelCase","fileTypesAndContributionMap":{}}]},{"date":"2024-04-03","commitResults":[{"hash":"963f59661aa3045dd3fbf0aabe5bc853378e3b26","isMergeCommit":false,"messageTitle":"Add FAQ in the user guide","messageBody":"","fileTypesAndContributionMap":{"docs":{"insertions":10,"deletions":0}}},{"hash":"2b2483fc0cc3e8be30c951576fd06c61e6995cdd","isMergeCommit":true,"messageTitle":"Merge pull request #93 from Zhengwinter/master","messageBody":"Add FAQ in the user guide","fileTypesAndContributionMap":{}}]},{"date":"2024-04-09","commitResults":[{"hash":"22de9f927f6388c4f2f8f516be9c42299b0f1e4f","isMergeCommit":false,"messageTitle":"Fix documentation in User Guide to clarify organization structure","messageBody":"","fileTypesAndContributionMap":{"docs":{"insertions":13,"deletions":9}}},{"hash":"c55a9d8e30b23e7048ef504a9a24b78615b2fd6d","isMergeCommit":true,"messageTitle":"Merge pull request #134 from Zhengwinter/master","messageBody":"Fix documentation in User Guide to clarify organization structure","fileTypesAndContributionMap":{}},{"hash":"c0358f086e2288a0c47ab82b6312174d74aed509","isMergeCommit":false,"messageTitle":"Implement restaurant name, location, order taker information in order","messageBody":"","fileTypesAndContributionMap":{"functional-code":{"insertions":108,"deletions":7}}},{"hash":"c689934327ace1e60b681c0a65f5fe16c27e7a40","isMergeCommit":true,"messageTitle":"Merge branch \u0027master\u0027 into master","messageBody":"","fileTypesAndContributionMap":{}},{"hash":"5719c8315b9e15eb6616fdc6b581fa6d20732d9f","isMergeCommit":false,"messageTitle":"Enclose order type input in try/catch block and improve robustness of input","messageBody":"","fileTypesAndContributionMap":{"functional-code":{"insertions":9,"deletions":5},"test-code":{"insertions":2,"deletions":1}}},{"hash":"74816719e2c21f7d53539b54b03a253c88191c24","isMergeCommit":true,"messageTitle":"Resolve minor merge conflicts","messageBody":"","fileTypesAndContributionMap":{}},{"hash":"1cd0dcd85ca84e515138c031843982db59749024","isMergeCommit":false,"messageTitle":"Resolve minor bug in test case","messageBody":"","fileTypesAndContributionMap":{"test-code":{"insertions":2,"deletions":1}}},{"hash":"b6e2a037e4ffbec0d091889a3c413c865db43c7e","isMergeCommit":true,"messageTitle":"Merge pull request #141 from Zhengwinter/master","messageBody":"Implement restaurant name, location, order taker information in order","fileTypesAndContributionMap":{}}]}],"Xb990219":[{"date":"2024-03-08","commitResults":[{"hash":"50b5af6665320b220614f4afc4461678c51531a9","isMergeCommit":false,"messageTitle":"Update AboutUs.md","messageBody":"","fileTypesAndContributionMap":{"docs":{"insertions":3,"deletions":7}}}]},{"date":"2024-03-10","commitResults":[{"hash":"b1284cc2b2df5020f12e01e6b1680e2b2b7fc80f","isMergeCommit":false,"messageTitle":"Add Order related classes","messageBody":"","fileTypesAndContributionMap":{"functional-code":{"insertions":146,"deletions":2}}},{"hash":"b8ef105143a28c8f9b38f2e9223240f2db1c3883","isMergeCommit":false,"messageTitle":"Fix declarationOrder","messageBody":"","fileTypesAndContributionMap":{"functional-code":{"insertions":7,"deletions":9}}},{"hash":"d9ac3494450aa5841e8546ca5a044c7bb0853e93","isMergeCommit":false,"messageTitle":"Fix declarationOrder2","messageBody":"","fileTypesAndContributionMap":{"functional-code":{"insertions":2,"deletions":3}}},{"hash":"ab22cc5db0f4b8992fce1c8bd018fab8e340e047","isMergeCommit":false,"messageTitle":"Fix declarationOrder3","messageBody":"","fileTypesAndContributionMap":{"functional-code":{"insertions":2,"deletions":2}}},{"hash":"94fc105f54a91df71f6042ad335a9d891b8ed376","isMergeCommit":false,"messageTitle":"Fix declarationOrder4","messageBody":"","fileTypesAndContributionMap":{"functional-code":{"insertions":3,"deletions":2}}},{"hash":"07860788691f7c29fd3235b174501462530a9406","isMergeCommit":true,"messageTitle":"Merge pull request #6 from Xb990219/MenuItemAndOrder","messageBody":"Add Order related classes","fileTypesAndContributionMap":{}}]},{"date":"2024-03-14","commitResults":[{"hash":"6bd228cd36d7120c7dda2fb48647873bf78143f0","isMergeCommit":false,"messageTitle":"Add unit test for Order and MenuItem","messageBody":"","fileTypesAndContributionMap":{"functional-code":{"insertions":6,"deletions":24},"test-code":{"insertions":57,"deletions":0}}},{"hash":"394e0322c3ff69d143c8c580459e8c080577c6f2","isMergeCommit":false,"messageTitle":"Fix checkstyle problems","messageBody":"","fileTypesAndContributionMap":{"functional-code":{"insertions":0,"deletions":3},"test-code":{"insertions":0,"deletions":1}}},{"hash":"14e085d58a76a968e1b6e803db35cb6c1a14ca7d","isMergeCommit":true,"messageTitle":"Merge pull request #12 from Xb990219/MenuItemAndOrder","messageBody":"Add unit test for Order and MenuItem","fileTypesAndContributionMap":{}},{"hash":"27f1cc0a8a43e5923089e14940fbe16ecd70f9a0","isMergeCommit":true,"messageTitle":"Merge pull request #6 from Xb990219/MenuItemAndOrder","messageBody":"Add Order related classes\n","fileTypesAndContributionMap":{}},{"hash":"5d4fc1f3cd920c6dab2cd8652e10503a09f1c93c","isMergeCommit":true,"messageTitle":"Merge pull request #6 from Xb990219/MenuItemAndOrder","messageBody":"Add Order related classes\n","fileTypesAndContributionMap":{}}]},{"date":"2024-03-17","commitResults":[{"hash":"8d85cf04e673fbf35053593a7f2adacb11f45c1f","isMergeCommit":false,"messageTitle":"Add mainLogic, Add OrderLogic class as the sub-logic, change some of the Commands","messageBody":"","fileTypesAndContributionMap":{"functional-code":{"insertions":143,"deletions":106},"test-code":{"insertions":16,"deletions":8}}},{"hash":"f282661d3a7b2f9a5955e54e6ece640c41592458","isMergeCommit":false,"messageTitle":"Fix mainLogic problem, fix checkstyle problem","messageBody":"","fileTypesAndContributionMap":{"functional-code":{"insertions":13,"deletions":22},"test-code":{"insertions":12,"deletions":5}}},{"hash":"918bc6520414266266d11acd6f0b85d7da38c6f5","isMergeCommit":false,"messageTitle":"add MainLogic class as the entry point","messageBody":"","fileTypesAndContributionMap":{"functional-code":{"insertions":86,"deletions":69}}},{"hash":"60de217a15d003ed81c21f056530493ed217f989","isMergeCommit":true,"messageTitle":"Merge pull request #33 from Xb990219/mainLogic","messageBody":"Add mainLogic","fileTypesAndContributionMap":{}}]},{"date":"2024-03-20","commitResults":[{"hash":"27c0df614bb5a967c01454c5acd2e54428e337e0","isMergeCommit":false,"messageTitle":"Add OrderCommand structure","messageBody":"","fileTypesAndContributionMap":{"functional-code":{"insertions":39,"deletions":29},"other":{"insertions":4,"deletions":2},"test-code":{"insertions":1,"deletions":1}}},{"hash":"452bf7e4c93430834bf3fb766b8d3de86ea80e45","isMergeCommit":true,"messageTitle":"Resolve merge conflict on local","messageBody":"","fileTypesAndContributionMap":{}}]},{"date":"2024-03-21","commitResults":[{"hash":"056cf64ea093127ef43be212f66c933d9c2424a5","isMergeCommit":false,"messageTitle":"Implement V1.0","messageBody":"","fileTypesAndContributionMap":{"functional-code":{"insertions":238,"deletions":156},"other":{"insertions":10,"deletions":5},"test-code":{"insertions":1,"deletions":9}}},{"hash":"456681a81543bd5cdac82664de29dbc5f22dff57","isMergeCommit":true,"messageTitle":"Merge pull request #49 from Xb990219/mainLogic","messageBody":"V1.0","fileTypesAndContributionMap":{}},{"hash":"b8807d047858b2f0eaa865466a4ad48bb8c18beb","isMergeCommit":false,"messageTitle":"Add future TODO documentation","messageBody":"","fileTypesAndContributionMap":{"functional-code":{"insertions":2,"deletions":0}}},{"hash":"5521f9b65c170ae5c9b813f979ff19647ba41d00","isMergeCommit":true,"messageTitle":"Merge pull request #51 from Xb990219/mainLogic","messageBody":"Add future TODO documentation","tags":["v1.0"],"fileTypesAndContributionMap":{}},{"hash":"8463716b4c45acf4191cacbb5003604306179d81","isMergeCommit":false,"messageTitle":"Fix UI problem in OrderLogic","messageBody":"","fileTypesAndContributionMap":{"functional-code":{"insertions":4,"deletions":3}}}]},{"date":"2024-03-25","commitResults":[{"hash":"854600112879439dd78395f6284bdc3e222a33f6","isMergeCommit":false,"messageTitle":"Update Architecture in DeveloperGuide, Add UMLs for illustration","messageBody":"","fileTypesAndContributionMap":{"docs":{"insertions":187,"deletions":2}}},{"hash":"bb1086325f1044a2c20333d30e62e050d69bb711","isMergeCommit":true,"messageTitle":"Merge pull request #56 from Xb990219/mainLogic","messageBody":"Update developerGuide","fileTypesAndContributionMap":{}}]},{"date":"2024-03-27","commitResults":[{"hash":"74bef8ad93c1e14825e004ce25d049a93c278f33","isMergeCommit":true,"messageTitle":"Merge branch \u0027master\u0027 of github.com:AY2324S2-CS2113T-F14-2/tp into mainLogic","messageBody":"","fileTypesAndContributionMap":{}},{"hash":"a098476c93bd8ca7557ecc464cc72f92b5613e6b","isMergeCommit":false,"messageTitle":"Update developerGuide with logic component and MainLogic part","messageBody":"","fileTypesAndContributionMap":{"docs":{"insertions":20,"deletions":0}}},{"hash":"0f97430cebd2d985840ec65d4fc37facab58befc","isMergeCommit":true,"messageTitle":"Merge pull request #59 from Xb990219/mainLogic","messageBody":"Update DeveloperGuide","fileTypesAndContributionMap":{}}]},{"date":"2024-03-28","commitResults":[{"hash":"17cd601fb6d167c2abe1e581f6c5d7b3b9f3f7de","isMergeCommit":false,"messageTitle":"Enable Assertion in build.gradle","messageBody":"","fileTypesAndContributionMap":{"other":{"insertions":1,"deletions":0}}},{"hash":"cb5e53a0989c181b2fe6e2f624f88aad52aac4c4","isMergeCommit":true,"messageTitle":"Merge pull request #60 from Xb990219/mainLogic","messageBody":"Enable Assertion in build.gradle","fileTypesAndContributionMap":{}}]},{"date":"2024-04-01","commitResults":[{"hash":"a61ab3524b0bd4f6a7b5b2f00ccd821b48b68c7e","isMergeCommit":false,"messageTitle":"Update V2.0 working draft","messageBody":"","fileTypesAndContributionMap":{"functional-code":{"insertions":94,"deletions":60},"other":{"insertions":1,"deletions":2},"test-code":{"insertions":0,"deletions":21}}},{"hash":"f8fc688da9b40aa17476cdaa1507ef66da43f25d","isMergeCommit":true,"messageTitle":"Merge branch \u0027Xb990219-mainLogic\u0027","messageBody":"","fileTypesAndContributionMap":{}},{"hash":"578139d78ec2d9c170e3c1eec676547d1a86c904","isMergeCommit":true,"messageTitle":"resolve merge conflict","messageBody":"","fileTypesAndContributionMap":{}},{"hash":"cc61ff86c019d09c54da654e9b96bcf3d0fe8109","isMergeCommit":false,"messageTitle":"Fix minor bugs","messageBody":"","fileTypesAndContributionMap":{"functional-code":{"insertions":3,"deletions":3}}},{"hash":"8d19008c061380555426b4b89365decf32c8808f","isMergeCommit":false,"messageTitle":"Fix checkstyle","messageBody":"","fileTypesAndContributionMap":{"functional-code":{"insertions":5,"deletions":8}}},{"hash":"8fccca2f00df18cf6a1e8ffbd85b127b8c37e0d9","isMergeCommit":true,"messageTitle":"Merge pull request #88 from Xb990219/master","messageBody":"Update V2.0","fileTypesAndContributionMap":{}}]},{"date":"2024-04-03","commitResults":[{"hash":"c9b895a619a3235bfb4843136f0a0686f2e83f2c","isMergeCommit":false,"messageTitle":"Add confirmation command for completing an order","messageBody":"","fileTypesAndContributionMap":{"functional-code":{"insertions":15,"deletions":4},"docs":{"insertions":11,"deletions":0}}},{"hash":"330f2ff9287739772c36f5a7f72d54a8a50a96f9","isMergeCommit":true,"messageTitle":"Merge pull request #95 from Xb990219/master","messageBody":"Add confirmation command for completing an order","tags":["v2.0"],"fileTypesAndContributionMap":{}}]},{"date":"2024-04-08","commitResults":[{"hash":"6db9cfbf4b0f956f8ae0f8c22fd0d29580bd5634","isMergeCommit":false,"messageTitle":"Change menu/order exit from \u0027bye\u0027 to \u0027cancel\u0027, update UG and DG","messageBody":"","fileTypesAndContributionMap":{"functional-code":{"insertions":7,"deletions":5},"docs":{"insertions":18,"deletions":14}}},{"hash":"9b52123941bedd261acc09089b38e884c070edf3","isMergeCommit":false,"messageTitle":"Update complete message","messageBody":"","fileTypesAndContributionMap":{"functional-code":{"insertions":2,"deletions":2}}},{"hash":"7917713ebb565101b761743d4150e756249bc2b8","isMergeCommit":false,"messageTitle":"Fix checkstyle","messageBody":"","fileTypesAndContributionMap":{"functional-code":{"insertions":1,"deletions":0},"test-code":{"insertions":1,"deletions":1}}},{"hash":"6de3c57efd36327231a1126252f683d2c24da0b2","isMergeCommit":true,"messageTitle":"Merge pull request #131 from Xb990219/master","messageBody":"Update DG,UG, fix some minor bugs","fileTypesAndContributionMap":{}}]}],"adamzzq":[{"date":"2024-03-08","commitResults":[{"hash":"cabc7f7b23de61f269d87de54d59b458d1866268","isMergeCommit":false,"messageTitle":"Add Zheqi\u0027s profile in AboutUs.md","messageBody":"","fileTypesAndContributionMap":{"docs":{"insertions":3,"deletions":7}}},{"hash":"179cb8abf7cd0ceab48e7e69c4c2b6e23bb34724","isMergeCommit":true,"messageTitle":"Merge pull request #2 from Zhengwinter/branch-ZhengWentao","messageBody":"Update about me (Zheng Wentao)","fileTypesAndContributionMap":{}},{"hash":"9104b5466fcd5c5a22b1fc5ccaddd6c1365b18ee","isMergeCommit":true,"messageTitle":"Merge branch \u0027master\u0027 into XiaoBo_AboutUs","messageBody":"","fileTypesAndContributionMap":{}},{"hash":"d12ff8cd00ed2f5db4339a315f767268dce72335","isMergeCommit":true,"messageTitle":"Merge pull request #3 from Xb990219/XiaoBo_AboutUs","messageBody":"Update AboutUs.md","fileTypesAndContributionMap":{}},{"hash":"b68e170184e32b4507b3086afc4c40255e52619a","isMergeCommit":true,"messageTitle":"Merge branch \u0027master\u0027 into branch-about-us","messageBody":"","fileTypesAndContributionMap":{}},{"hash":"a229cdcdd2f0c5ae3e9d4e4ff6234df4a6cf6a10","isMergeCommit":true,"messageTitle":"Merge pull request #1 from adamzzq/branch-about-us","messageBody":"Add Zheqi\u0027s profile in AboutUs.md","fileTypesAndContributionMap":{}}]},{"date":"2024-03-09","commitResults":[{"hash":"01a75d94b55bc7c8ac5c980a8fbd543faf5528af","isMergeCommit":false,"messageTitle":"Implement parsing function * Add CommandType and Parser classes * Add pseudo unit test in Parser.java","messageBody":"","fileTypesAndContributionMap":{"functional-code":{"insertions":97,"deletions":0}}},{"hash":"e4ac8df4bc3148a7f8c00bd8e8d0a33b7e503581","isMergeCommit":false,"messageTitle":"Fix code format issue","messageBody":"","fileTypesAndContributionMap":{"functional-code":{"insertions":21,"deletions":21}}},{"hash":"8ce8b46452d581319e708771ac1cc450a7a28fc6","isMergeCommit":true,"messageTitle":"Merge pull request #5 from adamzzq/branch-parser","messageBody":"Implement parsing function","fileTypesAndContributionMap":{}}]},{"date":"2024-03-14","commitResults":[{"hash":"6b245df7856d8c99b6ab1b386dc72cc1bccf2594","isMergeCommit":false,"messageTitle":"Update CommandType enum with new command VIEW_ALL_ORDERS","messageBody":"","fileTypesAndContributionMap":{"other":{"insertions":6,"deletions":44}}},{"hash":"9b13573831884b13a87b15d1e9d397cf1dd6f81b","isMergeCommit":true,"messageTitle":"Merge pull request #11 from adamzzq/branch-parser","messageBody":"Update CommandType enum with new command VIEW_ALL_ORDERS","fileTypesAndContributionMap":{}},{"hash":"1817ff5ccc7e86b1eed9c1a6cf898eb195ca144d","isMergeCommit":true,"messageTitle":"Merge branch \u0027branch-parser-unit-test\u0027 of https://github.com/adamzzq/tp into branch-parser-unit-test","messageBody":"# Conflicts:\n#\tsrc/main/java/seedu/duke/Duke.java\n#\tsrc/test/java/ParserTest.java\n","fileTypesAndContributionMap":{}},{"hash":"53103bea5e396a439a5fab4ce09e13efef642a55","isMergeCommit":false,"messageTitle":"Resolve merge conflicts","messageBody":"","fileTypesAndContributionMap":{"other":{"insertions":6,"deletions":1},"test-code":{"insertions":2,"deletions":0}}},{"hash":"07bcfeb7d23feca9c22a23f46507273d15c363d0","isMergeCommit":true,"messageTitle":"Merge pull request #14 from adamzzq/branch-parser-unit-test","messageBody":"Branch parser unit test","fileTypesAndContributionMap":{}},{"hash":"92fcba3cab339f813e79ec63e8e392f5ee62c1e2","isMergeCommit":false,"messageTitle":"Refactor ParserTest.java to locate in the corresponding  package","messageBody":"","fileTypesAndContributionMap":{"other":{"insertions":0,"deletions":0}}},{"hash":"84fda7d65b7d7c18d9c03ebb3d8230f143bba1da","isMergeCommit":false,"messageTitle":"Fix checkstyle violations in model package","messageBody":"","fileTypesAndContributionMap":{"functional-code":{"insertions":11,"deletions":11}}},{"hash":"70671e2d1082ec2725c124fb34dc60cd60025758","isMergeCommit":true,"messageTitle":"Merge pull request #16 from adamzzq/branch-parser-unit-test","messageBody":"Branch parser unit test","fileTypesAndContributionMap":{}},{"hash":"636c6b0b1864590e45508c181714fe29dff064cd","isMergeCommit":false,"messageTitle":"Refactor ParserUnitTest","messageBody":"","fileTypesAndContributionMap":{"other":{"insertions":3,"deletions":3}}},{"hash":"d28ebaaa7ed3c3a22b3b6ddd8a61d2ee934eb810","isMergeCommit":true,"messageTitle":"Merge pull request #17 from adamzzq/branch-parser-unit-test","messageBody":"Refactor ParserUnitTest","fileTypesAndContributionMap":{}}]},{"date":"2024-03-15","commitResults":[{"hash":"47e691d5c4d17412e7f181b08766ea0682c29c07","isMergeCommit":false,"messageTitle":"Refactor ParserUnitTest","messageBody":"","fileTypesAndContributionMap":{"test-code":{"insertions":36,"deletions":0}}},{"hash":"0cb74b14d7ad7601212449bb2983a6537be71412","isMergeCommit":true,"messageTitle":"Merge pull request #20 from adamzzq/branch-Junit-parser","messageBody":"Refactor ParserUnitTest","fileTypesAndContributionMap":{}},{"hash":"1f7ffb708376454429ef89c62bce479ca6399c5c","isMergeCommit":false,"messageTitle":"Refactor ParserUnitTest","messageBody":"","fileTypesAndContributionMap":{"test-code":{"insertions":1,"deletions":0}}},{"hash":"977f6a97ecac118b90f3145d03fc8d2e232a9353","isMergeCommit":true,"messageTitle":"Merge pull request #30 from adamzzq/branch-Junit-parser","messageBody":"Add more junit for parser","fileTypesAndContributionMap":{}}]},{"date":"2024-03-20","commitResults":[{"hash":"8ba142ad9f08e7d6004737c463487dbd99542316","isMergeCommit":false,"messageTitle":"Add CommandType support for OrderLogic","messageBody":"","fileTypesAndContributionMap":{"functional-code":{"insertions":12,"deletions":1},"test-code":{"insertions":4,"deletions":0}}},{"hash":"2bb8d504a17b38f7a2baa8d3b09dfcffdba701cf","isMergeCommit":true,"messageTitle":"Merge pull request #44 from webtjs/branch-OrderSubCommands","messageBody":"Add Classes for sub-commands under \"create order\"","fileTypesAndContributionMap":{}},{"hash":"72a1cc782d8833cf80a660fee345bbe5286d8236","isMergeCommit":true,"messageTitle":"Merge pull request #46 from adamzzq/branch-command-type","messageBody":"Add CommandType support for OrderLogic","fileTypesAndContributionMap":{}},{"hash":"801320cbd2754bedbcde60f2f18b1b4a94e8af49","isMergeCommit":false,"messageTitle":"Refactor code to comply with stylecheck","messageBody":"","fileTypesAndContributionMap":{"functional-code":{"insertions":4,"deletions":9},"test-code":{"insertions":7,"deletions":7}}},{"hash":"7eaea5207c067badfa502d56d5677a8b74228098","isMergeCommit":true,"messageTitle":"Merge pull request #47 from adamzzq/branch-fix-code-style","messageBody":"Refactor code to comply with stylecheck","fileTypesAndContributionMap":{}}]},{"date":"2024-03-21","commitResults":[{"hash":"d2f28e824072e251b803f2e482d3c13d3d3e7cd0","isMergeCommit":false,"messageTitle":"Add assertions and logging methods in Parser.java","messageBody":"","fileTypesAndContributionMap":{"functional-code":{"insertions":16,"deletions":1}}},{"hash":"9965b441a311a0159ce4f04938d672ed2bf9a286","isMergeCommit":false,"messageTitle":"Add assertions and logging methods in Parser.java","messageBody":"","fileTypesAndContributionMap":{"functional-code":{"insertions":17,"deletions":1}}},{"hash":"5ca19629d2f76df2450b1d2f52095261e25d0ba5","isMergeCommit":true,"messageTitle":"Merge pull request #54 from adamzzq/branch-Parser-logging","messageBody":"Add assertions and logging methods in Parser.java","fileTypesAndContributionMap":{}}]},{"date":"2024-03-22","commitResults":[{"hash":"6eb0811e0bc236a6159c4ce3131a01cf84295791","isMergeCommit":true,"messageTitle":"Merge branch \u0027master\u0027 of https://github.com/AY2324S2-CS2113-F14-2/tp","messageBody":"","fileTypesAndContributionMap":{}}]},{"date":"2024-03-26","commitResults":[{"hash":"998a39c29437656b64b5fc7e8225276c7016607d","isMergeCommit":true,"messageTitle":"Merge branch \u0027master\u0027 of https://github.com/AY2324S2-CS2113-F14-2/tp","messageBody":"","fileTypesAndContributionMap":{}}]},{"date":"2024-03-27","commitResults":[{"hash":"ba2861c46438354fa03e7c7a028b967b2e58c42b","isMergeCommit":true,"messageTitle":"Merge branch \u0027master\u0027 of https://github.com/AY2324S2-CS2113-F14-2/tp","messageBody":"","fileTypesAndContributionMap":{}}]},{"date":"2024-03-29","commitResults":[{"hash":"8eaf0705984ac12a221d20b1f6a3d0f2e1b4ca14","isMergeCommit":true,"messageTitle":"Merge branch \u0027master\u0027 of https://github.com/AY2324S2-CS2113-F14-2/tp","messageBody":"","fileTypesAndContributionMap":{}},{"hash":"d04ad2fb5a1290e022a817f3ecb03366c5e197cd","isMergeCommit":false,"messageTitle":"Add view order components to implementation section of UG","messageBody":"","fileTypesAndContributionMap":{"docs":{"insertions":10,"deletions":0}}},{"hash":"052992990155d20d547dada164536e7aa0400edf","isMergeCommit":true,"messageTitle":"Merge pull request #62 from adamzzq/branch-UG","messageBody":"Branch ug","fileTypesAndContributionMap":{}},{"hash":"2a0d68ab33993d2622184901f0d921bf1df6c50c","isMergeCommit":false,"messageTitle":"Add UI components to UG","messageBody":"","fileTypesAndContributionMap":{"docs":{"insertions":7,"deletions":0}}},{"hash":"9227ced29d5876b15bc898fc18dedbafd4f4ab26","isMergeCommit":false,"messageTitle":"Modify UI component description","messageBody":"","fileTypesAndContributionMap":{"docs":{"insertions":3,"deletions":3}}},{"hash":"b7c5d2bd6ea7d337c487e0d753e8ee85045e5036","isMergeCommit":true,"messageTitle":"Merge pull request #63 from adamzzq/branch-UG","messageBody":"Add UI components to UG","fileTypesAndContributionMap":{}},{"hash":"05a609b9deb4013e8944c594a4690726368b9fe3","isMergeCommit":false,"messageTitle":"Refactor createOrder command in MainLogic","messageBody":"","fileTypesAndContributionMap":{"functional-code":{"insertions":7,"deletions":12}}},{"hash":"f584afddcf4ebc9db9461c53dc6f66735be15e41","isMergeCommit":false,"messageTitle":"Refactor view order command in main logic","messageBody":"","fileTypesAndContributionMap":{"functional-code":{"insertions":18,"deletions":19}}},{"hash":"e82bfd91336d17d02fb7ba7e9fcbfff8fffe65c3","isMergeCommit":false,"messageTitle":"Fix checkstyle issue","messageBody":"","fileTypesAndContributionMap":{"functional-code":{"insertions":3,"deletions":9}}},{"hash":"e79d41ea52432fcd24ab87ee900d0997ddeb2eec","isMergeCommit":true,"messageTitle":"Merge pull request #68 from adamzzq/branch-MainLogic-TODO","messageBody":"Refactor createOrder command in MainLogic","fileTypesAndContributionMap":{}},{"hash":"9b76b824fa1e37a03861cdb7f925e832b30d333f","isMergeCommit":false,"messageTitle":"Refactor according to code review","messageBody":"","fileTypesAndContributionMap":{"functional-code":{"insertions":8,"deletions":6}}},{"hash":"90c92ce35851faefe4c710b938a0ba87da07b371","isMergeCommit":false,"messageTitle":"Fix checkstyle issues","messageBody":"","fileTypesAndContributionMap":{"functional-code":{"insertions":1,"deletions":1},"test-code":{"insertions":24,"deletions":72}}},{"hash":"3f47abcda8eb6eae23436ae0ec0a575fe1a26419","isMergeCommit":true,"messageTitle":"Merge pull request #69 from adamzzq/branch-code-review","messageBody":"Refactor according to code review","fileTypesAndContributionMap":{}}]},{"date":"2024-03-31","commitResults":[{"hash":"0e1692dbce5a852a83147cc1aa5c6564ed9608e7","isMergeCommit":false,"messageTitle":"Update CommandType for menu logic","messageBody":"","fileTypesAndContributionMap":{"functional-code":{"insertions":9,"deletions":6}}},{"hash":"90c27ba60d44abc7266da2ac314fc94383e863da","isMergeCommit":true,"messageTitle":"Merge pull request #81 from adamzzq/branch-commandType","messageBody":"Update CommandType for menu logic","fileTypesAndContributionMap":{}},{"hash":"59a29943db78cfbffabd96b5373a43638cfa4bb7","isMergeCommit":false,"messageTitle":"Implement getReceipt method in Order.java","messageBody":"","fileTypesAndContributionMap":{"functional-code":{"insertions":85,"deletions":8}}},{"hash":"c3d8ad4817a0e3b5ce2166db140de717f0a5852c","isMergeCommit":false,"messageTitle":"Update getReceipt in Order.java","messageBody":"","fileTypesAndContributionMap":{"functional-code":{"insertions":6,"deletions":6}}},{"hash":"4e19331fe9d418180ef40c0f325a1cefb51e765e","isMergeCommit":false,"messageTitle":"Update getReceipt in Order.java","messageBody":"","fileTypesAndContributionMap":{"functional-code":{"insertions":3,"deletions":1}}},{"hash":"c295589ad65ff5eb5f92b4ded5c118ffd133c29b","isMergeCommit":false,"messageTitle":"Change receipt length to fixed","messageBody":"","fileTypesAndContributionMap":{"functional-code":{"insertions":45,"deletions":66}}},{"hash":"75230bd6c719fd4230ae7988feaf55841e5c2965","isMergeCommit":true,"messageTitle":"Merge pull request #82 from adamzzq/branch-print-receipt","messageBody":"Implement getReceipt method in Order.java","fileTypesAndContributionMap":{}}]},{"date":"2024-04-01","commitResults":[{"hash":"6ad59e511cc8ffade4f356e175be044cb5007587","isMergeCommit":false,"messageTitle":"Implement Order.getReceipt method with discount","messageBody":"","fileTypesAndContributionMap":{"functional-code":{"insertions":8,"deletions":7}}},{"hash":"b4e90026e3ce6af8a88a3551a244009f8dbc7efe","isMergeCommit":true,"messageTitle":"Merge pull request #84 from adamzzq/branch-print-receipt","messageBody":"Implement Order.getReceipt method with discount","fileTypesAndContributionMap":{}}]},{"date":"2024-04-03","commitResults":[{"hash":"0002c1ac1f485e8c2b0e1bdae122c55a05bfc8bb","isMergeCommit":false,"messageTitle":"Update UG with input formats specification","messageBody":"","fileTypesAndContributionMap":{"docs":{"insertions":15,"deletions":0}}},{"hash":"b86b4e97c1cfbf1ec924091d109e38f1d1954593","isMergeCommit":true,"messageTitle":"Merge pull request #92 from adamzzq/branch-UG","messageBody":"Update UG with input formats specification","fileTypesAndContributionMap":{}},{"hash":"b7029203792532f32d606eaf0d64e9ebd2711beb","isMergeCommit":false,"messageTitle":"Include confirmation message to OrderCompleteCommand","messageBody":"","fileTypesAndContributionMap":{"functional-code":{"insertions":1,"deletions":0}}},{"hash":"89cc525cc0db964d5ad1c7de9e9456d14a91d32d","isMergeCommit":true,"messageTitle":"Merge pull request #94 from adamzzq/branch-complete-order-msg","messageBody":"Include confirmation message to OrderCompleteCommand","fileTypesAndContributionMap":{}}]},{"date":"2024-04-07","commitResults":[{"hash":"3226c2c7d376d87c19313ca0242dce4f8eab36ad","isMergeCommit":false,"messageTitle":"Fix the bug of view menu item name overflow","messageBody":"","fileTypesAndContributionMap":{"functional-code":{"insertions":13,"deletions":1}}},{"hash":"8b4d56f31e17b39a86c0ead3236d2cd553d4d9b5","isMergeCommit":true,"messageTitle":"Merge pull request #128 from adamzzq/branch-bugfix-menu-display","messageBody":"Fix the bug of view menu item name overflow","fileTypesAndContributionMap":{}}]},{"date":"2024-04-08","commitResults":[{"hash":"f10e9b03c902cdb27f7240a612ab707316e121e2","isMergeCommit":false,"messageTitle":"Change menu item ID to numbers in natural order","messageBody":"","fileTypesAndContributionMap":{"functional-code":{"insertions":13,"deletions":24}}},{"hash":"b96a3045e0b388c0f6488046f103029059cb2b79","isMergeCommit":false,"messageTitle":"Fix MenuDeleteCommand\u0027s JavaDoc style","messageBody":"","fileTypesAndContributionMap":{"functional-code":{"insertions":0,"deletions":1}}},{"hash":"21210b21f82788a7546947e440c2d19e073bb43b","isMergeCommit":true,"messageTitle":"Merge pull request #130 from adamzzq/branch-simplify-menu-item-id","messageBody":"Change menu item ID to numbers in natural order","fileTypesAndContributionMap":{}},{"hash":"01d1f4f2da4cf3802e0ce90cae8eba0e6c5d74d7","isMergeCommit":false,"messageTitle":"Change large values of menu items prices to scientific notation","messageBody":"","fileTypesAndContributionMap":{"functional-code":{"insertions":13,"deletions":9},"test-code":{"insertions":15,"deletions":15}}}]},{"date":"2024-04-09","commitResults":[{"hash":"a0c2f92fc4be64db7930856ce6e9c871f0453a79","isMergeCommit":true,"messageTitle":"Merge branch \u0027master\u0027 of https://github.com/AY2324S2-CS2113-F14-2/tp into branch-bugfix-menu-display","messageBody":"","fileTypesAndContributionMap":{}},{"hash":"a7eb9047d704af8a08fe0fce60d43d51d90f23f3","isMergeCommit":true,"messageTitle":"Merge branch \u0027master\u0027 of https://github.com/AY2324S2-CS2113-F14-2/tp into branch-bugfix-menu-display","messageBody":"","fileTypesAndContributionMap":{}},{"hash":"7e26c7b6d2bf601e7dbff7544b4ad77dc01f5732","isMergeCommit":false,"messageTitle":"Make menu class SLAP more","messageBody":"","fileTypesAndContributionMap":{"functional-code":{"insertions":6,"deletions":5}}},{"hash":"777142522c987f6961adb62160038d3b01974699","isMergeCommit":true,"messageTitle":"Merge pull request #136 from adamzzq/branch-bugfix-menu-display","messageBody":"Branch bugfix menu display","fileTypesAndContributionMap":{}},{"hash":"e8f912b3502af5ea03d894b6481457bfccf0d0e1","isMergeCommit":false,"messageTitle":"Fix decimal point format bug","messageBody":"","fileTypesAndContributionMap":{"functional-code":{"insertions":4,"deletions":0}}},{"hash":"8619b704ecdb9fe3392f55aa9468636b53e24e5d","isMergeCommit":true,"messageTitle":"Merge pull request #138 from adamzzq/branch-fix-decimal-point-format","messageBody":"Fix decimal point format bug","fileTypesAndContributionMap":{}},{"hash":"8fadfb0ef0be7d74076fa1efbe22c73e2917c2f6","isMergeCommit":true,"messageTitle":"Merge pull request #139 from webtjs/branch-bugfix-order-add-quantity-crash","messageBody":"Fix bug when quantity of item added to order is too large","fileTypesAndContributionMap":{}},{"hash":"5ed69197e25f52ae432c0096898042457410922c","isMergeCommit":false,"messageTitle":"Show receipt instead of single items in the view order command","messageBody":"","fileTypesAndContributionMap":{"functional-code":{"insertions":1,"deletions":0}}},{"hash":"555258034617f87c54dafee94068d87a723a07bf","isMergeCommit":true,"messageTitle":"Merge branch \u0027master\u0027 of https://github.com/AY2324S2-CS2113-F14-2/tp into branch-fix-view-receipt","messageBody":"","fileTypesAndContributionMap":{}},{"hash":"3b5c2b9fc0bd2d57e62e9b10b170910275cc191b","isMergeCommit":true,"messageTitle":"Merge pull request #140 from adamzzq/branch-fix-view-receipt","messageBody":"Branch fix view receipt","fileTypesAndContributionMap":{}}]}]},"authorFileTypeContributionMap":{"webtjs":{"docs":271,"functional-code":209,"test-code":79},"Zhengwinter":{"docs":129,"functional-code":373,"test-code":65},"Xb990219":{"docs":230,"functional-code":505,"test-code":58,"other":1},"adamzzq":{"docs":33,"functional-code":214,"test-code":62}},"authorContributionVariance":{"webtjs":3117.9243,"Zhengwinter":7569.642,"Xb990219":10055.81,"adamzzq":2513.7656},"authorDisplayNameMap":{"webtjs":"CS2113-F14-2 WEBS..HENG","Zhengwinter":"CS2113-F14-2 ZHEN..NTAO","Xb990219":"CS2113-F14-2 XIAO..O BO","adamzzq":"CS2113-F14-2 ZENG..HEQI"}}
