{"authorDailyContributionsMap":{"wallywallywally":[{"date":"2024-03-07","commitResults":[{"hash":"94afe7c41dfe0f4731d19bc4fca7b62d6c03fb41","isMergeCommit":false,"messageTitle":"Update README.md","messageBody":"","fileTypesAndContributionMap":{"docs":{"insertions":3,"deletions":1}}},{"hash":"7b4fc0235312e6639a04ed52d7de9f2087cbb07f","isMergeCommit":false,"messageTitle":"Update AboutUs","messageBody":"","fileTypesAndContributionMap":{"docs":{"insertions":5,"deletions":5}}},{"hash":"568d5c452bf591a9586a9179ed9e8c9df6938c10","isMergeCommit":true,"messageTitle":"Merge branch \u0027master\u0027 into 641","messageBody":"","fileTypesAndContributionMap":{}},{"hash":"4e58614be89b27ac7a46d77069ddac1cf0e49914","isMergeCommit":true,"messageTitle":"Merge pull request #2 from 64-1/641","messageBody":"change john doe to 641 in aboutus","fileTypesAndContributionMap":{}},{"hash":"92111e766b69f69d151a63e6993bae5c14d6ffb9","isMergeCommit":true,"messageTitle":"Merge branch \u0027master\u0027 into branch-Willson","messageBody":"","fileTypesAndContributionMap":{}},{"hash":"7d2b67963118ffc68595d13617f7054284470d5d","isMergeCommit":true,"messageTitle":"Merge pull request #1 from wallywallywally/branch-Willson","messageBody":"Update AboutUs","fileTypesAndContributionMap":{}},{"hash":"d5be7ab920dcd3837cf41be9926a598a394a3c5b","isMergeCommit":true,"messageTitle":"Merge branch \u0027master\u0027 into About_Us","messageBody":"","fileTypesAndContributionMap":{}},{"hash":"db0c44b29437d9546ad76d83803ba494292427f2","isMergeCommit":true,"messageTitle":"Merge pull request #3 from SharlynLui/About_Us","messageBody":"Edit John Doe to Me!","fileTypesAndContributionMap":{}},{"hash":"ab139eb14a874cc29b079cc44a1b147d34000aa4","isMergeCommit":true,"messageTitle":"Merge branch \u0027master\u0027 into A-AboutUs","messageBody":"","fileTypesAndContributionMap":{}},{"hash":"8417435bd83d5fbb369213614ee87ef08c834bf7","isMergeCommit":true,"messageTitle":"Merge pull request #5 from LuoYu-uwu/A-AboutUs","messageBody":"Update about us","fileTypesAndContributionMap":{}}]},{"date":"2024-03-13","commitResults":[{"hash":"811fcb8c84d6cc1ecafa06e7be6c1c86b8f2017d","isMergeCommit":false,"messageTitle":"Add exp, amt commands and refactor code","messageBody":"","fileTypesAndContributionMap":{"functional-code":{"insertions":320,"deletions":97},"other":{"insertions":15,"deletions":4},"test-code":{"insertions":35,"deletions":0}}},{"hash":"f64a7d4d77d0346342834fc7d89bd8aac2457395","isMergeCommit":true,"messageTitle":"Merge exp, amt, list and refactor","messageBody":"","fileTypesAndContributionMap":{}},{"hash":"9910de66e0966af3c8b31d7431b70fe034703adb","isMergeCommit":false,"messageTitle":"Fix CI issues","messageBody":"","fileTypesAndContributionMap":{"other":{"insertions":2,"deletions":2}}},{"hash":"36f66cc2101e21162611f9a831225f5f917d2db3","isMergeCommit":false,"messageTitle":"Fix CI issues v3","messageBody":"","fileTypesAndContributionMap":{"functional-code":{"insertions":0,"deletions":6}}},{"hash":"47a87a5526667202c35348875d0ce47b0bf4825f","isMergeCommit":false,"messageTitle":"Fix CI issues v4","messageBody":"","fileTypesAndContributionMap":{"functional-code":{"insertions":9,"deletions":12}}},{"hash":"7a7f9434a44514d71db72c462b03762e53a511b9","isMergeCommit":false,"messageTitle":"Remove logo to fix CI","messageBody":"","fileTypesAndContributionMap":{"functional-code":{"insertions":2,"deletions":1}}},{"hash":"6b067ffc376e4f24208f3a37134c1d478ad87539","isMergeCommit":true,"messageTitle":"Merge pull request #16 from wallywallywally/branch-Willson","messageBody":"Add exp, amt commands and refactor code","fileTypesAndContributionMap":{}}]},{"date":"2024-03-20","commitResults":[{"hash":"74c3fd44c62755a92020ed74fd6bc50e7d399aa0","isMergeCommit":true,"messageTitle":"Merge pull request #23 from LuoYu-uwu/Branch-improveView","messageBody":"Add assertion to view groceries function","fileTypesAndContributionMap":{}},{"hash":"4c7cc6858111a1770cd71e8415069259909e4d86","isMergeCommit":false,"messageTitle":"Improve defensiveness","messageBody":"","fileTypesAndContributionMap":{"functional-code":{"insertions":189,"deletions":31},"test-code":{"insertions":30,"deletions":9}}},{"hash":"8dca66d83fea052c1b0b0c1f8fd8efe58429ee8e","isMergeCommit":false,"messageTitle":"Fix test","messageBody":"","fileTypesAndContributionMap":{"functional-code":{"insertions":4,"deletions":3}}},{"hash":"09114a2ebb71dc90eb8d89790a6a28bdf062ba5e","isMergeCommit":false,"messageTitle":"Fix logger file access issue","messageBody":"","fileTypesAndContributionMap":{"functional-code":{"insertions":1,"deletions":2}}},{"hash":"930c5d60e42fdfed6c18ba95bde1542c727f0fd6","isMergeCommit":false,"messageTitle":"Fix logger file access issue by using relative paths","messageBody":"","fileTypesAndContributionMap":{"functional-code":{"insertions":3,"deletions":1}}},{"hash":"24afb4fa64521219e33eaa43b9242b3b57626db7","isMergeCommit":false,"messageTitle":"Fix logger file access issue by using relative paths","messageBody":"","fileTypesAndContributionMap":{"functional-code":{"insertions":1,"deletions":1}}},{"hash":"62f6732f4822adf63b488c93ed8560237b8d49d5","isMergeCommit":false,"messageTitle":"Fix logger file access issue: try different path","messageBody":"","fileTypesAndContributionMap":{"functional-code":{"insertions":4,"deletions":2}}},{"hash":"d3319505a478004ffb15f1635cb88fb3c5b3b343","isMergeCommit":false,"messageTitle":"Fix checkstyleMain","messageBody":"","fileTypesAndContributionMap":{"functional-code":{"insertions":0,"deletions":1}}},{"hash":"4b53ce3c45390a1128f3e35d1cb902ffef014b56","isMergeCommit":false,"messageTitle":"Update runtest.bat","messageBody":"","fileTypesAndContributionMap":{"functional-code":{"insertions":0,"deletions":3}}},{"hash":"4467e209a558a030cdd541e8ad03340b03124996","isMergeCommit":true,"messageTitle":"Merge pull request #25 from SharlynLui/master","messageBody":"Added assertions to Ui","fileTypesAndContributionMap":{}}]},{"date":"2024-03-24","commitResults":[{"hash":"426a6dbe62b3c7b1c042fca5a3baf0af6e35eecd","isMergeCommit":true,"messageTitle":"Merge branch \u0027master\u0027 into branch-Willson","messageBody":"","fileTypesAndContributionMap":{}},{"hash":"ffa72ef2a19ac448cb256578e97f2002c138a7d6","isMergeCommit":false,"messageTitle":"Refactor code and add ability to edit grocery amount","messageBody":"","fileTypesAndContributionMap":{"functional-code":{"insertions":112,"deletions":48},"other":{"insertions":22,"deletions":6},"test-code":{"insertions":41,"deletions":17}}}]},{"date":"2024-03-25","commitResults":[{"hash":"e49d222b631c7bd9dd996e4c0f961f9da215c4d6","isMergeCommit":false,"messageTitle":"Add logo","messageBody":"","fileTypesAndContributionMap":{"functional-code":{"insertions":9,"deletions":0}}}]},{"date":"2024-03-26","commitResults":[{"hash":"3aebe621d47aa161508d7f81ee954d35be548b5f","isMergeCommit":true,"messageTitle":"Merge pull request #45 from wallywallywally/branch-Willson","messageBody":"Add logo","fileTypesAndContributionMap":{}}]},{"date":"2024-03-27","commitResults":[{"hash":"c89e6848f47aa12104a8f4411813f6c12ee2ac9d","isMergeCommit":false,"messageTitle":"Update expiration date cases","messageBody":"","fileTypesAndContributionMap":{"functional-code":{"insertions":25,"deletions":28},"other":{"insertions":7,"deletions":7},"test-code":{"insertions":2,"deletions":2}}},{"hash":"94e9ff3c1f665f2918e6a3af9e775e967d0e3bbd","isMergeCommit":false,"messageTitle":"Update test accordingly","messageBody":"","fileTypesAndContributionMap":{"test-code":{"insertions":3,"deletions":2}}},{"hash":"f84e46088146df5e057ab028bf0d4ac9b8aded48","isMergeCommit":false,"messageTitle":"Fix checkstyle issues","messageBody":"","fileTypesAndContributionMap":{"functional-code":{"insertions":7,"deletions":3}}},{"hash":"2dc585d4ceba04d18020c27b7b96efd3c9777e00","isMergeCommit":true,"messageTitle":"Merge pull request #52 from LuoYu-uwu/Branch-cost2.0","messageBody":"Update method to prompt user for valid cost","fileTypesAndContributionMap":{}},{"hash":"96580ffecc641db07c8518e17e3b7eac9bc985f2","isMergeCommit":false,"messageTitle":"Update docs for using grocery amt","messageBody":"","fileTypesAndContributionMap":{"docs":{"insertions":0,"deletions":0}}},{"hash":"0a6a58338e9ca5d3fc85bf33d507a1338382994f","isMergeCommit":false,"messageTitle":"Include updated docs","messageBody":"","fileTypesAndContributionMap":{"docs":{"insertions":96,"deletions":16}}},{"hash":"3861261939b543c93defc46e38d5fdf202cd29f1","isMergeCommit":false,"messageTitle":"Fix inline PlantUML diagrams","messageBody":"","fileTypesAndContributionMap":{"docs":{"insertions":4,"deletions":2}}},{"hash":"2567032f201b96926d142f13cc2d5e63a2405810","isMergeCommit":false,"messageTitle":"Fix PlantUML issue","messageBody":"","fileTypesAndContributionMap":{"docs":{"insertions":4,"deletions":6}}},{"hash":"4f8376f95ddb1825ca5a21750882be92cbb5aa42","isMergeCommit":false,"messageTitle":"Fix PlantUML formatting","messageBody":"","fileTypesAndContributionMap":{"docs":{"insertions":4,"deletions":2}}}]}],"LuoYu-uwu":[{"date":"2024-03-07","commitResults":[{"hash":"06e3d8b155eb2fc3a1054a5a4ff9e6d9cce886a0","isMergeCommit":false,"messageTitle":"Update about us","messageBody":"","fileTypesAndContributionMap":{"docs":{"insertions":5,"deletions":5}}}]},{"date":"2024-03-12","commitResults":[{"hash":"761d902fbd2607969a48569dc2e26e230be6bbda","isMergeCommit":false,"messageTitle":"Add method to view all the groceries","messageBody":"","fileTypesAndContributionMap":{"functional-code":{"insertions":14,"deletions":3}}},{"hash":"e3a80b58e87e965490dd62b1b64611cce0841b4a","isMergeCommit":true,"messageTitle":"Merge pull request #15 from AY2324S2-CS2113-T12-2/Branch-list","messageBody":"Add method to view all the groceries","fileTypesAndContributionMap":{}}]},{"date":"2024-03-14","commitResults":[{"hash":"d4a3bb42d6ced25b1d23c43e70e50402f6436c83","isMergeCommit":false,"messageTitle":"Add JUnit test to test for printGroceries when no amount and expiration date were given","messageBody":"","fileTypesAndContributionMap":{"functional-code":{"insertions":6,"deletions":0},"test-code":{"insertions":15,"deletions":0}}}]},{"date":"2024-03-15","commitResults":[{"hash":"38a005ac195e9017caa8e7bfe1514e632ddd2044","isMergeCommit":false,"messageTitle":"Update code for viewing groceries to remove blank space when no amount and expiration","messageBody":"","fileTypesAndContributionMap":{"functional-code":{"insertions":3,"deletions":1},"test-code":{"insertions":1,"deletions":1}}},{"hash":"e6b1031ef3809658c220bafc943ed1b23a191cff","isMergeCommit":true,"messageTitle":"Merge pull request #20 from LuoYu-uwu/Branch-view","messageBody":"Update code for viewing groceries to remove blank space when no amt and exp","fileTypesAndContributionMap":{}}]},{"date":"2024-03-18","commitResults":[{"hash":"8efd36381f7b45ca17c2d1a8c313aeb3d0406b5c","isMergeCommit":false,"messageTitle":"Add assertion to view groceries function","messageBody":"","fileTypesAndContributionMap":{"functional-code":{"insertions":2,"deletions":1},"other":{"insertions":1,"deletions":0}}}]},{"date":"2024-03-21","commitResults":[{"hash":"198f9ef4ebebb8eff5074cb6165bb833863dc877","isMergeCommit":false,"messageTitle":"Refactor executeCommand function into new Parser class","messageBody":"","fileTypesAndContributionMap":{"functional-code":{"insertions":87,"deletions":58},"test-code":{"insertions":2,"deletions":2}}},{"hash":"8911895a5f4f37f71eec644755381fc8034cb1bd","isMergeCommit":false,"messageTitle":"Remove unnecessary imports","messageBody":"","fileTypesAndContributionMap":{"functional-code":{"insertions":0,"deletions":3}}},{"hash":"ef90efa64c92a56052538720308e35546ff3b666","isMergeCommit":false,"messageTitle":"Removed extra white spaces","messageBody":"","fileTypesAndContributionMap":{"functional-code":{"insertions":7,"deletions":7}}},{"hash":"c42718c21ec3a68fbfa70c14ab6083e9362847f9","isMergeCommit":true,"messageTitle":"Merge pull request #28 from LuoYu-uwu/Branch-Parser","messageBody":"Refactor executeCommand function into new Parser class","fileTypesAndContributionMap":{}},{"hash":"c31a4a1969fc4b0522fcc00467c785e5d87e6d2e","isMergeCommit":false,"messageTitle":"Add assertions to Ui and Grocery classes","messageBody":"","fileTypesAndContributionMap":{"functional-code":{"insertions":10,"deletions":4}}},{"hash":"6b4f032463dbf1dc3de3c963c693557f300afece","isMergeCommit":true,"messageTitle":"Merge pull request #29 from LuoYu-uwu/Branch-assertions","messageBody":"Add assertions to Ui and Grocery classes","fileTypesAndContributionMap":{}}]},{"date":"2024-03-26","commitResults":[{"hash":"67aebd34131c91255bf53933fd815a559038abb7","isMergeCommit":false,"messageTitle":"Add methods to store cost and sort list by cost","messageBody":"","fileTypesAndContributionMap":{"functional-code":{"insertions":78,"deletions":6},"test-code":{"insertions":9,"deletions":9}}},{"hash":"396dd62540c4bb84b2cb5498585d9f069ddf6ab2","isMergeCommit":false,"messageTitle":"Add exceptions and test for cost methods","messageBody":"","fileTypesAndContributionMap":{"functional-code":{"insertions":27,"deletions":6},"test-code":{"insertions":14,"deletions":4}}},{"hash":"80443c2b33f6b0233613b835e2d276ce9c18d9ea","isMergeCommit":false,"messageTitle":"Add methods to edit the cost of a grocery","messageBody":"","fileTypesAndContributionMap":{"functional-code":{"insertions":32,"deletions":3}}},{"hash":"a271d211c93ad755b96dfd7446bf1dd4c9f80549","isMergeCommit":false,"messageTitle":"Update the JavaDoc to correct format","messageBody":"","fileTypesAndContributionMap":{"functional-code":{"insertions":48,"deletions":15}}},{"hash":"57210ed712855919d4f3fafac00a7bcb760c5ebd","isMergeCommit":false,"messageTitle":"Add a few lines of user stories","messageBody":"","fileTypesAndContributionMap":{"docs":{"insertions":9,"deletions":4}}},{"hash":"3303eab553f2eacd82d418415ec3231f2464d08a","isMergeCommit":true,"messageTitle":"Merge pull request #46 from LuoYu-uwu/Branch-Cost","messageBody":"Branch cost for adding and editing price of grocery","fileTypesAndContributionMap":{}},{"hash":"9744995cd7247eda65632f371055b545df7e1978","isMergeCommit":false,"messageTitle":"Update the developer guide","messageBody":"","fileTypesAndContributionMap":{"docs":{"insertions":13,"deletions":1}}}]},{"date":"2024-03-27","commitResults":[{"hash":"ea69e87d0b574898891c4f6f5424e97ce1e544ca","isMergeCommit":false,"messageTitle":"Update method to prompt user for valid cost","messageBody":"","fileTypesAndContributionMap":{"functional-code":{"insertions":19,"deletions":4}}}]}],"64-1":[{"date":"2024-03-07","commitResults":[{"hash":"8dd7e969c8de93057257bfaae925b8b7a433452a","isMergeCommit":false,"messageTitle":"change john doe to 641 in aboutus","messageBody":"","fileTypesAndContributionMap":{"docs":{"insertions":1,"deletions":1}}}]},{"date":"2024-03-10","commitResults":[{"hash":"2d1f8c84ec3e52bde04bb43ab785f5513cf3e647","isMergeCommit":false,"messageTitle":"Create basic version of GiT","messageBody":"","fileTypesAndContributionMap":{"functional-code":{"insertions":134,"deletions":21},"other":{"insertions":2,"deletions":2}}},{"hash":"ee8ecfbc7e052403afc80178510140e09b3a3931","isMergeCommit":true,"messageTitle":"Merge pull request #6 from 64-1/Git-basic","messageBody":"Create basic version of GiT","fileTypesAndContributionMap":{}}]},{"date":"2024-03-11","commitResults":[{"hash":"c9b6007bfd69bb23b59a641de72b52c67ff7b3fe","isMergeCommit":false,"messageTitle":"Add add grocery method into grocery list class","messageBody":"","fileTypesAndContributionMap":{"functional-code":{"insertions":3,"deletions":1}}},{"hash":"9ae3c787cd4cfe78cdfecc4ee4dbc6c7802de76c","isMergeCommit":true,"messageTitle":"Merge pull request #7 from 64-1/Git-basic","messageBody":"Add add grocery method into grocery list class","fileTypesAndContributionMap":{}}]},{"date":"2024-03-14","commitResults":[{"hash":"787ae874bbcaeaf355b91fb1665817fafe8b31a4","isMergeCommit":false,"messageTitle":"Add exception handling to addGrocery method and add test for IllegalArgumentException","messageBody":"","fileTypesAndContributionMap":{"functional-code":{"insertions":11,"deletions":2},"test-code":{"insertions":13,"deletions":4}}},{"hash":"da3c367cd01eb876e43ab293629c101f12323e25","isMergeCommit":false,"messageTitle":"Add validation for grocery name in addGrocery method","messageBody":"","fileTypesAndContributionMap":{"functional-code":{"insertions":3,"deletions":2}}},{"hash":"44fc17e04f2729208b308fbc55d65b836b54fa58","isMergeCommit":false,"messageTitle":"Refactor addGrocery_throwIllegalArgument_exception method in GroceryListTest.java","messageBody":"","fileTypesAndContributionMap":{"test-code":{"insertions":5,"deletions":5}}},{"hash":"e3579fcf9244bb7548605299f1647c10051842f3","isMergeCommit":true,"messageTitle":"Merge pull request #18 from 64-1/Git-basic","messageBody":"Add exception handling to addGrocery method and add test for IllegalArgumentException","fileTypesAndContributionMap":{}}]},{"date":"2024-03-15","commitResults":[{"hash":"71af680b9709ab3ad3ee8e7ee93b6da90d6d0ff2","isMergeCommit":true,"messageTitle":"Merge pull request #19 from SharlynLui/master","messageBody":"Added JUnit test and extracted Ui class","fileTypesAndContributionMap":{}},{"hash":"805d36d47cb92ccac495d3a800460dcf918968d0","isMergeCommit":true,"messageTitle":"Merge pull request #21 from SharlynLui/branch-v1.0","messageBody":"Added new JUnit test for Grocery","fileTypesAndContributionMap":{}},{"hash":"dda9d106ae343024438a98f5c414b4b4a4591b16","isMergeCommit":true,"messageTitle":"Merge pull request #22 from luozihui2003/master","messageBody":"Added test case for add amount","fileTypesAndContributionMap":{}}]},{"date":"2024-03-20","commitResults":[{"hash":"33a32f1065bc4c3bae6e17b5332bf042ee5de712","isMergeCommit":true,"messageTitle":"Merge branch \u0027master\u0027 into master","messageBody":"","fileTypesAndContributionMap":{}},{"hash":"b70983411c20c611251beb7a5d8681f9fc835a57","isMergeCommit":true,"messageTitle":"Merge pull request #26 from luozihui2003/master","messageBody":"Add assertions in removeGrocery and listGrocery","fileTypesAndContributionMap":{}},{"hash":"d950c190ebe96106eaa28d64b833dc92a1c7637c","isMergeCommit":false,"messageTitle":"Add assertions for addGrocery","messageBody":"","fileTypesAndContributionMap":{"functional-code":{"insertions":3,"deletions":0}}},{"hash":"7345d72f45fa57c44a0e482abaa7f89f9dbfc938","isMergeCommit":true,"messageTitle":"Add assertions to ensure data integrity in GroceryList","messageBody":"- Ensure groceries are added correctly with assertions after addition.\r\n- Verify that the grocery item\u0027s expiration date and amount are set correctly.\r\n- Check the non-emptiness of the grocery list before listing or removing items.","tags":["v1.0.0"],"fileTypesAndContributionMap":{}}]},{"date":"2024-03-24","commitResults":[{"hash":"38404a0b92d14c18b940c8c50ccd85a988b8bc3e","isMergeCommit":true,"messageTitle":"Merge pull request #34 from luozihui2003/master","messageBody":"Add printHello method","fileTypesAndContributionMap":{}}]},{"date":"2024-03-25","commitResults":[{"hash":"e4fe03d26e3cfa0a209dfe7ca6df6e377bc94bb4","isMergeCommit":true,"messageTitle":"Merge pull request #43 from wallywallywally/branch-Willson","messageBody":"Refactor code and add ability to edit grocery amount","fileTypesAndContributionMap":{}},{"hash":"23dbf1dec0fbac314ca7d22e5490005900c46191","isMergeCommit":false,"messageTitle":"Edit expiration date functionality for Grocery class","messageBody":"","fileTypesAndContributionMap":{"functional-code":{"insertions":104,"deletions":19},"test-code":{"insertions":31,"deletions":23}}},{"hash":"ba50ea95c1d44898d4b12928212ee7cca1a0e87f","isMergeCommit":false,"messageTitle":"Update expiration date format in Grocery class and fix typo in GroceryTest","messageBody":"","fileTypesAndContributionMap":{"functional-code":{"insertions":3,"deletions":1},"test-code":{"insertions":4,"deletions":3}}},{"hash":"c4bc1e799c25ef464fb427dcf1e72634c8775f94","isMergeCommit":false,"messageTitle":"Fix formatting issue in Grocery class and update exception handling in GroceryListTest","messageBody":"","fileTypesAndContributionMap":{"functional-code":{"insertions":1,"deletions":1},"test-code":{"insertions":10,"deletions":6}}},{"hash":"9d64748b0af960f8e15a41ee5fab75adb0b1ddde","isMergeCommit":false,"messageTitle":"Fix wrong format error message in GroceryListTest","messageBody":"","fileTypesAndContributionMap":{"test-code":{"insertions":3,"deletions":3}}},{"hash":"1df0abb1910546355acbe6ec8cca0e0fb4e7630f","isMergeCommit":false,"messageTitle":"Fix error message formatting in GroceryListTest","messageBody":"","fileTypesAndContributionMap":{"test-code":{"insertions":1,"deletions":1}}},{"hash":"498a01846a9f35b7c94378119d2ca87ab3716eb4","isMergeCommit":false,"messageTitle":"Fix assertion in GroceryListTest","messageBody":"","fileTypesAndContributionMap":{"test-code":{"insertions":1,"deletions":1}}},{"hash":"4045c5ef24aa009d46af0e334dbc924d0c21a4fa","isMergeCommit":true,"messageTitle":"Edit expiration date functionality for Grocery class","messageBody":"","fileTypesAndContributionMap":{}}]},{"date":"2024-03-27","commitResults":[{"hash":"7bc8d997b413ad3bbed6bef1812143ce684c2e78","isMergeCommit":true,"messageTitle":"Merge pull request #50 from wallywallywally/branch-Willson","messageBody":"Update expiration date cases","fileTypesAndContributionMap":{}},{"hash":"e6bf6fac9c60f4519230e520176c68718313f81a","isMergeCommit":true,"messageTitle":"Merge pull request #53 from wallywallywally/branch-Willson","messageBody":"Update Developer Guide","fileTypesAndContributionMap":{}}]}],"luozihui2003":[{"date":"2024-03-07","commitResults":[{"hash":"8d11e2bb4afdaba2fe6e5052e83e8e43516b2e9c","isMergeCommit":false,"messageTitle":"changed john doe","messageBody":"","fileTypesAndContributionMap":{"docs":{"insertions":7,"deletions":7}}},{"hash":"5897266666c6a14e7a8773f3d2e839e417ce815e","isMergeCommit":true,"messageTitle":"Merge pull request #4 from luozihui2003/Zihui","messageBody":"zihui changed john doe","fileTypesAndContributionMap":{}}]},{"date":"2024-03-13","commitResults":[{"hash":"e444026fdbedd12e2f1aefb4ac2ac14cd3bebd5e","isMergeCommit":false,"messageTitle":"Added delete method","messageBody":"","fileTypesAndContributionMap":{"functional-code":{"insertions":9,"deletions":2}}}]},{"date":"2024-03-14","commitResults":[{"hash":"f085c6f943dc2c3cf55fe98fa12db6c328ee7c64","isMergeCommit":false,"messageTitle":"Updated delete method","messageBody":"","fileTypesAndContributionMap":{"functional-code":{"insertions":3,"deletions":5}}},{"hash":"b488174a70cf42d34e59ff0f43df2f40fad7c920","isMergeCommit":true,"messageTitle":"Merge pull request #17 from luozihui2003/master","messageBody":"Added delete method","fileTypesAndContributionMap":{}}]},{"date":"2024-03-15","commitResults":[{"hash":"6026578f2645183c14c2c06b80b972b9b83a4efc","isMergeCommit":false,"messageTitle":"Added test case for add amount","messageBody":"","fileTypesAndContributionMap":{"test-code":{"insertions":13,"deletions":0}}}]},{"date":"2024-03-20","commitResults":[{"hash":"e157fa75155f30cd9ffcd9f2457111a2867c19c4","isMergeCommit":false,"messageTitle":"Add assertions in removeGrocery and listGrocery","messageBody":"","fileTypesAndContributionMap":{"functional-code":{"insertions":2,"deletions":0}}}]},{"date":"2024-03-22","commitResults":[{"hash":"2783ad46f288a3b21d9177f6a2246ad0dd735f12","isMergeCommit":false,"messageTitle":"Add welcome logo","messageBody":"","fileTypesAndContributionMap":{"functional-code":{"insertions":2,"deletions":4}}},{"hash":"77f386953d0535e059b25ff5e55cc6638979361b","isMergeCommit":false,"messageTitle":"Allow users to exit at the start","messageBody":"","fileTypesAndContributionMap":{"functional-code":{"insertions":22,"deletions":7}}},{"hash":"e5fb457cabafd0101c6beccf81f84e6e884aa59c","isMergeCommit":false,"messageTitle":"Add welcome logo, Allow users to exit at the start","messageBody":"","fileTypesAndContributionMap":{"functional-code":{"insertions":1,"deletions":2}}},{"hash":"d2934aa87855527c1640195998c3d39e82cdc20a","isMergeCommit":false,"messageTitle":"Add welcome logo, add printHello method","messageBody":"","fileTypesAndContributionMap":{"functional-code":{"insertions":4,"deletions":8}}},{"hash":"f277cebb5bf3b79490f532f5c6a1dcd2a6c530ef","isMergeCommit":false,"messageTitle":"Update imports for printHello method","messageBody":"","fileTypesAndContributionMap":{"functional-code":{"insertions":0,"deletions":1}}}]},{"date":"2024-03-23","commitResults":[{"hash":"c78ed648adc7f3f0a97a212bf656764f9596bc4a","isMergeCommit":false,"messageTitle":"Update printHello method","messageBody":"","fileTypesAndContributionMap":{"functional-code":{"insertions":1,"deletions":1}}},{"hash":"373a6968984a7efa95926b50837ed7a37acb9ee2","isMergeCommit":false,"messageTitle":"Add printHello method","messageBody":"","fileTypesAndContributionMap":{"functional-code":{"insertions":7,"deletions":7}}}]},{"date":"2024-03-24","commitResults":[{"hash":"fc1ce518fd6916a8ca6178e30edcd63885b40479","isMergeCommit":false,"messageTitle":"Delete welcome logo","messageBody":"","fileTypesAndContributionMap":{"functional-code":{"insertions":0,"deletions":6}}},{"hash":"01249c82ed83885b62d5d25f14c48242d8abccf4","isMergeCommit":false,"messageTitle":"Add new welcome logo","messageBody":"","fileTypesAndContributionMap":{"functional-code":{"insertions":8,"deletions":1}}},{"hash":"88374f1af939387ccbb56bb5d1d08c89e91683b4","isMergeCommit":false,"messageTitle":"Delete welcome logo","messageBody":"","fileTypesAndContributionMap":{"functional-code":{"insertions":1,"deletions":8}}}]},{"date":"2024-03-26","commitResults":[{"hash":"81641febafb785ecebc3a4cdb56e5952bcead64e","isMergeCommit":false,"messageTitle":"Add category","messageBody":"","fileTypesAndContributionMap":{"functional-code":{"insertions":16,"deletions":5},"test-code":{"insertions":9,"deletions":9}}},{"hash":"dfe536eaab655f5eeefd290221248d085e627583","isMergeCommit":false,"messageTitle":"Add amount","messageBody":"","fileTypesAndContributionMap":{"functional-code":{"insertions":32,"deletions":3}}},{"hash":"9b5f6ca2f95a6abb322ff963a859ca4313061036","isMergeCommit":true,"messageTitle":"Merge pull request #47 from LuoYu-uwu/Branch-Developer","messageBody":"Update the developer guide","fileTypesAndContributionMap":{}},{"hash":"95e4d9a1203a78af8560dc5896555f20fdfff5a5","isMergeCommit":true,"messageTitle":"Merge categories, amount and cost","messageBody":"","fileTypesAndContributionMap":{}},{"hash":"65578c5e1cdb173637d19f0b5bd3137a43d057f4","isMergeCommit":false,"messageTitle":"Fix indentation","messageBody":"","fileTypesAndContributionMap":{"functional-code":{"insertions":15,"deletions":15}}},{"hash":"2fe86d9995d3ffe8b9bfbb79f29a4ea8bf2d82e7","isMergeCommit":false,"messageTitle":"Fix Assertion","messageBody":"","fileTypesAndContributionMap":{"test-code":{"insertions":3,"deletions":3}}},{"hash":"e73c7e8ebeec7938f0094975839e1a91fce47978","isMergeCommit":false,"messageTitle":"Edit Developer Guide","messageBody":"","fileTypesAndContributionMap":{"functional-code":{"insertions":0,"deletions":1},"docs":{"insertions":11,"deletions":2}}},{"hash":"371f91f009976b88a8c367ccf127b131f6e68008","isMergeCommit":true,"messageTitle":"Merge pull request #49 from luozihui2003/master","messageBody":"Add categories and amount","fileTypesAndContributionMap":{}}]}],"SharlynLui":[{"date":"2024-03-07","commitResults":[{"hash":"5e55005f5fd7a554f41fb3b0504ac3b1c2f174b1","isMergeCommit":false,"messageTitle":"Edit John Doe to Me!","messageBody":"","fileTypesAndContributionMap":{"docs":{"insertions":7,"deletions":7}}}]},{"date":"2024-03-13","commitResults":[{"hash":"595e556b33151b300179c848061584306f17abf6","isMergeCommit":true,"messageTitle":"Merge branch \u0027master\u0027 of https://github.com/SharlynLui/tp","messageBody":"","fileTypesAndContributionMap":{}}]},{"date":"2024-03-14","commitResults":[{"hash":"dec1179f248ef404a1cd0c039a43adb3e7deb7ab","isMergeCommit":true,"messageTitle":"Merge branch \u0027master\u0027 of https://github.com/SharlynLui/tp","messageBody":"","fileTypesAndContributionMap":{}},{"hash":"e5f8da69dbfaa284c37a49c858055ceb90fc908e","isMergeCommit":false,"messageTitle":"Edited comments","messageBody":"","fileTypesAndContributionMap":{"functional-code":{"insertions":1,"deletions":1}}},{"hash":"ca795d34db3dd848c5ea0bd286988d5573fc7c80","isMergeCommit":true,"messageTitle":"Merge branch \u0027AY2324S2-CS2113-T12-2:master\u0027 into master","messageBody":"","fileTypesAndContributionMap":{}},{"hash":"3604fb77c62bea5ec66c70737a862d206d61c299","isMergeCommit":true,"messageTitle":"Merge branch \u0027master\u0027 of https://github.com/SharlynLui/tp","messageBody":"","fileTypesAndContributionMap":{}}]},{"date":"2024-03-15","commitResults":[{"hash":"d60809746446a9157d40e20ea1710c885093c805","isMergeCommit":false,"messageTitle":"Added JUnit Test and refactored Ui class!","messageBody":"","fileTypesAndContributionMap":{"functional-code":{"insertions":37,"deletions":9},"test-code":{"insertions":16,"deletions":3}}},{"hash":"32bb74dbc8779cfb23e90aa60ca387b8135b4eaf","isMergeCommit":false,"messageTitle":"Solved checkstyle errors","messageBody":"","fileTypesAndContributionMap":{"test-code":{"insertions":2,"deletions":1}}},{"hash":"ecc6b7f387066adafcf98144a5607e35af5d8870","isMergeCommit":false,"messageTitle":"Added new JUnit test for Grocery","messageBody":"","fileTypesAndContributionMap":{"test-code":{"insertions":7,"deletions":0}}},{"hash":"319cdff74125933a2a85aabbe14d0b7cf9092557","isMergeCommit":true,"messageTitle":"Merge branch \u0027master\u0027 of https://github.com/SharlynLui/tp","messageBody":"","fileTypesAndContributionMap":{}}]},{"date":"2024-03-20","commitResults":[{"hash":"650237c5ec365f6b8a9e9d07a3d4e8312d9abc8e","isMergeCommit":true,"messageTitle":"Merge branch \u0027AY2324S2-CS2113-T12-2:master\u0027 into master","messageBody":"","fileTypesAndContributionMap":{}},{"hash":"68c42608d73885b234a32d0c728aec7ce8d80f44","isMergeCommit":true,"messageTitle":"Merge pull request #24 from wallywallywally/branch-Willson","messageBody":"Improve defensiveness through exception handling, assertions, logging","fileTypesAndContributionMap":{}},{"hash":"133cfe467ff0591a01634f292ea5eeab9a97bc9c","isMergeCommit":true,"messageTitle":"Merge branch \u0027AY2324S2-CS2113-T12-2:master\u0027 into master","messageBody":"","fileTypesAndContributionMap":{}},{"hash":"e4c7da060dfbac029b7cbc48c12593d5fddb5cb6","isMergeCommit":true,"messageTitle":"Merge branches \u0027master\u0027 and \u0027master\u0027 of https://github.com/SharlynLui/tp","messageBody":"","fileTypesAndContributionMap":{}},{"hash":"78ea162bd221411d79c05ad1177336ab2ac141e2","isMergeCommit":false,"messageTitle":"Added assertions to Ui","messageBody":"","fileTypesAndContributionMap":{"functional-code":{"insertions":4,"deletions":0}}}]},{"date":"2024-03-27","commitResults":[{"hash":"1d3a70b6e599051df111a10f65fa987308bb7cc7","isMergeCommit":true,"messageTitle":"Merge branch \u0027master\u0027 of https://github.com/SharlynLui/tp","messageBody":"","fileTypesAndContributionMap":{}},{"hash":"7a3d581f806c306218fde6f9221df8d20c23240a","isMergeCommit":false,"messageTitle":"Add location feature to grocery","messageBody":"","fileTypesAndContributionMap":{"functional-code":{"insertions":27,"deletions":4},"docs":{"insertions":8,"deletions":1}}},{"hash":"037f1ac40b59752be03e2ea332fcb65aef861a4a","isMergeCommit":false,"messageTitle":"Edit minor formatting issues","messageBody":"","fileTypesAndContributionMap":{"functional-code":{"insertions":1,"deletions":1}}},{"hash":"1d4a49687d77dd27481389af592f1c1b955d6407","isMergeCommit":false,"messageTitle":"Edited Test Case","messageBody":"","fileTypesAndContributionMap":{"test-code":{"insertions":10,"deletions":10}}},{"hash":"55fe2803b75546ac4fadddc09e3e5ece8268a99d","isMergeCommit":false,"messageTitle":"Edited Developer Guide to add alternatives considered.","messageBody":"","fileTypesAndContributionMap":{"docs":{"insertions":1,"deletions":0}}},{"hash":"463db674a39a2ae384cef6f5905bf67c0ef1bfd3","isMergeCommit":false,"messageTitle":"Updated JUnit Testings","messageBody":"","fileTypesAndContributionMap":{"test-code":{"insertions":3,"deletions":3}}},{"hash":"73330064de5918f977b08bb6cc385d22689384af","isMergeCommit":true,"messageTitle":"Merge branch \u0027AY2324S2-CS2113-T12-2:master\u0027 into master","messageBody":"","fileTypesAndContributionMap":{}},{"hash":"414c4c138d57ea3c057f490959f34c846493c10a","isMergeCommit":true,"messageTitle":"Merge branch \u0027master\u0027 of https://github.com/SharlynLui/tp","messageBody":"","fileTypesAndContributionMap":{}},{"hash":"0f45d4ff54b571570bf1c8c35d7033155232f4ab","isMergeCommit":true,"messageTitle":"Merge pull request #51 from SharlynLui/master","messageBody":"Add location feature","fileTypesAndContributionMap":{}}]}]},"authorFileTypeContributionMap":{"wallywallywally":{"docs":94,"functional-code":526,"test-code":78,"other":2},"LuoYu-uwu":{"docs":17,"functional-code":266,"test-code":19,"other":1},"64-1":{"docs":0,"functional-code":121,"test-code":34},"luozihui2003":{"docs":10,"functional-code":64,"test-code":8},"SharlynLui":{"docs":9,"functional-code":62,"test-code":30}},"authorContributionVariance":{"wallywallywally":11686.18,"LuoYu-uwu":3016.1846,"64-1":2017.001,"luozihui2003":509.66528,"SharlynLui":288.55713},"authorDisplayNameMap":{"wallywallywally":"CS2113-T12-2 WILL..EKAI","LuoYu-uwu":"CS2113-T12-2 LUO ..O YU","64-1":"CS2113-T12-2 LIU ..SIYI","luozihui2003":"CS2113-T12-2 LUO .. HUI","SharlynLui":"CS2113-T12-2 LUI ..RLYN"}}
