[{"path":"README.md","fileType":"docs","lines":[{"lineNumber":1,"author":{"gitId":"tiffanyliu0220"},"content":"# Flirt \u0026 Fork","lastModifiedDate":"2024-03-07"},{"lineNumber":2,"author":{"gitId":"-"},"content":"","lastModifiedDate":"2020-05-25"},{"lineNumber":3,"author":{"gitId":"-"},"content":"This is a project template for a greenfield Java project. It\u0027s named after the Java mascot _Duke_. Given below are instructions on how to use it.","lastModifiedDate":"2020-05-25"},{"lineNumber":4,"author":{"gitId":"-"},"content":"","lastModifiedDate":"2020-05-25"},{"lineNumber":5,"author":{"gitId":"-"},"content":"## Setting up in Intellij","lastModifiedDate":"2020-05-25"},{"lineNumber":6,"author":{"gitId":"-"},"content":"","lastModifiedDate":"2020-05-25"},{"lineNumber":7,"author":{"gitId":"-"},"content":"Prerequisites: JDK 11 (use the exact version), update Intellij to the most recent version.","lastModifiedDate":"2020-05-24"},{"lineNumber":8,"author":{"gitId":"-"},"content":"","lastModifiedDate":"2020-05-24"},{"lineNumber":9,"author":{"gitId":"-"},"content":"1. **Ensure Intellij JDK 11 is defined as an SDK**, as described [here](https://www.jetbrains.com/help/idea/sdk.html#set-up-jdk) -- this step is not needed if you have used JDK 11 in a previous Intellij project.","lastModifiedDate":"2020-05-24"},{"lineNumber":10,"author":{"gitId":"-"},"content":"1. **Import the project _as a Gradle project_**, as described [here](https://se-education.org/guides/tutorials/intellijImportGradleProject.html).","lastModifiedDate":"2020-05-24"},{"lineNumber":11,"author":{"gitId":"-"},"content":"1. **Verify the set up**: After the importing is complete, locate the `src/main/java/seedu/duke/Duke.java` file, right-click it, and choose `Run Duke.main()`. If the setup is correct, you should see something like the below:","lastModifiedDate":"2020-05-24"},{"lineNumber":12,"author":{"gitId":"-"},"content":"   ```","lastModifiedDate":"2020-05-25"},{"lineNumber":13,"author":{"gitId":"-"},"content":"   \u003e Task :compileJava","lastModifiedDate":"2020-05-24"},{"lineNumber":14,"author":{"gitId":"-"},"content":"   \u003e Task :processResources NO-SOURCE","lastModifiedDate":"2020-05-24"},{"lineNumber":15,"author":{"gitId":"-"},"content":"   \u003e Task :classes","lastModifiedDate":"2020-05-24"},{"lineNumber":16,"author":{"gitId":"-"},"content":"   ","lastModifiedDate":"2020-05-24"},{"lineNumber":17,"author":{"gitId":"-"},"content":"   \u003e Task :Duke.main()","lastModifiedDate":"2020-05-24"},{"lineNumber":18,"author":{"gitId":"-"},"content":"   Hello from","lastModifiedDate":"2020-05-25"},{"lineNumber":19,"author":{"gitId":"-"},"content":"    ____        _        ","lastModifiedDate":"2020-05-25"},{"lineNumber":20,"author":{"gitId":"-"},"content":"   |  _ \\ _   _| | _____ ","lastModifiedDate":"2020-05-25"},{"lineNumber":21,"author":{"gitId":"-"},"content":"   | | | | | | | |/ / _ \\","lastModifiedDate":"2020-05-25"},{"lineNumber":22,"author":{"gitId":"-"},"content":"   | |_| | |_| |   \u003c  __/","lastModifiedDate":"2020-05-25"},{"lineNumber":23,"author":{"gitId":"-"},"content":"   |____/ \\__,_|_|\\_\\___|","lastModifiedDate":"2020-05-25"},{"lineNumber":24,"author":{"gitId":"-"},"content":"   ","lastModifiedDate":"2020-05-24"},{"lineNumber":25,"author":{"gitId":"-"},"content":"   What is your name?","lastModifiedDate":"2020-05-24"},{"lineNumber":26,"author":{"gitId":"-"},"content":"   ```","lastModifiedDate":"2020-05-25"},{"lineNumber":27,"author":{"gitId":"-"},"content":"   Type some word and press enter to let the execution proceed to the end.","lastModifiedDate":"2020-05-24"},{"lineNumber":28,"author":{"gitId":"-"},"content":"","lastModifiedDate":"2020-05-24"},{"lineNumber":29,"author":{"gitId":"-"},"content":"## Build automation using Gradle","lastModifiedDate":"2020-05-24"},{"lineNumber":30,"author":{"gitId":"-"},"content":"","lastModifiedDate":"2020-05-24"},{"lineNumber":31,"author":{"gitId":"-"},"content":"* This project uses Gradle for build automation and dependency management. It includes a basic build script as well (i.e. the `build.gradle` file).","lastModifiedDate":"2020-05-24"},{"lineNumber":32,"author":{"gitId":"-"},"content":"* If you are new to Gradle, refer to the [Gradle Tutorial at se-education.org/guides](https://se-education.org/guides/tutorials/gradle.html).","lastModifiedDate":"2020-05-24"},{"lineNumber":33,"author":{"gitId":"-"},"content":"","lastModifiedDate":"2020-05-24"},{"lineNumber":34,"author":{"gitId":"-"},"content":"## Testing","lastModifiedDate":"2020-05-24"},{"lineNumber":35,"author":{"gitId":"-"},"content":"","lastModifiedDate":"2020-05-24"},{"lineNumber":36,"author":{"gitId":"-"},"content":"### I/O redirection tests","lastModifiedDate":"2020-05-24"},{"lineNumber":37,"author":{"gitId":"-"},"content":"","lastModifiedDate":"2020-05-24"},{"lineNumber":38,"author":{"gitId":"-"},"content":"* To run _I/O redirection_ tests (aka _Text UI tests_), navigate to the `text-ui-test` and run the `runtest(.bat/.sh)` script.","lastModifiedDate":"2020-05-24"},{"lineNumber":39,"author":{"gitId":"-"},"content":"","lastModifiedDate":"2020-05-24"},{"lineNumber":40,"author":{"gitId":"-"},"content":"### JUnit tests","lastModifiedDate":"2020-05-24"},{"lineNumber":41,"author":{"gitId":"-"},"content":"","lastModifiedDate":"2020-05-24"},{"lineNumber":42,"author":{"gitId":"-"},"content":"* A skeleton JUnit test (`src/test/java/seedu/duke/DukeTest.java`) is provided with this project template. ","lastModifiedDate":"2020-05-24"},{"lineNumber":43,"author":{"gitId":"-"},"content":"* If you are new to JUnit, refer to the [JUnit Tutorial at se-education.org/guides](https://se-education.org/guides/tutorials/junit.html).","lastModifiedDate":"2020-05-24"},{"lineNumber":44,"author":{"gitId":"-"},"content":"","lastModifiedDate":"2020-05-24"},{"lineNumber":45,"author":{"gitId":"-"},"content":"## Checkstyle","lastModifiedDate":"2020-05-24"},{"lineNumber":46,"author":{"gitId":"-"},"content":"","lastModifiedDate":"2020-05-24"},{"lineNumber":47,"author":{"gitId":"-"},"content":"* A sample CheckStyle rule configuration is provided in this project.","lastModifiedDate":"2020-05-24"},{"lineNumber":48,"author":{"gitId":"-"},"content":"* If you are new to Checkstyle, refer to the [Checkstyle Tutorial at se-education.org/guides](https://se-education.org/guides/tutorials/checkstyle.html).","lastModifiedDate":"2020-05-24"},{"lineNumber":49,"author":{"gitId":"-"},"content":"","lastModifiedDate":"2020-05-24"},{"lineNumber":50,"author":{"gitId":"-"},"content":"## CI using GitHub Actions","lastModifiedDate":"2020-05-24"},{"lineNumber":51,"author":{"gitId":"-"},"content":"","lastModifiedDate":"2020-05-24"},{"lineNumber":52,"author":{"gitId":"-"},"content":"The project uses [GitHub actions](https://github.com/features/actions) for CI. When you push a commit to this repo or PR against it, GitHub actions will run automatically to build and verify the code as updated by the commit/PR.","lastModifiedDate":"2020-05-24"},{"lineNumber":53,"author":{"gitId":"-"},"content":"","lastModifiedDate":"2020-05-24"},{"lineNumber":54,"author":{"gitId":"-"},"content":"## Documentation","lastModifiedDate":"2020-05-24"},{"lineNumber":55,"author":{"gitId":"-"},"content":"","lastModifiedDate":"2020-05-24"},{"lineNumber":56,"author":{"gitId":"-"},"content":"`/docs` folder contains a skeleton version of the project documentation.","lastModifiedDate":"2020-05-24"},{"lineNumber":57,"author":{"gitId":"-"},"content":"","lastModifiedDate":"2020-05-24"},{"lineNumber":58,"author":{"gitId":"-"},"content":"Steps for publishing documentation to the public: ","lastModifiedDate":"2020-05-24"},{"lineNumber":59,"author":{"gitId":"-"},"content":"1. If you are using this project template for an individual project, go your fork on GitHub.\u003cbr\u003e","lastModifiedDate":"2020-05-24"},{"lineNumber":60,"author":{"gitId":"-"},"content":"   If you are using this project template for a team project, go to the team fork on GitHub.","lastModifiedDate":"2020-05-24"},{"lineNumber":61,"author":{"gitId":"-"},"content":"1. Click on the `settings` tab.","lastModifiedDate":"2020-05-24"},{"lineNumber":62,"author":{"gitId":"-"},"content":"1. Scroll down to the `GitHub Pages` section.","lastModifiedDate":"2020-05-24"},{"lineNumber":63,"author":{"gitId":"-"},"content":"1. Set the `source` as `master branch /docs folder`.","lastModifiedDate":"2020-05-24"},{"lineNumber":64,"author":{"gitId":"-"},"content":"1. Optionally, use the `choose a theme` button to choose a theme for your documentation.","lastModifiedDate":"2020-05-24"}],"authorContributionMap":{"tiffanyliu0220":1,"-":63}},{"path":"docs/AboutUs.md","fileType":"docs","lines":[{"lineNumber":1,"author":{"gitId":"-"},"content":"# About us","lastModifiedDate":"2020-05-24"},{"lineNumber":2,"author":{"gitId":"-"},"content":"","lastModifiedDate":"2020-05-24"},{"lineNumber":3,"author":{"gitId":"-"},"content":"Display |        Name         |               Github Profile                | Portfolio","lastModifiedDate":"2020-05-24"},{"lineNumber":4,"author":{"gitId":"tiffanyliu0220"},"content":"--------|:-------------------:|:-------------------------------------------:|:---------:","lastModifiedDate":"2024-03-07"},{"lineNumber":5,"author":{"gitId":"liuy1103"},"content":"![](https://i.ibb.co/fYkRH15/Hero-Image.png) |    Lim Soong En     |  [Github](https://github.com/soongensayo)   | [Portfolio](https://soongen.com)","lastModifiedDate":"2024-03-07"},{"lineNumber":6,"author":{"gitId":"tiffanyliu0220"},"content":"![](https://i.ibb.co/w0Pfp4X/WIN-20240307-16-26-22-Pro.jpg) |     Liu Yiting      |    [Github](https://github.com/liuy1103)    | [linkedin](www.linkedin.com/in/liuy1103)","lastModifiedDate":"2024-03-07"},{"lineNumber":7,"author":{"gitId":"RyanTDL"},"content":"![](https://i.ibb.co/F4N8CXc/photo-2024-03-07-17-28-20.jpg) | Dooa Shaw Peng Sean |    [Github](https://github.com/seandooa)    | ","lastModifiedDate":"2024-03-07"},{"lineNumber":8,"author":{"gitId":"RyanTDL"},"content":"Portfolioless :(","lastModifiedDate":"2024-03-07"},{"lineNumber":9,"author":{"gitId":"tiffanyliu0220"},"content":"![](https://i.ibb.co/P18rZQX/msg-826612051-262152.jpg) |     Liu Ting Yu     | [Github](https://github.com/tiffanyliu0220) | [linkedin](www.linkedin.com/in/tiffanyliu0220)","lastModifiedDate":"2024-03-07"},{"lineNumber":10,"author":{"gitId":"RyanTDL"},"content":"![](https://ibb.co/10SS3R2) |     Teo De Liang Ryan     | [Github](https://https://github.com/RyanTDL) | [linkedin](https://www.linkedin.com/in/ryan-teo/)","lastModifiedDate":"2024-03-07"}],"authorContributionMap":{"liuy1103":1,"tiffanyliu0220":3,"RyanTDL":3,"-":3}},{"path":"docs/README.md","fileType":"docs","lines":[{"lineNumber":1,"author":{"gitId":"soongensayo"},"content":"# Flirt and Fork","lastModifiedDate":"2024-03-07"},{"lineNumber":2,"author":{"gitId":"-"},"content":"","lastModifiedDate":"2019-07-29"},{"lineNumber":3,"author":{"gitId":"soongensayo"},"content":"Say goodbye to the hassle of planning dates! Our app generates creative and enjoyable date itineraries that fit within your specified budget and are easily accessible from your location. ","lastModifiedDate":"2024-03-07"},{"lineNumber":4,"author":{"gitId":"-"},"content":"","lastModifiedDate":"2019-07-29"},{"lineNumber":5,"author":{"gitId":"-"},"content":"Useful links:","lastModifiedDate":"2020-05-24"},{"lineNumber":6,"author":{"gitId":"-"},"content":"* [User Guide](UserGuide.md)","lastModifiedDate":"2020-05-24"},{"lineNumber":7,"author":{"gitId":"-"},"content":"* [Developer Guide](DeveloperGuide.md)","lastModifiedDate":"2020-05-24"},{"lineNumber":8,"author":{"gitId":"-"},"content":"* [About Us](AboutUs.md)","lastModifiedDate":"2020-05-24"}],"authorContributionMap":{"soongensayo":2,"-":6}},{"path":"src/main/java/seedu/duke/Activity.java","fileType":"functional-code","lines":[{"lineNumber":1,"author":{"gitId":"liuy1103"},"content":"package seedu.duke;","lastModifiedDate":"2024-03-16"},{"lineNumber":2,"author":{"gitId":"liuy1103"},"content":"","lastModifiedDate":"2024-03-16"},{"lineNumber":3,"author":{"gitId":"liuy1103"},"content":"public class Activity extends Favourites {","lastModifiedDate":"2024-03-16"},{"lineNumber":4,"author":{"gitId":"seandooa"},"content":"    protected String location;","lastModifiedDate":"2024-03-17"},{"lineNumber":5,"author":{"gitId":"seandooa"},"content":"    protected String price;","lastModifiedDate":"2024-03-17"},{"lineNumber":6,"author":{"gitId":"liuy1103"},"content":"","lastModifiedDate":"2024-03-16"},{"lineNumber":7,"author":{"gitId":"seandooa"},"content":"    public Activity(String name, String location, String price) {","lastModifiedDate":"2024-03-17"},{"lineNumber":8,"author":{"gitId":"seandooa"},"content":"        super(name);","lastModifiedDate":"2024-03-17"},{"lineNumber":9,"author":{"gitId":"seandooa"},"content":"        this.location \u003d location;","lastModifiedDate":"2024-03-17"},{"lineNumber":10,"author":{"gitId":"seandooa"},"content":"        this.price \u003d price;","lastModifiedDate":"2024-03-17"},{"lineNumber":11,"author":{"gitId":"liuy1103"},"content":"    }","lastModifiedDate":"2024-03-16"},{"lineNumber":12,"author":{"gitId":"seandooa"},"content":"","lastModifiedDate":"2024-03-17"},{"lineNumber":13,"author":{"gitId":"seandooa"},"content":"    @Override","lastModifiedDate":"2024-03-17"},{"lineNumber":14,"author":{"gitId":"seandooa"},"content":"    public String toString() {","lastModifiedDate":"2024-03-17"},{"lineNumber":15,"author":{"gitId":"seandooa"},"content":"        return description;","lastModifiedDate":"2024-03-17"},{"lineNumber":16,"author":{"gitId":"seandooa"},"content":"    }","lastModifiedDate":"2024-03-17"},{"lineNumber":17,"author":{"gitId":"liuy1103"},"content":"}","lastModifiedDate":"2024-03-16"}],"authorContributionMap":{"liuy1103":6,"seandooa":11}},{"path":"src/main/java/seedu/duke/ActivityList.java","fileType":"functional-code","lines":[{"lineNumber":1,"author":{"gitId":"seandooa"},"content":"package seedu.duke;","lastModifiedDate":"2024-03-17"},{"lineNumber":2,"author":{"gitId":"seandooa"},"content":"","lastModifiedDate":"2024-03-17"},{"lineNumber":3,"author":{"gitId":"seandooa"},"content":"import java.util.ArrayList;","lastModifiedDate":"2024-03-17"},{"lineNumber":4,"author":{"gitId":"seandooa"},"content":"import java.util.Random;","lastModifiedDate":"2024-03-17"},{"lineNumber":5,"author":{"gitId":"seandooa"},"content":"","lastModifiedDate":"2024-03-17"},{"lineNumber":6,"author":{"gitId":"seandooa"},"content":"public class ActivityList {","lastModifiedDate":"2024-03-17"},{"lineNumber":7,"author":{"gitId":"seandooa"},"content":"    private ArrayList\u003cActivity\u003e activities;","lastModifiedDate":"2024-03-17"},{"lineNumber":8,"author":{"gitId":"seandooa"},"content":"","lastModifiedDate":"2024-03-17"},{"lineNumber":9,"author":{"gitId":"seandooa"},"content":"    public ActivityList() {","lastModifiedDate":"2024-03-17"},{"lineNumber":10,"author":{"gitId":"seandooa"},"content":"        this.activities \u003d new ArrayList\u003c\u003e();","lastModifiedDate":"2024-03-17"},{"lineNumber":11,"author":{"gitId":"seandooa"},"content":"    }","lastModifiedDate":"2024-03-17"},{"lineNumber":12,"author":{"gitId":"seandooa"},"content":"","lastModifiedDate":"2024-03-17"},{"lineNumber":13,"author":{"gitId":"seandooa"},"content":"    public ActivityList(ArrayList\u003cActivity\u003e activities) {","lastModifiedDate":"2024-03-17"},{"lineNumber":14,"author":{"gitId":"seandooa"},"content":"        this.activities \u003d activities;","lastModifiedDate":"2024-03-17"},{"lineNumber":15,"author":{"gitId":"seandooa"},"content":"    }","lastModifiedDate":"2024-03-17"},{"lineNumber":16,"author":{"gitId":"seandooa"},"content":"","lastModifiedDate":"2024-03-17"},{"lineNumber":17,"author":{"gitId":"seandooa"},"content":"    public Activity getRandomActivity() {","lastModifiedDate":"2024-03-17"},{"lineNumber":18,"author":{"gitId":"seandooa"},"content":"        Random random \u003d new Random();","lastModifiedDate":"2024-03-17"},{"lineNumber":19,"author":{"gitId":"seandooa"},"content":"        int activityIndex \u003d random.nextInt(9);","lastModifiedDate":"2024-03-17"},{"lineNumber":20,"author":{"gitId":"seandooa"},"content":"        return activities.get(activityIndex);","lastModifiedDate":"2024-03-17"},{"lineNumber":21,"author":{"gitId":"seandooa"},"content":"    }","lastModifiedDate":"2024-03-17"},{"lineNumber":22,"author":{"gitId":"seandooa"},"content":"}","lastModifiedDate":"2024-03-17"}],"authorContributionMap":{"seandooa":22}},{"path":"src/main/java/seedu/duke/AddActivityCommand.java","fileType":"functional-code","lines":[{"lineNumber":1,"author":{"gitId":"liuy1103"},"content":"package seedu.duke;","lastModifiedDate":"2024-03-16"},{"lineNumber":2,"author":{"gitId":"liuy1103"},"content":"","lastModifiedDate":"2024-03-16"},{"lineNumber":3,"author":{"gitId":"liuy1103"},"content":"import seedu.duke.exceptions.FlirtForkException;","lastModifiedDate":"2024-03-16"},{"lineNumber":4,"author":{"gitId":"liuy1103"},"content":"","lastModifiedDate":"2024-03-16"},{"lineNumber":5,"author":{"gitId":"liuy1103"},"content":"","lastModifiedDate":"2024-03-16"},{"lineNumber":6,"author":{"gitId":"liuy1103"},"content":"public class AddActivityCommand extends Command{","lastModifiedDate":"2024-03-16"},{"lineNumber":7,"author":{"gitId":"liuy1103"},"content":"    private String description;","lastModifiedDate":"2024-03-16"},{"lineNumber":8,"author":{"gitId":"liuy1103"},"content":"    public AddActivityCommand(String description) {","lastModifiedDate":"2024-03-16"},{"lineNumber":9,"author":{"gitId":"liuy1103"},"content":"        this.description \u003d description;","lastModifiedDate":"2024-03-16"},{"lineNumber":10,"author":{"gitId":"liuy1103"},"content":"    }","lastModifiedDate":"2024-03-16"},{"lineNumber":11,"author":{"gitId":"liuy1103"},"content":"","lastModifiedDate":"2024-03-16"},{"lineNumber":12,"author":{"gitId":"liuy1103"},"content":"    @Override","lastModifiedDate":"2024-03-16"},{"lineNumber":13,"author":{"gitId":"seandooa"},"content":"    public void execute(FavouritesList favourites, FoodList foods, ActivityList activities,Ui ui,","lastModifiedDate":"2024-03-17"},{"lineNumber":14,"author":{"gitId":"seandooa"},"content":"                        Storage storage) throws FlirtForkException {","lastModifiedDate":"2024-03-17"},{"lineNumber":15,"author":{"gitId":"seandooa"},"content":"        Activity activity \u003d new Activity(description, \"default location\", \"default price\");","lastModifiedDate":"2024-03-17"},{"lineNumber":16,"author":{"gitId":"liuy1103"},"content":"        favourites.addFavourite(activity);","lastModifiedDate":"2024-03-16"},{"lineNumber":17,"author":{"gitId":"liuy1103"},"content":"        System.out.println(\"Cupid\u0027s arrow strikes! This is now in your favourites. \\n\" + activity);","lastModifiedDate":"2024-03-16"},{"lineNumber":18,"author":{"gitId":"liuy1103"},"content":"        ui.showFavourite(\"Guess what? You\u0027ve collected \" + favourites.getFavourites().size() +","lastModifiedDate":"2024-03-16"},{"lineNumber":19,"author":{"gitId":"liuy1103"},"content":"                \" romantic treasures!\");","lastModifiedDate":"2024-03-16"},{"lineNumber":20,"author":{"gitId":"liuy1103"},"content":"    }","lastModifiedDate":"2024-03-16"},{"lineNumber":21,"author":{"gitId":"liuy1103"},"content":"}","lastModifiedDate":"2024-03-16"}],"authorContributionMap":{"liuy1103":18,"seandooa":3}},{"path":"src/main/java/seedu/duke/AddFoodCommand.java","fileType":"functional-code","lines":[{"lineNumber":1,"author":{"gitId":"liuy1103"},"content":"package seedu.duke;","lastModifiedDate":"2024-03-16"},{"lineNumber":2,"author":{"gitId":"liuy1103"},"content":"","lastModifiedDate":"2024-03-16"},{"lineNumber":3,"author":{"gitId":"liuy1103"},"content":"import seedu.duke.exceptions.FlirtForkException;","lastModifiedDate":"2024-03-16"},{"lineNumber":4,"author":{"gitId":"liuy1103"},"content":"","lastModifiedDate":"2024-03-16"},{"lineNumber":5,"author":{"gitId":"liuy1103"},"content":"public class AddFoodCommand extends Command{","lastModifiedDate":"2024-03-16"},{"lineNumber":6,"author":{"gitId":"liuy1103"},"content":"    private String description;","lastModifiedDate":"2024-03-16"},{"lineNumber":7,"author":{"gitId":"liuy1103"},"content":"    public AddFoodCommand(String description) {","lastModifiedDate":"2024-03-16"},{"lineNumber":8,"author":{"gitId":"liuy1103"},"content":"        this.description \u003d description;","lastModifiedDate":"2024-03-16"},{"lineNumber":9,"author":{"gitId":"liuy1103"},"content":"    }","lastModifiedDate":"2024-03-16"},{"lineNumber":10,"author":{"gitId":"liuy1103"},"content":"","lastModifiedDate":"2024-03-16"},{"lineNumber":11,"author":{"gitId":"liuy1103"},"content":"    @Override","lastModifiedDate":"2024-03-16"},{"lineNumber":12,"author":{"gitId":"seandooa"},"content":"    public void execute(FavouritesList favourites, FoodList foods, ActivityList activities, Ui ui,","lastModifiedDate":"2024-03-17"},{"lineNumber":13,"author":{"gitId":"seandooa"},"content":"                        Storage storage) throws FlirtForkException {","lastModifiedDate":"2024-03-17"},{"lineNumber":14,"author":{"gitId":"seandooa"},"content":"        Food food \u003d new Food(description, \"default location\", \"default price\");","lastModifiedDate":"2024-03-16"},{"lineNumber":15,"author":{"gitId":"liuy1103"},"content":"        favourites.addFavourite(food);","lastModifiedDate":"2024-03-16"},{"lineNumber":16,"author":{"gitId":"liuy1103"},"content":"        System.out.println(\"Cupid\u0027s arrow strikes! This is now in your favourites. \\n\" + food);","lastModifiedDate":"2024-03-16"},{"lineNumber":17,"author":{"gitId":"liuy1103"},"content":"        ui.showFavourite(\"Guess what? You\u0027ve collected \" + favourites.getFavourites().size() +","lastModifiedDate":"2024-03-16"},{"lineNumber":18,"author":{"gitId":"liuy1103"},"content":"                \" romantic treasures!\");","lastModifiedDate":"2024-03-16"},{"lineNumber":19,"author":{"gitId":"liuy1103"},"content":"    }","lastModifiedDate":"2024-03-16"},{"lineNumber":20,"author":{"gitId":"liuy1103"},"content":"}","lastModifiedDate":"2024-03-16"}],"authorContributionMap":{"liuy1103":17,"seandooa":3}},{"path":"src/main/java/seedu/duke/Command.java","fileType":"functional-code","lines":[{"lineNumber":1,"author":{"gitId":"liuy1103"},"content":"package seedu.duke;","lastModifiedDate":"2024-03-16"},{"lineNumber":2,"author":{"gitId":"liuy1103"},"content":"","lastModifiedDate":"2024-03-16"},{"lineNumber":3,"author":{"gitId":"liuy1103"},"content":"import seedu.duke.exceptions.FlirtForkException;","lastModifiedDate":"2024-03-16"},{"lineNumber":4,"author":{"gitId":"liuy1103"},"content":"","lastModifiedDate":"2024-03-16"},{"lineNumber":5,"author":{"gitId":"liuy1103"},"content":"public abstract class Command {","lastModifiedDate":"2024-03-16"},{"lineNumber":6,"author":{"gitId":"seandooa"},"content":"    public abstract void execute(FavouritesList favourites, FoodList foods, ActivityList activities,","lastModifiedDate":"2024-03-17"},{"lineNumber":7,"author":{"gitId":"seandooa"},"content":"                                 Ui ui, Storage storage) throws FlirtForkException;","lastModifiedDate":"2024-03-17"},{"lineNumber":8,"author":{"gitId":"liuy1103"},"content":"","lastModifiedDate":"2024-03-16"},{"lineNumber":9,"author":{"gitId":"liuy1103"},"content":"}","lastModifiedDate":"2024-03-16"}],"authorContributionMap":{"liuy1103":7,"seandooa":2}},{"path":"src/main/java/seedu/duke/DeleteFavouritesCommand.java","fileType":"functional-code","lines":[{"lineNumber":1,"author":{"gitId":"liuy1103"},"content":"package seedu.duke;","lastModifiedDate":"2024-03-16"},{"lineNumber":2,"author":{"gitId":"liuy1103"},"content":"","lastModifiedDate":"2024-03-16"},{"lineNumber":3,"author":{"gitId":"liuy1103"},"content":"import seedu.duke.exceptions.FlirtForkException;","lastModifiedDate":"2024-03-16"},{"lineNumber":4,"author":{"gitId":"liuy1103"},"content":"","lastModifiedDate":"2024-03-16"},{"lineNumber":5,"author":{"gitId":"liuy1103"},"content":"public class DeleteFavouritesCommand extends Command{","lastModifiedDate":"2024-03-16"},{"lineNumber":6,"author":{"gitId":"liuy1103"},"content":"    private final int index;","lastModifiedDate":"2024-03-16"},{"lineNumber":7,"author":{"gitId":"liuy1103"},"content":"    public DeleteFavouritesCommand(int index) {","lastModifiedDate":"2024-03-16"},{"lineNumber":8,"author":{"gitId":"liuy1103"},"content":"        this.index \u003d index;","lastModifiedDate":"2024-03-16"},{"lineNumber":9,"author":{"gitId":"liuy1103"},"content":"    }","lastModifiedDate":"2024-03-16"},{"lineNumber":10,"author":{"gitId":"liuy1103"},"content":"","lastModifiedDate":"2024-03-16"},{"lineNumber":11,"author":{"gitId":"liuy1103"},"content":"    @Override","lastModifiedDate":"2024-03-16"},{"lineNumber":12,"author":{"gitId":"seandooa"},"content":"    public void execute(FavouritesList favourites, FoodList foods, ActivityList activities, Ui ui,","lastModifiedDate":"2024-03-17"},{"lineNumber":13,"author":{"gitId":"seandooa"},"content":"                        Storage storage) throws FlirtForkException {","lastModifiedDate":"2024-03-17"},{"lineNumber":14,"author":{"gitId":"liuy1103"},"content":"        if (index \u003e\u003d 0 \u0026\u0026 index \u003c favourites.getFavourites().size()) {","lastModifiedDate":"2024-03-16"},{"lineNumber":15,"author":{"gitId":"liuy1103"},"content":"            Favourites removedFavourite \u003d favourites.getFavourites().get(index);","lastModifiedDate":"2024-03-16"},{"lineNumber":16,"author":{"gitId":"liuy1103"},"content":"            favourites.deleteFavourite(index);","lastModifiedDate":"2024-03-16"},{"lineNumber":17,"author":{"gitId":"liuy1103"},"content":"            ui.showFavourite(\"Poof! Sayonara~ This favourite has been removed: \\n\" + removedFavourite);","lastModifiedDate":"2024-03-16"},{"lineNumber":18,"author":{"gitId":"liuy1103"},"content":"            ui.showFavourite(\"Now you have \" + favourites.getFavourites().size() + \" romantic treasures!\\n\" +","lastModifiedDate":"2024-03-16"},{"lineNumber":19,"author":{"gitId":"liuy1103"},"content":"                    \"Your journey of love and taste continues~\");","lastModifiedDate":"2024-03-16"},{"lineNumber":20,"author":{"gitId":"liuy1103"},"content":"        } else {","lastModifiedDate":"2024-03-16"},{"lineNumber":21,"author":{"gitId":"liuy1103"},"content":"            ui.errorMessage(\"This number\u0027s playing hard to get. How about trying one that is in range?\");","lastModifiedDate":"2024-03-16"},{"lineNumber":22,"author":{"gitId":"liuy1103"},"content":"        }","lastModifiedDate":"2024-03-16"},{"lineNumber":23,"author":{"gitId":"liuy1103"},"content":"    }","lastModifiedDate":"2024-03-16"},{"lineNumber":24,"author":{"gitId":"liuy1103"},"content":"}","lastModifiedDate":"2024-03-16"}],"authorContributionMap":{"liuy1103":22,"seandooa":2}},{"path":"src/main/java/seedu/duke/Duke.java","fileType":"functional-code","lines":[{"lineNumber":1,"author":{"gitId":"-"},"content":"package seedu.duke;","lastModifiedDate":"2024-03-16"},{"lineNumber":2,"author":{"gitId":"-"},"content":"","lastModifiedDate":"2024-03-16"},{"lineNumber":3,"author":{"gitId":"liuy1103"},"content":"import seedu.duke.exceptions.FlirtForkException;","lastModifiedDate":"2024-03-16"},{"lineNumber":4,"author":{"gitId":"liuy1103"},"content":"","lastModifiedDate":"2024-03-16"},{"lineNumber":5,"author":{"gitId":"liuy1103"},"content":"import java.io.FileNotFoundException;","lastModifiedDate":"2024-03-16"},{"lineNumber":6,"author":{"gitId":"liuy1103"},"content":"import java.util.ArrayList;","lastModifiedDate":"2024-03-16"},{"lineNumber":7,"author":{"gitId":"-"},"content":"","lastModifiedDate":"2024-03-16"},{"lineNumber":8,"author":{"gitId":"-"},"content":"public class Duke {","lastModifiedDate":"2024-03-16"},{"lineNumber":9,"author":{"gitId":"liuy1103"},"content":"    private static final String FILE_PATH \u003d \"./data/FlirtFork.txt\";","lastModifiedDate":"2024-03-16"},{"lineNumber":10,"author":{"gitId":"seandooa"},"content":"    private static final String FOOD_FILE_PATH \u003d \"./data/FoodList.txt\";","lastModifiedDate":"2024-03-17"},{"lineNumber":11,"author":{"gitId":"seandooa"},"content":"    private static final String ACTIVITY_FILE_PATH \u003d \"./data/ActivityList.txt\";","lastModifiedDate":"2024-03-17"},{"lineNumber":12,"author":{"gitId":"liuy1103"},"content":"    private static final String HORIZONTAL \u003d \"____________________________________________________________\";","lastModifiedDate":"2024-03-16"},{"lineNumber":13,"author":{"gitId":"liuy1103"},"content":"    private FavouritesList favourites;","lastModifiedDate":"2024-03-16"},{"lineNumber":14,"author":{"gitId":"seandooa"},"content":"    private FoodList foods;","lastModifiedDate":"2024-03-17"},{"lineNumber":15,"author":{"gitId":"seandooa"},"content":"    private ActivityList activities;","lastModifiedDate":"2024-03-17"},{"lineNumber":16,"author":{"gitId":"liuy1103"},"content":"    private Ui ui;","lastModifiedDate":"2024-03-16"},{"lineNumber":17,"author":{"gitId":"liuy1103"},"content":"    private Storage storage;","lastModifiedDate":"2024-03-16"},{"lineNumber":18,"author":{"gitId":"liuy1103"},"content":"","lastModifiedDate":"2024-03-16"},{"lineNumber":19,"author":{"gitId":"seandooa"},"content":"    public Duke(String filePath, String foodFilePath, String activityFilePath) {","lastModifiedDate":"2024-03-17"},{"lineNumber":20,"author":{"gitId":"liuy1103"},"content":"        ui \u003d new Ui();","lastModifiedDate":"2024-03-16"},{"lineNumber":21,"author":{"gitId":"seandooa"},"content":"        storage \u003d new Storage(filePath, foodFilePath, activityFilePath);","lastModifiedDate":"2024-03-17"},{"lineNumber":22,"author":{"gitId":"liuy1103"},"content":"        try {","lastModifiedDate":"2024-03-16"},{"lineNumber":23,"author":{"gitId":"liuy1103"},"content":"            favourites \u003d new FavouritesList(storage.loadFavourites());","lastModifiedDate":"2024-03-16"},{"lineNumber":24,"author":{"gitId":"seandooa"},"content":"            foods \u003d new FoodList(storage.loadFood());","lastModifiedDate":"2024-03-17"},{"lineNumber":25,"author":{"gitId":"seandooa"},"content":"            activities \u003d new ActivityList(storage.loadActivity());","lastModifiedDate":"2024-03-17"},{"lineNumber":26,"author":{"gitId":"liuy1103"},"content":"        } catch (FileNotFoundException e) {","lastModifiedDate":"2024-03-16"},{"lineNumber":27,"author":{"gitId":"liuy1103"},"content":"            ui.errorMessage(\"File not found. Starting with an empty task list :)\");","lastModifiedDate":"2024-03-16"},{"lineNumber":28,"author":{"gitId":"liuy1103"},"content":"            favourites \u003d new FavouritesList(new ArrayList\u003c\u003e());","lastModifiedDate":"2024-03-16"},{"lineNumber":29,"author":{"gitId":"liuy1103"},"content":"        }","lastModifiedDate":"2024-03-16"},{"lineNumber":30,"author":{"gitId":"liuy1103"},"content":"    }","lastModifiedDate":"2024-03-16"},{"lineNumber":31,"author":{"gitId":"-"},"content":"","lastModifiedDate":"2024-03-16"},{"lineNumber":32,"author":{"gitId":"liuy1103"},"content":"    public void run() {","lastModifiedDate":"2024-03-16"},{"lineNumber":33,"author":{"gitId":"liuy1103"},"content":"        ui.greetingMessage();","lastModifiedDate":"2024-03-16"},{"lineNumber":34,"author":{"gitId":"liuy1103"},"content":"","lastModifiedDate":"2024-03-16"},{"lineNumber":35,"author":{"gitId":"liuy1103"},"content":"        boolean isExit \u003d false;","lastModifiedDate":"2024-03-16"},{"lineNumber":36,"author":{"gitId":"liuy1103"},"content":"        while(!isExit) {","lastModifiedDate":"2024-03-16"},{"lineNumber":37,"author":{"gitId":"liuy1103"},"content":"            String userInput \u003d ui.readCommand();","lastModifiedDate":"2024-03-16"},{"lineNumber":38,"author":{"gitId":"liuy1103"},"content":"            try {","lastModifiedDate":"2024-03-16"},{"lineNumber":39,"author":{"gitId":"liuy1103"},"content":"                Command command \u003d Parser.parseCommand(userInput);","lastModifiedDate":"2024-03-16"},{"lineNumber":40,"author":{"gitId":"seandooa"},"content":"                command.execute(favourites, foods, activities, ui, storage);","lastModifiedDate":"2024-03-17"},{"lineNumber":41,"author":{"gitId":"liuy1103"},"content":"                if(command instanceof ExitCommand) {","lastModifiedDate":"2024-03-16"},{"lineNumber":42,"author":{"gitId":"liuy1103"},"content":"                    isExit \u003d true;","lastModifiedDate":"2024-03-16"},{"lineNumber":43,"author":{"gitId":"liuy1103"},"content":"                }","lastModifiedDate":"2024-03-16"},{"lineNumber":44,"author":{"gitId":"liuy1103"},"content":"                System.out.println(HORIZONTAL);","lastModifiedDate":"2024-03-16"},{"lineNumber":45,"author":{"gitId":"liuy1103"},"content":"            } catch (FlirtForkException e) {","lastModifiedDate":"2024-03-16"},{"lineNumber":46,"author":{"gitId":"liuy1103"},"content":"                ui.errorMessage(e.getMessage());","lastModifiedDate":"2024-03-16"},{"lineNumber":47,"author":{"gitId":"liuy1103"},"content":"            }","lastModifiedDate":"2024-03-16"},{"lineNumber":48,"author":{"gitId":"liuy1103"},"content":"        }","lastModifiedDate":"2024-03-16"},{"lineNumber":49,"author":{"gitId":"liuy1103"},"content":"    }","lastModifiedDate":"2024-03-16"},{"lineNumber":50,"author":{"gitId":"liuy1103"},"content":"","lastModifiedDate":"2024-03-16"},{"lineNumber":51,"author":{"gitId":"liuy1103"},"content":"    public static void main(String[] args) {","lastModifiedDate":"2024-03-16"},{"lineNumber":52,"author":{"gitId":"seandooa"},"content":"        Duke flirtFork \u003d new Duke(FILE_PATH, FOOD_FILE_PATH, ACTIVITY_FILE_PATH);","lastModifiedDate":"2024-03-17"},{"lineNumber":53,"author":{"gitId":"seandooa"},"content":"        flirtFork.run();","lastModifiedDate":"2024-03-16"},{"lineNumber":54,"author":{"gitId":"-"},"content":"    }","lastModifiedDate":"2024-03-16"},{"lineNumber":55,"author":{"gitId":"-"},"content":"}","lastModifiedDate":"2024-03-16"}],"authorContributionMap":{"liuy1103":37,"seandooa":11,"-":7}},{"path":"src/main/java/seedu/duke/ExitCommand.java","fileType":"functional-code","lines":[{"lineNumber":1,"author":{"gitId":"liuy1103"},"content":"package seedu.duke;","lastModifiedDate":"2024-03-16"},{"lineNumber":2,"author":{"gitId":"liuy1103"},"content":"","lastModifiedDate":"2024-03-16"},{"lineNumber":3,"author":{"gitId":"liuy1103"},"content":"import seedu.duke.exceptions.FlirtForkException;","lastModifiedDate":"2024-03-16"},{"lineNumber":4,"author":{"gitId":"liuy1103"},"content":"","lastModifiedDate":"2024-03-16"},{"lineNumber":5,"author":{"gitId":"liuy1103"},"content":"import java.io.IOException;","lastModifiedDate":"2024-03-16"},{"lineNumber":6,"author":{"gitId":"liuy1103"},"content":"","lastModifiedDate":"2024-03-16"},{"lineNumber":7,"author":{"gitId":"liuy1103"},"content":"public class ExitCommand extends Command {","lastModifiedDate":"2024-03-16"},{"lineNumber":8,"author":{"gitId":"liuy1103"},"content":"    @Override","lastModifiedDate":"2024-03-16"},{"lineNumber":9,"author":{"gitId":"seandooa"},"content":"    public void execute(FavouritesList favourites, FoodList foods, ActivityList activities, Ui ui,","lastModifiedDate":"2024-03-17"},{"lineNumber":10,"author":{"gitId":"seandooa"},"content":"                        Storage storage) throws FlirtForkException {","lastModifiedDate":"2024-03-17"},{"lineNumber":11,"author":{"gitId":"seandooa"},"content":"","lastModifiedDate":"2024-03-17"},{"lineNumber":12,"author":{"gitId":"liuy1103"},"content":"        try {","lastModifiedDate":"2024-03-16"},{"lineNumber":13,"author":{"gitId":"liuy1103"},"content":"            storage.saveFavourites(favourites.getFavourites());","lastModifiedDate":"2024-03-16"},{"lineNumber":14,"author":{"gitId":"liuy1103"},"content":"            ui.exitMessage();","lastModifiedDate":"2024-03-16"},{"lineNumber":15,"author":{"gitId":"liuy1103"},"content":"        } catch (IOException e) {","lastModifiedDate":"2024-03-16"},{"lineNumber":16,"author":{"gitId":"liuy1103"},"content":"            ui.errorMessage(\"Yikes! Our love potion spilled and couldn\u0027t save your data! \" + e.getMessage());","lastModifiedDate":"2024-03-16"},{"lineNumber":17,"author":{"gitId":"liuy1103"},"content":"        }","lastModifiedDate":"2024-03-16"},{"lineNumber":18,"author":{"gitId":"liuy1103"},"content":"    }","lastModifiedDate":"2024-03-16"},{"lineNumber":19,"author":{"gitId":"liuy1103"},"content":"}","lastModifiedDate":"2024-03-16"}],"authorContributionMap":{"liuy1103":16,"seandooa":3}},{"path":"src/main/java/seedu/duke/Favourites.java","fileType":"functional-code","lines":[{"lineNumber":1,"author":{"gitId":"liuy1103"},"content":"package seedu.duke;","lastModifiedDate":"2024-03-16"},{"lineNumber":2,"author":{"gitId":"liuy1103"},"content":"","lastModifiedDate":"2024-03-16"},{"lineNumber":3,"author":{"gitId":"liuy1103"},"content":"public class Favourites {","lastModifiedDate":"2024-03-16"},{"lineNumber":4,"author":{"gitId":"liuy1103"},"content":"    protected String description;","lastModifiedDate":"2024-03-16"},{"lineNumber":5,"author":{"gitId":"liuy1103"},"content":"","lastModifiedDate":"2024-03-16"},{"lineNumber":6,"author":{"gitId":"liuy1103"},"content":"    public Favourites(String description) {","lastModifiedDate":"2024-03-16"},{"lineNumber":7,"author":{"gitId":"liuy1103"},"content":"        this.description \u003d description;","lastModifiedDate":"2024-03-16"},{"lineNumber":8,"author":{"gitId":"liuy1103"},"content":"    }","lastModifiedDate":"2024-03-16"},{"lineNumber":9,"author":{"gitId":"liuy1103"},"content":"","lastModifiedDate":"2024-03-16"},{"lineNumber":10,"author":{"gitId":"liuy1103"},"content":"    public String getDescription() {","lastModifiedDate":"2024-03-16"},{"lineNumber":11,"author":{"gitId":"liuy1103"},"content":"        return description;","lastModifiedDate":"2024-03-16"},{"lineNumber":12,"author":{"gitId":"liuy1103"},"content":"    }","lastModifiedDate":"2024-03-16"},{"lineNumber":13,"author":{"gitId":"liuy1103"},"content":"","lastModifiedDate":"2024-03-16"},{"lineNumber":14,"author":{"gitId":"liuy1103"},"content":"    public String toString() {","lastModifiedDate":"2024-03-16"},{"lineNumber":15,"author":{"gitId":"liuy1103"},"content":"        return description;","lastModifiedDate":"2024-03-16"},{"lineNumber":16,"author":{"gitId":"liuy1103"},"content":"    }","lastModifiedDate":"2024-03-16"},{"lineNumber":17,"author":{"gitId":"liuy1103"},"content":"","lastModifiedDate":"2024-03-16"},{"lineNumber":18,"author":{"gitId":"liuy1103"},"content":"    public String toFileFormat() {","lastModifiedDate":"2024-03-16"},{"lineNumber":19,"author":{"gitId":"liuy1103"},"content":"        return description;","lastModifiedDate":"2024-03-16"},{"lineNumber":20,"author":{"gitId":"liuy1103"},"content":"    }","lastModifiedDate":"2024-03-16"},{"lineNumber":21,"author":{"gitId":"liuy1103"},"content":"","lastModifiedDate":"2024-03-16"},{"lineNumber":22,"author":{"gitId":"liuy1103"},"content":"}","lastModifiedDate":"2024-03-16"}],"authorContributionMap":{"liuy1103":22}},{"path":"src/main/java/seedu/duke/FavouritesList.java","fileType":"functional-code","lines":[{"lineNumber":1,"author":{"gitId":"liuy1103"},"content":"package seedu.duke;","lastModifiedDate":"2024-03-16"},{"lineNumber":2,"author":{"gitId":"liuy1103"},"content":"","lastModifiedDate":"2024-03-16"},{"lineNumber":3,"author":{"gitId":"liuy1103"},"content":"import java.util.ArrayList;","lastModifiedDate":"2024-03-16"},{"lineNumber":4,"author":{"gitId":"liuy1103"},"content":"","lastModifiedDate":"2024-03-16"},{"lineNumber":5,"author":{"gitId":"liuy1103"},"content":"public class FavouritesList {","lastModifiedDate":"2024-03-16"},{"lineNumber":6,"author":{"gitId":"liuy1103"},"content":"    private ArrayList\u003cFavourites\u003e favourites;","lastModifiedDate":"2024-03-16"},{"lineNumber":7,"author":{"gitId":"liuy1103"},"content":"","lastModifiedDate":"2024-03-16"},{"lineNumber":8,"author":{"gitId":"liuy1103"},"content":"    public FavouritesList() {","lastModifiedDate":"2024-03-16"},{"lineNumber":9,"author":{"gitId":"liuy1103"},"content":"        this.favourites \u003d new ArrayList\u003c\u003e();","lastModifiedDate":"2024-03-16"},{"lineNumber":10,"author":{"gitId":"liuy1103"},"content":"    }","lastModifiedDate":"2024-03-16"},{"lineNumber":11,"author":{"gitId":"liuy1103"},"content":"","lastModifiedDate":"2024-03-16"},{"lineNumber":12,"author":{"gitId":"liuy1103"},"content":"    public FavouritesList(ArrayList\u003cFavourites\u003e favourites) {","lastModifiedDate":"2024-03-16"},{"lineNumber":13,"author":{"gitId":"liuy1103"},"content":"        this.favourites \u003d favourites;","lastModifiedDate":"2024-03-16"},{"lineNumber":14,"author":{"gitId":"liuy1103"},"content":"    }","lastModifiedDate":"2024-03-16"},{"lineNumber":15,"author":{"gitId":"liuy1103"},"content":"","lastModifiedDate":"2024-03-16"},{"lineNumber":16,"author":{"gitId":"liuy1103"},"content":"    public void addFavourite(Favourites favourite) {","lastModifiedDate":"2024-03-16"},{"lineNumber":17,"author":{"gitId":"liuy1103"},"content":"        favourites.add(favourite);","lastModifiedDate":"2024-03-16"},{"lineNumber":18,"author":{"gitId":"liuy1103"},"content":"    }","lastModifiedDate":"2024-03-16"},{"lineNumber":19,"author":{"gitId":"liuy1103"},"content":"","lastModifiedDate":"2024-03-16"},{"lineNumber":20,"author":{"gitId":"liuy1103"},"content":"    public void deleteFavourite(int index) {","lastModifiedDate":"2024-03-16"},{"lineNumber":21,"author":{"gitId":"liuy1103"},"content":"        if (index \u003e\u003d 0 \u0026\u0026 index \u003c favourites.size()) {","lastModifiedDate":"2024-03-16"},{"lineNumber":22,"author":{"gitId":"liuy1103"},"content":"            favourites.remove(index);","lastModifiedDate":"2024-03-16"},{"lineNumber":23,"author":{"gitId":"liuy1103"},"content":"        }","lastModifiedDate":"2024-03-16"},{"lineNumber":24,"author":{"gitId":"liuy1103"},"content":"    }","lastModifiedDate":"2024-03-16"},{"lineNumber":25,"author":{"gitId":"liuy1103"},"content":"","lastModifiedDate":"2024-03-16"},{"lineNumber":26,"author":{"gitId":"liuy1103"},"content":"    public ArrayList\u003cFavourites\u003e getFavourites() {","lastModifiedDate":"2024-03-16"},{"lineNumber":27,"author":{"gitId":"liuy1103"},"content":"        return favourites;","lastModifiedDate":"2024-03-16"},{"lineNumber":28,"author":{"gitId":"liuy1103"},"content":"    }","lastModifiedDate":"2024-03-16"},{"lineNumber":29,"author":{"gitId":"liuy1103"},"content":"","lastModifiedDate":"2024-03-16"},{"lineNumber":30,"author":{"gitId":"liuy1103"},"content":"","lastModifiedDate":"2024-03-16"},{"lineNumber":31,"author":{"gitId":"liuy1103"},"content":"    public boolean isEmpty() {","lastModifiedDate":"2024-03-16"},{"lineNumber":32,"author":{"gitId":"liuy1103"},"content":"        return favourites.isEmpty();","lastModifiedDate":"2024-03-16"},{"lineNumber":33,"author":{"gitId":"liuy1103"},"content":"    }","lastModifiedDate":"2024-03-16"},{"lineNumber":34,"author":{"gitId":"liuy1103"},"content":"","lastModifiedDate":"2024-03-16"},{"lineNumber":35,"author":{"gitId":"liuy1103"},"content":"    public String getFormattedFavourites() {","lastModifiedDate":"2024-03-16"},{"lineNumber":36,"author":{"gitId":"liuy1103"},"content":"        if(favourites.isEmpty()) {","lastModifiedDate":"2024-03-16"},{"lineNumber":37,"author":{"gitId":"liuy1103"},"content":"            return \"A blank canvas! Let\u0027s fill it with some love~\";","lastModifiedDate":"2024-03-16"},{"lineNumber":38,"author":{"gitId":"liuy1103"},"content":"        } else {","lastModifiedDate":"2024-03-16"},{"lineNumber":39,"author":{"gitId":"liuy1103"},"content":"            StringBuilder sb \u003d new StringBuilder();","lastModifiedDate":"2024-03-16"},{"lineNumber":40,"author":{"gitId":"liuy1103"},"content":"            for (int i \u003d 0; i \u003c favourites.size(); i++) {","lastModifiedDate":"2024-03-16"},{"lineNumber":41,"author":{"gitId":"liuy1103"},"content":"                sb.append((i + 1)).append(\". \").append(favourites.get(i).toString()).append(\"\\n\");","lastModifiedDate":"2024-03-16"},{"lineNumber":42,"author":{"gitId":"liuy1103"},"content":"            }","lastModifiedDate":"2024-03-16"},{"lineNumber":43,"author":{"gitId":"liuy1103"},"content":"            return sb.toString().trim();","lastModifiedDate":"2024-03-16"},{"lineNumber":44,"author":{"gitId":"liuy1103"},"content":"        }","lastModifiedDate":"2024-03-16"},{"lineNumber":45,"author":{"gitId":"liuy1103"},"content":"    }","lastModifiedDate":"2024-03-16"},{"lineNumber":46,"author":{"gitId":"liuy1103"},"content":"","lastModifiedDate":"2024-03-16"},{"lineNumber":47,"author":{"gitId":"liuy1103"},"content":"    public ArrayList\u003cFavourites\u003e findFavourites(String keyword) {","lastModifiedDate":"2024-03-16"},{"lineNumber":48,"author":{"gitId":"liuy1103"},"content":"        ArrayList\u003cFavourites\u003e matchingSaves \u003d new ArrayList\u003c\u003e();","lastModifiedDate":"2024-03-16"},{"lineNumber":49,"author":{"gitId":"liuy1103"},"content":"        for(Favourites favourite: favourites) {","lastModifiedDate":"2024-03-16"},{"lineNumber":50,"author":{"gitId":"liuy1103"},"content":"            if(favourite.getDescription().contains(keyword)) {","lastModifiedDate":"2024-03-16"},{"lineNumber":51,"author":{"gitId":"liuy1103"},"content":"                matchingSaves.add(favourite);","lastModifiedDate":"2024-03-16"},{"lineNumber":52,"author":{"gitId":"liuy1103"},"content":"            }","lastModifiedDate":"2024-03-16"},{"lineNumber":53,"author":{"gitId":"liuy1103"},"content":"        }","lastModifiedDate":"2024-03-16"},{"lineNumber":54,"author":{"gitId":"liuy1103"},"content":"        return matchingSaves;","lastModifiedDate":"2024-03-16"},{"lineNumber":55,"author":{"gitId":"liuy1103"},"content":"    }","lastModifiedDate":"2024-03-16"},{"lineNumber":56,"author":{"gitId":"liuy1103"},"content":"}","lastModifiedDate":"2024-03-16"}],"authorContributionMap":{"liuy1103":56}},{"path":"src/main/java/seedu/duke/FindFavouritesCommand.java","fileType":"functional-code","lines":[{"lineNumber":1,"author":{"gitId":"liuy1103"},"content":"package seedu.duke;","lastModifiedDate":"2024-03-16"},{"lineNumber":2,"author":{"gitId":"liuy1103"},"content":"","lastModifiedDate":"2024-03-16"},{"lineNumber":3,"author":{"gitId":"liuy1103"},"content":"import seedu.duke.exceptions.FlirtForkException;","lastModifiedDate":"2024-03-16"},{"lineNumber":4,"author":{"gitId":"liuy1103"},"content":"","lastModifiedDate":"2024-03-16"},{"lineNumber":5,"author":{"gitId":"liuy1103"},"content":"import java.util.ArrayList;","lastModifiedDate":"2024-03-16"},{"lineNumber":6,"author":{"gitId":"liuy1103"},"content":"","lastModifiedDate":"2024-03-16"},{"lineNumber":7,"author":{"gitId":"liuy1103"},"content":"public class FindFavouritesCommand extends Command{","lastModifiedDate":"2024-03-16"},{"lineNumber":8,"author":{"gitId":"liuy1103"},"content":"    private String keyword;","lastModifiedDate":"2024-03-16"},{"lineNumber":9,"author":{"gitId":"liuy1103"},"content":"    public FindFavouritesCommand(String keyword) {","lastModifiedDate":"2024-03-16"},{"lineNumber":10,"author":{"gitId":"liuy1103"},"content":"        this.keyword \u003d keyword;","lastModifiedDate":"2024-03-16"},{"lineNumber":11,"author":{"gitId":"liuy1103"},"content":"    }","lastModifiedDate":"2024-03-16"},{"lineNumber":12,"author":{"gitId":"liuy1103"},"content":"","lastModifiedDate":"2024-03-16"},{"lineNumber":13,"author":{"gitId":"liuy1103"},"content":"    @Override","lastModifiedDate":"2024-03-16"},{"lineNumber":14,"author":{"gitId":"seandooa"},"content":"    public void execute(FavouritesList favourites, FoodList foods, ActivityList activities,Ui ui,","lastModifiedDate":"2024-03-17"},{"lineNumber":15,"author":{"gitId":"seandooa"},"content":"                        Storage storage) throws FlirtForkException {","lastModifiedDate":"2024-03-17"},{"lineNumber":16,"author":{"gitId":"liuy1103"},"content":"        ArrayList\u003cFavourites\u003e matchingFavourites \u003d favourites.findFavourites(keyword);","lastModifiedDate":"2024-03-16"},{"lineNumber":17,"author":{"gitId":"liuy1103"},"content":"        ui.showMatchingFavourites(matchingFavourites);","lastModifiedDate":"2024-03-16"},{"lineNumber":18,"author":{"gitId":"liuy1103"},"content":"    }","lastModifiedDate":"2024-03-16"},{"lineNumber":19,"author":{"gitId":"liuy1103"},"content":"}","lastModifiedDate":"2024-03-16"}],"authorContributionMap":{"liuy1103":17,"seandooa":2}},{"path":"src/main/java/seedu/duke/Food.java","fileType":"functional-code","lines":[{"lineNumber":1,"author":{"gitId":"liuy1103"},"content":"package seedu.duke;","lastModifiedDate":"2024-03-16"},{"lineNumber":2,"author":{"gitId":"liuy1103"},"content":"","lastModifiedDate":"2024-03-16"},{"lineNumber":3,"author":{"gitId":"liuy1103"},"content":"public class Food extends Favourites {","lastModifiedDate":"2024-03-16"},{"lineNumber":4,"author":{"gitId":"seandooa"},"content":"    protected String location;","lastModifiedDate":"2024-03-16"},{"lineNumber":5,"author":{"gitId":"seandooa"},"content":"    protected String price;","lastModifiedDate":"2024-03-16"},{"lineNumber":6,"author":{"gitId":"seandooa"},"content":"","lastModifiedDate":"2024-03-17"},{"lineNumber":7,"author":{"gitId":"seandooa"},"content":"    public Food(String name, String location, String price) {","lastModifiedDate":"2024-03-16"},{"lineNumber":8,"author":{"gitId":"seandooa"},"content":"        super(name);","lastModifiedDate":"2024-03-16"},{"lineNumber":9,"author":{"gitId":"seandooa"},"content":"        this.location \u003d location;","lastModifiedDate":"2024-03-16"},{"lineNumber":10,"author":{"gitId":"seandooa"},"content":"        this.price \u003d price;","lastModifiedDate":"2024-03-16"},{"lineNumber":11,"author":{"gitId":"liuy1103"},"content":"    }","lastModifiedDate":"2024-03-16"},{"lineNumber":12,"author":{"gitId":"liuy1103"},"content":"","lastModifiedDate":"2024-03-16"},{"lineNumber":13,"author":{"gitId":"seandooa"},"content":"    @Override","lastModifiedDate":"2024-03-17"},{"lineNumber":14,"author":{"gitId":"seandooa"},"content":"    public String toString() {","lastModifiedDate":"2024-03-17"},{"lineNumber":15,"author":{"gitId":"seandooa"},"content":"        return (description);","lastModifiedDate":"2024-03-17"},{"lineNumber":16,"author":{"gitId":"seandooa"},"content":"    }","lastModifiedDate":"2024-03-17"},{"lineNumber":17,"author":{"gitId":"liuy1103"},"content":"}","lastModifiedDate":"2024-03-16"}],"authorContributionMap":{"liuy1103":6,"seandooa":11}},{"path":"src/main/java/seedu/duke/FoodList.java","fileType":"functional-code","lines":[{"lineNumber":1,"author":{"gitId":"seandooa"},"content":"package seedu.duke;","lastModifiedDate":"2024-03-17"},{"lineNumber":2,"author":{"gitId":"seandooa"},"content":"","lastModifiedDate":"2024-03-17"},{"lineNumber":3,"author":{"gitId":"seandooa"},"content":"import java.util.ArrayList;","lastModifiedDate":"2024-03-17"},{"lineNumber":4,"author":{"gitId":"seandooa"},"content":"import java.util.Random;","lastModifiedDate":"2024-03-17"},{"lineNumber":5,"author":{"gitId":"seandooa"},"content":"","lastModifiedDate":"2024-03-17"},{"lineNumber":6,"author":{"gitId":"seandooa"},"content":"public class FoodList {","lastModifiedDate":"2024-03-17"},{"lineNumber":7,"author":{"gitId":"seandooa"},"content":"    private ArrayList\u003cFood\u003e foods;","lastModifiedDate":"2024-03-17"},{"lineNumber":8,"author":{"gitId":"seandooa"},"content":"","lastModifiedDate":"2024-03-17"},{"lineNumber":9,"author":{"gitId":"seandooa"},"content":"    public FoodList() {","lastModifiedDate":"2024-03-17"},{"lineNumber":10,"author":{"gitId":"seandooa"},"content":"        this.foods \u003d new ArrayList\u003c\u003e();","lastModifiedDate":"2024-03-17"},{"lineNumber":11,"author":{"gitId":"seandooa"},"content":"    }","lastModifiedDate":"2024-03-17"},{"lineNumber":12,"author":{"gitId":"seandooa"},"content":"","lastModifiedDate":"2024-03-17"},{"lineNumber":13,"author":{"gitId":"seandooa"},"content":"    public FoodList(ArrayList\u003cFood\u003e foods) {","lastModifiedDate":"2024-03-17"},{"lineNumber":14,"author":{"gitId":"seandooa"},"content":"        this.foods \u003d foods;","lastModifiedDate":"2024-03-17"},{"lineNumber":15,"author":{"gitId":"seandooa"},"content":"    }","lastModifiedDate":"2024-03-17"},{"lineNumber":16,"author":{"gitId":"seandooa"},"content":"","lastModifiedDate":"2024-03-17"},{"lineNumber":17,"author":{"gitId":"seandooa"},"content":"    public Food getRandomFood() {","lastModifiedDate":"2024-03-17"},{"lineNumber":18,"author":{"gitId":"seandooa"},"content":"        Random random \u003d new Random();","lastModifiedDate":"2024-03-17"},{"lineNumber":19,"author":{"gitId":"seandooa"},"content":"        int foodIndex \u003d random.nextInt(9);","lastModifiedDate":"2024-03-17"},{"lineNumber":20,"author":{"gitId":"seandooa"},"content":"        return foods.get(foodIndex);","lastModifiedDate":"2024-03-17"},{"lineNumber":21,"author":{"gitId":"seandooa"},"content":"    }","lastModifiedDate":"2024-03-17"},{"lineNumber":22,"author":{"gitId":"seandooa"},"content":"}","lastModifiedDate":"2024-03-17"},{"lineNumber":23,"author":{"gitId":"seandooa"},"content":"","lastModifiedDate":"2024-03-17"},{"lineNumber":24,"author":{"gitId":"seandooa"},"content":"","lastModifiedDate":"2024-03-17"}],"authorContributionMap":{"seandooa":24}},{"path":"src/main/java/seedu/duke/GenerateItineraryCommand.java","fileType":"functional-code","lines":[{"lineNumber":1,"author":{"gitId":"seandooa"},"content":"package seedu.duke;","lastModifiedDate":"2024-03-17"},{"lineNumber":2,"author":{"gitId":"seandooa"},"content":"","lastModifiedDate":"2024-03-17"},{"lineNumber":3,"author":{"gitId":"seandooa"},"content":"import seedu.duke.exceptions.FlirtForkException;","lastModifiedDate":"2024-03-17"},{"lineNumber":4,"author":{"gitId":"seandooa"},"content":"","lastModifiedDate":"2024-03-17"},{"lineNumber":5,"author":{"gitId":"seandooa"},"content":"public class GenerateItineraryCommand extends Command{","lastModifiedDate":"2024-03-17"},{"lineNumber":6,"author":{"gitId":"seandooa"},"content":"    @Override","lastModifiedDate":"2024-03-17"},{"lineNumber":7,"author":{"gitId":"seandooa"},"content":"    public void execute(FavouritesList favourites, FoodList foods, ActivityList activities, Ui ui,","lastModifiedDate":"2024-03-17"},{"lineNumber":8,"author":{"gitId":"seandooa"},"content":"                        Storage storage) throws FlirtForkException {","lastModifiedDate":"2024-03-17"},{"lineNumber":9,"author":{"gitId":"seandooa"},"content":"        Food food \u003d foods.getRandomFood();","lastModifiedDate":"2024-03-17"},{"lineNumber":10,"author":{"gitId":"seandooa"},"content":"        Activity activity \u003d activities.getRandomActivity();","lastModifiedDate":"2024-03-17"},{"lineNumber":11,"author":{"gitId":"seandooa"},"content":"        System.out.println(\"You can do \" + activity + \" and have a nice meal at \" + food);","lastModifiedDate":"2024-03-17"},{"lineNumber":12,"author":{"gitId":"seandooa"},"content":"    }","lastModifiedDate":"2024-03-17"},{"lineNumber":13,"author":{"gitId":"seandooa"},"content":"}","lastModifiedDate":"2024-03-17"}],"authorContributionMap":{"seandooa":13}},{"path":"src/main/java/seedu/duke/Itinerary.java","fileType":"functional-code","lines":[{"lineNumber":1,"author":{"gitId":"seandooa"},"content":"package seedu.duke;","lastModifiedDate":"2024-03-17"},{"lineNumber":2,"author":{"gitId":"seandooa"},"content":"","lastModifiedDate":"2024-03-17"},{"lineNumber":3,"author":{"gitId":"seandooa"},"content":"public class Itinerary {","lastModifiedDate":"2024-03-17"},{"lineNumber":4,"author":{"gitId":"seandooa"},"content":"    private Food food;","lastModifiedDate":"2024-03-17"},{"lineNumber":5,"author":{"gitId":"seandooa"},"content":"    private Activity activity;","lastModifiedDate":"2024-03-17"},{"lineNumber":6,"author":{"gitId":"seandooa"},"content":"","lastModifiedDate":"2024-03-17"},{"lineNumber":7,"author":{"gitId":"seandooa"},"content":"    public Itinerary(Food food, Activity activity) {","lastModifiedDate":"2024-03-17"},{"lineNumber":8,"author":{"gitId":"seandooa"},"content":"        this.food \u003d food;","lastModifiedDate":"2024-03-17"},{"lineNumber":9,"author":{"gitId":"seandooa"},"content":"        this.activity \u003d activity;","lastModifiedDate":"2024-03-17"},{"lineNumber":10,"author":{"gitId":"seandooa"},"content":"    }","lastModifiedDate":"2024-03-17"},{"lineNumber":11,"author":{"gitId":"seandooa"},"content":"}","lastModifiedDate":"2024-03-17"}],"authorContributionMap":{"seandooa":11}},{"path":"src/main/java/seedu/duke/ListFavouritesCommand.java","fileType":"functional-code","lines":[{"lineNumber":1,"author":{"gitId":"liuy1103"},"content":"package seedu.duke;","lastModifiedDate":"2024-03-16"},{"lineNumber":2,"author":{"gitId":"liuy1103"},"content":"","lastModifiedDate":"2024-03-16"},{"lineNumber":3,"author":{"gitId":"liuy1103"},"content":"import seedu.duke.exceptions.FlirtForkException;","lastModifiedDate":"2024-03-16"},{"lineNumber":4,"author":{"gitId":"liuy1103"},"content":"","lastModifiedDate":"2024-03-16"},{"lineNumber":5,"author":{"gitId":"liuy1103"},"content":"public class ListFavouritesCommand extends Command{","lastModifiedDate":"2024-03-16"},{"lineNumber":6,"author":{"gitId":"liuy1103"},"content":"    @Override","lastModifiedDate":"2024-03-16"},{"lineNumber":7,"author":{"gitId":"seandooa"},"content":"    public void execute(FavouritesList favourites, FoodList foods, ActivityList activities, Ui ui,","lastModifiedDate":"2024-03-17"},{"lineNumber":8,"author":{"gitId":"seandooa"},"content":"                        Storage storage) throws FlirtForkException {","lastModifiedDate":"2024-03-17"},{"lineNumber":9,"author":{"gitId":"liuy1103"},"content":"        if (favourites.isEmpty()) {","lastModifiedDate":"2024-03-16"},{"lineNumber":10,"author":{"gitId":"liuy1103"},"content":"            ui.showFavourite(\"No treasures found this time. Let\u0027s fill it with some love!\");","lastModifiedDate":"2024-03-16"},{"lineNumber":11,"author":{"gitId":"liuy1103"},"content":"        } else {","lastModifiedDate":"2024-03-16"},{"lineNumber":12,"author":{"gitId":"liuy1103"},"content":"            ui.listFavourites(favourites);","lastModifiedDate":"2024-03-16"},{"lineNumber":13,"author":{"gitId":"liuy1103"},"content":"        }","lastModifiedDate":"2024-03-16"},{"lineNumber":14,"author":{"gitId":"liuy1103"},"content":"    }","lastModifiedDate":"2024-03-16"},{"lineNumber":15,"author":{"gitId":"liuy1103"},"content":"}","lastModifiedDate":"2024-03-16"}],"authorContributionMap":{"liuy1103":13,"seandooa":2}},{"path":"src/main/java/seedu/duke/Parser.java","fileType":"functional-code","lines":[{"lineNumber":1,"author":{"gitId":"liuy1103"},"content":"package seedu.duke;","lastModifiedDate":"2024-03-16"},{"lineNumber":2,"author":{"gitId":"liuy1103"},"content":"","lastModifiedDate":"2024-03-16"},{"lineNumber":3,"author":{"gitId":"liuy1103"},"content":"import seedu.duke.exceptions.FlirtForkEmptyException;","lastModifiedDate":"2024-03-16"},{"lineNumber":4,"author":{"gitId":"liuy1103"},"content":"import seedu.duke.exceptions.FlirtForkException;","lastModifiedDate":"2024-03-16"},{"lineNumber":5,"author":{"gitId":"liuy1103"},"content":"","lastModifiedDate":"2024-03-16"},{"lineNumber":6,"author":{"gitId":"liuy1103"},"content":"public class Parser {","lastModifiedDate":"2024-03-16"},{"lineNumber":7,"author":{"gitId":"liuy1103"},"content":"    private static final String HORIZONTAL \u003d \"____________________________________________________________\";","lastModifiedDate":"2024-03-16"},{"lineNumber":8,"author":{"gitId":"liuy1103"},"content":"","lastModifiedDate":"2024-03-16"},{"lineNumber":9,"author":{"gitId":"liuy1103"},"content":"    public static Command parseCommand(String userInput) throws FlirtForkException {","lastModifiedDate":"2024-03-16"},{"lineNumber":10,"author":{"gitId":"liuy1103"},"content":"        if (userInput.trim().isEmpty()) {","lastModifiedDate":"2024-03-16"},{"lineNumber":11,"author":{"gitId":"liuy1103"},"content":"            throw new FlirtForkException(\"OOPS! Input cannot be empty! \\n\" + HORIZONTAL);","lastModifiedDate":"2024-03-16"},{"lineNumber":12,"author":{"gitId":"liuy1103"},"content":"        }","lastModifiedDate":"2024-03-16"},{"lineNumber":13,"author":{"gitId":"liuy1103"},"content":"","lastModifiedDate":"2024-03-16"},{"lineNumber":14,"author":{"gitId":"liuy1103"},"content":"        String commandType \u003d userInput.split(\" \")[0];","lastModifiedDate":"2024-03-16"},{"lineNumber":15,"author":{"gitId":"liuy1103"},"content":"        String arguments \u003d userInput.contains(\" \") ? userInput.substring(userInput.indexOf(\" \") + 1) : \"\";","lastModifiedDate":"2024-03-16"},{"lineNumber":16,"author":{"gitId":"liuy1103"},"content":"","lastModifiedDate":"2024-03-16"},{"lineNumber":17,"author":{"gitId":"liuy1103"},"content":"        switch (commandType) {","lastModifiedDate":"2024-03-16"},{"lineNumber":18,"author":{"gitId":"liuy1103"},"content":"        case \"food\":","lastModifiedDate":"2024-03-16"},{"lineNumber":19,"author":{"gitId":"liuy1103"},"content":"            if (arguments.trim().isEmpty()) {","lastModifiedDate":"2024-03-16"},{"lineNumber":20,"author":{"gitId":"liuy1103"},"content":"                throw new FlirtForkEmptyException();","lastModifiedDate":"2024-03-16"},{"lineNumber":21,"author":{"gitId":"liuy1103"},"content":"            }","lastModifiedDate":"2024-03-16"},{"lineNumber":22,"author":{"gitId":"liuy1103"},"content":"            return new AddFoodCommand(arguments);","lastModifiedDate":"2024-03-16"},{"lineNumber":23,"author":{"gitId":"liuy1103"},"content":"        case \"activity\":","lastModifiedDate":"2024-03-16"},{"lineNumber":24,"author":{"gitId":"liuy1103"},"content":"            if (arguments.trim().isEmpty()) {","lastModifiedDate":"2024-03-16"},{"lineNumber":25,"author":{"gitId":"liuy1103"},"content":"                throw new FlirtForkEmptyException();","lastModifiedDate":"2024-03-16"},{"lineNumber":26,"author":{"gitId":"liuy1103"},"content":"            }","lastModifiedDate":"2024-03-16"},{"lineNumber":27,"author":{"gitId":"liuy1103"},"content":"            return new AddActivityCommand(arguments);","lastModifiedDate":"2024-03-16"},{"lineNumber":28,"author":{"gitId":"liuy1103"},"content":"        case \"favourites\":","lastModifiedDate":"2024-03-16"},{"lineNumber":29,"author":{"gitId":"liuy1103"},"content":"            return new ListFavouritesCommand();","lastModifiedDate":"2024-03-16"},{"lineNumber":30,"author":{"gitId":"liuy1103"},"content":"        case \"delete\":","lastModifiedDate":"2024-03-16"},{"lineNumber":31,"author":{"gitId":"liuy1103"},"content":"            try {","lastModifiedDate":"2024-03-16"},{"lineNumber":32,"author":{"gitId":"liuy1103"},"content":"                int index \u003d Integer.parseInt(arguments) - 1;","lastModifiedDate":"2024-03-16"},{"lineNumber":33,"author":{"gitId":"liuy1103"},"content":"                if (index \u003c 0) {","lastModifiedDate":"2024-03-16"},{"lineNumber":34,"author":{"gitId":"liuy1103"},"content":"                    throw new FlirtForkException(\"OOPS! Index must be greater than 0! \\n\" +","lastModifiedDate":"2024-03-16"},{"lineNumber":35,"author":{"gitId":"liuy1103"},"content":"                            HORIZONTAL);","lastModifiedDate":"2024-03-16"},{"lineNumber":36,"author":{"gitId":"liuy1103"},"content":"                }","lastModifiedDate":"2024-03-16"},{"lineNumber":37,"author":{"gitId":"liuy1103"},"content":"                return new DeleteFavouritesCommand(index);","lastModifiedDate":"2024-03-16"},{"lineNumber":38,"author":{"gitId":"liuy1103"},"content":"            } catch (NumberFormatException e) {","lastModifiedDate":"2024-03-16"},{"lineNumber":39,"author":{"gitId":"liuy1103"},"content":"                throw new FlirtForkException(\"OOPS! Invalid format, \" +","lastModifiedDate":"2024-03-16"},{"lineNumber":40,"author":{"gitId":"liuy1103"},"content":"                        \"please specify task index correctly! \\n\" + HORIZONTAL);","lastModifiedDate":"2024-03-16"},{"lineNumber":41,"author":{"gitId":"liuy1103"},"content":"            }","lastModifiedDate":"2024-03-16"},{"lineNumber":42,"author":{"gitId":"liuy1103"},"content":"        case \"find\":","lastModifiedDate":"2024-03-16"},{"lineNumber":43,"author":{"gitId":"liuy1103"},"content":"            if (arguments.trim().isEmpty()) {","lastModifiedDate":"2024-03-16"},{"lineNumber":44,"author":{"gitId":"liuy1103"},"content":"                throw new FlirtForkException(\"OOPS! Please enter keyword(s) to find!\");","lastModifiedDate":"2024-03-16"},{"lineNumber":45,"author":{"gitId":"liuy1103"},"content":"            }","lastModifiedDate":"2024-03-16"},{"lineNumber":46,"author":{"gitId":"liuy1103"},"content":"            return new FindFavouritesCommand(arguments);","lastModifiedDate":"2024-03-16"},{"lineNumber":47,"author":{"gitId":"seandooa"},"content":"        case \"itinerary\":","lastModifiedDate":"2024-03-17"},{"lineNumber":48,"author":{"gitId":"seandooa"},"content":"            return new GenerateItineraryCommand();","lastModifiedDate":"2024-03-17"},{"lineNumber":49,"author":{"gitId":"liuy1103"},"content":"        case \"exit\":","lastModifiedDate":"2024-03-16"},{"lineNumber":50,"author":{"gitId":"liuy1103"},"content":"            return new ExitCommand();","lastModifiedDate":"2024-03-16"},{"lineNumber":51,"author":{"gitId":"liuy1103"},"content":"        default:","lastModifiedDate":"2024-03-16"},{"lineNumber":52,"author":{"gitId":"liuy1103"},"content":"            throw new FlirtForkException(\"Love is a language we all speak, but we didn\u0027t quite catch that. \\n\" +","lastModifiedDate":"2024-03-16"},{"lineNumber":53,"author":{"gitId":"liuy1103"},"content":"                    \"Try again? \\n\" + HORIZONTAL);","lastModifiedDate":"2024-03-16"},{"lineNumber":54,"author":{"gitId":"liuy1103"},"content":"        }","lastModifiedDate":"2024-03-16"},{"lineNumber":55,"author":{"gitId":"liuy1103"},"content":"    }","lastModifiedDate":"2024-03-16"},{"lineNumber":56,"author":{"gitId":"liuy1103"},"content":"","lastModifiedDate":"2024-03-16"},{"lineNumber":57,"author":{"gitId":"liuy1103"},"content":"    public static Favourites parseFavourites(String line) {","lastModifiedDate":"2024-03-16"},{"lineNumber":58,"author":{"gitId":"liuy1103"},"content":"        String[] parts \u003d line.split(\" \\\\| \");","lastModifiedDate":"2024-03-16"},{"lineNumber":59,"author":{"gitId":"liuy1103"},"content":"        Favourites favourite \u003d null;","lastModifiedDate":"2024-03-16"},{"lineNumber":60,"author":{"gitId":"liuy1103"},"content":"","lastModifiedDate":"2024-03-16"},{"lineNumber":61,"author":{"gitId":"liuy1103"},"content":"        if (\"F\".equals(parts[0]) \u0026\u0026 parts.length \u003e\u003d 2) {","lastModifiedDate":"2024-03-16"},{"lineNumber":62,"author":{"gitId":"seandooa"},"content":"            favourite \u003d new Food(parts[0], parts[1], parts[2]);","lastModifiedDate":"2024-03-16"},{"lineNumber":63,"author":{"gitId":"liuy1103"},"content":"        } else if (\"A\".equals(parts[0]) \u0026\u0026 parts.length \u003e\u003d 2) {","lastModifiedDate":"2024-03-16"},{"lineNumber":64,"author":{"gitId":"seandooa"},"content":"            favourite \u003d new Activity(parts[0], parts[1], parts[2]);","lastModifiedDate":"2024-03-17"},{"lineNumber":65,"author":{"gitId":"liuy1103"},"content":"        }","lastModifiedDate":"2024-03-16"},{"lineNumber":66,"author":{"gitId":"liuy1103"},"content":"","lastModifiedDate":"2024-03-16"},{"lineNumber":67,"author":{"gitId":"liuy1103"},"content":"        return favourite;","lastModifiedDate":"2024-03-16"},{"lineNumber":68,"author":{"gitId":"liuy1103"},"content":"    }","lastModifiedDate":"2024-03-16"},{"lineNumber":69,"author":{"gitId":"liuy1103"},"content":"","lastModifiedDate":"2024-03-16"},{"lineNumber":70,"author":{"gitId":"seandooa"},"content":"    public static Food parseFood(String line) {","lastModifiedDate":"2024-03-16"},{"lineNumber":71,"author":{"gitId":"seandooa"},"content":"        String[] parts \u003d line.split(\" \\\\| \");","lastModifiedDate":"2024-03-16"},{"lineNumber":72,"author":{"gitId":"seandooa"},"content":"        Food food;","lastModifiedDate":"2024-03-16"},{"lineNumber":73,"author":{"gitId":"seandooa"},"content":"        food \u003d new Food(parts[0], parts[1], parts[2]);","lastModifiedDate":"2024-03-16"},{"lineNumber":74,"author":{"gitId":"seandooa"},"content":"        return food;","lastModifiedDate":"2024-03-16"},{"lineNumber":75,"author":{"gitId":"seandooa"},"content":"    }","lastModifiedDate":"2024-03-16"},{"lineNumber":76,"author":{"gitId":"seandooa"},"content":"","lastModifiedDate":"2024-03-17"},{"lineNumber":77,"author":{"gitId":"seandooa"},"content":"    public static Activity parseActivity(String line) {","lastModifiedDate":"2024-03-17"},{"lineNumber":78,"author":{"gitId":"seandooa"},"content":"        String[] parts \u003d line.split(\" \\\\| \");","lastModifiedDate":"2024-03-17"},{"lineNumber":79,"author":{"gitId":"seandooa"},"content":"        Activity activity;","lastModifiedDate":"2024-03-17"},{"lineNumber":80,"author":{"gitId":"seandooa"},"content":"        activity \u003d new Activity(parts[0], parts[1], parts[2]);","lastModifiedDate":"2024-03-17"},{"lineNumber":81,"author":{"gitId":"seandooa"},"content":"        return activity;","lastModifiedDate":"2024-03-17"},{"lineNumber":82,"author":{"gitId":"seandooa"},"content":"    }","lastModifiedDate":"2024-03-17"},{"lineNumber":83,"author":{"gitId":"liuy1103"},"content":"}","lastModifiedDate":"2024-03-16"}],"authorContributionMap":{"liuy1103":66,"seandooa":17}},{"path":"src/main/java/seedu/duke/Storage.java","fileType":"functional-code","lines":[{"lineNumber":1,"author":{"gitId":"liuy1103"},"content":"package seedu.duke;","lastModifiedDate":"2024-03-16"},{"lineNumber":2,"author":{"gitId":"liuy1103"},"content":"","lastModifiedDate":"2024-03-16"},{"lineNumber":3,"author":{"gitId":"liuy1103"},"content":"import java.io.File;","lastModifiedDate":"2024-03-16"},{"lineNumber":4,"author":{"gitId":"liuy1103"},"content":"import java.io.FileNotFoundException;","lastModifiedDate":"2024-03-16"},{"lineNumber":5,"author":{"gitId":"liuy1103"},"content":"import java.io.FileWriter;","lastModifiedDate":"2024-03-16"},{"lineNumber":6,"author":{"gitId":"liuy1103"},"content":"import java.io.IOException;","lastModifiedDate":"2024-03-16"},{"lineNumber":7,"author":{"gitId":"liuy1103"},"content":"import java.util.ArrayList;","lastModifiedDate":"2024-03-16"},{"lineNumber":8,"author":{"gitId":"liuy1103"},"content":"import java.util.Scanner;","lastModifiedDate":"2024-03-16"},{"lineNumber":9,"author":{"gitId":"liuy1103"},"content":"","lastModifiedDate":"2024-03-16"},{"lineNumber":10,"author":{"gitId":"liuy1103"},"content":"public class Storage {","lastModifiedDate":"2024-03-16"},{"lineNumber":11,"author":{"gitId":"liuy1103"},"content":"    private String filePath;","lastModifiedDate":"2024-03-16"},{"lineNumber":12,"author":{"gitId":"seandooa"},"content":"    private String foodFilePath;","lastModifiedDate":"2024-03-17"},{"lineNumber":13,"author":{"gitId":"seandooa"},"content":"    private String activityFilePath;","lastModifiedDate":"2024-03-17"},{"lineNumber":14,"author":{"gitId":"seandooa"},"content":"    public Storage(String filePath, String foodFilePath, String activityFilePath) {","lastModifiedDate":"2024-03-17"},{"lineNumber":15,"author":{"gitId":"liuy1103"},"content":"        this.filePath \u003d filePath;","lastModifiedDate":"2024-03-16"},{"lineNumber":16,"author":{"gitId":"seandooa"},"content":"        this.foodFilePath \u003d foodFilePath;","lastModifiedDate":"2024-03-17"},{"lineNumber":17,"author":{"gitId":"seandooa"},"content":"        this.activityFilePath \u003d activityFilePath;","lastModifiedDate":"2024-03-17"},{"lineNumber":18,"author":{"gitId":"liuy1103"},"content":"    }","lastModifiedDate":"2024-03-16"},{"lineNumber":19,"author":{"gitId":"liuy1103"},"content":"","lastModifiedDate":"2024-03-16"},{"lineNumber":20,"author":{"gitId":"liuy1103"},"content":"    public ArrayList\u003cFavourites\u003e loadFavourites() throws FileNotFoundException {","lastModifiedDate":"2024-03-16"},{"lineNumber":21,"author":{"gitId":"liuy1103"},"content":"        ArrayList\u003cFavourites\u003e loadedFavourites \u003d new ArrayList\u003c\u003e();","lastModifiedDate":"2024-03-16"},{"lineNumber":22,"author":{"gitId":"liuy1103"},"content":"        File file \u003d new File(filePath);","lastModifiedDate":"2024-03-16"},{"lineNumber":23,"author":{"gitId":"liuy1103"},"content":"","lastModifiedDate":"2024-03-16"},{"lineNumber":24,"author":{"gitId":"liuy1103"},"content":"        try {","lastModifiedDate":"2024-03-16"},{"lineNumber":25,"author":{"gitId":"liuy1103"},"content":"            Scanner scanner \u003d new Scanner(file);","lastModifiedDate":"2024-03-16"},{"lineNumber":26,"author":{"gitId":"liuy1103"},"content":"            while (scanner.hasNextLine()) {","lastModifiedDate":"2024-03-16"},{"lineNumber":27,"author":{"gitId":"liuy1103"},"content":"                String line \u003d scanner.nextLine();","lastModifiedDate":"2024-03-16"},{"lineNumber":28,"author":{"gitId":"liuy1103"},"content":"                Favourites favourites \u003d Parser.parseFavourites(line);","lastModifiedDate":"2024-03-16"},{"lineNumber":29,"author":{"gitId":"liuy1103"},"content":"                if (favourites !\u003d null) {","lastModifiedDate":"2024-03-16"},{"lineNumber":30,"author":{"gitId":"liuy1103"},"content":"                    loadedFavourites.add(favourites);","lastModifiedDate":"2024-03-16"},{"lineNumber":31,"author":{"gitId":"liuy1103"},"content":"                }","lastModifiedDate":"2024-03-16"},{"lineNumber":32,"author":{"gitId":"liuy1103"},"content":"            }","lastModifiedDate":"2024-03-16"},{"lineNumber":33,"author":{"gitId":"liuy1103"},"content":"            scanner.close();","lastModifiedDate":"2024-03-16"},{"lineNumber":34,"author":{"gitId":"liuy1103"},"content":"        } catch (FileNotFoundException e) {","lastModifiedDate":"2024-03-16"},{"lineNumber":35,"author":{"gitId":"liuy1103"},"content":"            System.out.println(\"OOPS! No saved tasks found, starting with an empty list ~\");","lastModifiedDate":"2024-03-16"},{"lineNumber":36,"author":{"gitId":"liuy1103"},"content":"            new File(file.getParent()).mkdirs();","lastModifiedDate":"2024-03-16"},{"lineNumber":37,"author":{"gitId":"liuy1103"},"content":"        }","lastModifiedDate":"2024-03-16"},{"lineNumber":38,"author":{"gitId":"liuy1103"},"content":"","lastModifiedDate":"2024-03-16"},{"lineNumber":39,"author":{"gitId":"liuy1103"},"content":"        return loadedFavourites;","lastModifiedDate":"2024-03-16"},{"lineNumber":40,"author":{"gitId":"liuy1103"},"content":"    }","lastModifiedDate":"2024-03-16"},{"lineNumber":41,"author":{"gitId":"liuy1103"},"content":"","lastModifiedDate":"2024-03-16"},{"lineNumber":42,"author":{"gitId":"liuy1103"},"content":"    public void saveFavourites(ArrayList\u003cFavourites\u003e favourites) throws IOException {","lastModifiedDate":"2024-03-16"},{"lineNumber":43,"author":{"gitId":"liuy1103"},"content":"        try {","lastModifiedDate":"2024-03-16"},{"lineNumber":44,"author":{"gitId":"liuy1103"},"content":"            File file \u003d new File(filePath);","lastModifiedDate":"2024-03-16"},{"lineNumber":45,"author":{"gitId":"liuy1103"},"content":"            File parentDir \u003d file.getParentFile();","lastModifiedDate":"2024-03-16"},{"lineNumber":46,"author":{"gitId":"liuy1103"},"content":"","lastModifiedDate":"2024-03-16"},{"lineNumber":47,"author":{"gitId":"liuy1103"},"content":"            if (!parentDir.exists()) {","lastModifiedDate":"2024-03-16"},{"lineNumber":48,"author":{"gitId":"liuy1103"},"content":"                parentDir.mkdirs();","lastModifiedDate":"2024-03-16"},{"lineNumber":49,"author":{"gitId":"liuy1103"},"content":"            }","lastModifiedDate":"2024-03-16"},{"lineNumber":50,"author":{"gitId":"liuy1103"},"content":"","lastModifiedDate":"2024-03-16"},{"lineNumber":51,"author":{"gitId":"liuy1103"},"content":"            FileWriter writer \u003d new FileWriter(file);","lastModifiedDate":"2024-03-16"},{"lineNumber":52,"author":{"gitId":"liuy1103"},"content":"            for (Favourites favourite: favourites) {","lastModifiedDate":"2024-03-16"},{"lineNumber":53,"author":{"gitId":"liuy1103"},"content":"                writer.write(favourite.toFileFormat() + \"\\n\");","lastModifiedDate":"2024-03-16"},{"lineNumber":54,"author":{"gitId":"liuy1103"},"content":"            }","lastModifiedDate":"2024-03-16"},{"lineNumber":55,"author":{"gitId":"liuy1103"},"content":"            writer.close();","lastModifiedDate":"2024-03-16"},{"lineNumber":56,"author":{"gitId":"liuy1103"},"content":"        } catch (IOException e) {","lastModifiedDate":"2024-03-16"},{"lineNumber":57,"author":{"gitId":"liuy1103"},"content":"            System.out.println(\"OOPS! An error occurred while saving tasks.\");","lastModifiedDate":"2024-03-16"},{"lineNumber":58,"author":{"gitId":"liuy1103"},"content":"            e.printStackTrace();","lastModifiedDate":"2024-03-16"},{"lineNumber":59,"author":{"gitId":"liuy1103"},"content":"        }","lastModifiedDate":"2024-03-16"},{"lineNumber":60,"author":{"gitId":"liuy1103"},"content":"    }","lastModifiedDate":"2024-03-16"},{"lineNumber":61,"author":{"gitId":"seandooa"},"content":"","lastModifiedDate":"2024-03-17"},{"lineNumber":62,"author":{"gitId":"seandooa"},"content":"    public ArrayList\u003cFood\u003e loadFood() throws FileNotFoundException {","lastModifiedDate":"2024-03-17"},{"lineNumber":63,"author":{"gitId":"seandooa"},"content":"        ArrayList\u003cFood\u003e loadedFood \u003d new ArrayList\u003c\u003e();","lastModifiedDate":"2024-03-17"},{"lineNumber":64,"author":{"gitId":"seandooa"},"content":"        File file \u003d new File(foodFilePath);","lastModifiedDate":"2024-03-17"},{"lineNumber":65,"author":{"gitId":"seandooa"},"content":"        try {","lastModifiedDate":"2024-03-17"},{"lineNumber":66,"author":{"gitId":"seandooa"},"content":"            Scanner scanner \u003d new Scanner(file);","lastModifiedDate":"2024-03-17"},{"lineNumber":67,"author":{"gitId":"seandooa"},"content":"            while (scanner.hasNextLine()) {","lastModifiedDate":"2024-03-17"},{"lineNumber":68,"author":{"gitId":"seandooa"},"content":"                String line \u003d scanner.nextLine();","lastModifiedDate":"2024-03-17"},{"lineNumber":69,"author":{"gitId":"seandooa"},"content":"                Food food \u003d Parser.parseFood(line);","lastModifiedDate":"2024-03-17"},{"lineNumber":70,"author":{"gitId":"seandooa"},"content":"                loadedFood.add(food);","lastModifiedDate":"2024-03-17"},{"lineNumber":71,"author":{"gitId":"seandooa"},"content":"            }","lastModifiedDate":"2024-03-17"},{"lineNumber":72,"author":{"gitId":"seandooa"},"content":"            scanner.close();","lastModifiedDate":"2024-03-17"},{"lineNumber":73,"author":{"gitId":"seandooa"},"content":"        } catch (FileNotFoundException e) {","lastModifiedDate":"2024-03-17"},{"lineNumber":74,"author":{"gitId":"seandooa"},"content":"            System.out.println(\"OOPS! No saved tasks found, starting with an empty list ~\");","lastModifiedDate":"2024-03-17"},{"lineNumber":75,"author":{"gitId":"seandooa"},"content":"            new File(file.getParent()).mkdirs();","lastModifiedDate":"2024-03-17"},{"lineNumber":76,"author":{"gitId":"seandooa"},"content":"        }","lastModifiedDate":"2024-03-17"},{"lineNumber":77,"author":{"gitId":"seandooa"},"content":"        return loadedFood;","lastModifiedDate":"2024-03-17"},{"lineNumber":78,"author":{"gitId":"seandooa"},"content":"    }","lastModifiedDate":"2024-03-17"},{"lineNumber":79,"author":{"gitId":"seandooa"},"content":"","lastModifiedDate":"2024-03-17"},{"lineNumber":80,"author":{"gitId":"seandooa"},"content":"    public ArrayList\u003cActivity\u003e loadActivity() throws FileNotFoundException {","lastModifiedDate":"2024-03-17"},{"lineNumber":81,"author":{"gitId":"seandooa"},"content":"        ArrayList\u003cActivity\u003e loadedActivity \u003d new ArrayList\u003c\u003e();","lastModifiedDate":"2024-03-17"},{"lineNumber":82,"author":{"gitId":"seandooa"},"content":"        File file \u003d new File(activityFilePath);","lastModifiedDate":"2024-03-17"},{"lineNumber":83,"author":{"gitId":"seandooa"},"content":"        try {","lastModifiedDate":"2024-03-17"},{"lineNumber":84,"author":{"gitId":"seandooa"},"content":"            Scanner scanner \u003d new Scanner(file);","lastModifiedDate":"2024-03-17"},{"lineNumber":85,"author":{"gitId":"seandooa"},"content":"            while (scanner.hasNextLine()) {","lastModifiedDate":"2024-03-17"},{"lineNumber":86,"author":{"gitId":"seandooa"},"content":"                String line \u003d scanner.nextLine();","lastModifiedDate":"2024-03-17"},{"lineNumber":87,"author":{"gitId":"seandooa"},"content":"                Activity activity \u003d Parser.parseActivity(line);","lastModifiedDate":"2024-03-17"},{"lineNumber":88,"author":{"gitId":"seandooa"},"content":"                loadedActivity.add(activity);","lastModifiedDate":"2024-03-17"},{"lineNumber":89,"author":{"gitId":"seandooa"},"content":"            }","lastModifiedDate":"2024-03-17"},{"lineNumber":90,"author":{"gitId":"seandooa"},"content":"            scanner.close();","lastModifiedDate":"2024-03-17"},{"lineNumber":91,"author":{"gitId":"seandooa"},"content":"        } catch (FileNotFoundException e) {","lastModifiedDate":"2024-03-17"},{"lineNumber":92,"author":{"gitId":"seandooa"},"content":"            System.out.println(\"OOPS! No saved tasks found, starting with an empty list ~\");","lastModifiedDate":"2024-03-17"},{"lineNumber":93,"author":{"gitId":"seandooa"},"content":"            new File(file.getParent()).mkdirs();","lastModifiedDate":"2024-03-17"},{"lineNumber":94,"author":{"gitId":"seandooa"},"content":"        }","lastModifiedDate":"2024-03-17"},{"lineNumber":95,"author":{"gitId":"seandooa"},"content":"        return loadedActivity;","lastModifiedDate":"2024-03-17"},{"lineNumber":96,"author":{"gitId":"seandooa"},"content":"    }","lastModifiedDate":"2024-03-17"},{"lineNumber":97,"author":{"gitId":"liuy1103"},"content":"}","lastModifiedDate":"2024-03-16"}],"authorContributionMap":{"liuy1103":56,"seandooa":41}},{"path":"src/main/java/seedu/duke/Ui.java","fileType":"functional-code","lines":[{"lineNumber":1,"author":{"gitId":"liuy1103"},"content":"package seedu.duke;","lastModifiedDate":"2024-03-16"},{"lineNumber":2,"author":{"gitId":"liuy1103"},"content":"","lastModifiedDate":"2024-03-16"},{"lineNumber":3,"author":{"gitId":"liuy1103"},"content":"import java.util.ArrayList;","lastModifiedDate":"2024-03-16"},{"lineNumber":4,"author":{"gitId":"liuy1103"},"content":"import java.util.Scanner;","lastModifiedDate":"2024-03-16"},{"lineNumber":5,"author":{"gitId":"liuy1103"},"content":"","lastModifiedDate":"2024-03-16"},{"lineNumber":6,"author":{"gitId":"liuy1103"},"content":"public class Ui {","lastModifiedDate":"2024-03-16"},{"lineNumber":7,"author":{"gitId":"liuy1103"},"content":"    private static final String BOT_NAME \u003d \"Flirt and Fork\";","lastModifiedDate":"2024-03-16"},{"lineNumber":8,"author":{"gitId":"liuy1103"},"content":"    private static final String HORIZONTAL \u003d \"____________________________________________________________\";","lastModifiedDate":"2024-03-16"},{"lineNumber":9,"author":{"gitId":"liuy1103"},"content":"    private Scanner scanner;","lastModifiedDate":"2024-03-16"},{"lineNumber":10,"author":{"gitId":"liuy1103"},"content":"","lastModifiedDate":"2024-03-16"},{"lineNumber":11,"author":{"gitId":"liuy1103"},"content":"    public Ui() {","lastModifiedDate":"2024-03-16"},{"lineNumber":12,"author":{"gitId":"liuy1103"},"content":"        this.scanner \u003d new Scanner(System.in);","lastModifiedDate":"2024-03-16"},{"lineNumber":13,"author":{"gitId":"liuy1103"},"content":"    }","lastModifiedDate":"2024-03-16"},{"lineNumber":14,"author":{"gitId":"liuy1103"},"content":"","lastModifiedDate":"2024-03-16"},{"lineNumber":15,"author":{"gitId":"liuy1103"},"content":"    public void greetingMessage() {","lastModifiedDate":"2024-03-16"},{"lineNumber":16,"author":{"gitId":"liuy1103"},"content":"        System.out.println(HORIZONTAL);","lastModifiedDate":"2024-03-16"},{"lineNumber":17,"author":{"gitId":"liuy1103"},"content":"        System.out.println(\"Hungry for love? You\u0027ve come to the right place.\\n\" +","lastModifiedDate":"2024-03-16"},{"lineNumber":18,"author":{"gitId":"liuy1103"},"content":"                \"Welcome to \" + BOT_NAME + \" - where Cupid meets the chef!\");","lastModifiedDate":"2024-03-16"},{"lineNumber":19,"author":{"gitId":"liuy1103"},"content":"        System.out.println(HORIZONTAL);","lastModifiedDate":"2024-03-16"},{"lineNumber":20,"author":{"gitId":"liuy1103"},"content":"    }","lastModifiedDate":"2024-03-16"},{"lineNumber":21,"author":{"gitId":"liuy1103"},"content":"","lastModifiedDate":"2024-03-16"},{"lineNumber":22,"author":{"gitId":"liuy1103"},"content":"    public void exitMessage() {","lastModifiedDate":"2024-03-16"},{"lineNumber":23,"author":{"gitId":"liuy1103"},"content":"        System.out.println(\"Love, like a good meal, is all about timing.\\n\" +","lastModifiedDate":"2024-03-16"},{"lineNumber":24,"author":{"gitId":"liuy1103"},"content":"                \"Keep your love simmering and your fork ready, \" +","lastModifiedDate":"2024-03-16"},{"lineNumber":25,"author":{"gitId":"liuy1103"},"content":"                \"see you at the next course!\");","lastModifiedDate":"2024-03-16"},{"lineNumber":26,"author":{"gitId":"liuy1103"},"content":"    }","lastModifiedDate":"2024-03-16"},{"lineNumber":27,"author":{"gitId":"liuy1103"},"content":"","lastModifiedDate":"2024-03-16"},{"lineNumber":28,"author":{"gitId":"liuy1103"},"content":"    public void errorMessage(String message) {","lastModifiedDate":"2024-03-16"},{"lineNumber":29,"author":{"gitId":"liuy1103"},"content":"        System.out.println(message);","lastModifiedDate":"2024-03-16"},{"lineNumber":30,"author":{"gitId":"liuy1103"},"content":"    }","lastModifiedDate":"2024-03-16"},{"lineNumber":31,"author":{"gitId":"liuy1103"},"content":"","lastModifiedDate":"2024-03-16"},{"lineNumber":32,"author":{"gitId":"liuy1103"},"content":"    public String readCommand() {","lastModifiedDate":"2024-03-16"},{"lineNumber":33,"author":{"gitId":"liuy1103"},"content":"        return scanner.nextLine();","lastModifiedDate":"2024-03-16"},{"lineNumber":34,"author":{"gitId":"liuy1103"},"content":"    }","lastModifiedDate":"2024-03-16"},{"lineNumber":35,"author":{"gitId":"liuy1103"},"content":"","lastModifiedDate":"2024-03-16"},{"lineNumber":36,"author":{"gitId":"liuy1103"},"content":"    public void showFavourite(String favourite) {","lastModifiedDate":"2024-03-16"},{"lineNumber":37,"author":{"gitId":"liuy1103"},"content":"        System.out.println(favourite);","lastModifiedDate":"2024-03-16"},{"lineNumber":38,"author":{"gitId":"liuy1103"},"content":"    }","lastModifiedDate":"2024-03-16"},{"lineNumber":39,"author":{"gitId":"liuy1103"},"content":"","lastModifiedDate":"2024-03-16"},{"lineNumber":40,"author":{"gitId":"liuy1103"},"content":"    public void listFavourites(FavouritesList favouritesList) {","lastModifiedDate":"2024-03-16"},{"lineNumber":41,"author":{"gitId":"liuy1103"},"content":"        System.out.println(\"Drumroll, please! Presenting the stars of your romantic sky: \");","lastModifiedDate":"2024-03-16"},{"lineNumber":42,"author":{"gitId":"liuy1103"},"content":"        System.out.println(favouritesList.getFormattedFavourites());","lastModifiedDate":"2024-03-16"},{"lineNumber":43,"author":{"gitId":"liuy1103"},"content":"    }","lastModifiedDate":"2024-03-16"},{"lineNumber":44,"author":{"gitId":"liuy1103"},"content":"","lastModifiedDate":"2024-03-16"},{"lineNumber":45,"author":{"gitId":"liuy1103"},"content":"    public void showMatchingFavourites(ArrayList\u003cFavourites\u003e matchingFavourites) {","lastModifiedDate":"2024-03-16"},{"lineNumber":46,"author":{"gitId":"liuy1103"},"content":"        if (matchingFavourites.isEmpty()) {","lastModifiedDate":"2024-03-16"},{"lineNumber":47,"author":{"gitId":"liuy1103"},"content":"            System.out.println(\"No treasures found this time. Let\u0027s try another clue?\");","lastModifiedDate":"2024-03-16"},{"lineNumber":48,"author":{"gitId":"liuy1103"},"content":"        } else {","lastModifiedDate":"2024-03-16"},{"lineNumber":49,"author":{"gitId":"liuy1103"},"content":"            System.out.println(\"Eureka! Your cupid\u0027s arrow hit the target! We found these matches for you:\");","lastModifiedDate":"2024-03-16"},{"lineNumber":50,"author":{"gitId":"liuy1103"},"content":"            for (int i \u003d 0; i \u003c matchingFavourites.size(); i++) {","lastModifiedDate":"2024-03-16"},{"lineNumber":51,"author":{"gitId":"liuy1103"},"content":"                System.out.println((i + 1) + \". \" + matchingFavourites.get(i));","lastModifiedDate":"2024-03-16"},{"lineNumber":52,"author":{"gitId":"liuy1103"},"content":"            }","lastModifiedDate":"2024-03-16"},{"lineNumber":53,"author":{"gitId":"liuy1103"},"content":"        }","lastModifiedDate":"2024-03-16"},{"lineNumber":54,"author":{"gitId":"liuy1103"},"content":"    }","lastModifiedDate":"2024-03-16"},{"lineNumber":55,"author":{"gitId":"liuy1103"},"content":"","lastModifiedDate":"2024-03-16"},{"lineNumber":56,"author":{"gitId":"liuy1103"},"content":"}","lastModifiedDate":"2024-03-16"}],"authorContributionMap":{"liuy1103":56}},{"path":"src/main/java/seedu/duke/exceptions/FlirtForkEmptyException.java","fileType":"functional-code","lines":[{"lineNumber":1,"author":{"gitId":"liuy1103"},"content":"package seedu.duke.exceptions;","lastModifiedDate":"2024-03-16"},{"lineNumber":2,"author":{"gitId":"liuy1103"},"content":"","lastModifiedDate":"2024-03-16"},{"lineNumber":3,"author":{"gitId":"liuy1103"},"content":"public class FlirtForkEmptyException extends FlirtForkException{","lastModifiedDate":"2024-03-16"},{"lineNumber":4,"author":{"gitId":"liuy1103"},"content":"    private static final String HORIZONTAL \u003d \"____________________________________________________________\";","lastModifiedDate":"2024-03-16"},{"lineNumber":5,"author":{"gitId":"liuy1103"},"content":"    public FlirtForkEmptyException() {","lastModifiedDate":"2024-03-16"},{"lineNumber":6,"author":{"gitId":"liuy1103"},"content":"        super(\"Oh no! The task description is empty. \\n\" + HORIZONTAL);","lastModifiedDate":"2024-03-16"},{"lineNumber":7,"author":{"gitId":"liuy1103"},"content":"    }","lastModifiedDate":"2024-03-16"},{"lineNumber":8,"author":{"gitId":"liuy1103"},"content":"","lastModifiedDate":"2024-03-16"},{"lineNumber":9,"author":{"gitId":"liuy1103"},"content":"}","lastModifiedDate":"2024-03-16"}],"authorContributionMap":{"liuy1103":9}},{"path":"src/main/java/seedu/duke/exceptions/FlirtForkException.java","fileType":"functional-code","lines":[{"lineNumber":1,"author":{"gitId":"liuy1103"},"content":"package seedu.duke.exceptions;","lastModifiedDate":"2024-03-16"},{"lineNumber":2,"author":{"gitId":"liuy1103"},"content":"","lastModifiedDate":"2024-03-16"},{"lineNumber":3,"author":{"gitId":"liuy1103"},"content":"public class FlirtForkException extends Exception {","lastModifiedDate":"2024-03-16"},{"lineNumber":4,"author":{"gitId":"liuy1103"},"content":"    public FlirtForkException(String message) {","lastModifiedDate":"2024-03-16"},{"lineNumber":5,"author":{"gitId":"liuy1103"},"content":"        super(message);","lastModifiedDate":"2024-03-16"},{"lineNumber":6,"author":{"gitId":"liuy1103"},"content":"    }","lastModifiedDate":"2024-03-16"},{"lineNumber":7,"author":{"gitId":"liuy1103"},"content":"}","lastModifiedDate":"2024-03-16"}],"authorContributionMap":{"liuy1103":7}}]
