{"authorDailyContributionsMap":{"liuy1103":[{"date":"2024-03-07","commitResults":[{"hash":"97fbf6f284f533ce056e9f2e1566b148f3e39418","isMergeCommit":false,"messageTitle":"Modify AboutUs","messageBody":"","fileTypesAndContributionMap":{"docs":{"insertions":4,"deletions":7}}},{"hash":"69662d3c2ed282aef0aad0390cc40825f02cccb5","isMergeCommit":true,"messageTitle":"Merge pull request #1 from liuy1103/yiting-AboutUs","messageBody":"Modify AboutUs","fileTypesAndContributionMap":{}},{"hash":"ce9c233644303c2f3eb83f1eff502d6c2fc9d0ef","isMergeCommit":true,"messageTitle":"Merge branch \u0027master\u0027 into master","messageBody":"","fileTypesAndContributionMap":{}},{"hash":"2bd2a5254e977cdae9e2edf8200bf85b04ae7ac3","isMergeCommit":true,"messageTitle":"Merge pull request #2 from liuy1103/master","messageBody":"Modify AboutUs","fileTypesAndContributionMap":{}},{"hash":"09b887ff75329130379b7d753ab4bdc28a3d1a58","isMergeCommit":false,"messageTitle":"Modify AboutUs","messageBody":"","fileTypesAndContributionMap":{"docs":{"insertions":4,"deletions":3}}},{"hash":"e7bdba5521d490f94ac00b5658711d9a3f913db9","isMergeCommit":true,"messageTitle":"Merge branch \u0027master\u0027 into yiting-AboutUs","messageBody":"","fileTypesAndContributionMap":{}},{"hash":"3f2625c86008b473aaa60fadac8febd7620aeb22","isMergeCommit":true,"messageTitle":"Merge pull request #4 from liuy1103/yiting-AboutUs","messageBody":"Modify AboutUs","fileTypesAndContributionMap":{}}]},{"date":"2024-03-16","commitResults":[{"hash":"8878ef3ace285444d7c46b7d56dcd872ed497517","isMergeCommit":true,"messageTitle":"Merge branch \u0027yiting-AboutUs\u0027","messageBody":"","fileTypesAndContributionMap":{}},{"hash":"cda62dd617dd852577c6689d5329bbe23103f547","isMergeCommit":false,"messageTitle":"Update code to include basic classes","messageBody":"","fileTypesAndContributionMap":{"functional-code":{"insertions":478,"deletions":21}}},{"hash":"15d0ddcd8dd4e2efd161f74a8074f03f8b611202","isMergeCommit":false,"messageTitle":"Refactor Duke","messageBody":"","fileTypesAndContributionMap":{"other":{"insertions":3,"deletions":3}}}]},{"date":"2024-03-20","commitResults":[{"hash":"931dcc1495dc63f825e95c141c64a78477c5725a","isMergeCommit":false,"messageTitle":"Implement JUnit Test for Parser Class","messageBody":"","fileTypesAndContributionMap":{"test-code":{"insertions":75,"deletions":0}}},{"hash":"7bbfa8a955f6b761906185fa5553a74972cfd707","isMergeCommit":true,"messageTitle":"Merge pull request #28 from liuy1103/yiting-JUnitTests","messageBody":"Implement JUnit Test for Parser Class","fileTypesAndContributionMap":{}},{"hash":"02c0f34edc78560236b6b45e31014d0ed0f376d4","isMergeCommit":false,"messageTitle":"Database access issue resolved","messageBody":"","fileTypesAndContributionMap":{"functional-code":{"insertions":21,"deletions":28},"test-code":{"insertions":1,"deletions":3}}},{"hash":"5212cb41b7ca96a633e91e7a22a0ec3ce25cf87a","isMergeCommit":true,"messageTitle":"Merge pull request #30 from liuy1103/yiting-resourcesDirectory","messageBody":"Database access issue resolved","tags":["v1.0"],"fileTypesAndContributionMap":{}}]},{"date":"2024-03-25","commitResults":[{"hash":"a69941589dacf810b1a9c077f77fe6d6536a8b72","isMergeCommit":false,"messageTitle":"Implement Generate Gift Recommendation Function","messageBody":"","fileTypesAndContributionMap":{"functional-code":{"insertions":154,"deletions":18},"test-code":{"insertions":4,"deletions":3}}},{"hash":"1ddcf32f299110a40b4e346fb76c36e93e431108","isMergeCommit":true,"messageTitle":"Merge pull request #48 from liuy1103/yiting-giftCommand","messageBody":"Implement Generate Gift Recommendation Function","fileTypesAndContributionMap":{}},{"hash":"83bc7098baa56b5fd0550d5e03322a1af790659d","isMergeCommit":false,"messageTitle":"Add GiftList and view history of gifts","messageBody":"","fileTypesAndContributionMap":{"functional-code":{"insertions":16,"deletions":2}}},{"hash":"8cc3e9db8b8e997328c9f90ae33086cb826aa011","isMergeCommit":true,"messageTitle":"Merge branch \u0027yiting-giftCommand\u0027","messageBody":"","fileTypesAndContributionMap":{}},{"hash":"12e1828f7c14a3cf79a8ebf075ad12fd9cd6ed30","isMergeCommit":true,"messageTitle":"Merge pull request #50 from liuy1103/yiting-giftCommand","messageBody":"Add GiftList and view history of gifts","fileTypesAndContributionMap":{}},{"hash":"fc84f276cc189b0a06e9e48229a3e30a0b0f6e64","isMergeCommit":false,"messageTitle":"Add assertion and logs, udpate user guide","messageBody":"","fileTypesAndContributionMap":{"functional-code":{"insertions":8,"deletions":0},"docs":{"insertions":52,"deletions":6}}},{"hash":"4c1965733c88f383170c52af02114dcaef0af75d","isMergeCommit":true,"messageTitle":"Merge pull request #51 from liuy1103/yiting-userGuide-1","messageBody":"Add assertion and log","fileTypesAndContributionMap":{}}]},{"date":"2024-03-26","commitResults":[{"hash":"96836d5f33e9eeef2efbb7f85ff60c1c31ee9304","isMergeCommit":false,"messageTitle":"Update user guide for command usage","messageBody":"","fileTypesAndContributionMap":{"functional-code":{"insertions":2,"deletions":2},"docs":{"insertions":171,"deletions":21}}},{"hash":"8bfa82a3d4cc234b77307ff9e95c0f03469bfd68","isMergeCommit":true,"messageTitle":"Merge pull request #52 from liuy1103/yiting-userGuide-1","messageBody":"Update user guide for command usage","fileTypesAndContributionMap":{}}]},{"date":"2024-03-28","commitResults":[{"hash":"69c64ebdb9f5daf5ea1966c7bf882e5f41f445e6","isMergeCommit":false,"messageTitle":"Update Developer Guide for Gift Feature","messageBody":"","fileTypesAndContributionMap":{"docs":{"insertions":110,"deletions":1}}},{"hash":"be1b9901f6f89387a71b24726e693fa92eb679da","isMergeCommit":true,"messageTitle":"Merge pull request #58 from liuy1103/yiting-DeveloperGuide-Gift-1","messageBody":"Update Developer Guide for Gift Feature","fileTypesAndContributionMap":{}}]},{"date":"2024-04-03","commitResults":[{"hash":"9ce7ce6bd8cd68b932a69b20da44ba8deef7735e","isMergeCommit":false,"messageTitle":"Add UML diagram to Gift","messageBody":"","fileTypesAndContributionMap":{"docs":{"insertions":94,"deletions":1}}},{"hash":"b56d9d60f46addb3551627f0e1486f2b201916df","isMergeCommit":true,"messageTitle":"Merge pull request #83 from liuy1103/yiting-GiftUMLDiagrams","messageBody":"Add UML diagram to Gift","fileTypesAndContributionMap":{}},{"hash":"023e98f78ac718755f915cc0dd81a5687c97f66a","isMergeCommit":false,"messageTitle":"Implement termination for gift generation","messageBody":"","fileTypesAndContributionMap":{"functional-code":{"insertions":9,"deletions":1},"docs":{"insertions":1,"deletions":1}}},{"hash":"34d27bf83d27274a4b67788221233434d40885d7","isMergeCommit":true,"messageTitle":"Merge pull request #84 from liuy1103/yiting-giftTerminate","messageBody":"Implement termination for gift generation","fileTypesAndContributionMap":{}},{"hash":"549de5940765b43d3624290e6fcdf360ae13ac15","isMergeCommit":false,"messageTitle":"Add termination for generate idea","messageBody":"","fileTypesAndContributionMap":{"functional-code":{"insertions":4,"deletions":0}}},{"hash":"c7a2f30f313d81d07a24635eec2ea3630d2d7308","isMergeCommit":true,"messageTitle":"Merge pull request #85 from liuy1103/yiting-terminateGeneration","messageBody":"Add termination for generate idea","fileTypesAndContributionMap":{}}]}],"tiffanyliu0220":[{"date":"2024-03-07","commitResults":[{"hash":"e57cc68a8061f7757f22e0f093007bdf388e05cf","isMergeCommit":false,"messageTitle":"Update README.md","messageBody":"","fileTypesAndContributionMap":{"docs":{"insertions":1,"deletions":1}}},{"hash":"f9a23fe3d57c1ed8f215ad183dd11e66e54bd140","isMergeCommit":false,"messageTitle":"tiffany update AboutUs","messageBody":"","fileTypesAndContributionMap":{"docs":{"insertions":6,"deletions":5}}},{"hash":"2164d63fa9995cf178bbb27528339527f483405d","isMergeCommit":true,"messageTitle":"Merge pull request #5 from tiffanyliu0220/tiffany-AboutUs","messageBody":"tiffany update AboutUs","fileTypesAndContributionMap":{}}]},{"date":"2024-03-19","commitResults":[{"hash":"e6fd6db0b01e0bc6c7b3073a4a31d509b9b43154","isMergeCommit":false,"messageTitle":"addListFunction","messageBody":"","fileTypesAndContributionMap":{"functional-code":{"insertions":78,"deletions":0}}},{"hash":"5183b1231577c8ec36bb18e2b39a319565fb0cec","isMergeCommit":true,"messageTitle":"Merge pull request #23 from tiffanyliu0220/addListFunction","messageBody":"addListFunction","fileTypesAndContributionMap":{}}]},{"date":"2024-03-28","commitResults":[{"hash":"a869865910bf259a43dad21c60138c0e5d63f4a6","isMergeCommit":false,"messageTitle":"no message","messageBody":"","fileTypesAndContributionMap":{"functional-code":{"insertions":2,"deletions":0},"other":{"insertions":1,"deletions":0}}},{"hash":"3abaf54b4532ddd0150b5d6f756d9928dda79355","isMergeCommit":true,"messageTitle":"Merge branch \u0027master\u0027 of https://github.com/tiffanyliu0220/tp","messageBody":"# Conflicts:\n#\tsrc/main/java/seedu/duke/Duke.java\n","fileTypesAndContributionMap":{}},{"hash":"0db868664c870123c92491d116d2e65430aaf196","isMergeCommit":true,"messageTitle":"Merge branch \u0027AY2324S2-CS2113-T11-2:master\u0027 into master","messageBody":"","fileTypesAndContributionMap":{}},{"hash":"6f10215e7a09b56162827cd2b391a334505c7316","isMergeCommit":true,"messageTitle":"Merge branch \u0027master\u0027 of https://github.com/tiffanyliu0220/tp","messageBody":"","fileTypesAndContributionMap":{}},{"hash":"fa2e6d50c947a25a66ae38a6fa7d93ee1531d530","isMergeCommit":false,"messageTitle":"update of \"Glossary\" and \"Instructions for Manual Testing on DG, add exceptions for list command","messageBody":"","fileTypesAndContributionMap":{"functional-code":{"insertions":1,"deletions":1},"docs":{"insertions":83,"deletions":1}}},{"hash":"528b8623ac8c0f2f9bbae2a7e478a3c34b4674cb","isMergeCommit":true,"messageTitle":"Merge pull request #60 from tiffanyliu0220/master","messageBody":"Update DG on Glossary and Instructions for Manual Testing, Add exception for List command","fileTypesAndContributionMap":{}}]},{"date":"2024-04-08","commitResults":[{"hash":"7799cbc3095845e164dac9651f36e04e2f1f6d2a","isMergeCommit":false,"messageTitle":"no message","messageBody":"","fileTypesAndContributionMap":{"functional-code":{"insertions":10,"deletions":1}}},{"hash":"c72de09aef7e8616fcaa7b1bfc79a21f76881091","isMergeCommit":true,"messageTitle":"Merge branch \u0027master\u0027 of https://github.com/tiffanyliu0220/tp","messageBody":"# Conflicts:\n#\tdata/UserDetails.txt\n","fileTypesAndContributionMap":{}},{"hash":"e1c7b8850370c8f719847c754b0e87eca7916138","isMergeCommit":false,"messageTitle":"fix command bugs","messageBody":"","fileTypesAndContributionMap":{"functional-code":{"insertions":23,"deletions":1}}},{"hash":"5467e1d1ce8a7d4d0b191efeadcfb0acb5c083d4","isMergeCommit":true,"messageTitle":"Merge branch \u0027fixFavourites\u0027","messageBody":"","fileTypesAndContributionMap":{}},{"hash":"8695e8ab7be171f266d00bc2363bfde4d81ae079","isMergeCommit":false,"messageTitle":"fix command bugs","messageBody":"","fileTypesAndContributionMap":{"functional-code":{"insertions":5,"deletions":1}}},{"hash":"153aca55dbff624d45f0e73e81c8237ffae2f9e1","isMergeCommit":false,"messageTitle":"no message","messageBody":"","fileTypesAndContributionMap":{"functional-code":{"insertions":2,"deletions":2}}},{"hash":"7a31cc35fe461fa1d882d6e52d9f862b307c74f2","isMergeCommit":true,"messageTitle":"Merge pull request #136 from tiffanyliu0220/master","messageBody":"Fix Command Bugs","fileTypesAndContributionMap":{}}]},{"date":"2024-04-09","commitResults":[{"hash":"ab02cc33a3da20a1d7f38445ea91fc3350ae5a4b","isMergeCommit":true,"messageTitle":"Merge branch \u0027master\u0027 of https://github.com/tiffanyliu0220/tp","messageBody":"","fileTypesAndContributionMap":{}},{"hash":"429bdcb7301e34c074e45ea2b8629c2f56654d27","isMergeCommit":false,"messageTitle":"Add JUnit test for Favourites class","messageBody":"","fileTypesAndContributionMap":{"test-code":{"insertions":36,"deletions":0}}},{"hash":"57413f23b02b458b94a3152228c0f7469788485c","isMergeCommit":true,"messageTitle":"Merge branch \u0027fixFavourites\u0027","messageBody":"","fileTypesAndContributionMap":{}},{"hash":"403308757fc2135093a9237fae2bc10cd96b7cf2","isMergeCommit":false,"messageTitle":"JUnit Tests for Favourites Class","messageBody":"","fileTypesAndContributionMap":{"test-code":{"insertions":0,"deletions":7}}},{"hash":"084f52a11169b6016ee10e3263ca90d3dacb4d87","isMergeCommit":false,"messageTitle":"JUnit Test for Favourites Class","messageBody":"","fileTypesAndContributionMap":{"test-code":{"insertions":20,"deletions":6}}},{"hash":"ca77a9f5d09fc386bfeee1491d673c0a1cc34445","isMergeCommit":false,"messageTitle":"no message","messageBody":"","fileTypesAndContributionMap":{"test-code":{"insertions":11,"deletions":5}}},{"hash":"01646a292e7fbad4efb9708ca5bf37f11e3b438d","isMergeCommit":false,"messageTitle":"no message","messageBody":"","fileTypesAndContributionMap":{"test-code":{"insertions":5,"deletions":10}}},{"hash":"613f15bd88acd71176fa900bec6f9a43b1d5d571","isMergeCommit":true,"messageTitle":"Merge pull request #144 from tiffanyliu0220/master","messageBody":"JUnit Test for Favourites Class","fileTypesAndContributionMap":{}},{"hash":"72f719be42ad953d07f6d72af1e12ecd79604795","isMergeCommit":false,"messageTitle":"JUnit Test for FavouritesList","messageBody":"","fileTypesAndContributionMap":{"test-code":{"insertions":58,"deletions":0}}},{"hash":"f75c00730691c4ff725ef9efbc6e4bfcf4c1890c","isMergeCommit":false,"messageTitle":"no message","messageBody":"","fileTypesAndContributionMap":{"test-code":{"insertions":2,"deletions":2}}},{"hash":"1e53beb61c514884d69b54beaf87de6997848761","isMergeCommit":true,"messageTitle":"Merge branch \u0027AY2324S2-CS2113-T11-2:master\u0027 into master","messageBody":"","fileTypesAndContributionMap":{}},{"hash":"9112b69bbd8fbbbdcf99d75b0a27b490d1f5e58e","isMergeCommit":true,"messageTitle":"Merge branch \u0027master\u0027 of https://github.com/tiffanyliu0220/tp","messageBody":"","fileTypesAndContributionMap":{}},{"hash":"eaeb50c4432d2625b966d88080d767116e172263","isMergeCommit":false,"messageTitle":"no message","messageBody":"","fileTypesAndContributionMap":{"test-code":{"insertions":0,"deletions":6}}},{"hash":"08d87bb41d5b11ad13e60a8b4c1a60268d2b7b21","isMergeCommit":false,"messageTitle":"no message","messageBody":"","fileTypesAndContributionMap":{"test-code":{"insertions":0,"deletions":1}}},{"hash":"6941440963f4fb9ac602c427929d8c986f1d8efe","isMergeCommit":true,"messageTitle":"Merge pull request #151 from tiffanyliu0220/master","messageBody":"JUnit Test for FavouritesList","fileTypesAndContributionMap":{}}]}],"RyanTDL":[{"date":"2024-03-07","commitResults":[{"hash":"91bc5ccfe5961b5ea6505e68bc5b2ddaac877dac","isMergeCommit":false,"messageTitle":"Added personal details to AboutUs page","messageBody":"","fileTypesAndContributionMap":{"docs":{"insertions":4,"deletions":2}}},{"hash":"c6d621621629187ff41e572b071708939838fa86","isMergeCommit":true,"messageTitle":"Merge pull request #6 from RyanTDL/RyanTDL-AboutUs","messageBody":"Added personal details to AboutUs page","fileTypesAndContributionMap":{}}]},{"date":"2024-03-19","commitResults":[{"hash":"173136199da53c23614cd85723430214c4d0ca38","isMergeCommit":false,"messageTitle":"Feature: Generate Idea and Itinerary completed","messageBody":"","fileTypesAndContributionMap":{"functional-code":{"insertions":116,"deletions":16},"test-code":{"insertions":1,"deletions":1}}},{"hash":"d4735b318413f5dd95631c313a5dbed1c3107f72","isMergeCommit":true,"messageTitle":"Merge pull request #1 from RyanTDL/generate-date","messageBody":"Feature: Generate Idea and Itinerary completed","fileTypesAndContributionMap":{}},{"hash":"2746392317e67605eb4b3a0d30c3acf1bfa97251","isMergeCommit":true,"messageTitle":"Merge branch \u0027AY2324S2-CS2113-T11-2:master\u0027 into master","messageBody":"","fileTypesAndContributionMap":{}},{"hash":"930bc5e21e217a1ecd2b679d8ba13bc6592b2cf0","isMergeCommit":false,"messageTitle":"Documentation: Include user instructions and user stories","messageBody":"","fileTypesAndContributionMap":{"functional-code":{"insertions":2,"deletions":0},"docs":{"insertions":125,"deletions":22}}},{"hash":"44669fad2c04c1a07e64593f536be2e5ec3a7688","isMergeCommit":false,"messageTitle":"Add JUnit tests","messageBody":"","fileTypesAndContributionMap":{"functional-code":{"insertions":6,"deletions":0},"test-code":{"insertions":51,"deletions":3}}},{"hash":"8b39eded5e8f48dd4e70f8772479d116c0356c65","isMergeCommit":false,"messageTitle":"Refactor code to comply with coding convention","messageBody":"","fileTypesAndContributionMap":{"functional-code":{"insertions":2,"deletions":3}}},{"hash":"cc76309e0603069bb86480c7abc80e383769458e","isMergeCommit":true,"messageTitle":"Merge pull request #24 from RyanTDL/master","messageBody":"Add generate itinerary function and user guide","fileTypesAndContributionMap":{}}]},{"date":"2024-03-24","commitResults":[{"hash":"3c93b603b0085b16f63384257971b31f529665a6","isMergeCommit":false,"messageTitle":"Add feature to track history. No repeats generated","messageBody":"","fileTypesAndContributionMap":{"functional-code":{"insertions":49,"deletions":21},"test-code":{"insertions":25,"deletions":25}}},{"hash":"3d2498a518ab1996b213547f129c658b19310d7b","isMergeCommit":false,"messageTitle":"Add feature: Overwrites txt file to mark completed activites/food","messageBody":"","fileTypesAndContributionMap":{"functional-code":{"insertions":47,"deletions":3}}},{"hash":"6bf7ecd90beff1e311a55661febd63deb655eeb8","isMergeCommit":false,"messageTitle":"Add feature: Able to view history of past dates","messageBody":"","fileTypesAndContributionMap":{"functional-code":{"insertions":48,"deletions":2}}},{"hash":"365368322570f9901794f9f6bee8559483b1421b","isMergeCommit":false,"messageTitle":"Update user guide, inclusion of new commands","messageBody":"","fileTypesAndContributionMap":{"functional-code":{"insertions":5,"deletions":3},"docs":{"insertions":15,"deletions":0}}},{"hash":"81317ce20294b1d498f5eaa4003bcd38de976408","isMergeCommit":false,"messageTitle":"Refactor code to deal with gradlew check","messageBody":"","fileTypesAndContributionMap":{"functional-code":{"insertions":0,"deletions":2},"test-code":{"insertions":62,"deletions":30}}},{"hash":"4328d7eba5cc2da9c36d34cae6320cb786b456be","isMergeCommit":true,"messageTitle":"Merge pull request #45 from RyanTDL/master","messageBody":"Add function to track and view past date restaurants \u0026 activities","fileTypesAndContributionMap":{}}]},{"date":"2024-03-27","commitResults":[{"hash":"6f2eb06687a6abd880d06ab3810bc17c81de91e2","isMergeCommit":false,"messageTitle":"Update to developer guide, explain history command","messageBody":"","fileTypesAndContributionMap":{"docs":{"insertions":12,"deletions":0}}}]},{"date":"2024-03-28","commitResults":[{"hash":"bfa8f745adce1368c9cc1a93540c7f08f1cf6bad","isMergeCommit":true,"messageTitle":"Merge branch \u0027master\u0027 into master","messageBody":"","fileTypesAndContributionMap":{}},{"hash":"b74928ee58a09ef66d6a06e782ced7902ebec789","isMergeCommit":true,"messageTitle":"Merge pull request #56 from RyanTDL/master","messageBody":"Update to developer guide, explain history command","fileTypesAndContributionMap":{}},{"hash":"6c31744fcb9c43050561dd4b575fb94641392582","isMergeCommit":true,"messageTitle":"Merge pull request #57 from seandooa/SeanDooa-GenerateIdeaDeveloperGuide","messageBody":"Sean dooa generate idea developer guide","fileTypesAndContributionMap":{}}]},{"date":"2024-04-01","commitResults":[{"hash":"17081e02823744607a2960354ab4fe4982886c26","isMergeCommit":false,"messageTitle":"Refactor generateItinerary, handles case if no suitable option in database","messageBody":"","fileTypesAndContributionMap":{"functional-code":{"insertions":72,"deletions":60}}},{"hash":"2b92423ce7477bc62737d187678d1704cca9c4c7","isMergeCommit":false,"messageTitle":"Refactor AddFood/AddActivity commands. Now prevents bad inputs","messageBody":"","fileTypesAndContributionMap":{"functional-code":{"insertions":68,"deletions":11},"docs":{"insertions":5,"deletions":5}}},{"hash":"5853e679f71da9e2c64b29bb85fa69dd01ec61bb","isMergeCommit":false,"messageTitle":"Refactor generateItinerary, handles incorrect no. of inputs","messageBody":"","fileTypesAndContributionMap":{"functional-code":{"insertions":4,"deletions":1}}},{"hash":"a26bf9c3865c4f1ffb30c3de5abbf9b14d8f2181","isMergeCommit":false,"messageTitle":"Refactor commands, changed output printed on CLI","messageBody":"","fileTypesAndContributionMap":{"functional-code":{"insertions":7,"deletions":4},"test-code":{"insertions":1,"deletions":1}}},{"hash":"d3c717ebb27c5290401f89cfee0d9f215d257141","isMergeCommit":false,"messageTitle":"Refactor 2 classes to conform with gradlew styling","messageBody":"","fileTypesAndContributionMap":{"functional-code":{"insertions":9,"deletions":8}}},{"hash":"c4adbffb94809e10120e757082299d997fe9e914","isMergeCommit":true,"messageTitle":"Merge pull request #66 from RyanTDL/master","messageBody":"Refactor certain classes to deal with bad inputs","fileTypesAndContributionMap":{}}]},{"date":"2024-04-02","commitResults":[{"hash":"f2449d240290a207a0cb94936e976fa3dfdef2d9","isMergeCommit":false,"messageTitle":"Update document guide: Explain \u0027history\u0027 command","messageBody":"","fileTypesAndContributionMap":{"docs":{"insertions":24,"deletions":4}}}]},{"date":"2024-04-03","commitResults":[{"hash":"2221398d2fc608d901234b1ff1940b31d4cb3c85","isMergeCommit":true,"messageTitle":"Merge branch \u0027master\u0027 of https://github.com/RyanTDL/tp","messageBody":"","fileTypesAndContributionMap":{}},{"hash":"0b92e1dbef2442aacb9eb1f7c139886e628d510f","isMergeCommit":false,"messageTitle":"Update DG to explain \u0027history\u0027 command","messageBody":"","fileTypesAndContributionMap":{"docs":{"insertions":35,"deletions":4}}},{"hash":"0c0c7f2d9e4c790ef89617333a47770af19e18cb","isMergeCommit":true,"messageTitle":"Merge pull request #82 from RyanTDL/master","messageBody":"Update DG with sequence diagram to explain \u0027history\u0027 command","fileTypesAndContributionMap":{}}]},{"date":"2024-04-10","commitResults":[{"hash":"51f83d3006fbd0ce86066878ba18ff7aabafa7a5","isMergeCommit":false,"messageTitle":"Refactor input format. Now use \", \" instead of \" \"","messageBody":"","fileTypesAndContributionMap":{"functional-code":{"insertions":38,"deletions":43},"docs":{"insertions":14,"deletions":10}}},{"hash":"7f9978b15384b257ad19903206a4709d2994555d","isMergeCommit":false,"messageTitle":"Refactor to handle gradlew checks","messageBody":"","fileTypesAndContributionMap":{"functional-code":{"insertions":0,"deletions":2},"test-code":{"insertions":1,"deletions":1}}},{"hash":"684983d5b70ec5366f1befa0caeb21b9fb80cdaf","isMergeCommit":false,"messageTitle":"Refactor generateItinerary. Now verifies price/location","messageBody":"","fileTypesAndContributionMap":{"functional-code":{"insertions":16,"deletions":0}}},{"hash":"c16da00a114a5fc18d8493d1f66110a22240c956","isMergeCommit":false,"messageTitle":"Refactor favouriting function. Now updates database","messageBody":"","fileTypesAndContributionMap":{"functional-code":{"insertions":27,"deletions":9}}},{"hash":"7e346ba1c39ed354bc83c864fa952c503c00538e","isMergeCommit":false,"messageTitle":"Populate food/activity database with more entries","messageBody":"","fileTypesAndContributionMap":{"functional-code":{"insertions":6,"deletions":4}}},{"hash":"efa5b5a81388fb1984ca0a0149711736950b644f","isMergeCommit":true,"messageTitle":"Merge branch \u0027AY2324S2-CS2113-T11-2:master\u0027 into master","messageBody":"","fileTypesAndContributionMap":{}},{"hash":"bb41d9a7b26eb52f89a031f48eb7c92af9219b03","isMergeCommit":false,"messageTitle":"Add ability to scan and load txt files","messageBody":"","fileTypesAndContributionMap":{"functional-code":{"insertions":6,"deletions":3}}},{"hash":"739397f52b68bc569f63373bd6697e47fb40c955","isMergeCommit":false,"messageTitle":"Fix bug: History function now working","messageBody":"","fileTypesAndContributionMap":{"functional-code":{"insertions":73,"deletions":12}}},{"hash":"d6ad635d18fe386cd9213a5fe5d4c296fd5de116","isMergeCommit":true,"messageTitle":"Merge branch \u0027AY2324S2-CS2113-T11-2:master\u0027 into master","messageBody":"","fileTypesAndContributionMap":{}},{"hash":"1983a654b49767f84db1ae9fa6cf21cbd99f3bea","isMergeCommit":true,"messageTitle":"Merge branch \u0027master\u0027 of https://github.com/RyanTDL/tp","messageBody":"","fileTypesAndContributionMap":{}},{"hash":"956accf9ff832fc56b94a04ce6dca2961b404b03","isMergeCommit":true,"messageTitle":"Merge pull request #153 from RyanTDL/master","messageBody":"","fileTypesAndContributionMap":{}},{"hash":"e661e6afca0f7b3c717f4d5ece06ce90be136146","isMergeCommit":false,"messageTitle":"Fix minor bugs with error logging and input handling","messageBody":"","fileTypesAndContributionMap":{"functional-code":{"insertions":17,"deletions":23},"test-code":{"insertions":1,"deletions":1}}},{"hash":"0b18790a631a9926e5ce312fda6334ffac819428","isMergeCommit":false,"messageTitle":"Refactor \u0027food\u0027 to verify cuisine type, and minor Ui fixes","messageBody":"","fileTypesAndContributionMap":{"functional-code":{"insertions":10,"deletions":9}}},{"hash":"03c603a42cc886248d221e9f749a899667d98956","isMergeCommit":true,"messageTitle":"Merge pull request #158 from RyanTDL/master","messageBody":"Fix error display messages, and add \u0027cancel\u0027 function to certain commands","fileTypesAndContributionMap":{}}]}],"seandooa":[{"date":"2024-03-07","commitResults":[{"hash":"73a4a383404f4692037c95d7471315414f9a03d8","isMergeCommit":false,"messageTitle":"Update AboutUs.md with personal details","messageBody":"","fileTypesAndContributionMap":{"docs":{"insertions":3,"deletions":7}}},{"hash":"2a71e1bebce5e0629e8d0d7df84591a7b0f3e45d","isMergeCommit":true,"messageTitle":"Merge branch \u0027master\u0027 into SeanDooa-AboutUs","messageBody":"","fileTypesAndContributionMap":{}},{"hash":"af87d5d4ca8c633602bdcf122d3034bb06bfd394","isMergeCommit":true,"messageTitle":"Merge pull request #3 from seandooa/SeanDooa-AboutUs","messageBody":"Update AboutUs.md with personal details","fileTypesAndContributionMap":{}}]},{"date":"2024-03-16","commitResults":[{"hash":"382bed6130df8c5434fb133118c3f85c82dafb5f","isMergeCommit":true,"messageTitle":"Merge pull request #9 from liuy1103/yiting-basicClasses","messageBody":"Yiting basic classes","fileTypesAndContributionMap":{}},{"hash":"4eb1ae43d71891ba22313bfa0eaab41b32cdf4b4","isMergeCommit":false,"messageTitle":"Fix CheckStyle error","messageBody":"","fileTypesAndContributionMap":{"functional-code":{"insertions":2,"deletions":2}}},{"hash":"e12de7e264d41f19afbe0bcce7e46fbadf50a2cf","isMergeCommit":true,"messageTitle":"Merge pull request #13 from seandooa/Seandooa-FixCheckStyleError","messageBody":"Fix CheckStyle error","fileTypesAndContributionMap":{}},{"hash":"3c5ae2aff82f5f828fa0fce1d62b407622ffe0a4","isMergeCommit":false,"messageTitle":"Add more variables to Food.java and create parseFood parser","messageBody":"","fileTypesAndContributionMap":{"functional-code":{"insertions":14,"deletions":13}}}]},{"date":"2024-03-17","commitResults":[{"hash":"5cc609372e202a87f8046b6359a9d2c7d9a22a0d","isMergeCommit":false,"messageTitle":"Create loadFood method to load restaurant data from a text file","messageBody":"","fileTypesAndContributionMap":{"functional-code":{"insertions":25,"deletions":4}}},{"hash":"eac6df5954c499f29b570c4f6dd6d121f42cdf9d","isMergeCommit":false,"messageTitle":"Create FoodList class to load the text file data into","messageBody":"","fileTypesAndContributionMap":{"functional-code":{"insertions":19,"deletions":0}}},{"hash":"162e9b7b4626d9c2b9e51b54ac2db4067f2312b8","isMergeCommit":false,"messageTitle":"Add more variables to Activity.java and create parseActivity parser","messageBody":"","fileTypesAndContributionMap":{"functional-code":{"insertions":16,"deletions":13}}},{"hash":"b66a9d59a3b4b5500ae0e414822d5c6da0cc1dda","isMergeCommit":false,"messageTitle":"Add ability to load list of activities from ActivityList.txt","messageBody":"","fileTypesAndContributionMap":{"functional-code":{"insertions":42,"deletions":4}}},{"hash":"43a1f9a0800553e83eb3dd7078565f01d4a76d6f","isMergeCommit":false,"messageTitle":"Create Itinerary class","messageBody":"","fileTypesAndContributionMap":{"functional-code":{"insertions":11,"deletions":0}}},{"hash":"ed8f9ad6abc03f693be4c27b3d0442376827fd10","isMergeCommit":false,"messageTitle":"Add ability to generate an itinerary of 1 random restaurant and activity","messageBody":"","fileTypesAndContributionMap":{"functional-code":{"insertions":54,"deletions":10}}},{"hash":"3cbd1a37c0a0eb90013796a65027423e757636fb","isMergeCommit":false,"messageTitle":"Fix CheckStyle errors","messageBody":"","fileTypesAndContributionMap":{"functional-code":{"insertions":2,"deletions":1}}},{"hash":"a677a69c25c0dc9fa098fd25baeb297eb634fc7a","isMergeCommit":true,"messageTitle":"Merge pull request #14 from seandooa/SeanDooa-GenerateItinerary","messageBody":"Sean dooa generate itinerary","fileTypesAndContributionMap":{}},{"hash":"0166c8f75bd6cee8f4d49e4a7c6b76f0fd75a4ef","isMergeCommit":false,"messageTitle":"Refactor code to use Itinerary class","messageBody":"","fileTypesAndContributionMap":{"functional-code":{"insertions":7,"deletions":1}}},{"hash":"c8993de050841694cd1d374e678061cb05f305ed","isMergeCommit":false,"messageTitle":"Add JUnit test for GenerateItineraryCommand","messageBody":"","fileTypesAndContributionMap":{"test-code":{"insertions":44,"deletions":3}}},{"hash":"216cbc2b91e00eeab6185db674d5cbe1aa13606c","isMergeCommit":true,"messageTitle":"Merge pull request #16 from seandooa/SeanDooa-GenerateItineraryJUnitTest","messageBody":"Sean dooa generate itinerary j unit test","fileTypesAndContributionMap":{}}]},{"date":"2024-03-24","commitResults":[{"hash":"980979f237f1470c52ffd094a22aab735c3106ed","isMergeCommit":false,"messageTitle":"Add ability to take in and store user\u0027s anniversary if applicable","messageBody":"","fileTypesAndContributionMap":{"functional-code":{"insertions":25,"deletions":4}}},{"hash":"afb592ae8157dd220d332aa07d0dfc6cf719c694","isMergeCommit":false,"messageTitle":"Update JUnit test to reflect changes","messageBody":"","fileTypesAndContributionMap":{"test-code":{"insertions":2,"deletions":1}}},{"hash":"f178347ded6f7a3deb4cde4bf95d9baf9ae38238","isMergeCommit":false,"messageTitle":"Make it compulsory for 1st time users to input their personal details","messageBody":"","fileTypesAndContributionMap":{"functional-code":{"insertions":48,"deletions":21}}},{"hash":"651b415b38b979f1360c4b00b0b8906b1ebce27e","isMergeCommit":false,"messageTitle":"Add an anniversary reminder to welcomeMessage if applicable","messageBody":"","fileTypesAndContributionMap":{"functional-code":{"insertions":6,"deletions":2}}},{"hash":"eba4ce68b181516e3568f2e56733815f80667bf6","isMergeCommit":false,"messageTitle":"Add an assertion in main","messageBody":"","fileTypesAndContributionMap":{"functional-code":{"insertions":2,"deletions":1},"other":{"insertions":1,"deletions":0}}},{"hash":"37f6e09c2c3ca31eec9818d64a7b29ff4d68a2e4","isMergeCommit":false,"messageTitle":"Update JUnit test to reflect changes","messageBody":"","fileTypesAndContributionMap":{"test-code":{"insertions":5,"deletions":3}}},{"hash":"ec385b1ffaf4912cb36f97dbd635c0c40e099758","isMergeCommit":true,"messageTitle":"Merge branch \u0027master\u0027 into SeanDooa-AnniversaryReminders","messageBody":"","fileTypesAndContributionMap":{}},{"hash":"86a409224af32ef18cdddd06d5d79558aaf961b8","isMergeCommit":true,"messageTitle":"Merge pull request #46 from seandooa/SeanDooa-AnniversaryReminders","messageBody":"Sean dooa anniversary reminders","fileTypesAndContributionMap":{}},{"hash":"f4e1b6b1a7b1217852d91c6bfd980ec0f12b5704","isMergeCommit":false,"messageTitle":"Update input parameters for ViewHistoryCommand","messageBody":"","fileTypesAndContributionMap":{"functional-code":{"insertions":1,"deletions":1}}},{"hash":"8e254072d1ce9ac8fd61172cd9cb207653ec592f","isMergeCommit":true,"messageTitle":"Merge pull request #47 from seandooa/SeanDooa-FixGitHubChecks","messageBody":"Update input parameters for ViewHistoryCommand","fileTypesAndContributionMap":{}}]},{"date":"2024-03-27","commitResults":[{"hash":"6d5c8f7a522a9d209b04b661ac03d06a65a4018d","isMergeCommit":false,"messageTitle":"Repackage command classes into commands package","messageBody":"","fileTypesAndContributionMap":{"functional-code":{"insertions":15,"deletions":0},"other":{"insertions":59,"deletions":31},"test-code":{"insertions":3,"deletions":0}}},{"hash":"af2d09a6250ff5f6ccc9266546e66ffaf5af3a9e","isMergeCommit":false,"messageTitle":"Replace imports with single class imports to fix CheckStyle","messageBody":"","fileTypesAndContributionMap":{"functional-code":{"insertions":132,"deletions":14},"test-code":{"insertions":7,"deletions":1}}},{"hash":"985242f46e2fa0fea5a263d9818cec748665c074","isMergeCommit":true,"messageTitle":"Merge pull request #55 from seandooa/SeanDooa-RepackageCommands","messageBody":"Repackage command classes into commands package","fileTypesAndContributionMap":{}}]},{"date":"2024-03-28","commitResults":[{"hash":"56196ee38d4545505050868bf7c3a60d435fe94c","isMergeCommit":false,"messageTitle":"Add logging to GenerateIdeaCommand","messageBody":"","fileTypesAndContributionMap":{"functional-code":{"insertions":17,"deletions":2}}},{"hash":"110243443433196fb0b34a0d49f2a877f77bd4be","isMergeCommit":false,"messageTitle":"Add description for GenerateIdeaCommand in Developer Guide","messageBody":"","fileTypesAndContributionMap":{"docs":{"insertions":18,"deletions":0}}},{"hash":"fc3c6d564306087d756682830a737f720983f7e4","isMergeCommit":false,"messageTitle":"Create activity diagram for GenerateIdeaCommand","messageBody":"","fileTypesAndContributionMap":{"docs":{"insertions":37,"deletions":0}}},{"hash":"1b22c29434c530eccc14bf94f68152566d4b6e7a","isMergeCommit":false,"messageTitle":"Add Style.puml to diagrams directory","messageBody":"","fileTypesAndContributionMap":{"docs":{"insertions":20,"deletions":30}}},{"hash":"2a17648b8dc20af0c1205b8c8392d203252c368f","isMergeCommit":false,"messageTitle":"Add activity diagram to Developer Guide","messageBody":"","fileTypesAndContributionMap":{"docs":{"insertions":4,"deletions":0}}},{"hash":"2d0b9eca8bd73c56c61cd3d817bea054d2efc736","isMergeCommit":true,"messageTitle":"Merge branch \u0027SeanDooa-GenerateIdeaDeveloperGuide\u0027","messageBody":"","fileTypesAndContributionMap":{}},{"hash":"c57925086f11cc20060f76175f65ec1175ea1b52","isMergeCommit":true,"messageTitle":"Merge pull request #59 from seandooa/master","messageBody":"Add activity diagram for GenerateIdeaCommand","fileTypesAndContributionMap":{}}]},{"date":"2024-04-02","commitResults":[{"hash":"8d3e477c84c39cb7471560d5fda262a105c39982","isMergeCommit":false,"messageTitle":"Add Javadoc for ListOptionsCommand","messageBody":"","fileTypesAndContributionMap":{"functional-code":{"insertions":38,"deletions":0}}},{"hash":"e5c4e3bed73724602ae8031c50f3985c448ba4a2","isMergeCommit":false,"messageTitle":"Improve error handling for ListOptionsCommand","messageBody":"","fileTypesAndContributionMap":{"functional-code":{"insertions":8,"deletions":0}}},{"hash":"cdba20077f3d0839f648c20a62889c5aa7312e25","isMergeCommit":false,"messageTitle":"Add assertion in execute method","messageBody":"","fileTypesAndContributionMap":{"functional-code":{"insertions":3,"deletions":0}}},{"hash":"aa7c302201fdfb742d4613f7725617a23d8b3bc3","isMergeCommit":false,"messageTitle":"Add J-unit test for invalid input case","messageBody":"","fileTypesAndContributionMap":{"test-code":{"insertions":36,"deletions":0}}},{"hash":"4fad343ac7441a3efe6231d4a279d905f3e6fca4","isMergeCommit":true,"messageTitle":"Merge pull request #73 from seandooa/SeanDooa-JUnitandErrorHandling-ListOptionsCommand","messageBody":"Improve error handling and testing for ListOptionsCommand","fileTypesAndContributionMap":{}},{"hash":"82ffdb616b30a2a0d96c3f613752bd9822e6f473","isMergeCommit":false,"messageTitle":"Add error handling for inputting user location and age","messageBody":"","fileTypesAndContributionMap":{"functional-code":{"insertions":33,"deletions":2}}},{"hash":"53b70c43693f8e914a976072cef64895dfdc4367","isMergeCommit":false,"messageTitle":"Add error handling for inputting cuisine preference","messageBody":"","fileTypesAndContributionMap":{"functional-code":{"insertions":26,"deletions":2}}},{"hash":"509260e8f6cf72cc14d3a51ad38dd3307a54b927","isMergeCommit":false,"messageTitle":"Add error handling for inputting user status","messageBody":"","fileTypesAndContributionMap":{"functional-code":{"insertions":23,"deletions":3}}},{"hash":"0ff43c259b4be6639d5ee7941f46705cdf707594","isMergeCommit":false,"messageTitle":"Add Javadoc for some Ui methods","messageBody":"","fileTypesAndContributionMap":{"functional-code":{"insertions":20,"deletions":0}}},{"hash":"4e12b5d2a710dbe81fc8540f1993ce22eee63110","isMergeCommit":false,"messageTitle":"Add error handling for inputting user gender","messageBody":"","fileTypesAndContributionMap":{"functional-code":{"insertions":25,"deletions":2}}},{"hash":"e14095c46441f6374bed46e4d1c299a3dc2bd748","isMergeCommit":true,"messageTitle":"Merge pull request #76 from seandooa/SeanDooa-JUnitandErrorHandling-UserDetailsCommand","messageBody":"Improve error handling for UserDetailsCommand","fileTypesAndContributionMap":{}},{"hash":"4f43d127bd80eda8f82a693feedc5acdaa13a17a","isMergeCommit":false,"messageTitle":"Improve error handling in GenerateIdeaCommand","messageBody":"","fileTypesAndContributionMap":{"functional-code":{"insertions":18,"deletions":15}}},{"hash":"4e0239b17e0105438bf98f125c861f03adca13eb","isMergeCommit":false,"messageTitle":"Add Javadoc to GenerateIdeaCommand","messageBody":"","fileTypesAndContributionMap":{"functional-code":{"insertions":35,"deletions":5}}},{"hash":"116fdb7d5f144f812efaaf93959585675a18e3ba","isMergeCommit":false,"messageTitle":"Remove unused exception in J-Unit test","messageBody":"","fileTypesAndContributionMap":{"test-code":{"insertions":0,"deletions":2}}},{"hash":"9244bbdda9c1530366c163ba93e619217af9b176","isMergeCommit":true,"messageTitle":"Merge pull request #78 from seandooa/SeanDooa-ErrorHandlingforGenerateIdeaCommand","messageBody":"Improve error handling for GenerateIdeaCommand","fileTypesAndContributionMap":{}},{"hash":"81ff9479cc9a430a3c17fbae4cc447359f3b92a3","isMergeCommit":false,"messageTitle":"Add more expected outputs in User Guide","messageBody":"","fileTypesAndContributionMap":{"docs":{"insertions":34,"deletions":11}}},{"hash":"ad9c15d9ace2a0f52ec3eb53f90dc9c8d7920de4","isMergeCommit":true,"messageTitle":"Merge pull request #79 from seandooa/SeanDooa-AddUserGuideOutputs","messageBody":"Add more expected outputs in User Guide","fileTypesAndContributionMap":{}},{"hash":"5e94af3ec8c50585d2f1abfd3108bd5ca5814989","isMergeCommit":false,"messageTitle":"Create sequence diagram for GenerateIdeaCommand","messageBody":"","fileTypesAndContributionMap":{"docs":{"insertions":39,"deletions":0}}},{"hash":"c173bce05bbf3b6f13cf3f01b6d2eaa0821c56be","isMergeCommit":false,"messageTitle":"Add sequence diagram to Developer Guide","messageBody":"","fileTypesAndContributionMap":{"docs":{"insertions":4,"deletions":0}}},{"hash":"777daadb018cde90d975ffc663dbbf5f9ec71960","isMergeCommit":true,"messageTitle":"Merge pull request #80 from seandooa/SeanDooa-SequenceDiagramforGenerateIdeaCommand","messageBody":"Update Developer Guide with sequence diagram for Generate Idea feature","fileTypesAndContributionMap":{}}]},{"date":"2024-04-03","commitResults":[{"hash":"72d1fe2d8163518f647433b32b2d7da3e02e6f1d","isMergeCommit":false,"messageTitle":"Fix bug for Favourites feature","messageBody":"","fileTypesAndContributionMap":{"functional-code":{"insertions":21,"deletions":22},"test-code":{"insertions":3,"deletions":3}}},{"hash":"efc61a40fa6eeeef52474b2c66ec46218c5dcfa7","isMergeCommit":false,"messageTitle":"Update User Guide for buggy features","messageBody":"","fileTypesAndContributionMap":{"docs":{"insertions":5,"deletions":2}}},{"hash":"669671ea7f43009c74cac1e960c20775eddbc4ba","isMergeCommit":true,"messageTitle":"Merge pull request #87 from seandooa/SeanDooa-Fix2.1ReleaseBugs","messageBody":"Fix v2.0b release bugs","tags":["v2.0b"],"fileTypesAndContributionMap":{}}]}],"soongensayo":[{"date":"2024-03-07","commitResults":[{"hash":"69c92da4656c6c827049ace29002059c2197f547","isMergeCommit":false,"messageTitle":"Update README.md","messageBody":"","fileTypesAndContributionMap":{"docs":{"insertions":2,"deletions":2}}},{"hash":"5c655496f082e516264fd5e1e993c6b7150f78c5","isMergeCommit":false,"messageTitle":"Add personal details to AboutUs page","messageBody":"","fileTypesAndContributionMap":{"docs":{"insertions":2,"deletions":5}}},{"hash":"9e17ea2593eab404786fa4da20b28e0dbdc03c22","isMergeCommit":true,"messageTitle":"Merge pull request #1 from soongensayo/soongEn-AboutUs","messageBody":"Add personal details to AboutUs page","fileTypesAndContributionMap":{}}]},{"date":"2024-03-18","commitResults":[{"hash":"5225ed6df337203a16c27f2bdedd13b00c848b68","isMergeCommit":false,"messageTitle":"Add Help Function","messageBody":"","fileTypesAndContributionMap":{"functional-code":{"insertions":46,"deletions":1}}},{"hash":"e29ff4a232fef8b02c2378377ead61f6733520a3","isMergeCommit":true,"messageTitle":"Merge pull request #17 from soongensayo/addHelp","messageBody":"Add Help Function","fileTypesAndContributionMap":{}},{"hash":"f8d28f0d84ba0d41ebe14ecaca109490f15f59fb","isMergeCommit":false,"messageTitle":"Updated changes for text-ui-test","messageBody":"","fileTypesAndContributionMap":{"functional-code":{"insertions":1,"deletions":1}}},{"hash":"7f8436b3ade157f63862cdbfaf85b3ca694dff39","isMergeCommit":true,"messageTitle":"Merge pull request #19 from soongensayo/addHelp","messageBody":"Updated changes for text-ui-test","fileTypesAndContributionMap":{}},{"hash":"dfe4faf785b6b3d46282a0a428a592c973184700","isMergeCommit":false,"messageTitle":"Fix indentation for helpMessage","messageBody":"","fileTypesAndContributionMap":{"functional-code":{"insertions":24,"deletions":24}}},{"hash":"b23130d2a0fe4ea207bfcd8e6538001b764fe3b8","isMergeCommit":true,"messageTitle":"Merge pull request #20 from soongensayo/addHelp","messageBody":"Fix indentation for helpMessage","fileTypesAndContributionMap":{}},{"hash":"48caa9eab52a14d3c0d91edb9f9aa70ab4e279fa","isMergeCommit":false,"messageTitle":"Fix bugs in Itinerary","messageBody":"","fileTypesAndContributionMap":{"functional-code":{"insertions":5,"deletions":1}}},{"hash":"45f81de28086c6272aefdea3a11f0548d2419aae","isMergeCommit":true,"messageTitle":"Merge pull request #21 from soongensayo/addHelp","messageBody":"Fix bugs in Itinerary","fileTypesAndContributionMap":{}},{"hash":"d490cf65aef24bafc6c4e6d20e5c60a87546ba31","isMergeCommit":false,"messageTitle":"Improve runtest.bat and runtest.sh","messageBody":"","fileTypesAndContributionMap":{"other":{"insertions":6,"deletions":0}}},{"hash":"3199b1abbacddbde149de53b3cb53767b0c4b5e9","isMergeCommit":true,"messageTitle":"Merge pull request #22 from soongensayo/soongEn-fixGradleErrors","messageBody":"Improve runtest.bat and runtest.sh","fileTypesAndContributionMap":{}}]},{"date":"2024-03-22","commitResults":[{"hash":"4e3acc4cc610f417a5429a4de2f73c442a3ea371","isMergeCommit":false,"messageTitle":"Add function for user to key in personal data","messageBody":"","fileTypesAndContributionMap":{"functional-code":{"insertions":149,"deletions":0}}},{"hash":"f592a58057c21d9970a3b6556f50f01b1511aaad","isMergeCommit":false,"messageTitle":"Add function for user to key in personal data","messageBody":"","fileTypesAndContributionMap":{"functional-code":{"insertions":5,"deletions":7}}},{"hash":"3ecb477ada83b6ee971c475fe5e818b6812f407a","isMergeCommit":true,"messageTitle":"Merge pull request #33 from soongensayo/addUserDetails","messageBody":"Add function for user to key in personal data","fileTypesAndContributionMap":{}}]},{"date":"2024-03-23","commitResults":[{"hash":"cfe9326f3732ed15a70530dc01ca5760e9c17cdf","isMergeCommit":false,"messageTitle":"Add function to generate Smart Itinerary","messageBody":"","fileTypesAndContributionMap":{"functional-code":{"insertions":127,"deletions":12},"test-code":{"insertions":16,"deletions":6}}},{"hash":"7cfefc8bd91ee4f052e7d0919ef1c31c24a010b7","isMergeCommit":true,"messageTitle":"Merge pull request #39 from soongensayo/soongEn-addSmartItinerary","messageBody":"Add function to generate Smart Itinerary","fileTypesAndContributionMap":{}},{"hash":"71dbd67ad38050b86081b580ce9041043f5feed1","isMergeCommit":false,"messageTitle":"Add JUnit test for User Details Command","messageBody":"","fileTypesAndContributionMap":{"test-code":{"insertions":10,"deletions":0}}},{"hash":"337bd3546ff7eecabece5c96d07d9f11335f43cf","isMergeCommit":true,"messageTitle":"Merge pull request #40 from soongensayo/soongEn-addJUnitTests","messageBody":"Add JUnit test for User Details Command","fileTypesAndContributionMap":{}}]},{"date":"2024-03-24","commitResults":[{"hash":"2951c63c1980c0b94bc41c1548b169a38fdbe8f2","isMergeCommit":false,"messageTitle":"Add Smart Itinerary feature to Developer Guide","messageBody":"","fileTypesAndContributionMap":{"docs":{"insertions":16,"deletions":0}}},{"hash":"b99c912885c0c6659023b8dcbf2ceada9580859e","isMergeCommit":true,"messageTitle":"Merge pull request #41 from soongensayo/soongEn-DeveloperGuide","messageBody":"Add Smart Itinerary feature to Developer Guide","fileTypesAndContributionMap":{}}]},{"date":"2024-03-26","commitResults":[{"hash":"f5541de69ff9a2b84cc12921390bee21ec60b608","isMergeCommit":false,"messageTitle":"Add JavaDoc comments","messageBody":"","fileTypesAndContributionMap":{"functional-code":{"insertions":141,"deletions":12}}},{"hash":"01210e43d74b26a3d18cbbadc4635a7404e2436d","isMergeCommit":true,"messageTitle":"Merge pull request #53 from soongensayo/master","messageBody":"Add JavaDoc comments","fileTypesAndContributionMap":{}}]},{"date":"2024-04-01","commitResults":[{"hash":"3f46324335daf89c34616e3fd281155c20275f4c","isMergeCommit":false,"messageTitle":"Add JavaDoc comments, error handling and JUnit Tests","messageBody":"","fileTypesAndContributionMap":{"functional-code":{"insertions":78,"deletions":26},"other":{"insertions":12,"deletions":0},"test-code":{"insertions":75,"deletions":1}}},{"hash":"a61c6e84a596ed026aed01765906594508effd48","isMergeCommit":false,"messageTitle":"Add JavaDoc comments, error handling and JUnit Tests","messageBody":"","fileTypesAndContributionMap":{"functional-code":{"insertions":4,"deletions":5}}},{"hash":"eaee441a17d5e1d3ada0b41e0bcfc002a5fecef2","isMergeCommit":false,"messageTitle":"Add JavaDoc comments, error handling and JUnit Tests","messageBody":"","fileTypesAndContributionMap":{"test-code":{"insertions":3,"deletions":1}}},{"hash":"6f0ff6bccb66c929ec5528261591299d11c152e9","isMergeCommit":true,"messageTitle":"Merge pull request #69 from soongensayo/soongEn-addJavaDocs","messageBody":"Add JavaDoc comments, error handling and JUnit Tests","fileTypesAndContributionMap":{}},{"hash":"3993a70fadec08413aa6e36a9a6881010543c696","isMergeCommit":false,"messageTitle":"Updated \u0027help\u0027 and \u0027smart\u0027 portions in User Guide","messageBody":"","fileTypesAndContributionMap":{"docs":{"insertions":27,"deletions":5}}},{"hash":"cc4e64e3edec2c5129ebf533e5fdd2967b3c1346","isMergeCommit":true,"messageTitle":"Merge pull request #70 from soongensayo/soongEn-UserGuide","messageBody":"Updated \u0027help\u0027 and \u0027smart\u0027 portions in User Guide","fileTypesAndContributionMap":{}},{"hash":"f850b2dde19271323980e2525becf85ccb6c4a83","isMergeCommit":false,"messageTitle":"Add Sequence Diagram for Smart Itinerary Generation in Developer Guide","messageBody":"","fileTypesAndContributionMap":{"docs":{"insertions":5,"deletions":3}}},{"hash":"f995bc0731ab81534eaf58933481d6409df243b3","isMergeCommit":true,"messageTitle":"Merge pull request #71 from soongensayo/soongEn-DeveloperGuide2","messageBody":"Add Sequence Diagram for Smart Itinerary Generation in Developer Guide","fileTypesAndContributionMap":{}}]},{"date":"2024-04-03","commitResults":[{"hash":"97f86fd599e08a38f98efb1e405ac3ec0b6b6fa0","isMergeCommit":false,"messageTitle":"Add User Details Collection feature to Developer Guide","messageBody":"","fileTypesAndContributionMap":{"docs":{"insertions":21,"deletions":0}}},{"hash":"9a1587494caac2ba89d86f4c1ff217f27b2b60ba","isMergeCommit":true,"messageTitle":"Merge pull request #81 from soongensayo/soongEn-DeveloperGuide3","messageBody":"Add User Details Collection feature to Developer Guide","fileTypesAndContributionMap":{}}]},{"date":"2024-04-06","commitResults":[{"hash":"cf1d317fabe305c50ea22952792fb4cb8e9c410a","isMergeCommit":false,"messageTitle":"Fix bugs and improve checks for User Details inputs","messageBody":"","fileTypesAndContributionMap":{"functional-code":{"insertions":26,"deletions":2}}},{"hash":"daff056e7c8eb4d28d47b42af34a7f882d7b3c7e","isMergeCommit":true,"messageTitle":"Merge pull request #132 from soongensayo/soongEn-ped-bug-fixes","messageBody":"Fix bugs and improve checks for User Details inputs","fileTypesAndContributionMap":{}},{"hash":"ead323f479e2baf69e89a61601eab194ce54a97a","isMergeCommit":false,"messageTitle":"Fix naming issue in User Guide","messageBody":"","fileTypesAndContributionMap":{"docs":{"insertions":5,"deletions":5}}},{"hash":"1c325e8fbf339bc1db53897d4cd485de8cab1cff","isMergeCommit":false,"messageTitle":"Fix exit bug","messageBody":"","fileTypesAndContributionMap":{"functional-code":{"insertions":3,"deletions":0}}},{"hash":"625300096a0bc786bf4c355a54cd6adb7f9782ec","isMergeCommit":false,"messageTitle":"Fix smart command error message for wrong format","messageBody":"","fileTypesAndContributionMap":{"functional-code":{"insertions":1,"deletions":1}}},{"hash":"f34a34b4098c792ee0099e0acafbc519dc1f0770","isMergeCommit":false,"messageTitle":"Add legend for cuisines in help command","messageBody":"","fileTypesAndContributionMap":{"functional-code":{"insertions":10,"deletions":0}}},{"hash":"15dd6fccae595f7aed9e892d370854e0fa41f5d9","isMergeCommit":true,"messageTitle":"Merge pull request #133 from soongensayo/soongEn-ped-bug-fixes","messageBody":"Fix bugs in User Guide and improve Error Handling for Exit, Help and Smart commands.","fileTypesAndContributionMap":{}}]},{"date":"2024-04-08","commitResults":[{"hash":"a3bd07a17cc9f93ca8820316e898333094ea1c3c","isMergeCommit":false,"messageTitle":"Fix smart command error message","messageBody":"","fileTypesAndContributionMap":{"functional-code":{"insertions":2,"deletions":2}}},{"hash":"3d1aa079e31a4a7963d2c90263ceb0628d35c11d","isMergeCommit":true,"messageTitle":"Merge pull request #137 from soongensayo/master","messageBody":"Fix smart command error message","fileTypesAndContributionMap":{}},{"hash":"0613f0f30b7df0c01ca4850c5d9a7d61432b45bd","isMergeCommit":false,"messageTitle":"Improve smart command","messageBody":"","fileTypesAndContributionMap":{"functional-code":{"insertions":2,"deletions":2}}},{"hash":"fa1d18f68c9449d3da9773e3ee3af917d08aa052","isMergeCommit":false,"messageTitle":"Fix smart command error message","messageBody":"","fileTypesAndContributionMap":{"functional-code":{"insertions":1,"deletions":1}}},{"hash":"e49d4a2eb1b50176bde3f227a161ebc352f28a4f","isMergeCommit":true,"messageTitle":"Merge pull request #139 from soongensayo/master","messageBody":"Improve smart command","fileTypesAndContributionMap":{}}]},{"date":"2024-04-09","commitResults":[{"hash":"e56bbb7944ef78c93b5c4727ad0fa9232e0c8e51","isMergeCommit":false,"messageTitle":"Add to FoodList.txt and Improve Smart Command","messageBody":"","fileTypesAndContributionMap":{"functional-code":{"insertions":71,"deletions":6}}},{"hash":"b3c47db1b3bc184a1dea68de66513a384388f399","isMergeCommit":true,"messageTitle":"Merge pull request #145 from soongensayo/soongEn-improveSmartCommand","messageBody":"Add to FoodList.txt and Improve Smart Command","fileTypesAndContributionMap":{}}]},{"date":"2024-04-10","commitResults":[{"hash":"14142d1b6c4687c4e45e88264bcc037737ffc889","isMergeCommit":true,"messageTitle":"Merge pull request #152 from RyanTDL/master","messageBody":"Refactor itinerary generation and history function","fileTypesAndContributionMap":{}},{"hash":"4cabe81aef113931eccebc8a1109c57ac74f9883","isMergeCommit":false,"messageTitle":"Edit smart command portion in User Guide","messageBody":"","fileTypesAndContributionMap":{"docs":{"insertions":7,"deletions":2}}},{"hash":"13f99712a51d4d7ddf7817926fdccfcbd7aecd69","isMergeCommit":true,"messageTitle":"Merge pull request #154 from soongensayo/soongEn-UserGuide2","messageBody":"Edit smart command portion in User Guide","fileTypesAndContributionMap":{}},{"hash":"9b295ea697645c7a4a77d1d0d149c3e344b56c52","isMergeCommit":false,"messageTitle":"Refactor loadUserDetails command","messageBody":"","fileTypesAndContributionMap":{"functional-code":{"insertions":14,"deletions":14}}},{"hash":"3fe25403877924caf3927706efae0ee2187a49c2","isMergeCommit":false,"messageTitle":"Change output for smart itinerary","messageBody":"","fileTypesAndContributionMap":{"functional-code":{"insertions":1,"deletions":1}}},{"hash":"d15c4bb6e39ba26af8984516f75f9ea2c640c6a4","isMergeCommit":true,"messageTitle":"Merge pull request #155 from soongensayo/soongEn-refactor","messageBody":"Refactor loadUserDetails command","fileTypesAndContributionMap":{}},{"hash":"be35a45152255a21053b148055dbcb9d10b8e778","isMergeCommit":false,"messageTitle":"Add Q\u0026A section and legend for cuisine in User Guide","messageBody":"","fileTypesAndContributionMap":{"docs":{"insertions":35,"deletions":4}}},{"hash":"d3d876a4851f5c8c0d634584121755193e9aa669","isMergeCommit":true,"messageTitle":"Merge pull request #156 from soongensayo/soongEn-refactor","messageBody":"Add Q\u0026A section and legend for cuisine in User Guide","fileTypesAndContributionMap":{}},{"hash":"3ac795fca1aea9ba0c96d899e5bc63688c2d0232","isMergeCommit":false,"messageTitle":"Add lines to FAQ section","messageBody":"","fileTypesAndContributionMap":{"docs":{"insertions":8,"deletions":8}}},{"hash":"f0434b11ae0e91545193c8d0325d396e2c4cd0bb","isMergeCommit":true,"messageTitle":"Merge pull request #157 from soongensayo/master","messageBody":"Add lines to FAQ section","fileTypesAndContributionMap":{}}]}]},"authorFileTypeContributionMap":{"liuy1103":{"docs":403,"functional-code":587,"test-code":74},"tiffanyliu0220":{"docs":87,"functional-code":108,"test-code":96},"RyanTDL":{"docs":175,"functional-code":465,"test-code":82},"seandooa":{"docs":131,"functional-code":579,"test-code":82,"other":1},"soongensayo":{"docs":103,"functional-code":555,"test-code":101,"other":18}},"authorContributionVariance":{"liuy1103":7645.771,"tiffanyliu0220":865.1233,"RyanTDL":7726.849,"seandooa":5933.2056,"soongensayo":2974.7703},"authorDisplayNameMap":{"liuy1103":"CS2113-T11-2 LIU ..TING","tiffanyliu0220":"CS2113-T11-2 LIU ..G YU","RyanTDL":"CS2113-T11-2 TEO ..RYAN","seandooa":"CS2113-T11-2 DOOA..SEAN","soongensayo":"CS2113-T11-2 LIM ..G EN"}}
