{"authorDailyContributionsMap":{"yeozhishen":[{"date":"2024-03-08","commitResults":[{"hash":"1ee35b81356aef4bcbab998e213220ce76ab30c0","isMergeCommit":false,"messageTitle":"Update README.md","messageBody":"Updates project template name","fileTypesAndContributionMap":{"docs":{"insertions":1,"deletions":1}}},{"hash":"8bfeb4800ea28d1e89b1c8ba78e8e7e315682137","isMergeCommit":false,"messageTitle":"Modify AboutUs Added Name","messageBody":"","fileTypesAndContributionMap":{"functional-code":{"insertions":1,"deletions":1},"docs":{"insertions":3,"deletions":7}}}]},{"date":"2024-03-14","commitResults":[{"hash":"6af17a0d9d3535f65e0f07392fbe57a0591c6268","isMergeCommit":false,"messageTitle":"Add base files Created Classes: Brokeculator, Logic, ExitCommand, ExitParser, Logic, UI bare minimum skeleton code was added to the classes to ensure that the package runs for testing UI prettify and print functionality was added to allow for printing and decoration of strings. Basic Testing was created to test the prettify function for UI","messageBody":"","fileTypesAndContributionMap":{"functional-code":{"insertions":59,"deletions":21},"other":{"insertions":1,"deletions":1},"docs":{"insertions":5,"deletions":5},"test-code":{"insertions":17,"deletions":0}}},{"hash":"ad46a26f41068d46e078446bb2c435421b64f00a","isMergeCommit":false,"messageTitle":"Rename UITest method Renamed prettify String testing to adhere to naming conventions","messageBody":"","fileTypesAndContributionMap":{"test-code":{"insertions":1,"deletions":1}}},{"hash":"629fb32a70476c4c5c50d0dbb4bdf842f2986443","isMergeCommit":false,"messageTitle":"Clean up imports in UITest Removed unnecessary imports","messageBody":"","fileTypesAndContributionMap":{"test-code":{"insertions":0,"deletions":3}}},{"hash":"d75738f664cdc9426a3974f7e445ee8206a152f1","isMergeCommit":false,"messageTitle":"Add getUserInput in UI class Added function to retrieve user input from the terminal in the UI class to ensure other classes can retrieve user input","messageBody":"","fileTypesAndContributionMap":{"functional-code":{"insertions":18,"deletions":4}}},{"hash":"6e5c8e9444224481299bbc78c52164b935765dae","isMergeCommit":false,"messageTitle":"Add Javadoc comments Added comments for public functions in the UI class for clarity","messageBody":"","fileTypesAndContributionMap":{"functional-code":{"insertions":15,"deletions":1}}},{"hash":"15f3f6202afcacef0b49386192c88017c304db99","isMergeCommit":false,"messageTitle":"Add Exception Handling in Logic Class Added general exception handling in the run method in Logic as a temporary catchall. This is to be changed later when the individual classes are more adept at handling errors","messageBody":"","fileTypesAndContributionMap":{"functional-code":{"insertions":11,"deletions":2}}}]},{"date":"2024-03-15","commitResults":[{"hash":"fbc15d61c5c5973a7735110cfa63bc39ee5a8d9a","isMergeCommit":false,"messageTitle":"Add Command Error message numerators Added enumerator for command error messages to be output by parser, and basic Junit tests. This ensures that there exists a centralised file in which we can edit the error messages spat out due to invalid commands without having to go to the corresponding individual parsers to look for magic strings","messageBody":"","fileTypesAndContributionMap":{"functional-code":{"insertions":14,"deletions":1},"test-code":{"insertions":13,"deletions":12}}},{"hash":"f8572c553c38cb4c22b5ce99c65e4d3e59d8e577","isMergeCommit":false,"messageTitle":"Add task saving method in Logic","messageBody":"","fileTypesAndContributionMap":{"functional-code":{"insertions":16,"deletions":2}}},{"hash":"0dfd0219163a9be032b5a8be80abb18dd61523d1","isMergeCommit":false,"messageTitle":"Add File handling and loading in Logic Class","messageBody":"","fileTypesAndContributionMap":{"functional-code":{"insertions":17,"deletions":8}}},{"hash":"aeaf865aee629b81a65982b052d79ba648efcd5c","isMergeCommit":false,"messageTitle":"Add ability to obtain user input in Logic Added additional logic in the run method to get the user input to pass it to the main parser","messageBody":"","fileTypesAndContributionMap":{"functional-code":{"insertions":2,"deletions":1}}},{"hash":"933478833abbe8634745301b9e71a56b91a32d8b","isMergeCommit":false,"messageTitle":"Add CommandEnumerator Added enumerator for mapping user input command strings. This is done to ensure we have a centralised file for editing what the user commands are","messageBody":"","fileTypesAndContributionMap":{"functional-code":{"insertions":17,"deletions":1}}},{"hash":"acc08809ae1c675e2ab913326782d02300376438","isMergeCommit":true,"messageTitle":"Merge pull request #19 from STeng618/file-saving","messageBody":"Add File Manager","fileTypesAndContributionMap":{}}]},{"date":"2024-03-16","commitResults":[{"hash":"a761d92daab3097b3fc0a73d80d1aab1220954fa","isMergeCommit":false,"messageTitle":"Edit object initialisations in Brokeculator class Passed in instantiated expense manager into the initialisation of fileManager","messageBody":"","fileTypesAndContributionMap":{"functional-code":{"insertions":1,"deletions":1}}},{"hash":"2babb2046b79fe67718c3e6f46fb5a2192976b7a","isMergeCommit":true,"messageTitle":"Merge branch \u0027master\u0027 into yeozhishen-SetUpBaseFilesAndTesting","messageBody":"","fileTypesAndContributionMap":{}},{"hash":"fcf34b73ec66b55a468205e3073232534d4a7187","isMergeCommit":false,"messageTitle":"Refactor code Moved all classes to the appropriate brokculator package","messageBody":"","fileTypesAndContributionMap":{"functional-code":{"insertions":3,"deletions":3},"other":{"insertions":11,"deletions":11},"test-code":{"insertions":5,"deletions":0}}},{"hash":"0be370c7944b343c84d622620378856d0d07c265","isMergeCommit":false,"messageTitle":"Add missing package import statements Add missing package dependencies in class files","messageBody":"","fileTypesAndContributionMap":{"functional-code":{"insertions":30,"deletions":12},"other":{"insertions":12,"deletions":5},"test-code":{"insertions":1,"deletions":1}}}]},{"date":"2024-03-17","commitResults":[{"hash":"02077d3e3bed84ef21b9710b8dd713b09cad302d","isMergeCommit":false,"messageTitle":"Refactor code Add empty methods to be completed, these empty methods were created to ensure the program is compilable","messageBody":"","fileTypesAndContributionMap":{"functional-code":{"insertions":25,"deletions":3},"other":{"insertions":1,"deletions":1},"test-code":{"insertions":1,"deletions":1}}},{"hash":"7d2918eb845d51ee2b494ad83b414caf776d8fef","isMergeCommit":false,"messageTitle":"Edit JavaDoc comments for UI Removed unnecessary param values","messageBody":"","fileTypesAndContributionMap":{"functional-code":{"insertions":3,"deletions":3}}},{"hash":"4e210d407b9e2d0507478f4106dbd250a87c17d0","isMergeCommit":false,"messageTitle":"Edit build.gradle, Logic and generalInputParser","messageBody":"","fileTypesAndContributionMap":{"functional-code":{"insertions":23,"deletions":11},"other":{"insertions":2,"deletions":2}}},{"hash":"40d1e3106e9f58e88a01a4f17d78b69854c33365","isMergeCommit":true,"messageTitle":"Merge pull request #28 from mihirheda02/17-add-expense-manager-class","messageBody":"Update Parsers, Commands, and Expenses","fileTypesAndContributionMap":{}}]},{"date":"2024-03-18","commitResults":[{"hash":"c4ac8a1673021c89b6a693e2a7efbe38f6d9b414","isMergeCommit":false,"messageTitle":"Refactor tests Moved tests to the correct packages","messageBody":"","fileTypesAndContributionMap":{"other":{"insertions":3,"deletions":3}}},{"hash":"e5728bf1e5c0f7dbe947c71cd7bf71df6bb5cd1d","isMergeCommit":false,"messageTitle":"Modify AddParser, add AddParserTests Modified add parser to allow for the user to omit categories Added error handling for AddParser to return invalid command if user input is invalid Added Junit Tests","messageBody":"","fileTypesAndContributionMap":{"functional-code":{"insertions":28,"deletions":10},"test-code":{"insertions":41,"deletions":0}}},{"hash":"c860be05a9a5fe10cbbf549096939db00cf77cdf","isMergeCommit":false,"messageTitle":"Clean code, revise tests Remove unused Imports, revise failed tests for AddParserTest","messageBody":"","fileTypesAndContributionMap":{"test-code":{"insertions":1,"deletions":7}}}]},{"date":"2024-03-19","commitResults":[{"hash":"c5b146b1aa1eb46f160f08cd500fe70fe0b7dc1a","isMergeCommit":false,"messageTitle":"Edit AddParserTest naming","messageBody":"","fileTypesAndContributionMap":{"test-code":{"insertions":1,"deletions":1}}}]},{"date":"2024-03-20","commitResults":[{"hash":"a9eb0e934100be5ad652d9ebe4d114850e115dc1","isMergeCommit":false,"messageTitle":"Fix AddParser Parse Input Bugs, Add Exceptions","messageBody":"","fileTypesAndContributionMap":{"functional-code":{"insertions":64,"deletions":25},"test-code":{"insertions":66,"deletions":0}}},{"hash":"2a6e12fbd8789cf97f5e027e6ca27d4b082f34b9","isMergeCommit":false,"messageTitle":"Add Junit testing for list Parser","messageBody":"","fileTypesAndContributionMap":{"test-code":{"insertions":47,"deletions":0}}},{"hash":"d679b86dbfd53447ada9279d903778e8fce88e7f","isMergeCommit":true,"messageTitle":"Merge pull request #45 from JianJiaT/DeleteParser-fix-and-test","messageBody":"DeleteParser fix and test","fileTypesAndContributionMap":{}},{"hash":"e65cd185045d6e14eba798bf9ea87a8c90ebed02","isMergeCommit":true,"messageTitle":"Merge pull request #43 from JianJiaT/SummariseParser-fix-and-test","messageBody":"SummariseParser fix and test","fileTypesAndContributionMap":{}},{"hash":"dbec6599be3e169c2a46ae5a5f583f107374cfb9","isMergeCommit":true,"messageTitle":"Merge pull request #49 from yeozhishen/48-Junit-parseInput-ListParser","messageBody":"48 junit parse input list parser","fileTypesAndContributionMap":{}}]},{"date":"2024-03-21","commitResults":[{"hash":"3b32ec0f34957df35c842472f7ba3f9ad227efd3","isMergeCommit":true,"messageTitle":"Merge pull request #55 from JianJiaT/fix-delete-summarise-indexing","messageBody":"Fix delete and summarise indexing","fileTypesAndContributionMap":{}},{"hash":"0f814ece37566aa0dff37310e22ef135c551059a","isMergeCommit":true,"messageTitle":"Merge branch \u0027master\u0027 into 27-prettify-ui","messageBody":"","fileTypesAndContributionMap":{}},{"hash":"e98ad5499a273bb24e927516e92841d2a3f3f9e3","isMergeCommit":false,"messageTitle":"Update ExpenseManager.java","messageBody":"Add closed Curly braces to resolve merge conflict","fileTypesAndContributionMap":{"functional-code":{"insertions":2,"deletions":1}}},{"hash":"411cab0c79faa2c4dd05d6abce27253f2663f4ae","isMergeCommit":true,"messageTitle":"Merge pull request #54 from mihirheda02/27-prettify-ui","messageBody":"Add HelpCommand and prettify UI","tags":["V1.0"],"fileTypesAndContributionMap":{}}]},{"date":"2024-03-22","commitResults":[{"hash":"9cfb2fc30b01ae2cf498e094f2388c6b61a69f67","isMergeCommit":false,"messageTitle":"Fix and Refactor addParser Restricted user to be only be able to enter an option once. Refactored addParser to adhere to SLAP","messageBody":"","fileTypesAndContributionMap":{"functional-code":{"insertions":46,"deletions":19},"test-code":{"insertions":25,"deletions":1}}},{"hash":"f8918ef1fc487be4a0d7ea0c602259f83340b8e3","isMergeCommit":true,"messageTitle":"Merge pull request #57 from yeozhishen/56-AddCommand-keywords-once","messageBody":"Fix and Refactor addParser","fileTypesAndContributionMap":{}},{"hash":"542e6bfa2eb5dfe6e5a51f752d8ac93b7d37ab73","isMergeCommit":false,"messageTitle":"Add STeng\u0027s about us","messageBody":"","fileTypesAndContributionMap":{"other":{"insertions":1,"deletions":0},"docs":{"insertions":1,"deletions":1}}}]},{"date":"2024-03-24","commitResults":[{"hash":"6d4a02e3aea75b06049640db201c0ae66ad539bb","isMergeCommit":true,"messageTitle":"Merge pull request #64 from STeng618/v1-bug-fixing","messageBody":"V1 bug fixing","fileTypesAndContributionMap":{}}]},{"date":"2024-03-27","commitResults":[{"hash":"354ab831e8545cf0e275f0388995d9fff8ef2aa5","isMergeCommit":false,"messageTitle":"Add Category class Implemented category class to check for valid categories in the expenses. Will be accompanied by the category command in later commits to edit the categories","messageBody":"","fileTypesAndContributionMap":{"functional-code":{"insertions":53,"deletions":0}}},{"hash":"6d0114a1443732eda5a32d883fe435b5f1e3d3ae","isMergeCommit":false,"messageTitle":"Add CategoryCommand and CategoryParser Edited the general input parser to account for the new commands","messageBody":"","fileTypesAndContributionMap":{"functional-code":{"insertions":124,"deletions":6}}},{"hash":"8a180b651e1ececbafba256318a86d3a0fa5ddec","isMergeCommit":false,"messageTitle":"Implement file saving for Category Added new savableType and edited the General File Parser to allow for multiple files to be created","messageBody":"","fileTypesAndContributionMap":{"functional-code":{"insertions":88,"deletions":25}}},{"hash":"cce7da596745d305b1ec2ef31336c9da9bd1b6bb","isMergeCommit":false,"messageTitle":"Add CategoryParser Tests","messageBody":"","fileTypesAndContributionMap":{"docs":{"insertions":11,"deletions":6},"test-code":{"insertions":68,"deletions":0}}},{"hash":"d08307fd1f6f87832fe76e42f6f8bb7643ae67ee","isMergeCommit":false,"messageTitle":"Edit all categories to be upper case As per the way categories are saved in files and printed, categories in expense has been modified to be uppercase only. This is also to standardize the formate to make it easier to search for categories, without having to worry about capitalization","messageBody":"","fileTypesAndContributionMap":{"functional-code":{"insertions":13,"deletions":8}}},{"hash":"19b43fbe3106e6ba49458f9d8078992055d7996b","isMergeCommit":true,"messageTitle":"Merge pull request #79 from yeozhishen/71-add-category-class","messageBody":"71 add category class","fileTypesAndContributionMap":{}},{"hash":"733cc6b2c7036bef5f3e88b8586cb79eabc52571","isMergeCommit":true,"messageTitle":"Merge pull request #78 from JianJiaT/add-summarise-options","messageBody":"Add summarising by description","fileTypesAndContributionMap":{}},{"hash":"8c33a239b63a091c5326da3c9d447af1473a721e","isMergeCommit":false,"messageTitle":"Modify Tests to reflect category change Modified tests so that the tests depending on the categories are updated to test for capitalised category names","messageBody":"","fileTypesAndContributionMap":{"functional-code":{"insertions":2,"deletions":2},"test-code":{"insertions":17,"deletions":1}}},{"hash":"d033eba7ff3764975831e5a4a771e977b52e3431","isMergeCommit":false,"messageTitle":"Update DG with category feature Added basic class and sequence diagrams to demonstrate how the parsing and loading works","messageBody":"","fileTypesAndContributionMap":{"functional-code":{"insertions":2,"deletions":2},"docs":{"insertions":173,"deletions":5}}}]},{"date":"2024-03-29","commitResults":[{"hash":"ccadd0a6f86579aa8766f9e040eb38777b5eeb36","isMergeCommit":false,"messageTitle":"Update DG, Modify Category UML diagram Make UML diagrams reflect returns from void functions to hand logic control back to parent function. Update DG to ensure breaks are clearly implemented","messageBody":"","fileTypesAndContributionMap":{"docs":{"insertions":55,"deletions":16}}},{"hash":"38b4709618303a507796f8f07c39fd88ead9f0c6","isMergeCommit":false,"messageTitle":"Update UG, DG, Add Tests Add tests for Catergory class, add initial UG for category, change UML diagram for DG","messageBody":"","fileTypesAndContributionMap":{"functional-code":{"insertions":19,"deletions":17},"docs":{"insertions":27,"deletions":2},"test-code":{"insertions":66,"deletions":0}}},{"hash":"b6bd44cad2dd8a7ffd74fecbab6c52823e14aeca","isMergeCommit":false,"messageTitle":"Edit CategoryTests and Category Edited code such that failure will not occur when executing junit testing due to additional assertion","messageBody":"","fileTypesAndContributionMap":{"functional-code":{"insertions":4,"deletions":2},"test-code":{"insertions":9,"deletions":29}}},{"hash":"c293966d1a888dd329ca518938703caf24b463d9","isMergeCommit":true,"messageTitle":"Merge pull request #91 from yeozhishen/dg-code-refactoring","messageBody":"Dg code refactoring","fileTypesAndContributionMap":{}}]},{"date":"2024-03-31","commitResults":[{"hash":"ee2f1eef1e332e6a49563be9c47ff9583b92d71d","isMergeCommit":false,"messageTitle":"Modify UG, SummarizeParser, ExpenseManager Modified UG for initial draft of commands Edited SummarizeParser, ExpenseManager for filtering of categories","messageBody":"","fileTypesAndContributionMap":{"functional-code":{"insertions":26,"deletions":4},"docs":{"insertions":80,"deletions":15}}},{"hash":"949af20760f4aadfeadc5faa50587b0c11817778","isMergeCommit":false,"messageTitle":"Modify ExpenseManager summariseExpenses Handled case where expense category is null and modified conditional to be intersection of all the user options","messageBody":"","fileTypesAndContributionMap":{"functional-code":{"insertions":4,"deletions":2}}},{"hash":"c2c1ea80fa99e2fbf8d62ad4b6fc3060b8f7713b","isMergeCommit":true,"messageTitle":"Merge branch \u0027master\u0027 into make-summarise-list-summarised","messageBody":"","fileTypesAndContributionMap":{}},{"hash":"efc69d32808995d3e7f23ba08cac58c68f506619","isMergeCommit":true,"messageTitle":"Merge pull request #86 from JianJiaT/make-summarise-list-summarised","messageBody":"Make summarise list summarised expenses","fileTypesAndContributionMap":{}},{"hash":"949583d72c6049bae9c1adf70758f83b04314941","isMergeCommit":true,"messageTitle":"Merge pull request #92 from JianJiaT/refactor-SummariseParser","messageBody":"Refactor SummariseParser","fileTypesAndContributionMap":{}},{"hash":"3d25fa9759788494111e5ab68354f3ea274bea59","isMergeCommit":false,"messageTitle":"Modify DG Category UML, Category Changed access modifiers of class variables in category","messageBody":"","fileTypesAndContributionMap":{"functional-code":{"insertions":2,"deletions":2},"docs":{"insertions":21,"deletions":18}}},{"hash":"a6f194bcba130ed35e84532401b9ba79f794f3fa","isMergeCommit":true,"messageTitle":"Merge pull request #97 from yeozhishen/summarize-categories-update-dg","messageBody":"Modify DG Category UML, Category","fileTypesAndContributionMap":{}}]},{"date":"2024-04-02","commitResults":[{"hash":"a68086380040d1517ecdf7af12c23031f6d90ab0","isMergeCommit":true,"messageTitle":"Merge pull request #101 from JianJiaT/beautify-ug","messageBody":"Update UG format","fileTypesAndContributionMap":{}},{"hash":"ea2fdbba23f05329836d13b24d33ea29a66802a4","isMergeCommit":false,"messageTitle":"Update UG user stories","messageBody":"","fileTypesAndContributionMap":{"docs":{"insertions":7,"deletions":1}}},{"hash":"173c44a916164caefc3eb4fa1d9e64bb59923911","isMergeCommit":true,"messageTitle":"Merge pull request #102 from yeozhishen/update-ug","messageBody":"Update UG","fileTypesAndContributionMap":{}}]}],"STeng618":[{"date":"2024-03-08","commitResults":[{"hash":"39b8a6fee37f5610ea0e2af56fbfba7220534157","isMergeCommit":false,"messageTitle":"Update AboutUs","messageBody":"","fileTypesAndContributionMap":{"docs":{"insertions":3,"deletions":7}}},{"hash":"6a6439611acbade53fa9fab32785170279ccd4b0","isMergeCommit":true,"messageTitle":"Merge pull request #1 from mihirheda02/mihirHeda-AboutUs","messageBody":"Update AboutUs","fileTypesAndContributionMap":{}},{"hash":"758d8690d987fef2dee0a55731c8244d3e57fae0","isMergeCommit":true,"messageTitle":"Merge branch \u0027master\u0027 into JianJiaT-AboutUs","messageBody":"","fileTypesAndContributionMap":{}},{"hash":"88ead0a1a191dd37b61201000ce282217d6d248a","isMergeCommit":true,"messageTitle":"Merge pull request #2 from JianJiaT/JianJiaT-AboutUs","messageBody":"Update AboutUs","fileTypesAndContributionMap":{}},{"hash":"1f5faa7d0a5d3bdbfb8c54af690047eb425df8d8","isMergeCommit":true,"messageTitle":"Merge branch \u0027master\u0027 into ShanTeng-AboutUs","messageBody":"","fileTypesAndContributionMap":{}},{"hash":"46f2be2c2bdd745443db3f9fd20187cfbda5b9cd","isMergeCommit":true,"messageTitle":"Merge pull request #3 from STeng618/ShanTeng-AboutUs","messageBody":"Update AboutUs","fileTypesAndContributionMap":{}},{"hash":"90cbcf38eb3df219adcfdd7fade3e7c68092a3c0","isMergeCommit":true,"messageTitle":"Merge branch \u0027master\u0027 into yeozhishen-AboutUs","messageBody":"","fileTypesAndContributionMap":{}},{"hash":"6c3e6befd1e3706c66d3645c847d1412c6f2ee63","isMergeCommit":true,"messageTitle":"Merge pull request #4 from yeozhishen/yeozhishen-AboutUs","messageBody":"Modify AboutUs","fileTypesAndContributionMap":{}}]},{"date":"2024-03-15","commitResults":[{"hash":"e5015b84d2a620bee4e3a6a206a578928330534c","isMergeCommit":false,"messageTitle":"Add File Manager","messageBody":"","fileTypesAndContributionMap":{"functional-code":{"insertions":79,"deletions":0}}},{"hash":"30d8f3092ee4965e21f60162cc6305625f1d7fc2","isMergeCommit":true,"messageTitle":"Merge pull request #16 from mihirheda02/15-add-expense-class","messageBody":"Add Expense Class","fileTypesAndContributionMap":{}},{"hash":"2a7126404fb5fa12ac7a58cd55590d4583b9bfdd","isMergeCommit":false,"messageTitle":"Package FileManager","messageBody":"","fileTypesAndContributionMap":{"functional-code":{"insertions":0,"deletions":79}}},{"hash":"7e1ecdd7c551206b1fa5e77d8ca66639737a10f6","isMergeCommit":false,"messageTitle":"Add abstract Command class","messageBody":"","fileTypesAndContributionMap":{"functional-code":{"insertions":5,"deletions":0}}},{"hash":"2b93440650f053ac9ec291aa96c54866dab21c35","isMergeCommit":false,"messageTitle":"Add classes skeletons","messageBody":"","fileTypesAndContributionMap":{"functional-code":{"insertions":24,"deletions":0}}},{"hash":"a7c25241b2368642c515ca84b5ec57db7b407de7","isMergeCommit":false,"messageTitle":"Move FileManager to storage","messageBody":"","fileTypesAndContributionMap":{"functional-code":{"insertions":81,"deletions":0}}},{"hash":"2360829dc0f44ac487c544c3118a5c4a033df28b","isMergeCommit":false,"messageTitle":"Add FileKeyword and update expenses\u0027 string","messageBody":"","fileTypesAndContributionMap":{"functional-code":{"insertions":8,"deletions":1}}},{"hash":"140086a0ce3714203aed428dadcbb814bd1e4930","isMergeCommit":false,"messageTitle":"Add AddExpenseFromFileCommand","messageBody":"","fileTypesAndContributionMap":{"functional-code":{"insertions":25,"deletions":0}}},{"hash":"905549ebae01010185933b6ebfb8a9a42a8c4d49","isMergeCommit":false,"messageTitle":"Add GeneralFileParser","messageBody":"","fileTypesAndContributionMap":{"functional-code":{"insertions":24,"deletions":0}}},{"hash":"52df18d2daa4140e131284db24b195adb5dd9d45","isMergeCommit":false,"messageTitle":"Remove unnecessary import","messageBody":"","fileTypesAndContributionMap":{"functional-code":{"insertions":0,"deletions":1}}},{"hash":"3e31cb2ed1276ffdfebd168e5190c713257ca1fc","isMergeCommit":false,"messageTitle":"Update test as string representation changed","messageBody":"","fileTypesAndContributionMap":{"test-code":{"insertions":1,"deletions":1}}},{"hash":"c09f5f92215646309bf8aca81900fd992bc8d97e","isMergeCommit":false,"messageTitle":"Update packages","messageBody":"","fileTypesAndContributionMap":{"functional-code":{"insertions":1,"deletions":1},"other":{"insertions":9,"deletions":9}}}]},{"date":"2024-03-16","commitResults":[{"hash":"08eac6122489009924c7166f5e3f03dbe2da1be3","isMergeCommit":true,"messageTitle":"Merge pull request #18 from yeozhishen/yeozhishen-SetUpBaseFilesAndTesting","messageBody":"Set up base files for integration and testing","fileTypesAndContributionMap":{}}]},{"date":"2024-03-17","commitResults":[{"hash":"a15a0dbb0977c444518c7b99f209169ec166bcf3","isMergeCommit":true,"messageTitle":"Merge pull request #24 from mihirheda02/17-add-expense-manager-class","messageBody":"Add Expense Manager Class","fileTypesAndContributionMap":{}},{"hash":"60eea3b91b9ee718c091d7f4496ff1d80574bb17","isMergeCommit":true,"messageTitle":"Merge pull request #23 from JianJiaT/AddCommandsAndParsers","messageBody":"Add commands and parsers","fileTypesAndContributionMap":{}},{"hash":"6c2077da6fde5f0d942f253cafa52acc9c42efc6","isMergeCommit":false,"messageTitle":"Add SaveableType class to record saveables","messageBody":"","fileTypesAndContributionMap":{"functional-code":{"insertions":5,"deletions":0}}},{"hash":"9529a474880d37d3c6a7b12e9f33ec6c8f1a5242","isMergeCommit":false,"messageTitle":"Add file keyword to string representation","messageBody":"","fileTypesAndContributionMap":{"functional-code":{"insertions":29,"deletions":1}}},{"hash":"43be78c2f4908de5ea23b6e5c2479db7f95e13d0","isMergeCommit":false,"messageTitle":"Process file input with keyword","messageBody":"","fileTypesAndContributionMap":{"functional-code":{"insertions":10,"deletions":5}}},{"hash":"f8ba8c84fa47ef02c15bac691b6329321f0fd43f","isMergeCommit":false,"messageTitle":"Change expenses\u0027 string representation","messageBody":"","fileTypesAndContributionMap":{"functional-code":{"insertions":25,"deletions":8}}},{"hash":"720f20c2b96cd49043bc3df42c3cac1acf644b59","isMergeCommit":false,"messageTitle":"Use string representation for file saving","messageBody":"","fileTypesAndContributionMap":{"functional-code":{"insertions":1,"deletions":1}}},{"hash":"074d92efa39c1042fa911c2c6b256d4831de2f31","isMergeCommit":false,"messageTitle":"Fix printing issues","messageBody":"","fileTypesAndContributionMap":{"functional-code":{"insertions":6,"deletions":10}}}]},{"date":"2024-03-18","commitResults":[{"hash":"c38c07e86b394ed1cec0eac8d48910d987972cfe","isMergeCommit":true,"messageTitle":"Merge pull request #34 from STeng618/file-expense","messageBody":"File expense","fileTypesAndContributionMap":{}},{"hash":"5b3e6f444afb273a3cc9f74efab47d7fb0d5fb69","isMergeCommit":false,"messageTitle":"Add tests for file keyword","messageBody":"","fileTypesAndContributionMap":{"test-code":{"insertions":39,"deletions":0}}},{"hash":"0a014d2648ce21b501fe43bb83d2ef5af9a91418","isMergeCommit":false,"messageTitle":"Add tests for general file parser","messageBody":"","fileTypesAndContributionMap":{"test-code":{"insertions":25,"deletions":0}}},{"hash":"0f848ad3a194fa52c75e93d6a6a0597f944a11d4","isMergeCommit":false,"messageTitle":"Change feedback during initialisation","messageBody":"","fileTypesAndContributionMap":{"functional-code":{"insertions":0,"deletions":4}}},{"hash":"73a149dc7c131270ffd146785212eff5c364210e","isMergeCommit":true,"messageTitle":"Merge pull request #35 from STeng618/saving-test","messageBody":"Saving test","fileTypesAndContributionMap":{}},{"hash":"a80d1697e4bea55b95b82b0976adc84b959ac4f7","isMergeCommit":false,"messageTitle":"Add Dashboard class as general interface","messageBody":"","fileTypesAndContributionMap":{"functional-code":{"insertions":23,"deletions":0}}},{"hash":"32bf1641e5595be80bfc8d1a2df09337fdfe9c60","isMergeCommit":false,"messageTitle":"Use dashboard to access file manager and expense manager","messageBody":"","fileTypesAndContributionMap":{"functional-code":{"insertions":35,"deletions":36}}},{"hash":"ec30ba3b93a35451d01233688ad40b368d50dfa6","isMergeCommit":false,"messageTitle":"Fix unnecessary printing bug","messageBody":"","fileTypesAndContributionMap":{"functional-code":{"insertions":0,"deletions":2}}},{"hash":"77f838bf821daa379c06ab77ca9afbf8948beea5","isMergeCommit":false,"messageTitle":"Add assertions for file creation","messageBody":"","fileTypesAndContributionMap":{"functional-code":{"insertions":8,"deletions":2}}},{"hash":"bab69ab173d821dd572710dcdbe16b3726337fb1","isMergeCommit":true,"messageTitle":"Merge pull request #36 from STeng618/general-interface","messageBody":"General interface","fileTypesAndContributionMap":{}}]},{"date":"2024-03-24","commitResults":[{"hash":"33fe165b5b194b993158506779d3c110fc83bb4d","isMergeCommit":false,"messageTitle":"Enable assertions in gradle","messageBody":"","fileTypesAndContributionMap":{"other":{"insertions":1,"deletions":0}}},{"hash":"a5c7babab7467bb6a0e15651367a37043db96d22","isMergeCommit":true,"messageTitle":"Merge branch \u0027master\u0027 of github.com:AY2324S2-CS2113-F14-1/tp","messageBody":"","fileTypesAndContributionMap":{}},{"hash":"2df28c74bbd21c1aa6e7f5bd6c01297c04c3ce7f","isMergeCommit":false,"messageTitle":"Move list printing logic to ExpenseManager","messageBody":"","fileTypesAndContributionMap":{"functional-code":{"insertions":22,"deletions":10}}},{"hash":"524089c9fea7c0b5e78266e1f129cd8fb3cc011e","isMergeCommit":false,"messageTitle":"Update test method in ExpenseManager","messageBody":"","fileTypesAndContributionMap":{"test-code":{"insertions":10,"deletions":4}}},{"hash":"c8106f2e92bdfcc240ed27d3ce2f067f9c55617d","isMergeCommit":false,"messageTitle":"Update toString method of ExpenseManager","messageBody":"","fileTypesAndContributionMap":{"functional-code":{"insertions":1,"deletions":5}}},{"hash":"a7371c407fc943bcdfa01305218f353d9a761b0e","isMergeCommit":false,"messageTitle":"Use null instead of null string to for missing categories","messageBody":"","fileTypesAndContributionMap":{"functional-code":{"insertions":4,"deletions":4}}},{"hash":"16063f2ad9d522bc81fff0cf24c98ff906aace67","isMergeCommit":false,"messageTitle":"Formatting with keyword moved to ExpenseManager","messageBody":"","fileTypesAndContributionMap":{"functional-code":{"insertions":6,"deletions":1},"test-code":{"insertions":10,"deletions":10}}},{"hash":"9573585821f422b5d3b2c65302275494818211af","isMergeCommit":false,"messageTitle":"Update expense string representation to use delimiter","messageBody":"","fileTypesAndContributionMap":{"functional-code":{"insertions":17,"deletions":12}}},{"hash":"f5bbe28c35e82b447822af955054628ecbeec8c8","isMergeCommit":false,"messageTitle":"Update imports and error printing","messageBody":"","fileTypesAndContributionMap":{"functional-code":{"insertions":1,"deletions":4}}}]},{"date":"2024-03-27","commitResults":[{"hash":"1a2c6f7de86ec3beadd7db5acbcaf7930b402a17","isMergeCommit":false,"messageTitle":"Modify Expense to have an owning Event","messageBody":"","fileTypesAndContributionMap":{"functional-code":{"insertions":17,"deletions":0}}},{"hash":"986ccc3af380fdf74fe1f2afcc353eb3c5713883","isMergeCommit":false,"messageTitle":"Add Event class","messageBody":"","fileTypesAndContributionMap":{"functional-code":{"insertions":43,"deletions":0}}},{"hash":"b87474d7bc7ef8da20a666ad43ca080376a17592","isMergeCommit":false,"messageTitle":"Add EventManager class","messageBody":"","fileTypesAndContributionMap":{"functional-code":{"insertions":35,"deletions":0}}},{"hash":"a412e35ba5d1050d349c48b431d1e921529e79ba","isMergeCommit":false,"messageTitle":"Add EventParser","messageBody":"","fileTypesAndContributionMap":{"functional-code":{"insertions":44,"deletions":0}}},{"hash":"feb351a8221ddb68f4acb417569a282541799372","isMergeCommit":false,"messageTitle":"Create command for adding events","messageBody":"","fileTypesAndContributionMap":{"functional-code":{"insertions":23,"deletions":0}}},{"hash":"e778ba7ca3e7b3d57c8aabb9eec49720a486321f","isMergeCommit":false,"messageTitle":"Instantiate event manager","messageBody":"","fileTypesAndContributionMap":{"functional-code":{"insertions":11,"deletions":2}}},{"hash":"fe92a5007e333900deaccc8527059a0c6c0a441c","isMergeCommit":false,"messageTitle":"Add event command to parser and prompt","messageBody":"","fileTypesAndContributionMap":{"functional-code":{"insertions":9,"deletions":2}}},{"hash":"ca462aa5428fd56c583fe1660caaa7c7d6c252f5","isMergeCommit":true,"messageTitle":"Merge branch \u0027master\u0027 into event","messageBody":"# Conflicts:\n#\tsrc/main/java/brokeculator/Brokeculator.java\n#\tsrc/main/java/brokeculator/parser/GeneralInputParser.java\n","fileTypesAndContributionMap":{}},{"hash":"64ee2b54fc6986308ed2ef602a76168e4103fd61","isMergeCommit":false,"messageTitle":"Add Keyword class","messageBody":"","fileTypesAndContributionMap":{"functional-code":{"insertions":13,"deletions":0}}},{"hash":"fb19bcb70353f5483cdcd94ee68a2de4731e10c7","isMergeCommit":false,"messageTitle":"Refactor order parsing logic","messageBody":"","fileTypesAndContributionMap":{"functional-code":{"insertions":57,"deletions":0}}},{"hash":"833834859b4863e61972e0a37ab9170a064840cb","isMergeCommit":false,"messageTitle":"Use order parsing in EventParser","messageBody":"","fileTypesAndContributionMap":{"functional-code":{"insertions":11,"deletions":32}}},{"hash":"337a212de3f0e863977b115b7e73d07b3d12ba94","isMergeCommit":false,"messageTitle":"Add viewEvents features","messageBody":"","fileTypesAndContributionMap":{"functional-code":{"insertions":24,"deletions":0}}},{"hash":"afb6e0a26582df4d8c230a0031a5b02a82accb6b","isMergeCommit":false,"messageTitle":"Add events deletion","messageBody":"","fileTypesAndContributionMap":{"functional-code":{"insertions":57,"deletions":0}}},{"hash":"aa391c34877e899fd77e88bd190901a988ab2c93","isMergeCommit":false,"messageTitle":"Fix break statement bug","messageBody":"","fileTypesAndContributionMap":{"functional-code":{"insertions":1,"deletions":0}}},{"hash":"6925d5d5b3487da15dc9b2a566893018f7adc6b9","isMergeCommit":false,"messageTitle":"Check valid event index in EventManager","messageBody":"","fileTypesAndContributionMap":{"functional-code":{"insertions":7,"deletions":2}}},{"hash":"2ab9d4cd15e722dd623192acff6019e77b6fa9c3","isMergeCommit":false,"messageTitle":"Add features to pair expenses and events","messageBody":"","fileTypesAndContributionMap":{"functional-code":{"insertions":83,"deletions":0}}},{"hash":"338d8473f80b1bc03d8ae157251a4d9eecda7395","isMergeCommit":false,"messageTitle":"Change event container for expenses","messageBody":"","fileTypesAndContributionMap":{"functional-code":{"insertions":8,"deletions":3}}},{"hash":"154115490175864e1a4ae615e4496d5ae746592a","isMergeCommit":false,"messageTitle":"Set owning event in expenses","messageBody":"","fileTypesAndContributionMap":{"functional-code":{"insertions":12,"deletions":8}}},{"hash":"35373e7a69d6aead523ed031a3af88c66e398417","isMergeCommit":false,"messageTitle":"Check index validity in managers","messageBody":"","fileTypesAndContributionMap":{"functional-code":{"insertions":17,"deletions":1}}},{"hash":"912c9759de17a1e7010d6cf7a24a37c464841ced","isMergeCommit":false,"messageTitle":"Do not allow deletion of events with expenses","messageBody":"","fileTypesAndContributionMap":{"functional-code":{"insertions":9,"deletions":0}}},{"hash":"3cb9f1a456eb96ffa7819dae9a2ec05cb719a345","isMergeCommit":false,"messageTitle":"Remove owning event before deleting an expense","messageBody":"","fileTypesAndContributionMap":{"functional-code":{"insertions":7,"deletions":4}}},{"hash":"d459bbd5b6ffd58a92ee4a8fd7866cb450eb4c42","isMergeCommit":false,"messageTitle":"Fix circular dependencies between expense and event during deletion","messageBody":"","fileTypesAndContributionMap":{"functional-code":{"insertions":51,"deletions":38}}},{"hash":"c73ad39d2b5ae76001b59e37aec7b9c9e1746385","isMergeCommit":false,"messageTitle":"Fix event-expense dependencies in addExpenseToEvent","messageBody":"","fileTypesAndContributionMap":{"functional-code":{"insertions":9,"deletions":7}}},{"hash":"29ee688497c06623204ea5181c268e64a45e4fd8","isMergeCommit":false,"messageTitle":"Fix printing issues","messageBody":"","fileTypesAndContributionMap":{"functional-code":{"insertions":12,"deletions":7}}},{"hash":"6e4470e185137f2f734a25f9382b881244849b6a","isMergeCommit":false,"messageTitle":"View a single event","messageBody":"","fileTypesAndContributionMap":{"functional-code":{"insertions":75,"deletions":2}}},{"hash":"e0a387d66077b4925a18294ab4cf8e83263eb4a7","isMergeCommit":false,"messageTitle":"Fix 1-indexing","messageBody":"","fileTypesAndContributionMap":{"functional-code":{"insertions":1,"deletions":4},"test-code":{"insertions":1,"deletions":14}}},{"hash":"ebe453d2b9ebba0990bad182d659095900a3c1a1","isMergeCommit":false,"messageTitle":"Update help menu","messageBody":"","fileTypesAndContributionMap":{"functional-code":{"insertions":9,"deletions":1}}},{"hash":"78d824d5d7ec4f94bfa65381e287482444990799","isMergeCommit":false,"messageTitle":"Fix check style issues","messageBody":"","fileTypesAndContributionMap":{"functional-code":{"insertions":6,"deletions":6}}},{"hash":"0f594765f85de08eeba6b5541e0fdc3037d4b875","isMergeCommit":true,"messageTitle":"Merge pull request #81 from yeozhishen/76-update-dg","messageBody":"76 update dg","fileTypesAndContributionMap":{}},{"hash":"3572407075b82884fd008bf88f1033695554c27f","isMergeCommit":true,"messageTitle":"Merge branch \u0027master\u0027 into event","messageBody":"","fileTypesAndContributionMap":{}}]},{"date":"2024-03-28","commitResults":[{"hash":"c2675de55d1ec23ad9ddd5b5ed359da974e4e6c2","isMergeCommit":false,"messageTitle":"Fix naming issues","messageBody":"","fileTypesAndContributionMap":{"functional-code":{"insertions":3,"deletions":3},"other":{"insertions":4,"deletions":5}}},{"hash":"b08f7af8748d2fd74e3b635e9316e6569e5667ea","isMergeCommit":false,"messageTitle":"Add deleteExpenseFromEvent feature","messageBody":"","fileTypesAndContributionMap":{"functional-code":{"insertions":72,"deletions":1}}},{"hash":"dc448d7690bc3635a9526f389cc758f52d8bba3b","isMergeCommit":false,"messageTitle":"Update DG for AddEvent","messageBody":"","fileTypesAndContributionMap":{"functional-code":{"insertions":3,"deletions":1},"docs":{"insertions":103,"deletions":0}}},{"hash":"fcf8f5043014c8932251271830cc1e4ff5398bbe","isMergeCommit":false,"messageTitle":"Update DG for AddExpenseToEventCommand","messageBody":"","fileTypesAndContributionMap":{"functional-code":{"insertions":7,"deletions":6},"docs":{"insertions":109,"deletions":0}}},{"hash":"916c83773cc6d65bd2665ae76702826a0c467e30","isMergeCommit":true,"messageTitle":"Merge pull request #82 from STeng618/event","messageBody":"Event","fileTypesAndContributionMap":{}},{"hash":"729bc81415dde1fc0e3fe41ae75bc0723d731367","isMergeCommit":false,"messageTitle":"Fix DG bugs","messageBody":"","fileTypesAndContributionMap":{"docs":{"insertions":18,"deletions":32}}},{"hash":"162be1d06baa6156589fba1f6fe3a9f79e805c4b","isMergeCommit":true,"messageTitle":"Merge pull request #85 from JianJiaT/update-DG","messageBody":"Update dg with implementation of summarising expenses","fileTypesAndContributionMap":{}},{"hash":"c1f33c5a52eba4db06c73c8e34ee0a486e1d55d7","isMergeCommit":true,"messageTitle":"Merge pull request #84 from mihirheda02/83-update-dg","messageBody":"Add initial architecture UML diagram and update DG","fileTypesAndContributionMap":{}}]},{"date":"2024-03-30","commitResults":[{"hash":"238173131d54cd07f5af908e4439be9f8f8a77e1","isMergeCommit":false,"messageTitle":"Add EventExpenseDataIntegrityManager class","messageBody":"","fileTypesAndContributionMap":{"functional-code":{"insertions":26,"deletions":12}}},{"hash":"c1f9f1abd267c62fac199ccfd2d8438f276ecbf7","isMergeCommit":false,"messageTitle":"Refactor OrderParser","messageBody":"","fileTypesAndContributionMap":{"functional-code":{"insertions":25,"deletions":17}}},{"hash":"a9685204286930c18329e6cde0bfd512d70ae8e8","isMergeCommit":false,"messageTitle":"Add documentation","messageBody":"","fileTypesAndContributionMap":{"functional-code":{"insertions":102,"deletions":0}}},{"hash":"3c170d7c3708e42b28043e8cf06c9724dcf4b83d","isMergeCommit":false,"messageTitle":"Test Integrity Manager","messageBody":"","fileTypesAndContributionMap":{"test-code":{"insertions":77,"deletions":0}}},{"hash":"f0f3bb17e9ca3622cd3138f5ece2dd1a5776f5b8","isMergeCommit":false,"messageTitle":"Test OrderParser","messageBody":"","fileTypesAndContributionMap":{"functional-code":{"insertions":4,"deletions":1},"test-code":{"insertions":147,"deletions":0}}},{"hash":"9e661a2ebd5ae860ac8de437a776b32c1a48e21f","isMergeCommit":false,"messageTitle":"Test AddExpenseToEventParser","messageBody":"","fileTypesAndContributionMap":{"test-code":{"insertions":48,"deletions":0}}},{"hash":"ecb88a4f68a4a8eb48a523d33e4a11f1f8dfba5c","isMergeCommit":false,"messageTitle":"Test event parser and fix import","messageBody":"","fileTypesAndContributionMap":{"functional-code":{"insertions":1,"deletions":3},"test-code":{"insertions":44,"deletions":12}}},{"hash":"f25461cc3d87053ed1d217207f78047428e4e20f","isMergeCommit":false,"messageTitle":"Test viewSingleEventParser","messageBody":"","fileTypesAndContributionMap":{"test-code":{"insertions":40,"deletions":0}}},{"hash":"3c88a5e87d229b70509024274bfaed6a3e0a8cdc","isMergeCommit":false,"messageTitle":"Test listEventParser","messageBody":"","fileTypesAndContributionMap":{"test-code":{"insertions":27,"deletions":0}}},{"hash":"c6ea4a987afeb2e4dd5bb3afeacfcc22db0e16ad","isMergeCommit":false,"messageTitle":"Refactor file manager and logic","messageBody":"","fileTypesAndContributionMap":{"functional-code":{"insertions":68,"deletions":51}}},{"hash":"e45607b2fbc4ffd88112f9d23d7fc5be99ce48aa","isMergeCommit":false,"messageTitle":"Add preliminary event saving","messageBody":"","fileTypesAndContributionMap":{"functional-code":{"insertions":95,"deletions":9}}},{"hash":"654f54f413640278dab5ab6a77e8329e00838658","isMergeCommit":false,"messageTitle":"Save connections between expenses and events","messageBody":"","fileTypesAndContributionMap":{"functional-code":{"insertions":129,"deletions":5},"test-code":{"insertions":4,"deletions":1}}},{"hash":"2c3177e0ba89a32bceca642ba40fac26a7110cfa","isMergeCommit":false,"messageTitle":"Test data integrity manager","messageBody":"","fileTypesAndContributionMap":{"test-code":{"insertions":38,"deletions":0}}},{"hash":"26ffaa39d9043f45142ffc1a9bc3fef7ef55e79e","isMergeCommit":false,"messageTitle":"Fix style issues","messageBody":"","fileTypesAndContributionMap":{"functional-code":{"insertions":12,"deletions":4}}},{"hash":"4f2a0c1e20aaf98cb5d10dd44b6590945cc5beba","isMergeCommit":true,"messageTitle":"Merge pull request #95 from STeng618/event-v2","messageBody":"Event v2","fileTypesAndContributionMap":{}}]}],"mihirheda02":[{"date":"2024-03-08","commitResults":[{"hash":"d5af2d78eb457151345abc5b08dd26aff0b24c4e","isMergeCommit":false,"messageTitle":"Update AboutUs","messageBody":"","fileTypesAndContributionMap":{"docs":{"insertions":3,"deletions":7}}}]},{"date":"2024-03-15","commitResults":[{"hash":"92272924710fda77109ec957d561db5c034da1d8","isMergeCommit":false,"messageTitle":"Add expense class","messageBody":"","fileTypesAndContributionMap":{"functional-code":{"insertions":40,"deletions":0}}},{"hash":"839410a1bf9bff5f21c1bca34d3beedce405ae7d","isMergeCommit":false,"messageTitle":"Add test for expense class","messageBody":"","fileTypesAndContributionMap":{"functional-code":{"insertions":3,"deletions":3},"test-code":{"insertions":37,"deletions":0}}},{"hash":"bcee7dfdce684b6c4eb38d2e11edaa3b7b949f4c","isMergeCommit":false,"messageTitle":"Add Saveable interface","messageBody":"","fileTypesAndContributionMap":{"functional-code":{"insertions":5,"deletions":0}}},{"hash":"bc4bec7a454299aa6e810fa04b85744c753117a6","isMergeCommit":false,"messageTitle":"Add javadoc comments","messageBody":"","fileTypesAndContributionMap":{"functional-code":{"insertions":35,"deletions":4}}}]},{"date":"2024-03-17","commitResults":[{"hash":"6bdf2b10c05d78d23af15e90b1f25c3196d11840","isMergeCommit":false,"messageTitle":"Add ExpenseManager class","messageBody":"","fileTypesAndContributionMap":{"functional-code":{"insertions":39,"deletions":0}}},{"hash":"4642e3202e096aa291b1f93fab1c6037288a42ab","isMergeCommit":true,"messageTitle":"Merge branch \u0027master\u0027 into 17-add-expense-manager-class","messageBody":"","fileTypesAndContributionMap":{}},{"hash":"c49ff16026752239bdc3b68e8ea12d4b46ffb8cc","isMergeCommit":false,"messageTitle":"Pull and merge master into ExpenseManager","messageBody":"","fileTypesAndContributionMap":{"functional-code":{"insertions":28,"deletions":5}}},{"hash":"c088846de0e443816d91904206090315b81cadc9","isMergeCommit":false,"messageTitle":"Change Expense to String","messageBody":"","fileTypesAndContributionMap":{"functional-code":{"insertions":4,"deletions":8}}},{"hash":"b4c7685e6bbe437bd97f1a06f66cf5b8e7f1580e","isMergeCommit":false,"messageTitle":"Add listExpenses to ExpenseManager","messageBody":"","fileTypesAndContributionMap":{"functional-code":{"insertions":9,"deletions":40}}},{"hash":"ac95cb2d7720481cac009b19b710eaeece67b2b3","isMergeCommit":false,"messageTitle":"Update parsers, commands, and expenses","messageBody":"","fileTypesAndContributionMap":{"functional-code":{"insertions":71,"deletions":138},"other":{"insertions":1,"deletions":1}}},{"hash":"5f38056241ed446f3762c4070f7e6def45e09bec","isMergeCommit":false,"messageTitle":"Change EXPECTED.TXT","messageBody":"","fileTypesAndContributionMap":{"functional-code":{"insertions":0,"deletions":1},"test-code":{"insertions":2,"deletions":11}}}]},{"date":"2024-03-21","commitResults":[{"hash":"48b036f276f71a4a51eea0cd12a4ea56b8ca34a3","isMergeCommit":false,"messageTitle":"Add tests for Expense and ExpenseManager classes","messageBody":"","fileTypesAndContributionMap":{"test-code":{"insertions":94,"deletions":0}}},{"hash":"ff23fa31cda5e4ec8aa4e42a8f9d09362d9a5ff6","isMergeCommit":true,"messageTitle":"Merge pull request #51 from mihirheda02/50-add-tests-expense-classes","messageBody":"Add tests for Expense and ExpenseManager classes","fileTypesAndContributionMap":{}},{"hash":"d37fe5ad291a4c835cff1d99d6fff15333e01ffe","isMergeCommit":false,"messageTitle":"Add HelpCommand and prettify UI","messageBody":"","fileTypesAndContributionMap":{"functional-code":{"insertions":2,"deletions":0}}},{"hash":"0a71e718062b9342ea6c6726ba5e97a4eb95ddf4","isMergeCommit":false,"messageTitle":"Add logging","messageBody":"","fileTypesAndContributionMap":{"functional-code":{"insertions":94,"deletions":36},"test-code":{"insertions":3,"deletions":1}}}]},{"date":"2024-03-28","commitResults":[{"hash":"36e7bf3900aaecb2e6247b8f1876b4b3037ec02e","isMergeCommit":false,"messageTitle":"Add initial architecture UML and updated DG","messageBody":"","fileTypesAndContributionMap":{"docs":{"insertions":88,"deletions":1}}}]}],"JianJiaT":[{"date":"2024-03-08","commitResults":[{"hash":"c2069be2703e2aab5abe6fbd553cf0342cead444","isMergeCommit":false,"messageTitle":"Update AboutUs","messageBody":"","fileTypesAndContributionMap":{"docs":{"insertions":3,"deletions":7}}},{"hash":"3c7db8ab9d08c80357606770a1bb9e9e6207875b","isMergeCommit":true,"messageTitle":"Merge branch \u0027master\u0027 of https://github.com/AY2324S2-F14-1/tp","messageBody":"","fileTypesAndContributionMap":{}}]},{"date":"2024-03-15","commitResults":[{"hash":"c2b794d525ed4a8704f4f9b58a0819c31bc6849f","isMergeCommit":true,"messageTitle":"Merge pull request #20 from STeng618/file-parsing","messageBody":"File parsing","fileTypesAndContributionMap":{}},{"hash":"413ea247264767bdd9959281f5fd6f1009acd56a","isMergeCommit":true,"messageTitle":"Merge branch \u0027master\u0027 of https://github.com/AY2324S2-F14-1/tp","messageBody":"","fileTypesAndContributionMap":{}}]},{"date":"2024-03-16","commitResults":[{"hash":"cd51d002c82f9b7f3f310004e9c14736c87bddc6","isMergeCommit":false,"messageTitle":"Add AddCommand and AddParser","messageBody":"","fileTypesAndContributionMap":{"functional-code":{"insertions":60,"deletions":0}}},{"hash":"e3fafbae14c5f9c2faa0e4ef39064ca2593f915b","isMergeCommit":false,"messageTitle":"Remove unneccesary space","messageBody":"","fileTypesAndContributionMap":{"functional-code":{"insertions":1,"deletions":1}}},{"hash":"ef9480a407fcdfa1589fe5e666e96140dca88cfd","isMergeCommit":false,"messageTitle":"Add constructor for abstract class Command","messageBody":"","fileTypesAndContributionMap":{"functional-code":{"insertions":1,"deletions":0}}},{"hash":"6ac94ace97ad990f213eacb70b91766acf3ef869","isMergeCommit":false,"messageTitle":"Implement InvalidCommand","messageBody":"","fileTypesAndContributionMap":{"functional-code":{"insertions":31,"deletions":1}}},{"hash":"d975a73e63ec70d359bbd3ed9d7c6f0f92268e36","isMergeCommit":false,"messageTitle":"Revert \"Add constructor for abstract class Command\"","messageBody":"This reverts commit ef9480a407fcdfa1589fe5e666e96140dca88cfd.\n","fileTypesAndContributionMap":{"functional-code":{"insertions":0,"deletions":1}}},{"hash":"fa20a992fa08442f394bd5fbf6b7f18b20bfd97e","isMergeCommit":false,"messageTitle":"Revert \"Implement InvalidCommand\"","messageBody":"This reverts commit 6ac94ace97ad990f213eacb70b91766acf3ef869.\n","fileTypesAndContributionMap":{"functional-code":{"insertions":1,"deletions":31}}},{"hash":"d0a27a58fb11850093e18eb03cb7ae924a02599f","isMergeCommit":false,"messageTitle":"Add constructor for abstract class Command","messageBody":"","fileTypesAndContributionMap":{"functional-code":{"insertions":1,"deletions":0}}},{"hash":"6df7b2c4fc989ae2384d3fe56511aaaa557dfe3d","isMergeCommit":false,"messageTitle":"Implement InvalidCommand","messageBody":"","fileTypesAndContributionMap":{"functional-code":{"insertions":4,"deletions":1}}},{"hash":"ca411adb7cab8771142c1d90e68b35c3be6c14a9","isMergeCommit":false,"messageTitle":"Add GeneralInputParser, handling add and invalid commands","messageBody":"","fileTypesAndContributionMap":{"functional-code":{"insertions":26,"deletions":0}}},{"hash":"f39d148bd66fec1845ec0b7a8b8c889ead851c89","isMergeCommit":false,"messageTitle":"Use AddCommand instead of Command in AddParser","messageBody":"","fileTypesAndContributionMap":{"functional-code":{"insertions":1,"deletions":2}}},{"hash":"1c4451e5c3eeb5b4cc0291596265ff1597fddb46","isMergeCommit":false,"messageTitle":"Add ListCommand and ListParser","messageBody":"","fileTypesAndContributionMap":{"functional-code":{"insertions":43,"deletions":0}}},{"hash":"d8731102c1ebbad156ba5c7ef38cc148f49710c8","isMergeCommit":false,"messageTitle":"Tweak ListCommand","messageBody":"","fileTypesAndContributionMap":{"functional-code":{"insertions":6,"deletions":1}}},{"hash":"abd0e20c9c7ac5f507d2332a7961d523b0442c56","isMergeCommit":false,"messageTitle":"Add SummariseCommand and SummariseParser","messageBody":"","fileTypesAndContributionMap":{"functional-code":{"insertions":32,"deletions":0}}},{"hash":"2ede07e3192218e2a289c8beef6a79b73a7d758d","isMergeCommit":false,"messageTitle":"Add DeleteCommand and DeleteParser","messageBody":"","fileTypesAndContributionMap":{"functional-code":{"insertions":46,"deletions":0}}},{"hash":"2fc305f3d2c8adf9049f90db6fb9dd7d4ab04934","isMergeCommit":false,"messageTitle":"Handle delete, list and summarise in GeneralInputParser","messageBody":"","fileTypesAndContributionMap":{"functional-code":{"insertions":17,"deletions":1}}},{"hash":"21adbcd26c27faf5131d997bbb37beb3bda9594a","isMergeCommit":false,"messageTitle":"Tweak GeneralInputParser","messageBody":"","fileTypesAndContributionMap":{"functional-code":{"insertions":2,"deletions":2}}},{"hash":"dfac9c64d9fb67e19ab9645d94cfe8b6170a9db4","isMergeCommit":true,"messageTitle":"Merge branch \u0027master\u0027 into AddCommandsAndParsers","messageBody":"","fileTypesAndContributionMap":{}},{"hash":"06409b72dd2008833c1ea55a5df6a94d39bab971","isMergeCommit":true,"messageTitle":"Merge branch \u0027AddCommandsAndParsers\u0027 of https://github.com/JianJiaT/tp into AddCommandsAndParsers","messageBody":"","fileTypesAndContributionMap":{}},{"hash":"5cbecd7702d00414155ff475ac1ed33ac2d73696","isMergeCommit":false,"messageTitle":"Fix import statements","messageBody":"","fileTypesAndContributionMap":{"functional-code":{"insertions":11,"deletions":14}}},{"hash":"c6e8b5b8630568cd03c59737432efc1f2ec088f7","isMergeCommit":false,"messageTitle":"Import UI","messageBody":"","fileTypesAndContributionMap":{"functional-code":{"insertions":1,"deletions":0}}},{"hash":"b7846fd91d20427c2e88138d80e9d6f2593260b6","isMergeCommit":false,"messageTitle":"Remove unnecessary import","messageBody":"","fileTypesAndContributionMap":{"functional-code":{"insertions":0,"deletions":1}}},{"hash":"e2b5b7d80e8c65e0c12fbeaa1c516faad5638ebb","isMergeCommit":false,"messageTitle":"Import UI","messageBody":"","fileTypesAndContributionMap":{"functional-code":{"insertions":2,"deletions":0}}},{"hash":"c1b4eceb5742436606305d33e440a2c818d07acc","isMergeCommit":false,"messageTitle":"Add placeholders for Delete-, List- and SummariseCommand","messageBody":"","fileTypesAndContributionMap":{"functional-code":{"insertions":8,"deletions":4}}},{"hash":"c2f13c6601c4897d3dc9a12a82d229b0335a7a5f","isMergeCommit":false,"messageTitle":"Remove unnecessary import","messageBody":"","fileTypesAndContributionMap":{"functional-code":{"insertions":0,"deletions":2}}}]},{"date":"2024-03-17","commitResults":[{"hash":"ed67c414cf9f107650f9f2fb251fb66e0babeb7a","isMergeCommit":false,"messageTitle":"Tweak AddParser","messageBody":"","fileTypesAndContributionMap":{"functional-code":{"insertions":9,"deletions":9}}},{"hash":"b79915cee7542af9de5cc6520cf1901871241e1d","isMergeCommit":false,"messageTitle":"Change DeleteParser to use regex","messageBody":"","fileTypesAndContributionMap":{"functional-code":{"insertions":1,"deletions":1}}},{"hash":"c95341ec12c0ab6a9bfeaf259070de3fa1f97069","isMergeCommit":false,"messageTitle":"Change expense date from LocalDateTime to String","messageBody":"","fileTypesAndContributionMap":{"functional-code":{"insertions":1,"deletions":2}}},{"hash":"a6b4161e1350cc359f61fb6a426bf6cfe0857c4a","isMergeCommit":true,"messageTitle":"Merge branch \u0027master\u0027 of https://github.com/AY2324S2-F14-1/tp","messageBody":"","fileTypesAndContributionMap":{}},{"hash":"3bfb195776dbb5d3f08b5a677368563583e38a2c","isMergeCommit":true,"messageTitle":"Merge branch \u0027master\u0027 of https://github.com/AY2324S2-F14-1/tp","messageBody":"","fileTypesAndContributionMap":{}}]},{"date":"2024-03-19","commitResults":[{"hash":"86539c643a7959faa62be581aec35c791b175313","isMergeCommit":true,"messageTitle":"Merge pull request #41 from yeozhishen/40-AddParser-junit-category-ignore","messageBody":"40 add parser junit category ignore","fileTypesAndContributionMap":{}},{"hash":"08876f24ebae50126d8ba2776c79218fbac21f6c","isMergeCommit":true,"messageTitle":"Merge branch \u0027master\u0027 of https://github.com/AY2324S2-F14-1/tp","messageBody":"","fileTypesAndContributionMap":{}},{"hash":"8c6ad973cffffe58105080edcd0c1274105ffe46","isMergeCommit":false,"messageTitle":"Change ExpenseManager to only summarise expenses within specified range","messageBody":"","fileTypesAndContributionMap":{"functional-code":{"insertions":3,"deletions":2}}},{"hash":"1465c34d7910594c2de552462997c1abf59f31d8","isMergeCommit":false,"messageTitle":"Change SummariseCommand to contain index to start and stop summarising as field","messageBody":"","fileTypesAndContributionMap":{"functional-code":{"insertions":7,"deletions":2}}},{"hash":"77158dd79ee5c6a4c2e7283f4e3dee08b9186197","isMergeCommit":false,"messageTitle":"Tweak summariseExpenses to summarise up to the end of list if endIndex \u003d -1","messageBody":"","fileTypesAndContributionMap":{"functional-code":{"insertions":6,"deletions":1}}},{"hash":"50b62257c717791a9b54acff9713af11d34c7217","isMergeCommit":false,"messageTitle":"Change SummariseParser to be able to take optional start and end indices","messageBody":"","fileTypesAndContributionMap":{"functional-code":{"insertions":44,"deletions":2}}},{"hash":"0de5c73df6aad451337d8613328976c95d03cd6b","isMergeCommit":false,"messageTitle":"Tweak ExpenseManager to prevent index out of bounds","messageBody":"","fileTypesAndContributionMap":{"functional-code":{"insertions":3,"deletions":0}}},{"hash":"11722419c823e819cb8141525af8d1140f5abee2","isMergeCommit":false,"messageTitle":"Refactor ExpenseManager","messageBody":"","fileTypesAndContributionMap":{"functional-code":{"insertions":3,"deletions":8}}},{"hash":"376af70647d51c64bfa26e82292ce9fd27d54341","isMergeCommit":false,"messageTitle":"Fix SummariseParser and add more input checks","messageBody":"","fileTypesAndContributionMap":{"functional-code":{"insertions":17,"deletions":4}}},{"hash":"f490b3b088524eaae2ca8786163aac8a1cc7a8d9","isMergeCommit":false,"messageTitle":"Remove todo","messageBody":"","fileTypesAndContributionMap":{"functional-code":{"insertions":0,"deletions":1}}},{"hash":"6eedd3d36a5ae18c25c562535dbe7275028edb4a","isMergeCommit":false,"messageTitle":"Add SummariseParserTest","messageBody":"","fileTypesAndContributionMap":{"test-code":{"insertions":44,"deletions":0}}}]},{"date":"2024-03-20","commitResults":[{"hash":"14e08e77158a465c5f4cff03497743ae5bb51403","isMergeCommit":false,"messageTitle":"Add more tests and tweak names","messageBody":"","fileTypesAndContributionMap":{"test-code":{"insertions":96,"deletions":5}}},{"hash":"c8a39da595c93dfe6ac0e5e29b8053f78d1cf9b3","isMergeCommit":false,"messageTitle":"Add input checking to DeleteParser","messageBody":"","fileTypesAndContributionMap":{"functional-code":{"insertions":11,"deletions":5}}},{"hash":"cc1467aa16c48be83f08114fbdd71c85e0b33386","isMergeCommit":false,"messageTitle":"Tweak ExpenseManager to prevent index out of bounds","messageBody":"","fileTypesAndContributionMap":{"functional-code":{"insertions":3,"deletions":0}}},{"hash":"22661d6a91f01c77bd00fb1df22b75eff47daa72","isMergeCommit":false,"messageTitle":"Remove todo","messageBody":"","fileTypesAndContributionMap":{"functional-code":{"insertions":0,"deletions":1}}},{"hash":"ab5b95bc47dbfb7dd6a3a1f15754631927f5c875","isMergeCommit":false,"messageTitle":"Add tests","messageBody":"","fileTypesAndContributionMap":{"test-code":{"insertions":50,"deletions":0}}},{"hash":"52850adb7b02d2cc43c31dcc927deab26447f80c","isMergeCommit":false,"messageTitle":"Undo changes to ExpenseManager","messageBody":"","fileTypesAndContributionMap":{"functional-code":{"insertions":0,"deletions":3}}},{"hash":"ae6eb12fe5b73d2914147238592c27be91d4c6eb","isMergeCommit":false,"messageTitle":"Fix string representation of expenses in ExpenseManager","messageBody":"","fileTypesAndContributionMap":{"functional-code":{"insertions":1,"deletions":0}}}]},{"date":"2024-03-21","commitResults":[{"hash":"37a48f23005eba1a784256e314468d0e009ff1b2","isMergeCommit":true,"messageTitle":"Merge branch \u0027master\u0027 of https://github.com/AY2324S2-F14-1/tp","messageBody":"","fileTypesAndContributionMap":{}},{"hash":"c90a79c7e0edfd68286a8f6d31c4fcf20efbccef","isMergeCommit":false,"messageTitle":"Add getter for number of expenses currently tracked","messageBody":"","fileTypesAndContributionMap":{"functional-code":{"insertions":4,"deletions":0}}},{"hash":"5bc7af88d8e47c52a0c6073d0406c99a14f72126","isMergeCommit":false,"messageTitle":"Tweak SummariseParser such that indexing starts from 1","messageBody":"","fileTypesAndContributionMap":{"functional-code":{"insertions":8,"deletions":8}}},{"hash":"a75a2b08b766099b474679cf2a1ce2e13156dc8b","isMergeCommit":false,"messageTitle":"Tweak SummariseCommand to check if start index exceeds number of expenses","messageBody":"","fileTypesAndContributionMap":{"functional-code":{"insertions":4,"deletions":0}}},{"hash":"b6b586869fa6e5998eb6df417185344beccb9bab","isMergeCommit":false,"messageTitle":"Tweak DeleteParser such that indexing starts from 1 not 0","messageBody":"","fileTypesAndContributionMap":{"functional-code":{"insertions":2,"deletions":2}}},{"hash":"e29c9aa656ee2ffe06547f83ce42195843adb0a7","isMergeCommit":false,"messageTitle":"Tweak DeleteCommand to check if delete index exceeds number of expenses","messageBody":"","fileTypesAndContributionMap":{"functional-code":{"insertions":5,"deletions":0}}},{"hash":"a1db28f214ba45b43e1591d27874fed1e867a787","isMergeCommit":false,"messageTitle":"Fix DeleteParserTest","messageBody":"","fileTypesAndContributionMap":{"test-code":{"insertions":3,"deletions":3}}},{"hash":"2e10dd9f4f5194887ade60506380530e032eec55","isMergeCommit":false,"messageTitle":"Fix SummariseParserTest","messageBody":"","fileTypesAndContributionMap":{"test-code":{"insertions":5,"deletions":5}}}]},{"date":"2024-03-22","commitResults":[{"hash":"60465d88322afe08a8e4a8d2e648bcc805bd8ac9","isMergeCommit":true,"messageTitle":"Merge branch \u0027master\u0027 of https://github.com/AY2324S2-F14-1/tp","messageBody":"","fileTypesAndContributionMap":{}},{"hash":"7a6e7a4fd40e8faf5cd9b9141648e301522dcc2c","isMergeCommit":true,"messageTitle":"Merge pull request #60 from yeozhishen/add-steng-in-aboutus","messageBody":"Add STeng\u0027s about us","fileTypesAndContributionMap":{}}]},{"date":"2024-03-25","commitResults":[{"hash":"d0fc4a116a069f3be1e8092e24a88817250b0f13","isMergeCommit":true,"messageTitle":"Merge branch \u0027master\u0027 of https://github.com/AY2324S2-F14-1/tp","messageBody":"","fileTypesAndContributionMap":{}}]},{"date":"2024-03-26","commitResults":[{"hash":"2709f267782fb049ad1f73348284ebdb14f99f5b","isMergeCommit":false,"messageTitle":"Add constants to SummariseParser to remove magic strings","messageBody":"","fileTypesAndContributionMap":{"functional-code":{"insertions":7,"deletions":0}}},{"hash":"8d03c80bcba3461d307844059959f464adda2a04","isMergeCommit":false,"messageTitle":"Change SummariseParser to allow summarising by expense name","messageBody":"","fileTypesAndContributionMap":{"functional-code":{"insertions":67,"deletions":39}}},{"hash":"4c98bb36f28379ebaaad5f0d78a1bda43f14dbc3","isMergeCommit":false,"messageTitle":"Remove outdated tests","messageBody":"","fileTypesAndContributionMap":{"test-code":{"insertions":0,"deletions":14}}},{"hash":"0253a28f1d0764238f26bf36709ac202cfcf4637","isMergeCommit":false,"messageTitle":"Change SummariseCommand to take expense name, date and category as fields","messageBody":"","fileTypesAndContributionMap":{"functional-code":{"insertions":9,"deletions":1}}},{"hash":"fa15548b7505f0a3feeb49b831846bdbbc130cff","isMergeCommit":false,"messageTitle":"Add assertions to SummariseParser","messageBody":"","fileTypesAndContributionMap":{"functional-code":{"insertions":4,"deletions":0}}},{"hash":"ca38d69523c375de6ad66f059c607dfb5b8abb67","isMergeCommit":false,"messageTitle":"Implement summarising by expense description","messageBody":"","fileTypesAndContributionMap":{"functional-code":{"insertions":17,"deletions":4}}},{"hash":"52e93e427f0b10231067c231e84f953f5f5c8204","isMergeCommit":false,"messageTitle":"Remove unused error message in SummariseParser","messageBody":"","fileTypesAndContributionMap":{"functional-code":{"insertions":0,"deletions":3}}},{"hash":"69d4500c11b2052bce1e7eb7ce3b5cd400c318e0","isMergeCommit":false,"messageTitle":"Fix ExpenseManagerTest","messageBody":"","fileTypesAndContributionMap":{"test-code":{"insertions":3,"deletions":3}}},{"hash":"e65f067d9c6b84143a1bf5266eed9fc37ada4ded","isMergeCommit":false,"messageTitle":"Fix SummariseParser","messageBody":"","fileTypesAndContributionMap":{"functional-code":{"insertions":1,"deletions":1}}},{"hash":"c96e1ef5dfea60a3c8503fdf4afcc30d4cb5ac23","isMergeCommit":false,"messageTitle":"Change description matching to description containing","messageBody":"","fileTypesAndContributionMap":{"functional-code":{"insertions":1,"deletions":1}}},{"hash":"396fb74f3ade0c688dc04b632a3187161a3c5129","isMergeCommit":false,"messageTitle":"Remove unused import","messageBody":"","fileTypesAndContributionMap":{"functional-code":{"insertions":0,"deletions":1}}}]},{"date":"2024-03-27","commitResults":[{"hash":"abea3e4cd54fe4e81bfc5352bac0f0351fbe03dd","isMergeCommit":false,"messageTitle":"Add sequence diagram for summarising","messageBody":"","fileTypesAndContributionMap":{"docs":{"insertions":43,"deletions":0}}},{"hash":"2c2369dbb770bca7d68409620159a4d5d41fee01","isMergeCommit":false,"messageTitle":"Change GeneralFileManager to FileManager in sequence diagram","messageBody":"","fileTypesAndContributionMap":{"docs":{"insertions":4,"deletions":5}}}]},{"date":"2024-03-28","commitResults":[{"hash":"11360ccd2a53059a1587e00a0db66e47a9ee1f88","isMergeCommit":true,"messageTitle":"Merge branch \u0027master\u0027 of https://github.com/AY2324S2-F14-1/tp","messageBody":"","fileTypesAndContributionMap":{}},{"hash":"8888e83803f8e930d4b3df1eeb7664dff93b4c26","isMergeCommit":true,"messageTitle":"Merge branch \u0027master\u0027 into update-DG","messageBody":"","fileTypesAndContributionMap":{}},{"hash":"ab8dfaf9ecfb98cd264f2d54b8e0c2b63bc1fbba","isMergeCommit":false,"messageTitle":"Move Summarise.puml","messageBody":"","fileTypesAndContributionMap":{"docs":{"insertions":0,"deletions":0}}},{"hash":"4bd1e1fb50e4647c15f0f8dd9aa48a361778db02","isMergeCommit":false,"messageTitle":"Tweak Summarise.puml","messageBody":"","fileTypesAndContributionMap":{"docs":{"insertions":45,"deletions":25}}},{"hash":"f5bf3960b81ed3e0f25ec1066c1bcd1a0ccbdfc2","isMergeCommit":false,"messageTitle":"Move bulk of Summarise.puml within alt block","messageBody":"","fileTypesAndContributionMap":{"docs":{"insertions":31,"deletions":30}}},{"hash":"7bd4cd00328a0258a6578932c536bfdf689fd0f8","isMergeCommit":false,"messageTitle":"Change \"Command keyword\" to \"keyword\"","messageBody":"","fileTypesAndContributionMap":{"docs":{"insertions":1,"deletions":1}}},{"hash":"4984372ece6f1988b95d830a115ed525160e7f65","isMergeCommit":false,"messageTitle":"Decapitalise \"Valid\"","messageBody":"","fileTypesAndContributionMap":{"docs":{"insertions":1,"deletions":1}}},{"hash":"2ac9559e695f7234735fb4658565e86a896f4c9c","isMergeCommit":false,"messageTitle":"Update DG for summarising expenses","messageBody":"","fileTypesAndContributionMap":{"docs":{"insertions":28,"deletions":0}}},{"hash":"5651cf2f13da341ab690c3e1c76951c5766eccb9","isMergeCommit":true,"messageTitle":"Merge branch \u0027master\u0027 into update-DG","messageBody":"","fileTypesAndContributionMap":{}},{"hash":"43e0176e3861c7b053e26529a0cf0279fdd755cf","isMergeCommit":true,"messageTitle":"Merge branch \u0027master\u0027 of https://github.com/AY2324S2-F14-1/tp","messageBody":"","fileTypesAndContributionMap":{}},{"hash":"4ebb9821f214d603094041b644913c6a973b85d0","isMergeCommit":false,"messageTitle":"Change ExpenseManager to allow for listing of expenses starting from specified index","messageBody":"","fileTypesAndContributionMap":{"functional-code":{"insertions":12,"deletions":5}}},{"hash":"4e4f2919de6def00f34d6639f2688db45be13757","isMergeCommit":false,"messageTitle":"Change ListCommand to fit new method signature of getExpensesListString","messageBody":"","fileTypesAndContributionMap":{"functional-code":{"insertions":1,"deletions":1}}},{"hash":"b50730c5ef9a35943f944c64ae6699abee762f4d","isMergeCommit":false,"messageTitle":"Change ExpenseManager to list out summarised expenses","messageBody":"","fileTypesAndContributionMap":{"functional-code":{"insertions":11,"deletions":0}}}]},{"date":"2024-03-29","commitResults":[{"hash":"734f95d4e8aa43bb7d654ae1d13bd30c4ed85e36","isMergeCommit":true,"messageTitle":"Merge branch \u0027master\u0027 of https://github.com/AY2324S2-F14-1/tp","messageBody":"","fileTypesAndContributionMap":{}},{"hash":"344b6d0929c37fd2cdffe97017d7328d67d94191","isMergeCommit":false,"messageTitle":"Refactor SummariseParser","messageBody":"","fileTypesAndContributionMap":{"functional-code":{"insertions":20,"deletions":13}}},{"hash":"97b0517a5e788e9eb87e96100d105e52da60d853","isMergeCommit":true,"messageTitle":"Merge branch \u0027master\u0027 of https://github.com/AY2324S2-F14-1/tp","messageBody":"","fileTypesAndContributionMap":{}}]},{"date":"2024-03-30","commitResults":[{"hash":"a06d6d06a68775a06726d5e6dece1dea675504fa","isMergeCommit":false,"messageTitle":"Update UG for summarising and deleting expenses","messageBody":"","fileTypesAndContributionMap":{"docs":{"insertions":66,"deletions":0}}},{"hash":"9322a5916318a27544d0fb29cae699e3867166ae","isMergeCommit":true,"messageTitle":"Merge pull request #93 from JianJiaT/update-ug-summarise-delete","messageBody":"Update UG for summarising and deleting expenses","fileTypesAndContributionMap":{}}]},{"date":"2024-03-31","commitResults":[{"hash":"62bc70dc2b3436a4f5cdbd0ab78d38aed43a35b4","isMergeCommit":true,"messageTitle":"Merge pull request #96 from yeozhishen/summarize-categories-update-dg","messageBody":"Summarize categories update Ug","fileTypesAndContributionMap":{}}]},{"date":"2024-04-01","commitResults":[{"hash":"871aaf3bb88b61e4dce1022f133d888987736235","isMergeCommit":true,"messageTitle":"Merge branch \u0027master\u0027 of https://github.com/AY2324S2-F14-1/tp","messageBody":"","fileTypesAndContributionMap":{}},{"hash":"6a615370b31394cd7478e998642c0942253014f6","isMergeCommit":false,"messageTitle":"Change extractCategory to inline method","messageBody":"","fileTypesAndContributionMap":{"functional-code":{"insertions":7,"deletions":10}}},{"hash":"f0ca9e4641d53e5a6daf68975b7dabc5fd8788b9","isMergeCommit":false,"messageTitle":"Add Javadoc comments for SummariseParser","messageBody":"","fileTypesAndContributionMap":{"functional-code":{"insertions":23,"deletions":1}}},{"hash":"3b825a61f79d0b509efe2b51cf3acff1847f7006","isMergeCommit":false,"messageTitle":"Add Javadoc comments for AddParser","messageBody":"","fileTypesAndContributionMap":{"functional-code":{"insertions":46,"deletions":0}}},{"hash":"60a2d2bad5b1bf41331ad02f43a3f895f9524d60","isMergeCommit":false,"messageTitle":"Add Javadoc comments for DeleteParser and ListParser","messageBody":"","fileTypesAndContributionMap":{"functional-code":{"insertions":14,"deletions":0}}},{"hash":"581c37ff95b394cb0d52e9804c3edd701c64f82e","isMergeCommit":false,"messageTitle":"Add Javadoc comments for Add-, Delete-, List- and SummariseCommand","messageBody":"","fileTypesAndContributionMap":{"functional-code":{"insertions":16,"deletions":0}}},{"hash":"77b1e3b9380ac9ac711b22789d2fa06e062ea7c6","isMergeCommit":false,"messageTitle":"Tweak Javadoc comments for Add-, Delete-, List- and SummariseCommand","messageBody":"","fileTypesAndContributionMap":{"functional-code":{"insertions":4,"deletions":4}}},{"hash":"2645c98b5d99941295f6d7a93a153314c67d95d4","isMergeCommit":false,"messageTitle":"Add Javadoc comments for ExpenseManager","messageBody":"","fileTypesAndContributionMap":{"functional-code":{"insertions":61,"deletions":2}}}]},{"date":"2024-04-02","commitResults":[{"hash":"8b87eeec476dc7f6e0a4ea76bcd858ade2f61707","isMergeCommit":true,"messageTitle":"Merge pull request #99 from JianJiaT/add-javadoc","messageBody":"Add Javadoc comments for expense adding, deleting, listing and summarising","fileTypesAndContributionMap":{}},{"hash":"21a2c52014d2f08353fd7e67971eb52406a6c273","isMergeCommit":true,"messageTitle":"Merge branch \u0027master\u0027 of https://github.com/AY2324S2-F14-1/tp","messageBody":"","fileTypesAndContributionMap":{}},{"hash":"300a8250aa39673e188c3a302ac0e730b8dc3397","isMergeCommit":false,"messageTitle":"Add intro and quick start","messageBody":"","fileTypesAndContributionMap":{"docs":{"insertions":8,"deletions":5}}},{"hash":"027b943475007346bd2afc3e5b53e56e4916a161","isMergeCommit":false,"messageTitle":"Swap orders of add and summarise","messageBody":"","fileTypesAndContributionMap":{"docs":{"insertions":51,"deletions":53}}},{"hash":"708452c2f372cd82d198a09776ee77425352c62e","isMergeCommit":false,"messageTitle":"Make use of square brackets to denote optional parameters (same as help command)","messageBody":"","fileTypesAndContributionMap":{"docs":{"insertions":10,"deletions":9}}},{"hash":"2add40260bf1cc6df8a8b31436548d0bc4b94728","isMergeCommit":false,"messageTitle":"Update HelpCommand for summarising","messageBody":"","fileTypesAndContributionMap":{"functional-code":{"insertions":2,"deletions":1}}}]}]},"authorFileTypeContributionMap":{"yeozhishen":{"docs":325,"functional-code":523,"test-code":335,"other":3},"STeng618":{"docs":196,"functional-code":1258,"test-code":495},"mihirheda02":{"docs":89,"functional-code":187,"test-code":107},"JianJiaT":{"docs":183,"functional-code":450,"test-code":161}},"authorContributionVariance":{"yeozhishen":12024.52,"STeng618":43011.93,"mihirheda02":4716.2285,"JianJiaT":6211.9453},"authorDisplayNameMap":{"yeozhishen":"CS2113-F14-1 YEO ..SHEN","STeng618":"CS2113-F14-1 YAP ..TENG","mihirheda02":"CS2113-F14-1 HEDA..SHAN","JianJiaT":"CS2113-F14-1 TEOH.. JIA"}}
