[{"path":"docs/AboutUs.md","fileType":"docs","lines":[{"lineNumber":1,"author":{"gitId":"-"},"content":"# About us","lastModifiedDate":"2020-05-24"},{"lineNumber":2,"author":{"gitId":"-"},"content":"Display |      Name       |               Github Profile               | Portfolio ","lastModifiedDate":"2020-05-24"},{"lineNumber":3,"author":{"gitId":"nigelheng"},"content":"--------|:---------------:|:------------------------------------------:|:---------:","lastModifiedDate":"2024-03-06"},{"lineNumber":4,"author":{"gitId":"JackieNeoCEG"},"content":"![](https://via.placeholder.com/100.png?text\u003dPhoto) |   Jackie Neo    | [Github](https://github.com/JackieNeoCEG)  | [Portfolio](docs/team/johndoe.md)","lastModifiedDate":"2024-03-06"},{"lineNumber":5,"author":{"gitId":"nigelheng"},"content":"![](https://via.placeholder.com/100.png?text\u003dPhoto) |  Tahsin Tasnim  |   [Github](https://github.com/ttasnim5)    | [Portfolio](docs/team/johndoe.md)","lastModifiedDate":"2024-03-06"},{"lineNumber":6,"author":{"gitId":"nigelheng"},"content":"![](https://via.placeholder.com/100.png?text\u003dPhoto) |   Nigel Heng    |   [Github](https://github.com/nigelheng)   | [Portfolio](docs/team/johndoe.md)","lastModifiedDate":"2024-03-06"},{"lineNumber":7,"author":{"gitId":"nigelheng"},"content":"![](https://via.placeholder.com/100.png?text\u003dPhoto) |     Nicoli      |  [Github](https://github.com/nicknamenic)  | [Portfolio](docs/team/johndoe.md)","lastModifiedDate":"2024-03-06"},{"lineNumber":8,"author":{"gitId":"nigelheng"},"content":"![](https://via.placeholder.com/100.png?text\u003dPhoto) | Yoeng Kok Leong | [Github](https://github.com/YoengKokLeong) | [Portfolio](docs/team/johndoe.md)","lastModifiedDate":"2024-03-06"},{"lineNumber":9,"author":{"gitId":"-"},"content":"","lastModifiedDate":"2024-03-06"}],"authorContributionMap":{"nigelheng":5,"JackieNeoCEG":1,"-":3}},{"path":"src/main/java/seedu/duke/Duke.java","fileType":"functional-code","lines":[{"lineNumber":1,"author":{"gitId":"-"},"content":"package seedu.duke;","lastModifiedDate":"2020-05-24"},{"lineNumber":2,"author":{"gitId":"-"},"content":"","lastModifiedDate":"2020-05-24"},{"lineNumber":3,"author":{"gitId":"ttasnim5"},"content":"import seedu.duke.exceptions.InvalidGameException;","lastModifiedDate":"2024-03-19"},{"lineNumber":4,"author":{"gitId":"nicknamenic"},"content":"import seedu.duke.exceptions.InvalidTTMoveException;","lastModifiedDate":"2024-03-19"},{"lineNumber":5,"author":{"gitId":"nicknamenic"},"content":"","lastModifiedDate":"2024-03-19"},{"lineNumber":6,"author":{"gitId":"nicknamenic"},"content":"import static seedu.duke.TicTacToe.runTicTacToe;","lastModifiedDate":"2024-03-19"},{"lineNumber":7,"author":{"gitId":"-"},"content":"","lastModifiedDate":"2024-03-15"},{"lineNumber":8,"author":{"gitId":"-"},"content":"public class Duke {","lastModifiedDate":"2019-07-29"},{"lineNumber":9,"author":{"gitId":"JackieNeoCEG"},"content":"    private static final Ui ui \u003d new Ui();","lastModifiedDate":"2024-03-20"},{"lineNumber":10,"author":{"gitId":"JackieNeoCEG"},"content":"    private static final HangMan hangman \u003d new HangMan();","lastModifiedDate":"2024-03-20"},{"lineNumber":11,"author":{"gitId":"ttasnim5"},"content":"","lastModifiedDate":"2024-03-19"},{"lineNumber":12,"author":{"gitId":"-"},"content":"    /**","lastModifiedDate":"2020-05-24"},{"lineNumber":13,"author":{"gitId":"-"},"content":"     * Main entry-point for the java.duke.Duke application.","lastModifiedDate":"2020-05-24"},{"lineNumber":14,"author":{"gitId":"-"},"content":"     */","lastModifiedDate":"2020-05-24"},{"lineNumber":15,"author":{"gitId":"-"},"content":"    public static void main(String[] args) {","lastModifiedDate":"2019-07-29"},{"lineNumber":16,"author":{"gitId":"JackieNeoCEG"},"content":"        ui.greetUser();","lastModifiedDate":"2024-03-15"},{"lineNumber":17,"author":{"gitId":"ttasnim5"},"content":"","lastModifiedDate":"2024-03-19"},{"lineNumber":18,"author":{"gitId":"ttasnim5"},"content":"        boolean inGame \u003d false;","lastModifiedDate":"2024-03-19"},{"lineNumber":19,"author":{"gitId":"ttasnim5"},"content":"        String input \u003d Parser.readLine();","lastModifiedDate":"2024-03-20"},{"lineNumber":20,"author":{"gitId":"ttasnim5"},"content":"","lastModifiedDate":"2024-03-20"},{"lineNumber":21,"author":{"gitId":"JackieNeoCEG"},"content":"        while (true) {","lastModifiedDate":"2024-03-20"},{"lineNumber":22,"author":{"gitId":"ttasnim5"},"content":"            if (Parser.ifQuit(input)) {","lastModifiedDate":"2024-03-19"},{"lineNumber":23,"author":{"gitId":"ttasnim5"},"content":"                ui.byeUser();","lastModifiedDate":"2024-03-20"},{"lineNumber":24,"author":{"gitId":"ttasnim5"},"content":"                break;","lastModifiedDate":"2024-03-19"},{"lineNumber":25,"author":{"gitId":"ttasnim5"},"content":"            } else if (Parser.ifHelp(input)) {","lastModifiedDate":"2024-03-19"},{"lineNumber":26,"author":{"gitId":"ttasnim5"},"content":"                ui.printHelp();","lastModifiedDate":"2024-03-19"},{"lineNumber":27,"author":{"gitId":"ttasnim5"},"content":"            }","lastModifiedDate":"2024-03-15"},{"lineNumber":28,"author":{"gitId":"-"},"content":"","lastModifiedDate":"2024-03-15"},{"lineNumber":29,"author":{"gitId":"ttasnim5"},"content":"            if (!inGame) {","lastModifiedDate":"2024-03-19"},{"lineNumber":30,"author":{"gitId":"ttasnim5"},"content":"                try {","lastModifiedDate":"2024-03-15"},{"lineNumber":31,"author":{"gitId":"ttasnim5"},"content":"                    Parser.readGame(input);","lastModifiedDate":"2024-03-19"},{"lineNumber":32,"author":{"gitId":"ttasnim5"},"content":"                    inGame \u003d true;","lastModifiedDate":"2024-03-19"},{"lineNumber":33,"author":{"gitId":"nicknamenic"},"content":"                    if (input.equals(\"TTT\")) {","lastModifiedDate":"2024-03-19"},{"lineNumber":34,"author":{"gitId":"nicknamenic"},"content":"                        try {","lastModifiedDate":"2024-03-19"},{"lineNumber":35,"author":{"gitId":"nicknamenic"},"content":"                            runTicTacToe();","lastModifiedDate":"2024-03-19"},{"lineNumber":36,"author":{"gitId":"ttasnim5"},"content":"                            System.out.println(\"Now what would you like to do?\");","lastModifiedDate":"2024-03-20"},{"lineNumber":37,"author":{"gitId":"nigelheng"},"content":"                            inGame \u003d false;","lastModifiedDate":"2024-03-20"},{"lineNumber":38,"author":{"gitId":"nicknamenic"},"content":"                        } catch (InvalidTTMoveException e) {","lastModifiedDate":"2024-03-19"},{"lineNumber":39,"author":{"gitId":"nicknamenic"},"content":"                            throw new RuntimeException(e);","lastModifiedDate":"2024-03-19"},{"lineNumber":40,"author":{"gitId":"nicknamenic"},"content":"                        }","lastModifiedDate":"2024-03-19"},{"lineNumber":41,"author":{"gitId":"nigelheng"},"content":"                    } else if (input.equals(\"hangman\")) {","lastModifiedDate":"2024-03-20"},{"lineNumber":42,"author":{"gitId":"JackieNeoCEG"},"content":"                        hangman.runHangMan();","lastModifiedDate":"2024-03-20"},{"lineNumber":43,"author":{"gitId":"ttasnim5"},"content":"                        System.out.println(\"Now what would you like to do?\");","lastModifiedDate":"2024-03-20"},{"lineNumber":44,"author":{"gitId":"nigelheng"},"content":"                        inGame \u003d false;","lastModifiedDate":"2024-03-20"},{"lineNumber":45,"author":{"gitId":"nicknamenic"},"content":"                    }","lastModifiedDate":"2024-03-19"},{"lineNumber":46,"author":{"gitId":"JackieNeoCEG"},"content":"                } catch (InvalidGameException | NullPointerException e) {","lastModifiedDate":"2024-03-20"},{"lineNumber":47,"author":{"gitId":"ttasnim5"},"content":"                    if (!input.equals(\"help\")) {","lastModifiedDate":"2024-03-20"},{"lineNumber":48,"author":{"gitId":"ttasnim5"},"content":"                        ui.println(\"Invalid Game.\");","lastModifiedDate":"2024-03-20"},{"lineNumber":49,"author":{"gitId":"ttasnim5"},"content":"                    }","lastModifiedDate":"2024-03-15"},{"lineNumber":50,"author":{"gitId":"ttasnim5"},"content":"                }","lastModifiedDate":"2024-03-15"},{"lineNumber":51,"author":{"gitId":"ttasnim5"},"content":"            }","lastModifiedDate":"2024-03-20"},{"lineNumber":52,"author":{"gitId":"ttasnim5"},"content":"            input \u003d Parser.readLine();","lastModifiedDate":"2024-03-20"},{"lineNumber":53,"author":{"gitId":"ttasnim5"},"content":"        }","lastModifiedDate":"2024-03-15"},{"lineNumber":54,"author":{"gitId":"-"},"content":"    }","lastModifiedDate":"2024-03-15"},{"lineNumber":55,"author":{"gitId":"-"},"content":"}","lastModifiedDate":"2019-07-29"}],"authorContributionMap":{"nicknamenic":10,"JackieNeoCEG":6,"nigelheng":3,"ttasnim5":25,"-":11}},{"path":"src/main/java/seedu/duke/Game.java","fileType":"functional-code","lines":[{"lineNumber":1,"author":{"gitId":"JackieNeoCEG"},"content":"package seedu.duke;","lastModifiedDate":"2024-03-15"},{"lineNumber":2,"author":{"gitId":"JackieNeoCEG"},"content":"public class Game {","lastModifiedDate":"2024-03-15"},{"lineNumber":3,"author":{"gitId":"YoengKokLeong"},"content":"    protected boolean isExit; // true to exit","lastModifiedDate":"2024-03-19"},{"lineNumber":4,"author":{"gitId":"YoengKokLeong"},"content":"    protected String gameName;","lastModifiedDate":"2024-03-19"},{"lineNumber":5,"author":{"gitId":"JackieNeoCEG"},"content":"","lastModifiedDate":"2024-03-15"},{"lineNumber":6,"author":{"gitId":"JackieNeoCEG"},"content":"    public Game(String line) {","lastModifiedDate":"2024-03-15"},{"lineNumber":7,"author":{"gitId":"YoengKokLeong"},"content":"        gameName \u003d line;","lastModifiedDate":"2024-03-19"},{"lineNumber":8,"author":{"gitId":"YoengKokLeong"},"content":"        isExit \u003d false;","lastModifiedDate":"2024-03-19"},{"lineNumber":9,"author":{"gitId":"YoengKokLeong"},"content":"    }","lastModifiedDate":"2024-03-19"},{"lineNumber":10,"author":{"gitId":"YoengKokLeong"},"content":"","lastModifiedDate":"2024-03-19"},{"lineNumber":11,"author":{"gitId":"YoengKokLeong"},"content":"    public void startGame() {","lastModifiedDate":"2024-03-19"},{"lineNumber":12,"author":{"gitId":"YoengKokLeong"},"content":"        switch (gameName) { //to parse string","lastModifiedDate":"2024-03-19"},{"lineNumber":13,"author":{"gitId":"YoengKokLeong"},"content":"        case (\"tic tac toe\"):","lastModifiedDate":"2024-03-19"},{"lineNumber":14,"author":{"gitId":"YoengKokLeong"},"content":"            //start tic-tac-toe","lastModifiedDate":"2024-03-19"},{"lineNumber":15,"author":{"gitId":"JackieNeoCEG"},"content":"            break;","lastModifiedDate":"2024-03-15"},{"lineNumber":16,"author":{"gitId":"YoengKokLeong"},"content":"        case (\"hangman\"):","lastModifiedDate":"2024-03-19"},{"lineNumber":17,"author":{"gitId":"YoengKokLeong"},"content":"            //starts hangman","lastModifiedDate":"2024-03-19"},{"lineNumber":18,"author":{"gitId":"JackieNeoCEG"},"content":"            break;","lastModifiedDate":"2024-03-15"},{"lineNumber":19,"author":{"gitId":"JackieNeoCEG"},"content":"        default:","lastModifiedDate":"2024-03-15"},{"lineNumber":20,"author":{"gitId":"JackieNeoCEG"},"content":"            //throw exception","lastModifiedDate":"2024-03-15"},{"lineNumber":21,"author":{"gitId":"JackieNeoCEG"},"content":"            break;","lastModifiedDate":"2024-03-15"},{"lineNumber":22,"author":{"gitId":"JackieNeoCEG"},"content":"        }","lastModifiedDate":"2024-03-15"},{"lineNumber":23,"author":{"gitId":"JackieNeoCEG"},"content":"    }","lastModifiedDate":"2024-03-15"},{"lineNumber":24,"author":{"gitId":"JackieNeoCEG"},"content":"}","lastModifiedDate":"2024-03-15"}],"authorContributionMap":{"YoengKokLeong":12,"JackieNeoCEG":12}},{"path":"src/main/java/seedu/duke/HangMan.java","fileType":"functional-code","lines":[{"lineNumber":1,"author":{"gitId":"nigelheng"},"content":"package seedu.duke;","lastModifiedDate":"2024-03-19"},{"lineNumber":2,"author":{"gitId":"nigelheng"},"content":"import java.util.Random;","lastModifiedDate":"2024-03-19"},{"lineNumber":3,"author":{"gitId":"nigelheng"},"content":"import java.util.ArrayList;","lastModifiedDate":"2024-03-19"},{"lineNumber":4,"author":{"gitId":"nigelheng"},"content":"import java.util.Scanner;","lastModifiedDate":"2024-03-20"},{"lineNumber":5,"author":{"gitId":"nigelheng"},"content":"public class HangMan {","lastModifiedDate":"2024-03-19"},{"lineNumber":6,"author":{"gitId":"nigelheng"},"content":"    protected static String[] wordBank \u003d new String[11];","lastModifiedDate":"2024-03-19"},{"lineNumber":7,"author":{"gitId":"nigelheng"},"content":"    protected static ArrayList\u003cString\u003e allGuessedLetters \u003d new ArrayList\u003c\u003e();","lastModifiedDate":"2024-03-20"},{"lineNumber":8,"author":{"gitId":"nigelheng"},"content":"    protected static int numberOfLettersGuessed \u003d 0;","lastModifiedDate":"2024-03-19"},{"lineNumber":9,"author":{"gitId":"nigelheng"},"content":"    protected static String chosenWord;","lastModifiedDate":"2024-03-20"},{"lineNumber":10,"author":{"gitId":"nigelheng"},"content":"    protected static int chosenWordLength;","lastModifiedDate":"2024-03-20"},{"lineNumber":11,"author":{"gitId":"nigelheng"},"content":"    protected static String correctGuesses;","lastModifiedDate":"2024-03-20"},{"lineNumber":12,"author":{"gitId":"nigelheng"},"content":"    protected static int state \u003d 0;","lastModifiedDate":"2024-03-20"},{"lineNumber":13,"author":{"gitId":"nigelheng"},"content":"    protected static final String LINE \u003d \"_\";","lastModifiedDate":"2024-03-20"},{"lineNumber":14,"author":{"gitId":"nigelheng"},"content":"","lastModifiedDate":"2024-03-19"},{"lineNumber":15,"author":{"gitId":"nigelheng"},"content":"    public HangMan() {","lastModifiedDate":"2024-03-19"},{"lineNumber":16,"author":{"gitId":"nigelheng"},"content":"        String words \u003d \"ant baboon badger bat bear beaver camel cat clam cobra cougar\";","lastModifiedDate":"2024-03-19"},{"lineNumber":17,"author":{"gitId":"nigelheng"},"content":"        wordBank \u003d words.split(\" \",11);","lastModifiedDate":"2024-03-19"},{"lineNumber":18,"author":{"gitId":"nigelheng"},"content":"        Random rand \u003d new Random();","lastModifiedDate":"2024-03-20"},{"lineNumber":19,"author":{"gitId":"nigelheng"},"content":"        int whichWord \u003d rand.nextInt(11);","lastModifiedDate":"2024-03-20"},{"lineNumber":20,"author":{"gitId":"nigelheng"},"content":"        chosenWord \u003d wordBank[whichWord];","lastModifiedDate":"2024-03-20"},{"lineNumber":21,"author":{"gitId":"nigelheng"},"content":"        chosenWordLength \u003d wordBank[whichWord].length();","lastModifiedDate":"2024-03-20"},{"lineNumber":22,"author":{"gitId":"nigelheng"},"content":"        correctGuesses \u003d LINE.repeat(chosenWordLength);","lastModifiedDate":"2024-03-20"},{"lineNumber":23,"author":{"gitId":"nigelheng"},"content":"    }","lastModifiedDate":"2024-03-19"},{"lineNumber":24,"author":{"gitId":"nigelheng"},"content":"","lastModifiedDate":"2024-03-19"},{"lineNumber":25,"author":{"gitId":"JackieNeoCEG"},"content":"    public void runHangMan() {","lastModifiedDate":"2024-03-20"},{"lineNumber":26,"author":{"gitId":"nigelheng"},"content":"","lastModifiedDate":"2024-03-20"},{"lineNumber":27,"author":{"gitId":"nigelheng"},"content":"        printHangMan();","lastModifiedDate":"2024-03-20"},{"lineNumber":28,"author":{"gitId":"nigelheng"},"content":"        printLettersGuessed();","lastModifiedDate":"2024-03-20"},{"lineNumber":29,"author":{"gitId":"nigelheng"},"content":"        printWordGuesser();","lastModifiedDate":"2024-03-20"},{"lineNumber":30,"author":{"gitId":"nigelheng"},"content":"","lastModifiedDate":"2024-03-20"},{"lineNumber":31,"author":{"gitId":"nigelheng"},"content":"        System.out.println(\"Now what is your first guess?\");","lastModifiedDate":"2024-03-20"},{"lineNumber":32,"author":{"gitId":"nigelheng"},"content":"","lastModifiedDate":"2024-03-20"},{"lineNumber":33,"author":{"gitId":"nigelheng"},"content":"        while (state \u003c 6) {","lastModifiedDate":"2024-03-20"},{"lineNumber":34,"author":{"gitId":"nigelheng"},"content":"            String userInput;","lastModifiedDate":"2024-03-20"},{"lineNumber":35,"author":{"gitId":"nigelheng"},"content":"            Scanner in \u003d new Scanner(System.in);","lastModifiedDate":"2024-03-20"},{"lineNumber":36,"author":{"gitId":"nigelheng"},"content":"            userInput \u003d in.nextLine();","lastModifiedDate":"2024-03-20"},{"lineNumber":37,"author":{"gitId":"nigelheng"},"content":"","lastModifiedDate":"2024-03-20"},{"lineNumber":38,"author":{"gitId":"nigelheng"},"content":"            if (userInput.equalsIgnoreCase(\"quit\")) {","lastModifiedDate":"2024-03-20"},{"lineNumber":39,"author":{"gitId":"nigelheng"},"content":"                System.out.println(\"Thank you!! Hope you had flying good time.\");","lastModifiedDate":"2024-03-20"},{"lineNumber":40,"author":{"gitId":"nigelheng"},"content":"                break;","lastModifiedDate":"2024-03-20"},{"lineNumber":41,"author":{"gitId":"nigelheng"},"content":"            }","lastModifiedDate":"2024-03-20"},{"lineNumber":42,"author":{"gitId":"nigelheng"},"content":"            if (!allGuessedLetters.contains(userInput)) {","lastModifiedDate":"2024-03-20"},{"lineNumber":43,"author":{"gitId":"nigelheng"},"content":"                addGuess(userInput);","lastModifiedDate":"2024-03-20"},{"lineNumber":44,"author":{"gitId":"nigelheng"},"content":"                printHangMan();","lastModifiedDate":"2024-03-20"},{"lineNumber":45,"author":{"gitId":"nigelheng"},"content":"                printLettersGuessed();","lastModifiedDate":"2024-03-20"},{"lineNumber":46,"author":{"gitId":"nigelheng"},"content":"                printWordGuesser();","lastModifiedDate":"2024-03-20"},{"lineNumber":47,"author":{"gitId":"nigelheng"},"content":"            } else {","lastModifiedDate":"2024-03-20"},{"lineNumber":48,"author":{"gitId":"nigelheng"},"content":"                System.out.println(\"you\u0027ve already guessed this before\");","lastModifiedDate":"2024-03-20"},{"lineNumber":49,"author":{"gitId":"nigelheng"},"content":"                System.out.println(\"now try something else\");","lastModifiedDate":"2024-03-20"},{"lineNumber":50,"author":{"gitId":"nigelheng"},"content":"                System.out.println(\"___________________________________\");","lastModifiedDate":"2024-03-20"},{"lineNumber":51,"author":{"gitId":"nigelheng"},"content":"            }","lastModifiedDate":"2024-03-20"},{"lineNumber":52,"author":{"gitId":"nigelheng"},"content":"","lastModifiedDate":"2024-03-20"},{"lineNumber":53,"author":{"gitId":"nigelheng"},"content":"            if (!correctGuesses.contains(\"_\")) {","lastModifiedDate":"2024-03-20"},{"lineNumber":54,"author":{"gitId":"nigelheng"},"content":"                System.out.println(\"Woahhhh you got it!!\");","lastModifiedDate":"2024-03-20"},{"lineNumber":55,"author":{"gitId":"nigelheng"},"content":"                break;","lastModifiedDate":"2024-03-20"},{"lineNumber":56,"author":{"gitId":"nigelheng"},"content":"            }","lastModifiedDate":"2024-03-20"},{"lineNumber":57,"author":{"gitId":"nigelheng"},"content":"            System.out.println(\"give me your next guess\");","lastModifiedDate":"2024-03-20"},{"lineNumber":58,"author":{"gitId":"nigelheng"},"content":"        }","lastModifiedDate":"2024-03-20"},{"lineNumber":59,"author":{"gitId":"nigelheng"},"content":"","lastModifiedDate":"2024-03-20"},{"lineNumber":60,"author":{"gitId":"nigelheng"},"content":"        // once state \u003d 6, game ends in failure.","lastModifiedDate":"2024-03-20"},{"lineNumber":61,"author":{"gitId":"nigelheng"},"content":"        if (state \u003d\u003d 6) {","lastModifiedDate":"2024-03-20"},{"lineNumber":62,"author":{"gitId":"nigelheng"},"content":"            printHangMan();","lastModifiedDate":"2024-03-20"},{"lineNumber":63,"author":{"gitId":"nigelheng"},"content":"            System.out.println();","lastModifiedDate":"2024-03-20"},{"lineNumber":64,"author":{"gitId":"nigelheng"},"content":"            System.out.println(\"Oh noo!! It seems you have lost   :( \");","lastModifiedDate":"2024-03-20"},{"lineNumber":65,"author":{"gitId":"nigelheng"},"content":"        }","lastModifiedDate":"2024-03-20"},{"lineNumber":66,"author":{"gitId":"nigelheng"},"content":"    }","lastModifiedDate":"2024-03-20"},{"lineNumber":67,"author":{"gitId":"nigelheng"},"content":"    public static int getNumberOfLettersGuessed() {","lastModifiedDate":"2024-03-19"},{"lineNumber":68,"author":{"gitId":"nigelheng"},"content":"        return numberOfLettersGuessed;","lastModifiedDate":"2024-03-19"},{"lineNumber":69,"author":{"gitId":"nigelheng"},"content":"    }","lastModifiedDate":"2024-03-19"},{"lineNumber":70,"author":{"gitId":"nigelheng"},"content":"    public static ArrayList\u003cString\u003e getAllGuessedLetters() {","lastModifiedDate":"2024-03-20"},{"lineNumber":71,"author":{"gitId":"nigelheng"},"content":"        return allGuessedLetters;","lastModifiedDate":"2024-03-20"},{"lineNumber":72,"author":{"gitId":"nigelheng"},"content":"    }","lastModifiedDate":"2024-03-20"},{"lineNumber":73,"author":{"gitId":"nigelheng"},"content":"    /*","lastModifiedDate":"2024-03-20"},{"lineNumber":74,"author":{"gitId":"nigelheng"},"content":"    public static String getChosenWord() {","lastModifiedDate":"2024-03-20"},{"lineNumber":75,"author":{"gitId":"nigelheng"},"content":"        return chosenWord;","lastModifiedDate":"2024-03-20"},{"lineNumber":76,"author":{"gitId":"nigelheng"},"content":"    }","lastModifiedDate":"2024-03-20"},{"lineNumber":77,"author":{"gitId":"nigelheng"},"content":"    public static int getChosenWordLength() {","lastModifiedDate":"2024-03-20"},{"lineNumber":78,"author":{"gitId":"nigelheng"},"content":"        return chosenWordLength;","lastModifiedDate":"2024-03-20"},{"lineNumber":79,"author":{"gitId":"nigelheng"},"content":"    }","lastModifiedDate":"2024-03-20"},{"lineNumber":80,"author":{"gitId":"nigelheng"},"content":"     */","lastModifiedDate":"2024-03-20"},{"lineNumber":81,"author":{"gitId":"nigelheng"},"content":"    public static int getState() {","lastModifiedDate":"2024-03-20"},{"lineNumber":82,"author":{"gitId":"nigelheng"},"content":"        return state;","lastModifiedDate":"2024-03-20"},{"lineNumber":83,"author":{"gitId":"nigelheng"},"content":"    }","lastModifiedDate":"2024-03-19"},{"lineNumber":84,"author":{"gitId":"nigelheng"},"content":"","lastModifiedDate":"2024-03-19"},{"lineNumber":85,"author":{"gitId":"nigelheng"},"content":"    /**","lastModifiedDate":"2024-03-19"},{"lineNumber":86,"author":{"gitId":"nigelheng"},"content":"     * Takes the chosen word from the word bank and prints the appropriate","lastModifiedDate":"2024-03-20"},{"lineNumber":87,"author":{"gitId":"nigelheng"},"content":"     * number of lines for each letter.","lastModifiedDate":"2024-03-19"},{"lineNumber":88,"author":{"gitId":"nigelheng"},"content":"     */","lastModifiedDate":"2024-03-19"},{"lineNumber":89,"author":{"gitId":"nigelheng"},"content":"    public static void printWordGuesser() {","lastModifiedDate":"2024-03-19"},{"lineNumber":90,"author":{"gitId":"nigelheng"},"content":"        char[] charCorrectGuesses \u003d correctGuesses.toCharArray();","lastModifiedDate":"2024-03-20"},{"lineNumber":91,"author":{"gitId":"nigelheng"},"content":"        for (int i \u003d 0; i \u003c chosenWordLength; i++) {","lastModifiedDate":"2024-03-20"},{"lineNumber":92,"author":{"gitId":"nigelheng"},"content":"            System.out.print(\" \" + charCorrectGuesses[i]);","lastModifiedDate":"2024-03-20"},{"lineNumber":93,"author":{"gitId":"nigelheng"},"content":"        }","lastModifiedDate":"2024-03-19"},{"lineNumber":94,"author":{"gitId":"nigelheng"},"content":"        System.out.println();","lastModifiedDate":"2024-03-19"},{"lineNumber":95,"author":{"gitId":"nigelheng"},"content":"    }","lastModifiedDate":"2024-03-19"},{"lineNumber":96,"author":{"gitId":"nigelheng"},"content":"","lastModifiedDate":"2024-03-19"},{"lineNumber":97,"author":{"gitId":"nigelheng"},"content":"    /**","lastModifiedDate":"2024-03-19"},{"lineNumber":98,"author":{"gitId":"nigelheng"},"content":"     * Prints the HangMan image to represent the number of chances left to guess","lastModifiedDate":"2024-03-19"},{"lineNumber":99,"author":{"gitId":"nigelheng"},"content":"     */","lastModifiedDate":"2024-03-19"},{"lineNumber":100,"author":{"gitId":"nigelheng"},"content":"    public static void printHangMan() {","lastModifiedDate":"2024-03-19"},{"lineNumber":101,"author":{"gitId":"nigelheng"},"content":"        state \u003d getState();","lastModifiedDate":"2024-03-20"},{"lineNumber":102,"author":{"gitId":"nigelheng"},"content":"        switch(state) {","lastModifiedDate":"2024-03-20"},{"lineNumber":103,"author":{"gitId":"nigelheng"},"content":"        case 0:","lastModifiedDate":"2024-03-20"},{"lineNumber":104,"author":{"gitId":"nigelheng"},"content":"            System.out.println(\"  _______\");","lastModifiedDate":"2024-03-20"},{"lineNumber":105,"author":{"gitId":"nigelheng"},"content":"            System.out.println(\"  |     |\");","lastModifiedDate":"2024-03-20"},{"lineNumber":106,"author":{"gitId":"nigelheng"},"content":"            System.out.println(\"  |\");","lastModifiedDate":"2024-03-20"},{"lineNumber":107,"author":{"gitId":"nigelheng"},"content":"            System.out.println(\"  |\");","lastModifiedDate":"2024-03-20"},{"lineNumber":108,"author":{"gitId":"nigelheng"},"content":"            System.out.println(\"  |\");","lastModifiedDate":"2024-03-20"},{"lineNumber":109,"author":{"gitId":"nigelheng"},"content":"            System.out.println(\"  |\");","lastModifiedDate":"2024-03-20"},{"lineNumber":110,"author":{"gitId":"nigelheng"},"content":"            System.out.println(\"\u003d\u003d\u003d\u003d\u003d\u003d\u003d\u003d\u003d\u003d\u003d\u003d\u003d\u003d\");","lastModifiedDate":"2024-03-20"},{"lineNumber":111,"author":{"gitId":"nigelheng"},"content":"            break;","lastModifiedDate":"2024-03-20"},{"lineNumber":112,"author":{"gitId":"nigelheng"},"content":"        case 1:","lastModifiedDate":"2024-03-20"},{"lineNumber":113,"author":{"gitId":"nigelheng"},"content":"            System.out.println(\"  _______\");","lastModifiedDate":"2024-03-20"},{"lineNumber":114,"author":{"gitId":"nigelheng"},"content":"            System.out.println(\"  |     |\");","lastModifiedDate":"2024-03-20"},{"lineNumber":115,"author":{"gitId":"nigelheng"},"content":"            System.out.println(\"  |     @\");","lastModifiedDate":"2024-03-20"},{"lineNumber":116,"author":{"gitId":"nigelheng"},"content":"            System.out.println(\"  |\");","lastModifiedDate":"2024-03-20"},{"lineNumber":117,"author":{"gitId":"nigelheng"},"content":"            System.out.println(\"  |\");","lastModifiedDate":"2024-03-20"},{"lineNumber":118,"author":{"gitId":"nigelheng"},"content":"            System.out.println(\"  |\");","lastModifiedDate":"2024-03-20"},{"lineNumber":119,"author":{"gitId":"nigelheng"},"content":"            System.out.println(\"\u003d\u003d\u003d\u003d\u003d\u003d\u003d\u003d\u003d\u003d\u003d\u003d\u003d\u003d\");","lastModifiedDate":"2024-03-20"},{"lineNumber":120,"author":{"gitId":"nigelheng"},"content":"            break;","lastModifiedDate":"2024-03-20"},{"lineNumber":121,"author":{"gitId":"nigelheng"},"content":"        case 2:","lastModifiedDate":"2024-03-20"},{"lineNumber":122,"author":{"gitId":"nigelheng"},"content":"            System.out.println(\"  _______\");","lastModifiedDate":"2024-03-20"},{"lineNumber":123,"author":{"gitId":"nigelheng"},"content":"            System.out.println(\"  |     |\");","lastModifiedDate":"2024-03-20"},{"lineNumber":124,"author":{"gitId":"nigelheng"},"content":"            System.out.println(\"  |     @\");","lastModifiedDate":"2024-03-20"},{"lineNumber":125,"author":{"gitId":"nigelheng"},"content":"            System.out.println(\"  |     |\");","lastModifiedDate":"2024-03-20"},{"lineNumber":126,"author":{"gitId":"nigelheng"},"content":"            System.out.println(\"  |     |\");","lastModifiedDate":"2024-03-20"},{"lineNumber":127,"author":{"gitId":"nigelheng"},"content":"            System.out.println(\"  |\");","lastModifiedDate":"2024-03-20"},{"lineNumber":128,"author":{"gitId":"nigelheng"},"content":"            System.out.println(\"\u003d\u003d\u003d\u003d\u003d\u003d\u003d\u003d\u003d\u003d\u003d\u003d\u003d\u003d\");","lastModifiedDate":"2024-03-20"},{"lineNumber":129,"author":{"gitId":"nigelheng"},"content":"            break;","lastModifiedDate":"2024-03-20"},{"lineNumber":130,"author":{"gitId":"nigelheng"},"content":"        case 3:","lastModifiedDate":"2024-03-20"},{"lineNumber":131,"author":{"gitId":"nigelheng"},"content":"            System.out.println(\"  _______\");","lastModifiedDate":"2024-03-20"},{"lineNumber":132,"author":{"gitId":"nigelheng"},"content":"            System.out.println(\"  |     |\");","lastModifiedDate":"2024-03-20"},{"lineNumber":133,"author":{"gitId":"nigelheng"},"content":"            System.out.println(\"  |     @\");","lastModifiedDate":"2024-03-20"},{"lineNumber":134,"author":{"gitId":"nigelheng"},"content":"            System.out.println(\"  |    /|\");","lastModifiedDate":"2024-03-20"},{"lineNumber":135,"author":{"gitId":"nigelheng"},"content":"            System.out.println(\"  |     |\");","lastModifiedDate":"2024-03-20"},{"lineNumber":136,"author":{"gitId":"nigelheng"},"content":"            System.out.println(\"  |\");","lastModifiedDate":"2024-03-20"},{"lineNumber":137,"author":{"gitId":"nigelheng"},"content":"            System.out.println(\"\u003d\u003d\u003d\u003d\u003d\u003d\u003d\u003d\u003d\u003d\u003d\u003d\u003d\u003d\");","lastModifiedDate":"2024-03-20"},{"lineNumber":138,"author":{"gitId":"nigelheng"},"content":"            break;","lastModifiedDate":"2024-03-20"},{"lineNumber":139,"author":{"gitId":"nigelheng"},"content":"        case 4:","lastModifiedDate":"2024-03-20"},{"lineNumber":140,"author":{"gitId":"nigelheng"},"content":"            System.out.println(\"  _______\");","lastModifiedDate":"2024-03-20"},{"lineNumber":141,"author":{"gitId":"nigelheng"},"content":"            System.out.println(\"  |     |\");","lastModifiedDate":"2024-03-20"},{"lineNumber":142,"author":{"gitId":"nigelheng"},"content":"            System.out.println(\"  |     @\");","lastModifiedDate":"2024-03-20"},{"lineNumber":143,"author":{"gitId":"nigelheng"},"content":"            System.out.println(\"  |    /|\\\\\");","lastModifiedDate":"2024-03-20"},{"lineNumber":144,"author":{"gitId":"nigelheng"},"content":"            System.out.println(\"  |     |\");","lastModifiedDate":"2024-03-20"},{"lineNumber":145,"author":{"gitId":"nigelheng"},"content":"            System.out.println(\"  |\");","lastModifiedDate":"2024-03-20"},{"lineNumber":146,"author":{"gitId":"nigelheng"},"content":"            System.out.println(\"\u003d\u003d\u003d\u003d\u003d\u003d\u003d\u003d\u003d\u003d\u003d\u003d\u003d\u003d\");","lastModifiedDate":"2024-03-20"},{"lineNumber":147,"author":{"gitId":"nigelheng"},"content":"            break;","lastModifiedDate":"2024-03-20"},{"lineNumber":148,"author":{"gitId":"nigelheng"},"content":"        case 5:","lastModifiedDate":"2024-03-20"},{"lineNumber":149,"author":{"gitId":"nigelheng"},"content":"            System.out.println(\"  _______\");","lastModifiedDate":"2024-03-20"},{"lineNumber":150,"author":{"gitId":"nigelheng"},"content":"            System.out.println(\"  |     |\");","lastModifiedDate":"2024-03-20"},{"lineNumber":151,"author":{"gitId":"nigelheng"},"content":"            System.out.println(\"  |     @\");","lastModifiedDate":"2024-03-20"},{"lineNumber":152,"author":{"gitId":"nigelheng"},"content":"            System.out.println(\"  |    /|\\\\\");","lastModifiedDate":"2024-03-20"},{"lineNumber":153,"author":{"gitId":"nigelheng"},"content":"            System.out.println(\"  |     |\");","lastModifiedDate":"2024-03-20"},{"lineNumber":154,"author":{"gitId":"nigelheng"},"content":"            System.out.println(\"  |    /\");","lastModifiedDate":"2024-03-20"},{"lineNumber":155,"author":{"gitId":"nigelheng"},"content":"            System.out.println(\"\u003d\u003d\u003d\u003d\u003d\u003d\u003d\u003d\u003d\u003d\u003d\u003d\u003d\u003d\");","lastModifiedDate":"2024-03-20"},{"lineNumber":156,"author":{"gitId":"nigelheng"},"content":"            break;","lastModifiedDate":"2024-03-20"},{"lineNumber":157,"author":{"gitId":"nigelheng"},"content":"        case 6:","lastModifiedDate":"2024-03-20"},{"lineNumber":158,"author":{"gitId":"nigelheng"},"content":"            System.out.println(\"  _______\");","lastModifiedDate":"2024-03-19"},{"lineNumber":159,"author":{"gitId":"nigelheng"},"content":"            System.out.println(\"  |     |\");","lastModifiedDate":"2024-03-19"},{"lineNumber":160,"author":{"gitId":"nigelheng"},"content":"            System.out.println(\"  |     @\");","lastModifiedDate":"2024-03-19"},{"lineNumber":161,"author":{"gitId":"nigelheng"},"content":"            System.out.println(\"  |    /|\\\\\");","lastModifiedDate":"2024-03-19"},{"lineNumber":162,"author":{"gitId":"nigelheng"},"content":"            System.out.println(\"  |     |\");","lastModifiedDate":"2024-03-19"},{"lineNumber":163,"author":{"gitId":"nigelheng"},"content":"            System.out.println(\"  |    / \\\\\");","lastModifiedDate":"2024-03-19"},{"lineNumber":164,"author":{"gitId":"nigelheng"},"content":"            System.out.println(\"\u003d\u003d\u003d\u003d\u003d\u003d\u003d\u003d\u003d\u003d\u003d\u003d\u003d\u003d\");","lastModifiedDate":"2024-03-19"},{"lineNumber":165,"author":{"gitId":"nigelheng"},"content":"            break;","lastModifiedDate":"2024-03-20"},{"lineNumber":166,"author":{"gitId":"JackieNeoCEG"},"content":"        default:","lastModifiedDate":"2024-03-20"},{"lineNumber":167,"author":{"gitId":"JackieNeoCEG"},"content":"            System.out.println(\"default\");","lastModifiedDate":"2024-03-20"},{"lineNumber":168,"author":{"gitId":"JackieNeoCEG"},"content":"            break;","lastModifiedDate":"2024-03-20"},{"lineNumber":169,"author":{"gitId":"nigelheng"},"content":"        }","lastModifiedDate":"2024-03-20"},{"lineNumber":170,"author":{"gitId":"nigelheng"},"content":"","lastModifiedDate":"2024-03-20"},{"lineNumber":171,"author":{"gitId":"nigelheng"},"content":"    }","lastModifiedDate":"2024-03-19"},{"lineNumber":172,"author":{"gitId":"nigelheng"},"content":"","lastModifiedDate":"2024-03-19"},{"lineNumber":173,"author":{"gitId":"nigelheng"},"content":"    public static void printLettersGuessed() {","lastModifiedDate":"2024-03-19"},{"lineNumber":174,"author":{"gitId":"nigelheng"},"content":"        System.out.println(\"These are the guesses you have made so far:\");","lastModifiedDate":"2024-03-20"},{"lineNumber":175,"author":{"gitId":"nigelheng"},"content":"        int numOfLetters \u003d getNumberOfLettersGuessed();","lastModifiedDate":"2024-03-19"},{"lineNumber":176,"author":{"gitId":"nigelheng"},"content":"        for (int index \u003d 0; index \u003c numOfLetters; index++) {","lastModifiedDate":"2024-03-19"},{"lineNumber":177,"author":{"gitId":"nigelheng"},"content":"            String letterToDisplay \u003d getAllGuessedLetters().get(index);","lastModifiedDate":"2024-03-20"},{"lineNumber":178,"author":{"gitId":"nigelheng"},"content":"            System.out.print(letterToDisplay + \"  \");","lastModifiedDate":"2024-03-20"},{"lineNumber":179,"author":{"gitId":"nigelheng"},"content":"        }","lastModifiedDate":"2024-03-19"},{"lineNumber":180,"author":{"gitId":"nigelheng"},"content":"        System.out.println();","lastModifiedDate":"2024-03-19"},{"lineNumber":181,"author":{"gitId":"nigelheng"},"content":"    }","lastModifiedDate":"2024-03-19"},{"lineNumber":182,"author":{"gitId":"nigelheng"},"content":"","lastModifiedDate":"2024-03-19"},{"lineNumber":183,"author":{"gitId":"nigelheng"},"content":"    public static int parseGuess(String userInput) {","lastModifiedDate":"2024-03-20"},{"lineNumber":184,"author":{"gitId":"nigelheng"},"content":"        if (userInput \u003d\u003d null) {","lastModifiedDate":"2024-03-19"},{"lineNumber":185,"author":{"gitId":"nigelheng"},"content":"            return 0;","lastModifiedDate":"2024-03-20"},{"lineNumber":186,"author":{"gitId":"nigelheng"},"content":"        }","lastModifiedDate":"2024-03-20"},{"lineNumber":187,"author":{"gitId":"nigelheng"},"content":"        int guessType;","lastModifiedDate":"2024-03-20"},{"lineNumber":188,"author":{"gitId":"nigelheng"},"content":"        if (userInput.length() \u003d\u003d 1) {","lastModifiedDate":"2024-03-20"},{"lineNumber":189,"author":{"gitId":"nigelheng"},"content":"            guessType \u003d 1;","lastModifiedDate":"2024-03-20"},{"lineNumber":190,"author":{"gitId":"nigelheng"},"content":"        } else {","lastModifiedDate":"2024-03-20"},{"lineNumber":191,"author":{"gitId":"nigelheng"},"content":"            guessType \u003d 2;","lastModifiedDate":"2024-03-20"},{"lineNumber":192,"author":{"gitId":"nigelheng"},"content":"        }","lastModifiedDate":"2024-03-19"},{"lineNumber":193,"author":{"gitId":"nigelheng"},"content":"        return guessType;","lastModifiedDate":"2024-03-20"},{"lineNumber":194,"author":{"gitId":"nigelheng"},"content":"    }","lastModifiedDate":"2024-03-20"},{"lineNumber":195,"author":{"gitId":"nigelheng"},"content":"    public static void addGuess(String userInput) {","lastModifiedDate":"2024-03-20"},{"lineNumber":196,"author":{"gitId":"nigelheng"},"content":"        System.out.println(\"Checking to see if [\" + userInput + \"] is part of the word...\");","lastModifiedDate":"2024-03-20"},{"lineNumber":197,"author":{"gitId":"nigelheng"},"content":"        int guessType \u003d parseGuess(userInput);","lastModifiedDate":"2024-03-20"},{"lineNumber":198,"author":{"gitId":"nigelheng"},"content":"        if (guessType \u003d\u003d 1) { // input is a single character","lastModifiedDate":"2024-03-20"},{"lineNumber":199,"author":{"gitId":"nigelheng"},"content":"            allGuessedLetters.add(userInput);","lastModifiedDate":"2024-03-20"},{"lineNumber":200,"author":{"gitId":"nigelheng"},"content":"            numberOfLettersGuessed +\u003d 1;","lastModifiedDate":"2024-03-19"},{"lineNumber":201,"author":{"gitId":"nigelheng"},"content":"            if (chosenWord.contains(userInput)) { // if guess is correct","lastModifiedDate":"2024-03-20"},{"lineNumber":202,"author":{"gitId":"nigelheng"},"content":"                String tempWord \u003d chosenWord;","lastModifiedDate":"2024-03-20"},{"lineNumber":203,"author":{"gitId":"nigelheng"},"content":"                char[] charCorrectGuesses \u003d correctGuesses.toCharArray();","lastModifiedDate":"2024-03-20"},{"lineNumber":204,"author":{"gitId":"nigelheng"},"content":"                int lastSearchedIndex \u003d 0;","lastModifiedDate":"2024-03-20"},{"lineNumber":205,"author":{"gitId":"nigelheng"},"content":"                while (tempWord.indexOf(userInput,lastSearchedIndex) !\u003d -1) {","lastModifiedDate":"2024-03-20"},{"lineNumber":206,"author":{"gitId":"nigelheng"},"content":"                    lastSearchedIndex \u003d tempWord.indexOf(userInput,lastSearchedIndex);","lastModifiedDate":"2024-03-20"},{"lineNumber":207,"author":{"gitId":"nigelheng"},"content":"                    charCorrectGuesses[lastSearchedIndex] \u003d userInput.charAt(0);","lastModifiedDate":"2024-03-20"},{"lineNumber":208,"author":{"gitId":"nigelheng"},"content":"                    lastSearchedIndex++;","lastModifiedDate":"2024-03-20"},{"lineNumber":209,"author":{"gitId":"nigelheng"},"content":"                }","lastModifiedDate":"2024-03-20"},{"lineNumber":210,"author":{"gitId":"nigelheng"},"content":"                correctGuesses \u003d String.valueOf(charCorrectGuesses);","lastModifiedDate":"2024-03-20"},{"lineNumber":211,"author":{"gitId":"nigelheng"},"content":"            } else {","lastModifiedDate":"2024-03-20"},{"lineNumber":212,"author":{"gitId":"nigelheng"},"content":"                state +\u003d 1;","lastModifiedDate":"2024-03-20"},{"lineNumber":213,"author":{"gitId":"nigelheng"},"content":"            }","lastModifiedDate":"2024-03-20"},{"lineNumber":214,"author":{"gitId":"nigelheng"},"content":"        }","lastModifiedDate":"2024-03-20"},{"lineNumber":215,"author":{"gitId":"nigelheng"},"content":"    }","lastModifiedDate":"2024-03-19"},{"lineNumber":216,"author":{"gitId":"nigelheng"},"content":"}","lastModifiedDate":"2024-03-19"}],"authorContributionMap":{"nigelheng":212,"JackieNeoCEG":4}},{"path":"src/main/java/seedu/duke/Parser.java","fileType":"functional-code","lines":[{"lineNumber":1,"author":{"gitId":"JackieNeoCEG"},"content":"package seedu.duke;","lastModifiedDate":"2024-03-15"},{"lineNumber":2,"author":{"gitId":"JackieNeoCEG"},"content":"","lastModifiedDate":"2024-03-15"},{"lineNumber":3,"author":{"gitId":"ttasnim5"},"content":"import seedu.duke.exceptions.InvalidGameException;","lastModifiedDate":"2024-03-19"},{"lineNumber":4,"author":{"gitId":"ttasnim5"},"content":"import seedu.duke.exceptions.InvalidTTMoveException;","lastModifiedDate":"2024-03-19"},{"lineNumber":5,"author":{"gitId":"ttasnim5"},"content":"","lastModifiedDate":"2024-03-19"},{"lineNumber":6,"author":{"gitId":"ttasnim5"},"content":"import java.io.BufferedReader;","lastModifiedDate":"2024-03-11"},{"lineNumber":7,"author":{"gitId":"ttasnim5"},"content":"import java.io.IOException;","lastModifiedDate":"2024-03-11"},{"lineNumber":8,"author":{"gitId":"ttasnim5"},"content":"import java.io.InputStreamReader;","lastModifiedDate":"2024-03-11"},{"lineNumber":9,"author":{"gitId":"ttasnim5"},"content":"","lastModifiedDate":"2024-03-11"},{"lineNumber":10,"author":{"gitId":"ttasnim5"},"content":"/**","lastModifiedDate":"2024-03-11"},{"lineNumber":11,"author":{"gitId":"ttasnim5"},"content":" * read user input and call other functions accordingly","lastModifiedDate":"2024-03-11"},{"lineNumber":12,"author":{"gitId":"ttasnim5"},"content":" */","lastModifiedDate":"2024-03-11"},{"lineNumber":13,"author":{"gitId":"ttasnim5"},"content":"public class Parser {","lastModifiedDate":"2024-03-11"},{"lineNumber":14,"author":{"gitId":"ttasnim5"},"content":"    static BufferedReader br \u003d new BufferedReader(new InputStreamReader(System.in));","lastModifiedDate":"2024-03-11"},{"lineNumber":15,"author":{"gitId":"ttasnim5"},"content":"","lastModifiedDate":"2024-03-11"},{"lineNumber":16,"author":{"gitId":"ttasnim5"},"content":"    public static boolean ifQuit(String input) {","lastModifiedDate":"2024-03-19"},{"lineNumber":17,"author":{"gitId":"ttasnim5"},"content":"        if (input !\u003d null \u0026\u0026 input.equals(\"quit\")) {","lastModifiedDate":"2024-03-19"},{"lineNumber":18,"author":{"gitId":"ttasnim5"},"content":"            return true;","lastModifiedDate":"2024-03-19"},{"lineNumber":19,"author":{"gitId":"ttasnim5"},"content":"        }","lastModifiedDate":"2024-03-19"},{"lineNumber":20,"author":{"gitId":"ttasnim5"},"content":"        return false;","lastModifiedDate":"2024-03-19"},{"lineNumber":21,"author":{"gitId":"ttasnim5"},"content":"    }","lastModifiedDate":"2024-03-19"},{"lineNumber":22,"author":{"gitId":"ttasnim5"},"content":"","lastModifiedDate":"2024-03-19"},{"lineNumber":23,"author":{"gitId":"ttasnim5"},"content":"    public static boolean ifHelp(String input) {","lastModifiedDate":"2024-03-19"},{"lineNumber":24,"author":{"gitId":"ttasnim5"},"content":"        if (input !\u003d null \u0026\u0026 input.equals(\"help\")) {","lastModifiedDate":"2024-03-19"},{"lineNumber":25,"author":{"gitId":"ttasnim5"},"content":"            return true;","lastModifiedDate":"2024-03-19"},{"lineNumber":26,"author":{"gitId":"ttasnim5"},"content":"        }","lastModifiedDate":"2024-03-19"},{"lineNumber":27,"author":{"gitId":"ttasnim5"},"content":"        return false;","lastModifiedDate":"2024-03-19"},{"lineNumber":28,"author":{"gitId":"ttasnim5"},"content":"    }","lastModifiedDate":"2024-03-19"},{"lineNumber":29,"author":{"gitId":"ttasnim5"},"content":"","lastModifiedDate":"2024-03-11"},{"lineNumber":30,"author":{"gitId":"ttasnim5"},"content":"    /**","lastModifiedDate":"2024-03-11"},{"lineNumber":31,"author":{"gitId":"ttasnim5"},"content":"     * Reads input from user specifiying what game they wish to play.","lastModifiedDate":"2024-03-11"},{"lineNumber":32,"author":{"gitId":"ttasnim5"},"content":"     * Calls internal function to start the indicated game, if valid.","lastModifiedDate":"2024-03-11"},{"lineNumber":33,"author":{"gitId":"ttasnim5"},"content":"     * rn it returns nothing but maybe it can return a string of the game name ?","lastModifiedDate":"2024-03-11"},{"lineNumber":34,"author":{"gitId":"ttasnim5"},"content":"     * whatever makes it flow easier","lastModifiedDate":"2024-03-11"},{"lineNumber":35,"author":{"gitId":"ttasnim5"},"content":"     */","lastModifiedDate":"2024-03-11"},{"lineNumber":36,"author":{"gitId":"ttasnim5"},"content":"    public static void readGame(String input) throws InvalidGameException {","lastModifiedDate":"2024-03-19"},{"lineNumber":37,"author":{"gitId":"ttasnim5"},"content":"        if (input !\u003d null \u0026\u0026 !input.equals(\"TTT\") \u0026\u0026 !input.equals(\"hangman\")) {","lastModifiedDate":"2024-03-20"},{"lineNumber":38,"author":{"gitId":"ttasnim5"},"content":"            throw new InvalidGameException();","lastModifiedDate":"2024-03-19"},{"lineNumber":39,"author":{"gitId":"ttasnim5"},"content":"        }","lastModifiedDate":"2024-03-11"},{"lineNumber":40,"author":{"gitId":"ttasnim5"},"content":"    }","lastModifiedDate":"2024-03-11"},{"lineNumber":41,"author":{"gitId":"ttasnim5"},"content":"","lastModifiedDate":"2024-03-11"},{"lineNumber":42,"author":{"gitId":"ttasnim5"},"content":"    /**","lastModifiedDate":"2024-03-11"},{"lineNumber":43,"author":{"gitId":"ttasnim5"},"content":"     * Reads input from user specifiying what box they wish to mark in Tic Tac Toe","lastModifiedDate":"2024-03-11"},{"lineNumber":44,"author":{"gitId":"ttasnim5"},"content":"     * Calls internal function to perform the indicated move, if valid","lastModifiedDate":"2024-03-11"},{"lineNumber":45,"author":{"gitId":"ttasnim5"},"content":"     * rn it returns nothing but maybe it can return the int repping the box num ?","lastModifiedDate":"2024-03-11"},{"lineNumber":46,"author":{"gitId":"ttasnim5"},"content":"     * whatever makes it flow easier","lastModifiedDate":"2024-03-11"},{"lineNumber":47,"author":{"gitId":"ttasnim5"},"content":"     */","lastModifiedDate":"2024-03-11"},{"lineNumber":48,"author":{"gitId":"ttasnim5"},"content":"    public static void readTTMove(String input) throws InvalidTTMoveException {","lastModifiedDate":"2024-03-19"},{"lineNumber":49,"author":{"gitId":"ttasnim5"},"content":"        if (input \u003d\u003d null) {","lastModifiedDate":"2024-03-20"},{"lineNumber":50,"author":{"gitId":"ttasnim5"},"content":"            return;","lastModifiedDate":"2024-03-20"},{"lineNumber":51,"author":{"gitId":"ttasnim5"},"content":"        }","lastModifiedDate":"2024-03-20"},{"lineNumber":52,"author":{"gitId":"ttasnim5"},"content":"","lastModifiedDate":"2024-03-20"},{"lineNumber":53,"author":{"gitId":"ttasnim5"},"content":"        int markBox;","lastModifiedDate":"2024-03-19"},{"lineNumber":54,"author":{"gitId":"ttasnim5"},"content":"        try {","lastModifiedDate":"2024-03-11"},{"lineNumber":55,"author":{"gitId":"ttasnim5"},"content":"            markBox \u003d Integer.parseInt(input);","lastModifiedDate":"2024-03-11"},{"lineNumber":56,"author":{"gitId":"ttasnim5"},"content":"        } catch (NumberFormatException e) {","lastModifiedDate":"2024-03-11"},{"lineNumber":57,"author":{"gitId":"ttasnim5"},"content":"            throw new InvalidTTMoveException();","lastModifiedDate":"2024-03-19"},{"lineNumber":58,"author":{"gitId":"ttasnim5"},"content":"        }","lastModifiedDate":"2024-03-11"},{"lineNumber":59,"author":{"gitId":"ttasnim5"},"content":"","lastModifiedDate":"2024-03-11"},{"lineNumber":60,"author":{"gitId":"ttasnim5"},"content":"        if (markBox \u003c 1 || markBox \u003e 9) {","lastModifiedDate":"2024-03-13"},{"lineNumber":61,"author":{"gitId":"ttasnim5"},"content":"            // call function to Ui to say \"invalid move\"","lastModifiedDate":"2024-03-11"},{"lineNumber":62,"author":{"gitId":"ttasnim5"},"content":"            throw new InvalidTTMoveException();","lastModifiedDate":"2024-03-19"},{"lineNumber":63,"author":{"gitId":"ttasnim5"},"content":"        }","lastModifiedDate":"2024-03-11"},{"lineNumber":64,"author":{"gitId":"ttasnim5"},"content":"    }","lastModifiedDate":"2024-03-11"},{"lineNumber":65,"author":{"gitId":"ttasnim5"},"content":"","lastModifiedDate":"2024-03-11"},{"lineNumber":66,"author":{"gitId":"ttasnim5"},"content":"    /**","lastModifiedDate":"2024-03-11"},{"lineNumber":67,"author":{"gitId":"ttasnim5"},"content":"     * Reads input from user by line","lastModifiedDate":"2024-03-11"},{"lineNumber":68,"author":{"gitId":"ttasnim5"},"content":"     * Catches IOException if thrown","lastModifiedDate":"2024-03-11"},{"lineNumber":69,"author":{"gitId":"ttasnim5"},"content":"     *","lastModifiedDate":"2024-03-11"},{"lineNumber":70,"author":{"gitId":"ttasnim5"},"content":"     * @returns String representation of user input","lastModifiedDate":"2024-03-11"},{"lineNumber":71,"author":{"gitId":"ttasnim5"},"content":"     */","lastModifiedDate":"2024-03-11"},{"lineNumber":72,"author":{"gitId":"ttasnim5"},"content":"    public static String readLine() {","lastModifiedDate":"2024-03-19"},{"lineNumber":73,"author":{"gitId":"ttasnim5"},"content":"        try {","lastModifiedDate":"2024-03-11"},{"lineNumber":74,"author":{"gitId":"ttasnim5"},"content":"            return br.readLine();","lastModifiedDate":"2024-03-11"},{"lineNumber":75,"author":{"gitId":"ttasnim5"},"content":"        } catch (IOException e) {","lastModifiedDate":"2024-03-11"},{"lineNumber":76,"author":{"gitId":"ttasnim5"},"content":"            System.out.println(\"Error reading user input.\");","lastModifiedDate":"2024-03-11"},{"lineNumber":77,"author":{"gitId":"ttasnim5"},"content":"        }","lastModifiedDate":"2024-03-11"},{"lineNumber":78,"author":{"gitId":"ttasnim5"},"content":"        return null;","lastModifiedDate":"2024-03-11"},{"lineNumber":79,"author":{"gitId":"ttasnim5"},"content":"    }","lastModifiedDate":"2024-03-11"},{"lineNumber":80,"author":{"gitId":"ttasnim5"},"content":"}","lastModifiedDate":"2024-03-11"},{"lineNumber":81,"author":{"gitId":"ttasnim5"},"content":"","lastModifiedDate":"2024-03-15"}],"authorContributionMap":{"JackieNeoCEG":2,"ttasnim5":79}},{"path":"src/main/java/seedu/duke/TicTacToe.java","fileType":"functional-code","lines":[{"lineNumber":1,"author":{"gitId":"JackieNeoCEG"},"content":"package seedu.duke;","lastModifiedDate":"2024-03-15"},{"lineNumber":2,"author":{"gitId":"nicknamenic"},"content":"","lastModifiedDate":"2024-03-19"},{"lineNumber":3,"author":{"gitId":"nicknamenic"},"content":"import seedu.duke.exceptions.InvalidTTMoveException;","lastModifiedDate":"2024-03-19"},{"lineNumber":4,"author":{"gitId":"nicknamenic"},"content":"","lastModifiedDate":"2024-03-19"},{"lineNumber":5,"author":{"gitId":"nicknamenic"},"content":"import java.util.Scanner;","lastModifiedDate":"2024-03-19"},{"lineNumber":6,"author":{"gitId":"nicknamenic"},"content":"","lastModifiedDate":"2024-03-19"},{"lineNumber":7,"author":{"gitId":"nicknamenic"},"content":"import static seedu.duke.Parser.readTTMove;","lastModifiedDate":"2024-03-19"},{"lineNumber":8,"author":{"gitId":"nicknamenic"},"content":"","lastModifiedDate":"2024-03-19"},{"lineNumber":9,"author":{"gitId":"YoengKokLeong"},"content":"public class TicTacToe extends Game {","lastModifiedDate":"2024-03-19"},{"lineNumber":10,"author":{"gitId":"nicknamenic"},"content":"    protected static String[] board \u003d new String[9];","lastModifiedDate":"2024-03-13"},{"lineNumber":11,"author":{"gitId":"nicknamenic"},"content":"","lastModifiedDate":"2024-03-13"},{"lineNumber":12,"author":{"gitId":"YoengKokLeong"},"content":"    public TicTacToe(String line) {","lastModifiedDate":"2024-03-19"},{"lineNumber":13,"author":{"gitId":"YoengKokLeong"},"content":"        super(line);","lastModifiedDate":"2024-03-19"},{"lineNumber":14,"author":{"gitId":"YoengKokLeong"},"content":"    }","lastModifiedDate":"2024-03-19"},{"lineNumber":15,"author":{"gitId":"nicknamenic"},"content":"","lastModifiedDate":"2024-03-20"},{"lineNumber":16,"author":{"gitId":"nicknamenic"},"content":"    public static void printBoard() {","lastModifiedDate":"2024-03-13"},{"lineNumber":17,"author":{"gitId":"nicknamenic"},"content":"        System.out.println(\"  \" + board[0] + \" | \" + board[1] + \" | \" + board[2] + \"  \");","lastModifiedDate":"2024-03-13"},{"lineNumber":18,"author":{"gitId":"nicknamenic"},"content":"        System.out.println(\"-------------\");","lastModifiedDate":"2024-03-13"},{"lineNumber":19,"author":{"gitId":"nicknamenic"},"content":"        System.out.println(\"  \" + board[3] + \" | \" + board[4] + \" | \" + board[5] + \"  \");","lastModifiedDate":"2024-03-13"},{"lineNumber":20,"author":{"gitId":"nicknamenic"},"content":"        System.out.println(\"-------------\");","lastModifiedDate":"2024-03-13"},{"lineNumber":21,"author":{"gitId":"nicknamenic"},"content":"        System.out.println(\"  \" + board[6] + \" | \" + board[7] + \" | \" + board[8] + \"  \");","lastModifiedDate":"2024-03-13"},{"lineNumber":22,"author":{"gitId":"nicknamenic"},"content":"    }","lastModifiedDate":"2024-03-13"},{"lineNumber":23,"author":{"gitId":"nicknamenic"},"content":"","lastModifiedDate":"2024-03-19"},{"lineNumber":24,"author":{"gitId":"nicknamenic"},"content":"    public static String checkWinner() {","lastModifiedDate":"2024-03-19"},{"lineNumber":25,"author":{"gitId":"nicknamenic"},"content":"        for (int a \u003d 0; a \u003c 8; a++) {","lastModifiedDate":"2024-03-19"},{"lineNumber":26,"author":{"gitId":"nicknamenic"},"content":"            String line \u003d null;","lastModifiedDate":"2024-03-19"},{"lineNumber":27,"author":{"gitId":"nicknamenic"},"content":"            switch (a) {","lastModifiedDate":"2024-03-19"},{"lineNumber":28,"author":{"gitId":"nicknamenic"},"content":"            case 0:","lastModifiedDate":"2024-03-19"},{"lineNumber":29,"author":{"gitId":"nicknamenic"},"content":"                line \u003d board[0] + board[1] + board[2];","lastModifiedDate":"2024-03-19"},{"lineNumber":30,"author":{"gitId":"nicknamenic"},"content":"                break;","lastModifiedDate":"2024-03-19"},{"lineNumber":31,"author":{"gitId":"nicknamenic"},"content":"            case 1:","lastModifiedDate":"2024-03-19"},{"lineNumber":32,"author":{"gitId":"nicknamenic"},"content":"                line \u003d board[3] + board[4] + board[5];","lastModifiedDate":"2024-03-19"},{"lineNumber":33,"author":{"gitId":"nicknamenic"},"content":"                break;","lastModifiedDate":"2024-03-19"},{"lineNumber":34,"author":{"gitId":"nicknamenic"},"content":"            case 2:","lastModifiedDate":"2024-03-19"},{"lineNumber":35,"author":{"gitId":"nicknamenic"},"content":"                line \u003d board[6] + board[7] + board[8];","lastModifiedDate":"2024-03-19"},{"lineNumber":36,"author":{"gitId":"nicknamenic"},"content":"                break;","lastModifiedDate":"2024-03-19"},{"lineNumber":37,"author":{"gitId":"nicknamenic"},"content":"            case 3:","lastModifiedDate":"2024-03-19"},{"lineNumber":38,"author":{"gitId":"nicknamenic"},"content":"                line \u003d board[0] + board[3] + board[6];","lastModifiedDate":"2024-03-19"},{"lineNumber":39,"author":{"gitId":"nicknamenic"},"content":"                break;","lastModifiedDate":"2024-03-19"},{"lineNumber":40,"author":{"gitId":"nicknamenic"},"content":"            case 4:","lastModifiedDate":"2024-03-19"},{"lineNumber":41,"author":{"gitId":"nicknamenic"},"content":"                line \u003d board[1] + board[4] + board[7];","lastModifiedDate":"2024-03-19"},{"lineNumber":42,"author":{"gitId":"nicknamenic"},"content":"                break;","lastModifiedDate":"2024-03-19"},{"lineNumber":43,"author":{"gitId":"nicknamenic"},"content":"            case 5:","lastModifiedDate":"2024-03-19"},{"lineNumber":44,"author":{"gitId":"nicknamenic"},"content":"                line \u003d board[2] + board[5] + board[8];","lastModifiedDate":"2024-03-19"},{"lineNumber":45,"author":{"gitId":"nicknamenic"},"content":"                break;","lastModifiedDate":"2024-03-19"},{"lineNumber":46,"author":{"gitId":"nicknamenic"},"content":"            case 6:","lastModifiedDate":"2024-03-19"},{"lineNumber":47,"author":{"gitId":"nicknamenic"},"content":"                line \u003d board[0] + board[4] + board[8];","lastModifiedDate":"2024-03-19"},{"lineNumber":48,"author":{"gitId":"nicknamenic"},"content":"                break;","lastModifiedDate":"2024-03-19"},{"lineNumber":49,"author":{"gitId":"nicknamenic"},"content":"            case 7:","lastModifiedDate":"2024-03-19"},{"lineNumber":50,"author":{"gitId":"nicknamenic"},"content":"                line \u003d board[2] + board[4] + board[6];","lastModifiedDate":"2024-03-19"},{"lineNumber":51,"author":{"gitId":"nicknamenic"},"content":"                break;","lastModifiedDate":"2024-03-19"},{"lineNumber":52,"author":{"gitId":"nicknamenic"},"content":"            default:","lastModifiedDate":"2024-03-19"},{"lineNumber":53,"author":{"gitId":"nicknamenic"},"content":"                //this never happens","lastModifiedDate":"2024-03-19"},{"lineNumber":54,"author":{"gitId":"nicknamenic"},"content":"            }","lastModifiedDate":"2024-03-19"},{"lineNumber":55,"author":{"gitId":"nicknamenic"},"content":"            if (line.equals(\"XXX\")) {","lastModifiedDate":"2024-03-19"},{"lineNumber":56,"author":{"gitId":"nicknamenic"},"content":"                return \"X\";","lastModifiedDate":"2024-03-19"},{"lineNumber":57,"author":{"gitId":"nicknamenic"},"content":"            }","lastModifiedDate":"2024-03-19"},{"lineNumber":58,"author":{"gitId":"nicknamenic"},"content":"        }","lastModifiedDate":"2024-03-19"},{"lineNumber":59,"author":{"gitId":"nicknamenic"},"content":"        return \"unending\";","lastModifiedDate":"2024-03-19"},{"lineNumber":60,"author":{"gitId":"nicknamenic"},"content":"    }","lastModifiedDate":"2024-03-19"},{"lineNumber":61,"author":{"gitId":"nicknamenic"},"content":"","lastModifiedDate":"2024-03-19"},{"lineNumber":62,"author":{"gitId":"nicknamenic"},"content":"    public static void runTicTacToe() throws InvalidTTMoveException {","lastModifiedDate":"2024-03-19"},{"lineNumber":63,"author":{"gitId":"nicknamenic"},"content":"        for (int i \u003d 0; i \u003c 9; i++) {","lastModifiedDate":"2024-03-20"},{"lineNumber":64,"author":{"gitId":"nicknamenic"},"content":"            board[i] \u003d \" \";","lastModifiedDate":"2024-03-20"},{"lineNumber":65,"author":{"gitId":"nicknamenic"},"content":"        }","lastModifiedDate":"2024-03-20"},{"lineNumber":66,"author":{"gitId":"nicknamenic"},"content":"        Scanner in \u003d new Scanner(System.in);","lastModifiedDate":"2024-03-19"},{"lineNumber":67,"author":{"gitId":"nicknamenic"},"content":"        String line \u003d \" \";","lastModifiedDate":"2024-03-20"},{"lineNumber":68,"author":{"gitId":"nicknamenic"},"content":"        while (checkWinner().equals(\"unending\") || line.equals(\"exit\")) {","lastModifiedDate":"2024-03-19"},{"lineNumber":69,"author":{"gitId":"nicknamenic"},"content":"            printBoard();","lastModifiedDate":"2024-03-19"},{"lineNumber":70,"author":{"gitId":"nicknamenic"},"content":"            line \u003d in.nextLine();","lastModifiedDate":"2024-03-19"},{"lineNumber":71,"author":{"gitId":"ttasnim5"},"content":"","lastModifiedDate":"2024-03-20"},{"lineNumber":72,"author":{"gitId":"ttasnim5"},"content":"            try {","lastModifiedDate":"2024-03-20"},{"lineNumber":73,"author":{"gitId":"nicknamenic"},"content":"                readTTMove(line);","lastModifiedDate":"2024-03-20"},{"lineNumber":74,"author":{"gitId":"nicknamenic"},"content":"                board[Integer.parseInt(line) - 1] \u003d \"X\";","lastModifiedDate":"2024-03-20"},{"lineNumber":75,"author":{"gitId":"ttasnim5"},"content":"            } catch (InvalidTTMoveException e){","lastModifiedDate":"2024-03-20"},{"lineNumber":76,"author":{"gitId":"ttasnim5"},"content":"                System.out.println(\"Invalid move. There are only slots 1-9.\");","lastModifiedDate":"2024-03-20"},{"lineNumber":77,"author":{"gitId":"ttasnim5"},"content":"            }","lastModifiedDate":"2024-03-20"},{"lineNumber":78,"author":{"gitId":"nicknamenic"},"content":"        }","lastModifiedDate":"2024-03-19"},{"lineNumber":79,"author":{"gitId":"nicknamenic"},"content":"        printBoard();","lastModifiedDate":"2024-03-20"},{"lineNumber":80,"author":{"gitId":"nicknamenic"},"content":"        System.out.println(\"Thank you for playing. See you next time!\");","lastModifiedDate":"2024-03-19"},{"lineNumber":81,"author":{"gitId":"nicknamenic"},"content":"    }","lastModifiedDate":"2024-03-19"},{"lineNumber":82,"author":{"gitId":"nicknamenic"},"content":"}","lastModifiedDate":"2024-03-13"}],"authorContributionMap":{"YoengKokLeong":4,"nicknamenic":72,"JackieNeoCEG":1,"ttasnim5":5}},{"path":"src/main/java/seedu/duke/Ui.java","fileType":"functional-code","lines":[{"lineNumber":1,"author":{"gitId":"JackieNeoCEG"},"content":"package seedu.duke;","lastModifiedDate":"2024-03-15"},{"lineNumber":2,"author":{"gitId":"JackieNeoCEG"},"content":"import java.util.Random;","lastModifiedDate":"2024-03-15"},{"lineNumber":3,"author":{"gitId":"JackieNeoCEG"},"content":"","lastModifiedDate":"2024-03-15"},{"lineNumber":4,"author":{"gitId":"JackieNeoCEG"},"content":"/**","lastModifiedDate":"2024-03-15"},{"lineNumber":5,"author":{"gitId":"JackieNeoCEG"},"content":" * The Ui class handles user interface interactions.","lastModifiedDate":"2024-03-15"},{"lineNumber":6,"author":{"gitId":"JackieNeoCEG"},"content":" */","lastModifiedDate":"2024-03-15"},{"lineNumber":7,"author":{"gitId":"JackieNeoCEG"},"content":"public class Ui {","lastModifiedDate":"2024-03-15"},{"lineNumber":8,"author":{"gitId":"JackieNeoCEG"},"content":"    private static final String LINE \u003d \"_________________________________________________________________\";","lastModifiedDate":"2024-03-20"},{"lineNumber":9,"author":{"gitId":"JackieNeoCEG"},"content":"    private String[] byeSentences \u003d {","lastModifiedDate":"2024-03-15"},{"lineNumber":10,"author":{"gitId":"JackieNeoCEG"},"content":"        \"AeroCade dismissed. Fly with honor and return victorious.\",","lastModifiedDate":"2024-03-15"},{"lineNumber":11,"author":{"gitId":"JackieNeoCEG"},"content":"        \"Departure clearance granted. Execute your aero-maneuvers with expertise.\",","lastModifiedDate":"2024-03-15"},{"lineNumber":12,"author":{"gitId":"JackieNeoCEG"},"content":"        \"Aero-Launch sequence initiated. Depart with purpose.\",","lastModifiedDate":"2024-03-15"},{"lineNumber":13,"author":{"gitId":"JackieNeoCEG"},"content":"        \"Permission to depart granted. Execute your flight plan with discipline.\"","lastModifiedDate":"2024-03-15"},{"lineNumber":14,"author":{"gitId":"JackieNeoCEG"},"content":"    };","lastModifiedDate":"2024-03-15"},{"lineNumber":15,"author":{"gitId":"JackieNeoCEG"},"content":"","lastModifiedDate":"2024-03-15"},{"lineNumber":16,"author":{"gitId":"JackieNeoCEG"},"content":"    private String logo \u003d \"\\n\\n\\n\" + LINE + \"\\n\" +","lastModifiedDate":"2024-03-19"},{"lineNumber":17,"author":{"gitId":"JackieNeoCEG"},"content":"            \"               _______  _______  ______    _______    \\n\" +","lastModifiedDate":"2024-03-15"},{"lineNumber":18,"author":{"gitId":"JackieNeoCEG"},"content":"            \"              |   _   ||       ||    _ |  |       |   \\n\" +","lastModifiedDate":"2024-03-15"},{"lineNumber":19,"author":{"gitId":"JackieNeoCEG"},"content":"            \"  __|____|__  |  |_|  ||    ___||   | ||  |   _   |   \\n\" +","lastModifiedDate":"2024-03-19"},{"lineNumber":20,"author":{"gitId":"JackieNeoCEG"},"content":"            \"    |  X |    |       ||   |___ |   |_||_ |  | |  |   \\n\" +","lastModifiedDate":"2024-03-19"},{"lineNumber":21,"author":{"gitId":"JackieNeoCEG"},"content":"            \"  __|____|__  |       ||    ___||    __  ||  |_|  |   \\n\" +","lastModifiedDate":"2024-03-19"},{"lineNumber":22,"author":{"gitId":"JackieNeoCEG"},"content":"            \"   O|  X |O   |   _   ||   |___ |   |  | ||       |   \\n\" +","lastModifiedDate":"2024-03-19"},{"lineNumber":23,"author":{"gitId":"JackieNeoCEG"},"content":"            \"              |__| |__||_______||___|  |_||_______|   \\n\" +","lastModifiedDate":"2024-03-15"},{"lineNumber":24,"author":{"gitId":"JackieNeoCEG"},"content":"            \"               _______  _______  ______   _______     \\n\" +","lastModifiedDate":"2024-03-15"},{"lineNumber":25,"author":{"gitId":"JackieNeoCEG"},"content":"            \"              |       ||   _   ||      | |       |    \\n\" +","lastModifiedDate":"2024-03-15"},{"lineNumber":26,"author":{"gitId":"JackieNeoCEG"},"content":"            \"              |       ||  |_|  ||  _    ||    ___|    \\n\" +","lastModifiedDate":"2024-03-15"},{"lineNumber":27,"author":{"gitId":"JackieNeoCEG"},"content":"            \"              |       ||       || | |   ||   |___     |  @      \\n\" +","lastModifiedDate":"2024-03-19"},{"lineNumber":28,"author":{"gitId":"JackieNeoCEG"},"content":"            \"              |      _||       || |_|   ||    ___|    | /|\\\\    \\n\" +","lastModifiedDate":"2024-03-19"},{"lineNumber":29,"author":{"gitId":"JackieNeoCEG"},"content":"            \"              |     |_ |   _   ||       ||   |___     |  |      \\n\" +","lastModifiedDate":"2024-03-19"},{"lineNumber":30,"author":{"gitId":"JackieNeoCEG"},"content":"            \"              |_______||__| |__||______| |_______|    | / \\\\  \\n\\n\" ;","lastModifiedDate":"2024-03-19"},{"lineNumber":31,"author":{"gitId":"JackieNeoCEG"},"content":"","lastModifiedDate":"2024-03-15"},{"lineNumber":32,"author":{"gitId":"JackieNeoCEG"},"content":"    private String boeing \u003d","lastModifiedDate":"2024-03-19"},{"lineNumber":33,"author":{"gitId":"JackieNeoCEG"},"content":"            \"                                |\\n\" +","lastModifiedDate":"2024-03-19"},{"lineNumber":34,"author":{"gitId":"JackieNeoCEG"},"content":"            \"                              .-\u0027-.\\n\" +","lastModifiedDate":"2024-03-19"},{"lineNumber":35,"author":{"gitId":"JackieNeoCEG"},"content":"            \"                             \u0027 ___ \u0027\\n\" +","lastModifiedDate":"2024-03-19"},{"lineNumber":36,"author":{"gitId":"JackieNeoCEG"},"content":"            \"                   ---------\u0027  .-.  \u0027---------\\n\" +","lastModifiedDate":"2024-03-19"},{"lineNumber":37,"author":{"gitId":"JackieNeoCEG"},"content":"            \"   _________________________\u0027  \u0027-\u0027  \u0027_________________________\\n\" +","lastModifiedDate":"2024-03-19"},{"lineNumber":38,"author":{"gitId":"JackieNeoCEG"},"content":"            \"    \u0027\u0027\u0027\u0027\u0027\u0027-|---|--/    \\\\\u003d\u003d][^\u0027,_m_,\u0027^][\u003d\u003d/    \\\\--|---|-\u0027\u0027\u0027\u0027\u0027\u0027\\n\" +","lastModifiedDate":"2024-03-19"},{"lineNumber":39,"author":{"gitId":"JackieNeoCEG"},"content":"            \"                  \\\\    /  ||/   H   \\\\||  \\\\    /\\n\" +","lastModifiedDate":"2024-03-19"},{"lineNumber":40,"author":{"gitId":"JackieNeoCEG"},"content":"            \"                   \u0027--\u0027   OO   O|O   OO   \u0027--\u0027 \\n\\n\";","lastModifiedDate":"2024-03-19"},{"lineNumber":41,"author":{"gitId":"JackieNeoCEG"},"content":"    public void println(String s) {","lastModifiedDate":"2024-03-15"},{"lineNumber":42,"author":{"gitId":"JackieNeoCEG"},"content":"        System.out.println(s);","lastModifiedDate":"2024-03-15"},{"lineNumber":43,"author":{"gitId":"JackieNeoCEG"},"content":"    }","lastModifiedDate":"2024-03-15"},{"lineNumber":44,"author":{"gitId":"JackieNeoCEG"},"content":"","lastModifiedDate":"2024-03-15"},{"lineNumber":45,"author":{"gitId":"JackieNeoCEG"},"content":"    ","lastModifiedDate":"2024-03-15"},{"lineNumber":46,"author":{"gitId":"JackieNeoCEG"},"content":"    public void greetUser() {","lastModifiedDate":"2024-03-15"},{"lineNumber":47,"author":{"gitId":"JackieNeoCEG"},"content":"        println(logo + boeing + LINE +","lastModifiedDate":"2024-03-19"},{"lineNumber":48,"author":{"gitId":"JackieNeoCEG"},"content":"            \"\\n              [      Welcome to the AeroCade      ]\\n\" + LINE);","lastModifiedDate":"2024-03-19"},{"lineNumber":49,"author":{"gitId":"JackieNeoCEG"},"content":"        println(","lastModifiedDate":"2024-03-19"},{"lineNumber":50,"author":{"gitId":"JackieNeoCEG"},"content":"            \"              [          Choose your game:        ]\\n\" +","lastModifiedDate":"2024-03-20"},{"lineNumber":51,"author":{"gitId":"JackieNeoCEG"},"content":"            \"                                |                        \\n\" +","lastModifiedDate":"2024-03-20"},{"lineNumber":52,"author":{"gitId":"JackieNeoCEG"},"content":"            \"        X  |  -  |  -           |          _______       \\n\" +","lastModifiedDate":"2024-03-20"},{"lineNumber":53,"author":{"gitId":"JackieNeoCEG"},"content":"            \"       ____|_____|____          |          |     |       \\n\" +","lastModifiedDate":"2024-03-20"},{"lineNumber":54,"author":{"gitId":"JackieNeoCEG"},"content":"            \"           |     |              |          |     @       \\n\" +","lastModifiedDate":"2024-03-20"},{"lineNumber":55,"author":{"gitId":"JackieNeoCEG"},"content":"            \"        -  |  O  |  X           |          |    /|\\\\     \\n\" +","lastModifiedDate":"2024-03-20"},{"lineNumber":56,"author":{"gitId":"JackieNeoCEG"},"content":"            \"       ____|_____|____          |          |     |       \\n\" +","lastModifiedDate":"2024-03-20"},{"lineNumber":57,"author":{"gitId":"JackieNeoCEG"},"content":"            \"           |     |              |          |    /|\\\\     \\n\" +","lastModifiedDate":"2024-03-20"},{"lineNumber":58,"author":{"gitId":"JackieNeoCEG"},"content":"            \"        -  |  O  |  -           |        \u003d\u003d\u003d\u003d\u003d\u003d\u003d\u003d\u003d\u003d\u003d\u003d\u003d\u003d  \\n\" +","lastModifiedDate":"2024-03-20"},{"lineNumber":59,"author":{"gitId":"JackieNeoCEG"},"content":"            \"                                |                        \\n\" +","lastModifiedDate":"2024-03-20"},{"lineNumber":60,"author":{"gitId":"JackieNeoCEG"},"content":"            \"         TIC-TAC-TOE            |           HANGMAN        \" +","lastModifiedDate":"2024-03-20"},{"lineNumber":61,"author":{"gitId":"JackieNeoCEG"},"content":"                    \"\\n\\n\\nType \u0027help\u0027 for a list of available commands!\\n\");","lastModifiedDate":"2024-03-19"},{"lineNumber":62,"author":{"gitId":"JackieNeoCEG"},"content":"    }","lastModifiedDate":"2024-03-15"},{"lineNumber":63,"author":{"gitId":"JackieNeoCEG"},"content":"","lastModifiedDate":"2024-03-15"},{"lineNumber":64,"author":{"gitId":"JackieNeoCEG"},"content":"    public void byeUser() {","lastModifiedDate":"2024-03-15"},{"lineNumber":65,"author":{"gitId":"JackieNeoCEG"},"content":"        int randomIndex \u003d new Random().nextInt(byeSentences.length);","lastModifiedDate":"2024-03-15"},{"lineNumber":66,"author":{"gitId":"JackieNeoCEG"},"content":"        println(\"\\n\" + byeSentences[randomIndex] + \"\\n\");","lastModifiedDate":"2024-03-15"},{"lineNumber":67,"author":{"gitId":"JackieNeoCEG"},"content":"    }","lastModifiedDate":"2024-03-15"},{"lineNumber":68,"author":{"gitId":"JackieNeoCEG"},"content":"","lastModifiedDate":"2024-03-15"},{"lineNumber":69,"author":{"gitId":"JackieNeoCEG"},"content":"    public void printHelp() {","lastModifiedDate":"2024-03-15"},{"lineNumber":70,"author":{"gitId":"JackieNeoCEG"},"content":"        println(\"help menu to be added\");","lastModifiedDate":"2024-03-15"},{"lineNumber":71,"author":{"gitId":"JackieNeoCEG"},"content":"    }","lastModifiedDate":"2024-03-15"},{"lineNumber":72,"author":{"gitId":"JackieNeoCEG"},"content":"}","lastModifiedDate":"2024-03-15"},{"lineNumber":73,"author":{"gitId":"JackieNeoCEG"},"content":"","lastModifiedDate":"2024-03-15"},{"lineNumber":74,"author":{"gitId":"JackieNeoCEG"},"content":"","lastModifiedDate":"2024-03-15"}],"authorContributionMap":{"JackieNeoCEG":74}},{"path":"src/main/java/seedu/duke/exceptions/InvalidGameException.java","fileType":"functional-code","lines":[{"lineNumber":1,"author":{"gitId":"ttasnim5"},"content":"package seedu.duke.exceptions;","lastModifiedDate":"2024-03-19"},{"lineNumber":2,"author":{"gitId":"ttasnim5"},"content":"","lastModifiedDate":"2024-03-19"},{"lineNumber":3,"author":{"gitId":"ttasnim5"},"content":"public class InvalidGameException extends Exception {","lastModifiedDate":"2024-03-19"},{"lineNumber":4,"author":{"gitId":"ttasnim5"},"content":"}","lastModifiedDate":"2024-03-19"}],"authorContributionMap":{"ttasnim5":4}},{"path":"src/main/java/seedu/duke/exceptions/InvalidTTMoveException.java","fileType":"functional-code","lines":[{"lineNumber":1,"author":{"gitId":"ttasnim5"},"content":"package seedu.duke.exceptions;","lastModifiedDate":"2024-03-19"},{"lineNumber":2,"author":{"gitId":"ttasnim5"},"content":"","lastModifiedDate":"2024-03-19"},{"lineNumber":3,"author":{"gitId":"ttasnim5"},"content":"public class InvalidTTMoveException extends Exception {","lastModifiedDate":"2024-03-19"},{"lineNumber":4,"author":{"gitId":"ttasnim5"},"content":"}","lastModifiedDate":"2024-03-19"}],"authorContributionMap":{"ttasnim5":4}},{"path":"src/test/java/seedu/duke/DukeTest.java","fileType":"test-code","lines":[{"lineNumber":1,"author":{"gitId":"-"},"content":"package seedu.duke;","lastModifiedDate":"2020-05-24"},{"lineNumber":2,"author":{"gitId":"-"},"content":"","lastModifiedDate":"2020-05-24"},{"lineNumber":3,"author":{"gitId":"-"},"content":"import static org.junit.jupiter.api.Assertions.assertTrue;","lastModifiedDate":"2020-05-24"},{"lineNumber":4,"author":{"gitId":"-"},"content":"","lastModifiedDate":"2020-05-24"},{"lineNumber":5,"author":{"gitId":"-"},"content":"import org.junit.jupiter.api.Test;","lastModifiedDate":"2020-05-24"},{"lineNumber":6,"author":{"gitId":"-"},"content":"","lastModifiedDate":"2020-05-24"},{"lineNumber":7,"author":{"gitId":"JackieNeoCEG"},"content":"","lastModifiedDate":"2024-03-15"},{"lineNumber":8,"author":{"gitId":"-"},"content":"class DukeTest {","lastModifiedDate":"2020-05-24"},{"lineNumber":9,"author":{"gitId":"-"},"content":"    @Test","lastModifiedDate":"2020-05-24"},{"lineNumber":10,"author":{"gitId":"-"},"content":"    public void sampleTest() {","lastModifiedDate":"2020-05-24"},{"lineNumber":11,"author":{"gitId":"-"},"content":"        assertTrue(true);","lastModifiedDate":"2020-05-24"},{"lineNumber":12,"author":{"gitId":"-"},"content":"    }","lastModifiedDate":"2020-05-24"},{"lineNumber":13,"author":{"gitId":"-"},"content":"}","lastModifiedDate":"2020-05-24"}],"authorContributionMap":{"JackieNeoCEG":1,"-":12}},{"path":"src/test/java/seedu/duke/GameTest.java","fileType":"test-code","lines":[{"lineNumber":1,"author":{"gitId":"YoengKokLeong"},"content":"package seedu.duke;","lastModifiedDate":"2024-03-15"},{"lineNumber":2,"author":{"gitId":"YoengKokLeong"},"content":"","lastModifiedDate":"2024-03-15"},{"lineNumber":3,"author":{"gitId":"YoengKokLeong"},"content":"import static org.junit.jupiter.api.Assertions.assertTrue;","lastModifiedDate":"2024-03-15"},{"lineNumber":4,"author":{"gitId":"YoengKokLeong"},"content":"","lastModifiedDate":"2024-03-15"},{"lineNumber":5,"author":{"gitId":"YoengKokLeong"},"content":"import org.junit.jupiter.api.Test;","lastModifiedDate":"2024-03-15"},{"lineNumber":6,"author":{"gitId":"YoengKokLeong"},"content":"","lastModifiedDate":"2024-03-15"},{"lineNumber":7,"author":{"gitId":"YoengKokLeong"},"content":"public class GameTest {","lastModifiedDate":"2024-03-15"},{"lineNumber":8,"author":{"gitId":"YoengKokLeong"},"content":"    @Test","lastModifiedDate":"2024-03-15"},{"lineNumber":9,"author":{"gitId":"YoengKokLeong"},"content":"    public void sampleGameTest() {","lastModifiedDate":"2024-03-15"},{"lineNumber":10,"author":{"gitId":"YoengKokLeong"},"content":"        assertTrue(true);","lastModifiedDate":"2024-03-15"},{"lineNumber":11,"author":{"gitId":"YoengKokLeong"},"content":"    }","lastModifiedDate":"2024-03-15"},{"lineNumber":12,"author":{"gitId":"YoengKokLeong"},"content":"}","lastModifiedDate":"2024-03-15"}],"authorContributionMap":{"YoengKokLeong":12}},{"path":"src/test/java/seedu/duke/ParserTest.java","fileType":"test-code","lines":[{"lineNumber":1,"author":{"gitId":"ttasnim5"},"content":"package seedu.duke;","lastModifiedDate":"2024-03-15"},{"lineNumber":2,"author":{"gitId":"ttasnim5"},"content":"import org.junit.jupiter.api.Test;","lastModifiedDate":"2024-03-15"},{"lineNumber":3,"author":{"gitId":"ttasnim5"},"content":"","lastModifiedDate":"2024-03-15"},{"lineNumber":4,"author":{"gitId":"ttasnim5"},"content":"import java.io.ByteArrayInputStream;","lastModifiedDate":"2024-03-15"},{"lineNumber":5,"author":{"gitId":"ttasnim5"},"content":"import java.io.InputStream;","lastModifiedDate":"2024-03-15"},{"lineNumber":6,"author":{"gitId":"ttasnim5"},"content":"","lastModifiedDate":"2024-03-15"},{"lineNumber":7,"author":{"gitId":"ttasnim5"},"content":"import static org.junit.jupiter.api.Assertions.assertTrue;","lastModifiedDate":"2024-03-15"},{"lineNumber":8,"author":{"gitId":"ttasnim5"},"content":"","lastModifiedDate":"2024-03-15"},{"lineNumber":9,"author":{"gitId":"ttasnim5"},"content":"public class ParserTest {","lastModifiedDate":"2024-03-15"},{"lineNumber":10,"author":{"gitId":"ttasnim5"},"content":"    // for some reason, if you run these all one by one, it passes everything","lastModifiedDate":"2024-03-15"},{"lineNumber":11,"author":{"gitId":"ttasnim5"},"content":"    // BUTTT if you run all of them together, they fail","lastModifiedDate":"2024-03-15"},{"lineNumber":12,"author":{"gitId":"ttasnim5"},"content":"    // it\u0027s a problem with the input stream reader - byte array thing i think","lastModifiedDate":"2024-03-15"},{"lineNumber":13,"author":{"gitId":"ttasnim5"},"content":"","lastModifiedDate":"2024-03-15"},{"lineNumber":14,"author":{"gitId":"ttasnim5"},"content":"    @Test","lastModifiedDate":"2024-03-15"},{"lineNumber":15,"author":{"gitId":"ttasnim5"},"content":"    public void dummyTest(){","lastModifiedDate":"2024-03-15"},{"lineNumber":16,"author":{"gitId":"ttasnim5"},"content":"        assertTrue(true);","lastModifiedDate":"2024-03-15"},{"lineNumber":17,"author":{"gitId":"ttasnim5"},"content":"    }","lastModifiedDate":"2024-03-15"},{"lineNumber":18,"author":{"gitId":"ttasnim5"},"content":"","lastModifiedDate":"2024-03-15"},{"lineNumber":19,"author":{"gitId":"ttasnim5"},"content":"    @Test","lastModifiedDate":"2024-03-15"},{"lineNumber":20,"author":{"gitId":"ttasnim5"},"content":"    public void checkGameTTT() {","lastModifiedDate":"2024-03-15"},{"lineNumber":21,"author":{"gitId":"ttasnim5"},"content":"        String input \u003d \"Tic Tac Toe\";","lastModifiedDate":"2024-03-15"},{"lineNumber":22,"author":{"gitId":"ttasnim5"},"content":"        InputStream in \u003d new ByteArrayInputStream(input.getBytes());","lastModifiedDate":"2024-03-15"},{"lineNumber":23,"author":{"gitId":"ttasnim5"},"content":"        System.setIn(in);","lastModifiedDate":"2024-03-15"},{"lineNumber":24,"author":{"gitId":"ttasnim5"},"content":"","lastModifiedDate":"2024-03-15"},{"lineNumber":25,"author":{"gitId":"ttasnim5"},"content":"        String expected \u003d \"calling ttt\";","lastModifiedDate":"2024-03-15"},{"lineNumber":26,"author":{"gitId":"ttasnim5"},"content":"        //assertEquals(expected, Parser.readGame());","lastModifiedDate":"2024-03-19"},{"lineNumber":27,"author":{"gitId":"ttasnim5"},"content":"    }","lastModifiedDate":"2024-03-15"},{"lineNumber":28,"author":{"gitId":"ttasnim5"},"content":"","lastModifiedDate":"2024-03-15"},{"lineNumber":29,"author":{"gitId":"ttasnim5"},"content":"    /*","lastModifiedDate":"2024-03-15"},{"lineNumber":30,"author":{"gitId":"ttasnim5"},"content":"    @Test","lastModifiedDate":"2024-03-15"},{"lineNumber":31,"author":{"gitId":"ttasnim5"},"content":"    public void checkGameHangman() {","lastModifiedDate":"2024-03-15"},{"lineNumber":32,"author":{"gitId":"ttasnim5"},"content":"        String input \u003d \"Hangman\";","lastModifiedDate":"2024-03-15"},{"lineNumber":33,"author":{"gitId":"ttasnim5"},"content":"        InputStream in \u003d new ByteArrayInputStream(input.getBytes());","lastModifiedDate":"2024-03-15"},{"lineNumber":34,"author":{"gitId":"ttasnim5"},"content":"        System.setIn(in);","lastModifiedDate":"2024-03-15"},{"lineNumber":35,"author":{"gitId":"ttasnim5"},"content":"","lastModifiedDate":"2024-03-15"},{"lineNumber":36,"author":{"gitId":"ttasnim5"},"content":"        String expected \u003d \"calling hangman\";","lastModifiedDate":"2024-03-15"},{"lineNumber":37,"author":{"gitId":"ttasnim5"},"content":"        assertEquals(expected, Parser.readGame());","lastModifiedDate":"2024-03-15"},{"lineNumber":38,"author":{"gitId":"ttasnim5"},"content":"    }","lastModifiedDate":"2024-03-15"},{"lineNumber":39,"author":{"gitId":"ttasnim5"},"content":"","lastModifiedDate":"2024-03-15"},{"lineNumber":40,"author":{"gitId":"ttasnim5"},"content":"    @Test","lastModifiedDate":"2024-03-15"},{"lineNumber":41,"author":{"gitId":"ttasnim5"},"content":"    public void checkGameQuit() {","lastModifiedDate":"2024-03-15"},{"lineNumber":42,"author":{"gitId":"ttasnim5"},"content":"        String input \u003d \"quit\";","lastModifiedDate":"2024-03-15"},{"lineNumber":43,"author":{"gitId":"ttasnim5"},"content":"        InputStream in \u003d new ByteArrayInputStream(input.getBytes());","lastModifiedDate":"2024-03-15"},{"lineNumber":44,"author":{"gitId":"ttasnim5"},"content":"        System.setIn(in);","lastModifiedDate":"2024-03-15"},{"lineNumber":45,"author":{"gitId":"ttasnim5"},"content":"","lastModifiedDate":"2024-03-15"},{"lineNumber":46,"author":{"gitId":"ttasnim5"},"content":"        String expected \u003d \"tryna quit\";","lastModifiedDate":"2024-03-15"},{"lineNumber":47,"author":{"gitId":"ttasnim5"},"content":"        assertEquals(expected, Parser.readGame());","lastModifiedDate":"2024-03-15"},{"lineNumber":48,"author":{"gitId":"ttasnim5"},"content":"    }","lastModifiedDate":"2024-03-15"},{"lineNumber":49,"author":{"gitId":"ttasnim5"},"content":"","lastModifiedDate":"2024-03-15"},{"lineNumber":50,"author":{"gitId":"ttasnim5"},"content":"    @Test","lastModifiedDate":"2024-03-15"},{"lineNumber":51,"author":{"gitId":"ttasnim5"},"content":"    public void checkGameInvalid() {","lastModifiedDate":"2024-03-15"},{"lineNumber":52,"author":{"gitId":"ttasnim5"},"content":"        String input \u003d \"badonk\";","lastModifiedDate":"2024-03-15"},{"lineNumber":53,"author":{"gitId":"ttasnim5"},"content":"        InputStream in \u003d new ByteArrayInputStream(input.getBytes());","lastModifiedDate":"2024-03-15"},{"lineNumber":54,"author":{"gitId":"ttasnim5"},"content":"        System.setIn(in);","lastModifiedDate":"2024-03-15"},{"lineNumber":55,"author":{"gitId":"ttasnim5"},"content":"","lastModifiedDate":"2024-03-15"},{"lineNumber":56,"author":{"gitId":"ttasnim5"},"content":"        String expected \u003d \"unknown game name ! choices: hangman, ttt, or quit\";","lastModifiedDate":"2024-03-15"},{"lineNumber":57,"author":{"gitId":"ttasnim5"},"content":"        assertEquals(expected, Parser.readGame());","lastModifiedDate":"2024-03-15"},{"lineNumber":58,"author":{"gitId":"ttasnim5"},"content":"    }","lastModifiedDate":"2024-03-15"},{"lineNumber":59,"author":{"gitId":"ttasnim5"},"content":"","lastModifiedDate":"2024-03-15"},{"lineNumber":60,"author":{"gitId":"ttasnim5"},"content":"    /**","lastModifiedDate":"2024-03-15"},{"lineNumber":61,"author":{"gitId":"ttasnim5"},"content":"     @Test","lastModifiedDate":"2024-03-15"},{"lineNumber":62,"author":{"gitId":"ttasnim5"},"content":"     public void checkGameNull() {","lastModifiedDate":"2024-03-15"},{"lineNumber":63,"author":{"gitId":"ttasnim5"},"content":"        String input \u003d null;","lastModifiedDate":"2024-03-15"},{"lineNumber":64,"author":{"gitId":"ttasnim5"},"content":"        InputStream in \u003d new ByteArrayInputStream(input.getBytes());","lastModifiedDate":"2024-03-15"},{"lineNumber":65,"author":{"gitId":"ttasnim5"},"content":"        System.setIn(in);","lastModifiedDate":"2024-03-15"},{"lineNumber":66,"author":{"gitId":"ttasnim5"},"content":"","lastModifiedDate":"2024-03-15"},{"lineNumber":67,"author":{"gitId":"ttasnim5"},"content":"        String expected \u003d \"null input on readGame()\";","lastModifiedDate":"2024-03-15"},{"lineNumber":68,"author":{"gitId":"ttasnim5"},"content":"        assertEquals(expected, seedu.duke.Duke.Parser.readGame());","lastModifiedDate":"2024-03-15"},{"lineNumber":69,"author":{"gitId":"ttasnim5"},"content":"     }","lastModifiedDate":"2024-03-15"},{"lineNumber":70,"author":{"gitId":"ttasnim5"},"content":"","lastModifiedDate":"2024-03-15"},{"lineNumber":71,"author":{"gitId":"ttasnim5"},"content":"","lastModifiedDate":"2024-03-15"},{"lineNumber":72,"author":{"gitId":"ttasnim5"},"content":"    @Test","lastModifiedDate":"2024-03-15"},{"lineNumber":73,"author":{"gitId":"ttasnim5"},"content":"    public void checkTTMoveValidNum() {","lastModifiedDate":"2024-03-15"},{"lineNumber":74,"author":{"gitId":"ttasnim5"},"content":"        String input \u003d \"4\";","lastModifiedDate":"2024-03-15"},{"lineNumber":75,"author":{"gitId":"ttasnim5"},"content":"        InputStream in \u003d new ByteArrayInputStream(input.getBytes());","lastModifiedDate":"2024-03-15"},{"lineNumber":76,"author":{"gitId":"ttasnim5"},"content":"        System.setIn(in);","lastModifiedDate":"2024-03-15"},{"lineNumber":77,"author":{"gitId":"ttasnim5"},"content":"","lastModifiedDate":"2024-03-15"},{"lineNumber":78,"author":{"gitId":"ttasnim5"},"content":"        String expected \u003d \"doing tt move \u003d \" + input;","lastModifiedDate":"2024-03-15"},{"lineNumber":79,"author":{"gitId":"ttasnim5"},"content":"        assertEquals(expected, Parser.readTTMove());","lastModifiedDate":"2024-03-15"},{"lineNumber":80,"author":{"gitId":"ttasnim5"},"content":"    }","lastModifiedDate":"2024-03-15"},{"lineNumber":81,"author":{"gitId":"ttasnim5"},"content":"","lastModifiedDate":"2024-03-15"},{"lineNumber":82,"author":{"gitId":"ttasnim5"},"content":"    @Test","lastModifiedDate":"2024-03-15"},{"lineNumber":83,"author":{"gitId":"ttasnim5"},"content":"    public void checkTTMoveInvalidNum() {","lastModifiedDate":"2024-03-15"},{"lineNumber":84,"author":{"gitId":"ttasnim5"},"content":"        String input \u003d \"13\";","lastModifiedDate":"2024-03-15"},{"lineNumber":85,"author":{"gitId":"ttasnim5"},"content":"        InputStream in \u003d new ByteArrayInputStream(input.getBytes());","lastModifiedDate":"2024-03-15"},{"lineNumber":86,"author":{"gitId":"ttasnim5"},"content":"        System.setIn(in);","lastModifiedDate":"2024-03-15"},{"lineNumber":87,"author":{"gitId":"ttasnim5"},"content":"","lastModifiedDate":"2024-03-15"},{"lineNumber":88,"author":{"gitId":"ttasnim5"},"content":"        String expected \u003d \"invalid tt move \u003d \" + input;","lastModifiedDate":"2024-03-15"},{"lineNumber":89,"author":{"gitId":"ttasnim5"},"content":"        assertEquals(expected, Parser.readTTMove());","lastModifiedDate":"2024-03-15"},{"lineNumber":90,"author":{"gitId":"ttasnim5"},"content":"    }","lastModifiedDate":"2024-03-15"},{"lineNumber":91,"author":{"gitId":"ttasnim5"},"content":"","lastModifiedDate":"2024-03-15"},{"lineNumber":92,"author":{"gitId":"ttasnim5"},"content":"    @Test","lastModifiedDate":"2024-03-15"},{"lineNumber":93,"author":{"gitId":"ttasnim5"},"content":"    public void checkTTMoveQuit() {","lastModifiedDate":"2024-03-15"},{"lineNumber":94,"author":{"gitId":"ttasnim5"},"content":"        String input \u003d \"quit\";","lastModifiedDate":"2024-03-15"},{"lineNumber":95,"author":{"gitId":"ttasnim5"},"content":"        InputStream in \u003d new ByteArrayInputStream(input.getBytes());","lastModifiedDate":"2024-03-15"},{"lineNumber":96,"author":{"gitId":"ttasnim5"},"content":"        System.setIn(in);","lastModifiedDate":"2024-03-15"},{"lineNumber":97,"author":{"gitId":"ttasnim5"},"content":"","lastModifiedDate":"2024-03-15"},{"lineNumber":98,"author":{"gitId":"ttasnim5"},"content":"        String expected \u003d \"tryna quit ttt\";","lastModifiedDate":"2024-03-15"},{"lineNumber":99,"author":{"gitId":"ttasnim5"},"content":"        assertEquals(expected, Parser.readTTMove());","lastModifiedDate":"2024-03-15"},{"lineNumber":100,"author":{"gitId":"ttasnim5"},"content":"    }","lastModifiedDate":"2024-03-15"},{"lineNumber":101,"author":{"gitId":"ttasnim5"},"content":"","lastModifiedDate":"2024-03-15"},{"lineNumber":102,"author":{"gitId":"ttasnim5"},"content":"    @Test","lastModifiedDate":"2024-03-15"},{"lineNumber":103,"author":{"gitId":"ttasnim5"},"content":"    public void checkTTInvalidInput() {","lastModifiedDate":"2024-03-15"},{"lineNumber":104,"author":{"gitId":"ttasnim5"},"content":"        String input \u003d \"hella\";","lastModifiedDate":"2024-03-15"},{"lineNumber":105,"author":{"gitId":"ttasnim5"},"content":"        InputStream in \u003d new ByteArrayInputStream(input.getBytes());","lastModifiedDate":"2024-03-15"},{"lineNumber":106,"author":{"gitId":"ttasnim5"},"content":"        System.setIn(in);","lastModifiedDate":"2024-03-15"},{"lineNumber":107,"author":{"gitId":"ttasnim5"},"content":"","lastModifiedDate":"2024-03-15"},{"lineNumber":108,"author":{"gitId":"ttasnim5"},"content":"        String expected \u003d \"invalid tt input \u003d \" + input;","lastModifiedDate":"2024-03-15"},{"lineNumber":109,"author":{"gitId":"ttasnim5"},"content":"        assertEquals(expected, Parser.readTTMove());","lastModifiedDate":"2024-03-15"},{"lineNumber":110,"author":{"gitId":"ttasnim5"},"content":"    }","lastModifiedDate":"2024-03-15"},{"lineNumber":111,"author":{"gitId":"ttasnim5"},"content":"","lastModifiedDate":"2024-03-15"},{"lineNumber":112,"author":{"gitId":"ttasnim5"},"content":"     @Test","lastModifiedDate":"2024-03-15"},{"lineNumber":113,"author":{"gitId":"ttasnim5"},"content":"     public void checkTTMoveNull() {","lastModifiedDate":"2024-03-15"},{"lineNumber":114,"author":{"gitId":"ttasnim5"},"content":"         String input \u003d null;","lastModifiedDate":"2024-03-15"},{"lineNumber":115,"author":{"gitId":"ttasnim5"},"content":"         InputStream in \u003d new ByteArrayInputStream(input.getBytes());","lastModifiedDate":"2024-03-15"},{"lineNumber":116,"author":{"gitId":"ttasnim5"},"content":"         System.setIn(in);","lastModifiedDate":"2024-03-15"},{"lineNumber":117,"author":{"gitId":"ttasnim5"},"content":"","lastModifiedDate":"2024-03-15"},{"lineNumber":118,"author":{"gitId":"ttasnim5"},"content":"         String expected \u003d \"null input on readTTMove()\";","lastModifiedDate":"2024-03-15"},{"lineNumber":119,"author":{"gitId":"ttasnim5"},"content":"         assertEquals(expected, seedu.duke.Duke.Parser.readTTMove());","lastModifiedDate":"2024-03-15"},{"lineNumber":120,"author":{"gitId":"ttasnim5"},"content":"     }","lastModifiedDate":"2024-03-15"},{"lineNumber":121,"author":{"gitId":"ttasnim5"},"content":"     */","lastModifiedDate":"2024-03-15"},{"lineNumber":122,"author":{"gitId":"ttasnim5"},"content":"}","lastModifiedDate":"2024-03-15"},{"lineNumber":123,"author":{"gitId":"ttasnim5"},"content":"","lastModifiedDate":"2024-03-15"},{"lineNumber":124,"author":{"gitId":"ttasnim5"},"content":"","lastModifiedDate":"2024-03-15"}],"authorContributionMap":{"ttasnim5":124}},{"path":"src/test/java/seedu/duke/TicTacToeTest.java","fileType":"test-code","lines":[{"lineNumber":1,"author":{"gitId":"nicknamenic"},"content":"package seedu.duke;","lastModifiedDate":"2024-03-15"},{"lineNumber":2,"author":{"gitId":"nicknamenic"},"content":"","lastModifiedDate":"2024-03-15"},{"lineNumber":3,"author":{"gitId":"nicknamenic"},"content":"import static org.junit.jupiter.api.Assertions.assertTrue;","lastModifiedDate":"2024-03-15"},{"lineNumber":4,"author":{"gitId":"nicknamenic"},"content":"","lastModifiedDate":"2024-03-15"},{"lineNumber":5,"author":{"gitId":"nicknamenic"},"content":"import org.junit.jupiter.api.Test;","lastModifiedDate":"2024-03-15"},{"lineNumber":6,"author":{"gitId":"nicknamenic"},"content":"","lastModifiedDate":"2024-03-15"},{"lineNumber":7,"author":{"gitId":"nicknamenic"},"content":"public class TicTacToeTest {","lastModifiedDate":"2024-03-15"},{"lineNumber":8,"author":{"gitId":"nicknamenic"},"content":"    @Test","lastModifiedDate":"2024-03-15"},{"lineNumber":9,"author":{"gitId":"nicknamenic"},"content":"    public void sampleTicTacToeTest() {","lastModifiedDate":"2024-03-15"},{"lineNumber":10,"author":{"gitId":"nicknamenic"},"content":"        assertTrue(true);","lastModifiedDate":"2024-03-15"},{"lineNumber":11,"author":{"gitId":"nicknamenic"},"content":"    }","lastModifiedDate":"2024-03-15"},{"lineNumber":12,"author":{"gitId":"nicknamenic"},"content":"}","lastModifiedDate":"2024-03-15"}],"authorContributionMap":{"nicknamenic":12}},{"path":"src/test/java/seedu/duke/UiTest.java","fileType":"test-code","lines":[{"lineNumber":1,"author":{"gitId":"JackieNeoCEG"},"content":"package seedu.duke;","lastModifiedDate":"2024-03-15"},{"lineNumber":2,"author":{"gitId":"JackieNeoCEG"},"content":"","lastModifiedDate":"2024-03-15"},{"lineNumber":3,"author":{"gitId":"JackieNeoCEG"},"content":"","lastModifiedDate":"2024-03-15"},{"lineNumber":4,"author":{"gitId":"JackieNeoCEG"},"content":"import static org.junit.jupiter.api.Assertions.assertTrue;","lastModifiedDate":"2024-03-15"},{"lineNumber":5,"author":{"gitId":"JackieNeoCEG"},"content":"","lastModifiedDate":"2024-03-15"},{"lineNumber":6,"author":{"gitId":"JackieNeoCEG"},"content":"import org.junit.jupiter.api.Test;","lastModifiedDate":"2024-03-15"},{"lineNumber":7,"author":{"gitId":"JackieNeoCEG"},"content":"","lastModifiedDate":"2024-03-15"},{"lineNumber":8,"author":{"gitId":"JackieNeoCEG"},"content":"class UiTest {","lastModifiedDate":"2024-03-15"},{"lineNumber":9,"author":{"gitId":"JackieNeoCEG"},"content":"","lastModifiedDate":"2024-03-15"},{"lineNumber":10,"author":{"gitId":"JackieNeoCEG"},"content":"    @Test","lastModifiedDate":"2024-03-15"},{"lineNumber":11,"author":{"gitId":"JackieNeoCEG"},"content":"    public void sampleUiTest() {","lastModifiedDate":"2024-03-15"},{"lineNumber":12,"author":{"gitId":"JackieNeoCEG"},"content":"        assertTrue(true);","lastModifiedDate":"2024-03-15"},{"lineNumber":13,"author":{"gitId":"JackieNeoCEG"},"content":"    }","lastModifiedDate":"2024-03-15"},{"lineNumber":14,"author":{"gitId":"JackieNeoCEG"},"content":"","lastModifiedDate":"2024-03-15"},{"lineNumber":15,"author":{"gitId":"JackieNeoCEG"},"content":"}","lastModifiedDate":"2024-03-15"}],"authorContributionMap":{"JackieNeoCEG":15}}]
