{"authorDailyContributionsMap":{"YoengKokLeong":[{"date":"2024-03-06","commitResults":[{"hash":"8942075a09f33dc7311dea6008a6dab974bb5d11","isMergeCommit":false,"messageTitle":"Added name","messageBody":"","fileTypesAndContributionMap":{"docs":{"insertions":7,"deletions":7}}},{"hash":"24f7f7a57025277cab994b53f9ebc3fb534dac86","isMergeCommit":true,"messageTitle":"Merge pull request #2 from YoengKokLeong/YoengKokLeong-AboutUs","messageBody":"Added name","fileTypesAndContributionMap":{}}]}],"nicknamenic":[{"date":"2024-03-06","commitResults":[{"hash":"fd62ff592051d0d1ca8f43f3493a402962d9e636","isMergeCommit":false,"messageTitle":"Changed Line 4","messageBody":"","fileTypesAndContributionMap":{"docs":{"insertions":1,"deletions":1}}},{"hash":"46863b6a6bd7d69823406a364fc555dc15d38ee4","isMergeCommit":true,"messageTitle":"Merge pull request #4 from nicknamenic/master","messageBody":"Changed Line 4","fileTypesAndContributionMap":{}}]},{"date":"2024-03-13","commitResults":[{"hash":"93be107e130ad97c64da0ea0e1d7a44fd79478ae","isMergeCommit":false,"messageTitle":"Created TicTacToe class","messageBody":"","fileTypesAndContributionMap":{"functional-code":{"insertions":11,"deletions":0}}},{"hash":"d553623ea1032e8a1d7f572b6545f16ecc852106","isMergeCommit":true,"messageTitle":"Merge pull request #10 from nicknamenic/master","messageBody":"Created TicTacToe class","fileTypesAndContributionMap":{}}]}],"JackieNeoCEG":[{"date":"2024-03-06","commitResults":[{"hash":"62e7cfffd8d74dc7280565a24deeade9b747410e","isMergeCommit":false,"messageTitle":"Update AboutUs.md","messageBody":"","fileTypesAndContributionMap":{"docs":{"insertions":1,"deletions":1}}},{"hash":"5b674092ecca401cb4f75f1fc8a9fccb1c3ed208","isMergeCommit":false,"messageTitle":"Add name and Github","messageBody":"","fileTypesAndContributionMap":{"docs":{"insertions":7,"deletions":7}}},{"hash":"dc6e56da415f399fcb75fde31953bfbf01614465","isMergeCommit":true,"messageTitle":"Merge branch \u0027master\u0027 of https://github.com/AY2324S2-CS2113-W13-1/tp into Jackie-AboutUs","messageBody":"# Conflicts:\n#\tdocs/AboutUs.md\n","fileTypesAndContributionMap":{}},{"hash":"523a45c87a21fef8c42448fc8fa3aebf83934092","isMergeCommit":true,"messageTitle":"Merge pull request #7 from JackieNeoCEG/Jackie-AboutUs","messageBody":"Fix and update Readme","fileTypesAndContributionMap":{}}]}],"nigelheng":[{"date":"2024-03-06","commitResults":[{"hash":"17c7c5373fe3308df27ec2c6018ec88419fe4730","isMergeCommit":false,"messageTitle":"Add Github username","messageBody":"","fileTypesAndContributionMap":{"docs":{"insertions":7,"deletions":7}}},{"hash":"3cea1d43e729bf8c51e5ccf08f7ba296177be337","isMergeCommit":true,"messageTitle":"Merge pull request #8 from nigelheng/master","messageBody":"Add Github username","fileTypesAndContributionMap":{}}]}],"ttasnim5":[{"date":"2024-03-06","commitResults":[{"hash":"663eb3e889c00943ef3af26b5b393310c0bd20ad","isMergeCommit":false,"messageTitle":"change tahsin\u0027s section in the aboutUS doc","messageBody":"","fileTypesAndContributionMap":{"docs":{"insertions":7,"deletions":7}}},{"hash":"3c53ce8483b8f0180494f69fb85774bdb784607f","isMergeCommit":true,"messageTitle":"Merge branch \u0027master\u0027 of https://github.com/AY2324S2-CS2113-W13-1/tp","messageBody":"# Conflicts:\n#\tdocs/AboutUs.md\n","fileTypesAndContributionMap":{}},{"hash":"6391a6ae2830a8b43338bea3d4d26dadf846e20b","isMergeCommit":false,"messageTitle":"add tahsin\u0027s name to the list","messageBody":"","fileTypesAndContributionMap":{"docs":{"insertions":1,"deletions":1}}},{"hash":"53fb4fe2431e25b895aa021c5c3acb8510d2024f","isMergeCommit":true,"messageTitle":"Merge pull request #6 from ttasnim5/master","messageBody":"try # 302","fileTypesAndContributionMap":{}}]},{"date":"2024-03-11","commitResults":[{"hash":"09d84926d1561e5340c9b414b48b390cb9f0ea72","isMergeCommit":false,"messageTitle":"Creates basic Parser class that reads user input for game name, tic tac toe move, and quitting","messageBody":"","fileTypesAndContributionMap":{"functional-code":{"insertions":82,"deletions":0}}},{"hash":"049cd3277a4cc71e8466c6ef6b5ea2c7bf8aa849","isMergeCommit":true,"messageTitle":"Merge branch \u0027Parser\u0027","messageBody":"","fileTypesAndContributionMap":{}},{"hash":"a13c7b11fd849c52ded7a2b3d452fca323fb3e8f","isMergeCommit":false,"messageTitle":"changes markbox \u003c 0 to markbox \u003c 1, very minor error lol","messageBody":"","fileTypesAndContributionMap":{"functional-code":{"insertions":1,"deletions":1}}},{"hash":"f2211a7e487ab3108ab45b9edc890d02301cd33c","isMergeCommit":true,"messageTitle":"Merge pull request #9 from ttasnim5/master","messageBody":"adds basic parser class","fileTypesAndContributionMap":{}}]},{"date":"2024-03-13","commitResults":[{"hash":"0538fc3bf04c9b0c93838a0b0d5f2c3aa240bf4b","isMergeCommit":false,"messageTitle":"Revert \"changes markbox \u003c 0 to markbox \u003c 1, very minor error lol\"","messageBody":"This reverts commit a13c7b11fd849c52ded7a2b3d452fca323fb3e8f.\n","fileTypesAndContributionMap":{"functional-code":{"insertions":1,"deletions":1}}},{"hash":"16144a7ca66f299c045208576dcce20aa35d411a","isMergeCommit":false,"messageTitle":"Revert \"Creates basic Parser class that reads user input for game name, tic tac toe move, and quitting\"","messageBody":"This reverts commit 09d84926d1561e5340c9b414b48b390cb9f0ea72.\n","fileTypesAndContributionMap":{"functional-code":{"insertions":0,"deletions":82}}},{"hash":"03a83891a14f3be3b6dcf9a0098c09f535a468f4","isMergeCommit":false,"messageTitle":"Makes edits to Parser class","messageBody":"","fileTypesAndContributionMap":{"functional-code":{"insertions":13,"deletions":13}}},{"hash":"6672d73f5daefba6b4fe84d95f38a7fc61a0021e","isMergeCommit":true,"messageTitle":"Merge branch \u0027master\u0027 of https://github.com/ttasnim5/tp","messageBody":"","fileTypesAndContributionMap":{}},{"hash":"ae923792a8cf978ec58383974afefe4eec69c399","isMergeCommit":true,"messageTitle":"Merge branch \u0027Parser\u0027","messageBody":"# Conflicts:\n#\tsrc/main/java/Parser.java\n","fileTypesAndContributionMap":{}},{"hash":"78b005e9c5d7a3df8a191f0e4f0dc0413b07d7a7","isMergeCommit":false,"messageTitle":"adds newline character at the end of parser","messageBody":"","fileTypesAndContributionMap":{"functional-code":{"insertions":1,"deletions":1}}},{"hash":"3b489f4e71baff6006d37f82ebecc92dcde3ad65","isMergeCommit":true,"messageTitle":"Merge pull request #12 from ttasnim5/master","messageBody":"add parser class","fileTypesAndContributionMap":{}}]}]},"authorFileTypeContributionMap":{"YoengKokLeong":{"docs":0,"functional-code":0,"test-code":0},"nicknamenic":{"docs":0,"functional-code":11,"test-code":0},"JackieNeoCEG":{"docs":1,"functional-code":0,"test-code":0},"nigelheng":{"docs":5,"functional-code":0,"test-code":0},"ttasnim5":{"docs":0,"functional-code":82,"test-code":0}},"authorContributionVariance":{"YoengKokLeong":9.310002,"nicknamenic":5.8275003,"JackieNeoCEG":12.16,"nigelheng":9.310002,"ttasnim5":880.44006},"authorDisplayNameMap":{"YoengKokLeong":"CS2113-W13-1 YOEN..EONG","nicknamenic":"CS2113-W13-1 RANJ..ATAN","JackieNeoCEG":"CS2113-W13-1 JACK.. JIE","nigelheng":"CS2113-W13-1 HENG..IGEL","ttasnim5":"CS2113-W13-1 TASN..HSIN"}}
