{"authorDailyContributionsMap":{"YoengKokLeong":[{"date":"2024-03-06","commitResults":[{"hash":"8942075a09f33dc7311dea6008a6dab974bb5d11","isMergeCommit":false,"messageTitle":"Added name","messageBody":"","fileTypesAndContributionMap":{"docs":{"insertions":7,"deletions":7}}},{"hash":"24f7f7a57025277cab994b53f9ebc3fb534dac86","isMergeCommit":true,"messageTitle":"Merge pull request #2 from YoengKokLeong/YoengKokLeong-AboutUs","messageBody":"Added name","fileTypesAndContributionMap":{}}]},{"date":"2024-03-14","commitResults":[{"hash":"3bc5e92b082f36d22cefe769ce2cc5049cf1a6a1","isMergeCommit":false,"messageTitle":"Added Game class","messageBody":"","fileTypesAndContributionMap":{"functional-code":{"insertions":21,"deletions":0}}},{"hash":"7835f124fbb1f92d49bfc2cf9a70676fa983fdc9","isMergeCommit":true,"messageTitle":"Merge pull request #13 from YoengKokLeong/master","messageBody":"Added Game class","fileTypesAndContributionMap":{}}]},{"date":"2024-03-15","commitResults":[{"hash":"56d1d8371a073be082db838119ac12b81db56787","isMergeCommit":false,"messageTitle":"Added Game class","messageBody":"","fileTypesAndContributionMap":{"test-code":{"insertions":12,"deletions":0}}},{"hash":"623dce9d2d19c57dff60fa99d7ca76c1b7ccbf6f","isMergeCommit":true,"messageTitle":"Merge pull request #17 from YoengKokLeong/master","messageBody":"Added Game JUnit test","fileTypesAndContributionMap":{}}]},{"date":"2024-03-19","commitResults":[{"hash":"f7e0732b03a47f051f9f46f0047e0de35e5f3928","isMergeCommit":false,"messageTitle":"Added Game class","messageBody":"","fileTypesAndContributionMap":{"functional-code":{"insertions":16,"deletions":12}}},{"hash":"896a311e71bc47056b61def8d158a9450d7708f7","isMergeCommit":false,"messageTitle":"Added Hangman class","messageBody":"","fileTypesAndContributionMap":{"functional-code":{"insertions":9,"deletions":0}}},{"hash":"318d01ee6e2e0840e4440f246b3f86202b6eefb8","isMergeCommit":true,"messageTitle":"Merge pull request #22 from YoengKokLeong/master","messageBody":"edited parent Game class and child class TicTacToe","fileTypesAndContributionMap":{}},{"hash":"c00ba3e950286e9bdf38b98dafa8b562354a5d8a","isMergeCommit":false,"messageTitle":"Delete src/main/java/seedu/duke/Hangman.java","messageBody":"","fileTypesAndContributionMap":{"functional-code":{"insertions":0,"deletions":9}}}]},{"date":"2024-03-22","commitResults":[{"hash":"3b63ccb775921354a61f2766bd35e91c46f43c32","isMergeCommit":false,"messageTitle":"added assertion","messageBody":"","fileTypesAndContributionMap":{"functional-code":{"insertions":1,"deletions":0}}},{"hash":"4336a9b3cda8b9e8a6d13c759d9535ce7be76f5a","isMergeCommit":true,"messageTitle":"Merge pull request #42 from YoengKokLeong/master","messageBody":"added assertion","fileTypesAndContributionMap":{}},{"hash":"991de5b3a8864d7a6b84fb0cda3192244151a045","isMergeCommit":false,"messageTitle":"applied Game class, overridden runHangMan and runTicTacToe","messageBody":"","fileTypesAndContributionMap":{"functional-code":{"insertions":29,"deletions":23}}}]},{"date":"2024-03-24","commitResults":[{"hash":"0a2033e336844e781865761e9eeaeea7ff5ed388","isMergeCommit":false,"messageTitle":"edited changes","messageBody":"","fileTypesAndContributionMap":{"functional-code":{"insertions":12,"deletions":0}}},{"hash":"7ccb89310b6b6d25b9922749e3782a2a4ee8626e","isMergeCommit":true,"messageTitle":"Merge pull request #44 from YoengKokLeong/master","messageBody":"Edited Game Classes and child class TicTacToe, HangMan","fileTypesAndContributionMap":{}}]},{"date":"2024-03-29","commitResults":[{"hash":"f9985afe6cd13f782f05a628b4f2091daccae9f6","isMergeCommit":false,"messageTitle":"Added DG for game class","messageBody":"","fileTypesAndContributionMap":{"docs":{"insertions":7,"deletions":0}}},{"hash":"452173d79f7b6e4b527957444518b4a839091f1b","isMergeCommit":true,"messageTitle":"Merge pull request #56 from YoengKokLeong/master","messageBody":"Added DG for game class","fileTypesAndContributionMap":{}},{"hash":"19573f457536643473be5f1c3ace6e994dd42d97","isMergeCommit":false,"messageTitle":"edited DG for game class","messageBody":"","fileTypesAndContributionMap":{"docs":{"insertions":4,"deletions":3}}},{"hash":"16bea9edd82e44a8608f64850322fcb052bcb74e","isMergeCommit":true,"messageTitle":"Merge pull request #58 from YoengKokLeong/master","messageBody":"edited DG for game class","fileTypesAndContributionMap":{}}]},{"date":"2024-04-01","commitResults":[{"hash":"bdec3b6102f6f7821d2786a4b313302d242467e3","isMergeCommit":false,"messageTitle":"added guide for TTT","messageBody":"","fileTypesAndContributionMap":{"functional-code":{"insertions":21,"deletions":2}}},{"hash":"02d276addb70cd8fa67ee64d924cfd0c3f754efb","isMergeCommit":true,"messageTitle":"Merge pull request #65 from YoengKokLeong/master","messageBody":"added guide for TTT","fileTypesAndContributionMap":{}}]},{"date":"2024-04-02","commitResults":[{"hash":"1bf09a22c2ab78c551438edd8fd641f1e8c5e019","isMergeCommit":false,"messageTitle":"added guide for Hangman","messageBody":"","fileTypesAndContributionMap":{"functional-code":{"insertions":22,"deletions":11}}},{"hash":"2a75323b25039d76bf0435e1548d41fa812f07d1","isMergeCommit":true,"messageTitle":"Merge pull request #66 from YoengKokLeong/master","messageBody":"added guide for Hangman","fileTypesAndContributionMap":{}},{"hash":"0b220e8fc545f880367beb51f8f6aa20a635020d","isMergeCommit":false,"messageTitle":"edited guide for games","messageBody":"","fileTypesAndContributionMap":{"functional-code":{"insertions":6,"deletions":6}}},{"hash":"d093055541b205abae8093ee689cb6a2a8b441be","isMergeCommit":true,"messageTitle":"Merge pull request #68 from YoengKokLeong/master","messageBody":"edited guide for games","fileTypesAndContributionMap":{}},{"hash":"00e957e7ad5039381f22e23981e940c53c374c2c","isMergeCommit":false,"messageTitle":"edited UG","messageBody":"","fileTypesAndContributionMap":{"docs":{"insertions":8,"deletions":5}}},{"hash":"d4f691a942aff84a4a0afa7b992eb35d93c0f698","isMergeCommit":true,"messageTitle":"Merge pull request #69 from YoengKokLeong/master","messageBody":"edited UG","fileTypesAndContributionMap":{}},{"hash":"5926cc1a28020ccda5ab92a58b94532f47c7b65c","isMergeCommit":false,"messageTitle":"edited UG","messageBody":"","fileTypesAndContributionMap":{"docs":{"insertions":13,"deletions":17}}},{"hash":"98d03a16c8fc2125bd04cdfa2b113e533a2e48e5","isMergeCommit":true,"messageTitle":"Merge pull request #70 from YoengKokLeong/master","messageBody":"edited UG","fileTypesAndContributionMap":{}},{"hash":"6d4228fe5e7f22d6d1e9cf9ecdfc8204686195da","isMergeCommit":false,"messageTitle":"edited TicTacToe and HangMan classes. Added documentation for Game class","messageBody":"","fileTypesAndContributionMap":{"functional-code":{"insertions":38,"deletions":10}}},{"hash":"a63d7ce27243a31babfe2f2644ca60088da7225a","isMergeCommit":true,"messageTitle":"Merge remote-tracking branch \u0027origin/master\u0027","messageBody":"","fileTypesAndContributionMap":{}},{"hash":"9560c46a450cc198a72b2cfc595f6268773a532b","isMergeCommit":true,"messageTitle":"Merge pull request #71 from YoengKokLeong/master","messageBody":"edited TicTacToe and HangMan classes. Added documentation for Game class","fileTypesAndContributionMap":{}},{"hash":"1351e9a910ab1f13b7e32551d3c62dda33f69053","isMergeCommit":false,"messageTitle":"edited TicTacToe and HangMan classes. Added documentation for Game class","messageBody":"","fileTypesAndContributionMap":{"functional-code":{"insertions":31,"deletions":6},"docs":{"insertions":1,"deletions":1}}},{"hash":"91f0da3400c019e8155d596fbc3f7e3ff7709517","isMergeCommit":true,"messageTitle":"Merge pull request #74 from YoengKokLeong/master","messageBody":"edited TicTacToe and HangMan classes. Added stats tracking for number of games won","fileTypesAndContributionMap":{}},{"hash":"e8fd7765622fb00795624d2fcf65791acbf15134","isMergeCommit":false,"messageTitle":"edited TicTacToe and HangMan classes. Added documentation for Game class","messageBody":"","fileTypesAndContributionMap":{"functional-code":{"insertions":1,"deletions":2},"docs":{"insertions":19,"deletions":0}}},{"hash":"d72cdbeee417101e376958b11d0fe33d71579939","isMergeCommit":true,"messageTitle":"Merge remote-tracking branch \u0027origin/master\u0027","messageBody":"","fileTypesAndContributionMap":{}},{"hash":"f653b11627b88dc5bef7ccfcfe3a358dec40ecc6","isMergeCommit":true,"messageTitle":"Merge pull request #76 from YoengKokLeong/master","messageBody":"edited UG","fileTypesAndContributionMap":{}}]},{"date":"2024-04-10","commitResults":[{"hash":"4157aba1120b5f6a381ab9730b3655eaca39a060","isMergeCommit":false,"messageTitle":"edited UG and added own PPP.","messageBody":"","fileTypesAndContributionMap":{"docs":{"insertions":70,"deletions":2}}},{"hash":"9d7569f8b1261fe1fe58f5ba401f375c41a8408f","isMergeCommit":true,"messageTitle":"Merge branch \u0027AY2324S2-CS2113-W13-1:master\u0027 into master","messageBody":"","fileTypesAndContributionMap":{}},{"hash":"28dfce8bc69129aad271b3d4e2a4d0f19aa6fdfb","isMergeCommit":true,"messageTitle":"Merge pull request #143 from YoengKokLeong/master","messageBody":"added own PP and edited UG","fileTypesAndContributionMap":{}},{"hash":"85937fb874916ddca40de7efba1495b21be89a9b","isMergeCommit":false,"messageTitle":"Rename YoengKokLeong.md to yoengkokleong.md","messageBody":"","fileTypesAndContributionMap":{"docs":{"insertions":1,"deletions":1}}},{"hash":"1e14b0c420f6579a460854826e98ee227992419d","isMergeCommit":true,"messageTitle":"Merge pull request #144 from YoengKokLeong/master","messageBody":"Rename YoengKokLeong.md to yoengkokleong.md","fileTypesAndContributionMap":{}}]}],"nicknamenic":[{"date":"2024-03-06","commitResults":[{"hash":"fd62ff592051d0d1ca8f43f3493a402962d9e636","isMergeCommit":false,"messageTitle":"Changed Line 4","messageBody":"","fileTypesAndContributionMap":{"docs":{"insertions":1,"deletions":1}}},{"hash":"46863b6a6bd7d69823406a364fc555dc15d38ee4","isMergeCommit":true,"messageTitle":"Merge pull request #4 from nicknamenic/master","messageBody":"Changed Line 4","fileTypesAndContributionMap":{}}]},{"date":"2024-03-13","commitResults":[{"hash":"93be107e130ad97c64da0ea0e1d7a44fd79478ae","isMergeCommit":false,"messageTitle":"Created TicTacToe class","messageBody":"","fileTypesAndContributionMap":{"functional-code":{"insertions":11,"deletions":0}}},{"hash":"d553623ea1032e8a1d7f572b6545f16ecc852106","isMergeCommit":true,"messageTitle":"Merge pull request #10 from nicknamenic/master","messageBody":"Created TicTacToe class","fileTypesAndContributionMap":{}}]},{"date":"2024-03-15","commitResults":[{"hash":"64a8fa65ca00540fa62e7fb581e8d83e312fda1d","isMergeCommit":false,"messageTitle":"Create TicTacToeTest.java","messageBody":"","fileTypesAndContributionMap":{"test-code":{"insertions":12,"deletions":0}}},{"hash":"5b9a600aecb47d928e160e344f2246188bbc8121","isMergeCommit":true,"messageTitle":"Merge pull request #21 from nicknamenic/nicknamenic-TicTacToeTest","messageBody":"Created JUnit Test","fileTypesAndContributionMap":{}}]},{"date":"2024-03-19","commitResults":[{"hash":"89e3a19314693c0d03d88391ff9b640f3d5d2b01","isMergeCommit":false,"messageTitle":"Updated Tic Tac Toe Class to fulfill v1.0","messageBody":"","fileTypesAndContributionMap":{"functional-code":{"insertions":65,"deletions":1}}},{"hash":"ec41f8b44632a19d781e38a7fda1a9acc5cd5d89","isMergeCommit":false,"messageTitle":"Updated Tic Tac Toe Class to fulfill v1.0","messageBody":"","fileTypesAndContributionMap":{"functional-code":{"insertions":69,"deletions":2}}},{"hash":"01a06d03a2410546907497ae0c0b2b47dc15e378","isMergeCommit":true,"messageTitle":"Merge branch \u0027basicTTTGame\u0027 of https://github.com/nicknamenic/tp into basicTTTGame","messageBody":"# Conflicts:\n#\tsrc/main/java/seedu/duke/TicTacToe.java\n","fileTypesAndContributionMap":{}},{"hash":"64075be7f9c3fc3af1394b13bb166cf8d468fcc6","isMergeCommit":false,"messageTitle":"Updated Tic Tac Toe Class to fulfill v1.0","messageBody":"","fileTypesAndContributionMap":{"functional-code":{"insertions":2,"deletions":0}}}]},{"date":"2024-03-20","commitResults":[{"hash":"3c201eee3b141e37a9ac4e08b373f4f0a19ff618","isMergeCommit":false,"messageTitle":"Updated Tic Tac Toe Class to fulfill v1.0","messageBody":"","fileTypesAndContributionMap":{"functional-code":{"insertions":28,"deletions":27}}},{"hash":"3717ad778741af31fa0869b915d0b2e0f2fe3382","isMergeCommit":true,"messageTitle":"Merge pull request #31 from nicknamenic/basicTTTGame","messageBody":"Try Number 3 v1.0 Final Increment","fileTypesAndContributionMap":{}},{"hash":"6e7d077d96cb0a61c87232d5d096e2406292993d","isMergeCommit":false,"messageTitle":"Increment Number 4 for Tic Tac Toe Class to fulfill v1.0","messageBody":"","fileTypesAndContributionMap":{"functional-code":{"insertions":7,"deletions":3}}},{"hash":"9509f6c70773c5a58fa6f5d8ecd79b8678bc9567","isMergeCommit":true,"messageTitle":"Merge pull request #37 from nicknamenic/master","messageBody":"Increment Number 4 for Tic Tac Toe Class to fulfill v1.0","fileTypesAndContributionMap":{}}]},{"date":"2024-03-29","commitResults":[{"hash":"402e6ab46c38823f5fce46bf9e659899bd33c27d","isMergeCommit":false,"messageTitle":"Increment number 5 to TicTacToe class for version 2.0. Random enemy has been created.","messageBody":"","fileTypesAndContributionMap":{"functional-code":{"insertions":62,"deletions":8}}},{"hash":"737abe9a628a2fad762b40e8227cd5a16156791a","isMergeCommit":true,"messageTitle":"Merge remote-tracking branch \u0027origin/master\u0027","messageBody":"","fileTypesAndContributionMap":{}},{"hash":"82900b6eefddc21d7524340bc24faf1ea9349b0d","isMergeCommit":false,"messageTitle":"Minor edit for gradle","messageBody":"","fileTypesAndContributionMap":{"functional-code":{"insertions":2,"deletions":2}}},{"hash":"d1d14a1c89dc83cebc911b11ea633b83265dd8df","isMergeCommit":true,"messageTitle":"Merge pull request #54 from nicknamenic/master","messageBody":"Added enemy AI","fileTypesAndContributionMap":{}},{"hash":"7f190b5280c54ce54802a95116267cc0ed083cb0","isMergeCommit":false,"messageTitle":"Added TicTacToe class description in DG, and made it so the user cannot input occupied tiles into the game.","messageBody":"","fileTypesAndContributionMap":{"functional-code":{"insertions":8,"deletions":0},"docs":{"insertions":15,"deletions":0}}},{"hash":"d75cd3de0b909178a984973e90c4bcfb872089fc","isMergeCommit":true,"messageTitle":"Merge pull request #55 from nicknamenic/master","messageBody":"Added TicTacToe class description in DG + better game handling","fileTypesAndContributionMap":{}}]},{"date":"2024-04-02","commitResults":[{"hash":"5faeac38164c4749ff8dce62884dc54acf4a94f1","isMergeCommit":false,"messageTitle":"Added the perfect bot, you shouldn\u0027t be able to win against it, I think (but you are welcome to try!)!","messageBody":"","fileTypesAndContributionMap":{"functional-code":{"insertions":181,"deletions":17}}},{"hash":"9b61eacb8281fefef32ebea07c7519cd48ed5ab7","isMergeCommit":true,"messageTitle":"Merge pull request #77 from nicknamenic/master","messageBody":"Added the perfect bot, try to win!","fileTypesAndContributionMap":{}},{"hash":"75cc7d6b3ebc20426c228964759ca85a58c07882","isMergeCommit":false,"messageTitle":"I lied in the previous PR. The bot should be unbeatable now if not set to \u0027easy\u0027.","messageBody":"","fileTypesAndContributionMap":{"functional-code":{"insertions":116,"deletions":25}}},{"hash":"0ca0992ed7223f8a8b938341468f2de5700a0c2a","isMergeCommit":true,"messageTitle":"Merge pull request #78 from nicknamenic/master","messageBody":"Tahsin beat the bot, which sent the bot into the hyperbolic time chamber","fileTypesAndContributionMap":{}},{"hash":"f4e771221550a80de85ebcfbb29c4b2df87b07e3","isMergeCommit":false,"messageTitle":"Added selection of difficulty and minor adjustments to the UG","messageBody":"","fileTypesAndContributionMap":{"docs":{"insertions":3,"deletions":1}}},{"hash":"e3f0894f5ba53f6ed6180a6983b91231b75dbfe1","isMergeCommit":true,"messageTitle":"Merge pull request #79 from nicknamenic/master","messageBody":"Added selection of difficulty and minor adjustments to the UG","fileTypesAndContributionMap":{}}]}],"JackieNeoCEG":[{"date":"2024-03-06","commitResults":[{"hash":"62e7cfffd8d74dc7280565a24deeade9b747410e","isMergeCommit":false,"messageTitle":"Update AboutUs.md","messageBody":"","fileTypesAndContributionMap":{"docs":{"insertions":1,"deletions":1}}},{"hash":"5b674092ecca401cb4f75f1fc8a9fccb1c3ed208","isMergeCommit":false,"messageTitle":"Add name and Github","messageBody":"","fileTypesAndContributionMap":{"docs":{"insertions":7,"deletions":7}}},{"hash":"dc6e56da415f399fcb75fde31953bfbf01614465","isMergeCommit":true,"messageTitle":"Merge branch \u0027master\u0027 of https://github.com/AY2324S2-CS2113-W13-1/tp into Jackie-AboutUs","messageBody":"# Conflicts:\n#\tdocs/AboutUs.md\n","fileTypesAndContributionMap":{}},{"hash":"523a45c87a21fef8c42448fc8fa3aebf83934092","isMergeCommit":true,"messageTitle":"Merge pull request #7 from JackieNeoCEG/Jackie-AboutUs","messageBody":"Fix and update Readme","fileTypesAndContributionMap":{}}]},{"date":"2024-03-15","commitResults":[{"hash":"64ae47a00f7443ddd7da9eeea5e67693c04f7c79","isMergeCommit":false,"messageTitle":"Add UI logo and potential greet/byes","messageBody":"","fileTypesAndContributionMap":{"functional-code":{"insertions":62,"deletions":2}}},{"hash":"f94abce335888928eb1aa8064716915054226ed6","isMergeCommit":true,"messageTitle":"Merge pull request #14 from JackieNeoCEG/Jackie-Ui","messageBody":"Add UI logo and potential greet/byes","fileTypesAndContributionMap":{}},{"hash":"9666f19f68dc42c401c29ddc36bd2e6a78c2eec8","isMergeCommit":false,"messageTitle":"Package everything into seedu, edit to Gradle CheckStyle","messageBody":"","fileTypesAndContributionMap":{"functional-code":{"insertions":77,"deletions":93},"other":{"insertions":3,"deletions":0},"test-code":{"insertions":11,"deletions":0}}},{"hash":"d8ec88431c2f2997443553810d178ad4c7f06676","isMergeCommit":false,"messageTitle":"Hilarious CheckStyleTest error","messageBody":"","fileTypesAndContributionMap":{"test-code":{"insertions":7,"deletions":2}}},{"hash":"2bc56a5fde54c0de21897545863b149dd9e1ae9f","isMergeCommit":false,"messageTitle":"fix runtest.bat ACTUAL and EXPECTED.txts","messageBody":"","fileTypesAndContributionMap":{"functional-code":{"insertions":1,"deletions":1}}},{"hash":"15dcede538d04682e2f0854035b91170db27a8c7","isMergeCommit":true,"messageTitle":"Merge pull request #16 from JackieNeoCEG/master","messageBody":"Package everything into seedu, edit to Gradle CheckStyle, fix runtest.bat ACTUAL and EXPECTED.txts","fileTypesAndContributionMap":{}}]},{"date":"2024-03-19","commitResults":[{"hash":"faebdfaa2e3b2e63cf9815014d2aaaec7d891bfa","isMergeCommit":false,"messageTitle":"Ui","messageBody":"","fileTypesAndContributionMap":{"functional-code":{"insertions":41,"deletions":18}}},{"hash":"ba461486469ecd93cd71afd297ab034e3bd20c57","isMergeCommit":false,"messageTitle":"Improve UI and pass gradlew","messageBody":"","fileTypesAndContributionMap":{"functional-code":{"insertions":2,"deletions":5}}},{"hash":"fb7b660fc6c59daf7e455cec6d3c861474bf4889","isMergeCommit":false,"messageTitle":"Fix NullPointerException check","messageBody":"","fileTypesAndContributionMap":{"functional-code":{"insertions":4,"deletions":0}}},{"hash":"23011ccc7dfd993f5228ba652937e6510c5367ed","isMergeCommit":false,"messageTitle":"More NullPointers","messageBody":"","fileTypesAndContributionMap":{"functional-code":{"insertions":4,"deletions":0}}}]},{"date":"2024-03-20","commitResults":[{"hash":"edb304d2148498d18a95430bea5ad653fc49c0d8","isMergeCommit":true,"messageTitle":"Merge branch \u0027master\u0027 of https://github.com/AY2324S2-CS2113-W13-1/tp","messageBody":"# Conflicts:\n#\tsrc/main/java/seedu/duke/Parser.java\n","fileTypesAndContributionMap":{}},{"hash":"3e53103853e820a618a18efba44b131bf2ef4c92","isMergeCommit":true,"messageTitle":"Merge branch \u0027master\u0027 of https://github.com/AY2324S2-CS2113-W13-1/tp","messageBody":"","fileTypesAndContributionMap":{}},{"hash":"4146a09efaa5e7aca0a213dac3a0f1cc98de92e1","isMergeCommit":false,"messageTitle":"test","messageBody":"","fileTypesAndContributionMap":{"functional-code":{"insertions":5,"deletions":2}}},{"hash":"ff55986b0ad6fa5bf82478285a0f7d747f0f6ead","isMergeCommit":true,"messageTitle":"Merge branch \u0027master\u0027 of https://github.com/AY2324S2-CS2113-W13-1/tp","messageBody":"# Conflicts:\n#\tsrc/main/java/seedu/duke/Parser.java\n","fileTypesAndContributionMap":{}},{"hash":"49ef32b3fe7075bad373f5b1ed88b4cc3b999bd7","isMergeCommit":false,"messageTitle":"fix checks","messageBody":"","fileTypesAndContributionMap":{"functional-code":{"insertions":2,"deletions":2}}},{"hash":"2ebacd3d4091cc466f5b70631da75daa28890182","isMergeCommit":true,"messageTitle":"Merge branch \u0027master\u0027 into master","messageBody":"","fileTypesAndContributionMap":{}},{"hash":"55e3f25d432b606b86e8354353392d5ac6b2551d","isMergeCommit":true,"messageTitle":"Merge branch \u0027master\u0027 of https://github.com/AY2324S2-CS2113-W13-1/tp","messageBody":"# Conflicts:\n#\tsrc/main/java/seedu/duke/HangMan.java\n","fileTypesAndContributionMap":{}},{"hash":"f33c6ad75dbae29ac42e97960c6aff4a704aa73d","isMergeCommit":true,"messageTitle":"Merge branch \u0027master\u0027 of https://github.com/JackieNeoCEG/tp","messageBody":"","fileTypesAndContributionMap":{}},{"hash":"033879fc1aa54bcd3e94077f806f36b9d41bbdb1","isMergeCommit":true,"messageTitle":"Merge pull request #35 from JackieNeoCEG/master","messageBody":"Fix errors","fileTypesAndContributionMap":{}},{"hash":"0692c69f4bd6e53142cbef85cbe9888b53ce200a","isMergeCommit":false,"messageTitle":"edit and centralise Ui","messageBody":"","fileTypesAndContributionMap":{"functional-code":{"insertions":12,"deletions":12}}},{"hash":"b11cc5f2159d87efd0dccc152954144f145400fe","isMergeCommit":true,"messageTitle":"Merge branch \u0027master\u0027 of https://github.com/AY2324S2-CS2113-W13-1/tp","messageBody":"","fileTypesAndContributionMap":{}},{"hash":"4960879548e92965eacf1bbe5f426c66c0cef6e6","isMergeCommit":false,"messageTitle":"Strange input in HangMan","messageBody":"","fileTypesAndContributionMap":{"functional-code":{"insertions":4,"deletions":4}}},{"hash":"a2c205f8cd90aff1f655c3da12f83711eea3f13e","isMergeCommit":true,"messageTitle":"Merge pull request #36 from JackieNeoCEG/master","messageBody":"Hangman ?","fileTypesAndContributionMap":{}},{"hash":"01029f4c0c5769725228e10ddece396e09e8cb90","isMergeCommit":false,"messageTitle":"Fix Gradle and runtest.bat tests","messageBody":"","fileTypesAndContributionMap":{"functional-code":{"insertions":10,"deletions":3}}},{"hash":"02baac07cbb06d275151d351fdc85059cbf5032e","isMergeCommit":true,"messageTitle":"Merge pull request #40 from JackieNeoCEG/master","messageBody":"Fix Gradle and runtest.bat tests","fileTypesAndContributionMap":{}}]},{"date":"2024-03-23","commitResults":[{"hash":"7a91588171dd609705f339278860c0a22398c5d1","isMergeCommit":false,"messageTitle":"enable asserts in build.gradle file","messageBody":"","fileTypesAndContributionMap":{"other":{"insertions":2,"deletions":0}}},{"hash":"245b859682736616f27377fc0f934b960d367234","isMergeCommit":true,"messageTitle":"Merge pull request #43 from JackieNeoCEG/master","messageBody":"Enable asserts in build.gradle file","fileTypesAndContributionMap":{}}]},{"date":"2024-03-25","commitResults":[{"hash":"46581d0919be57223d212bbba293a12a1858fb47","isMergeCommit":false,"messageTitle":"Add Help menu","messageBody":"","fileTypesAndContributionMap":{"functional-code":{"insertions":36,"deletions":31}}},{"hash":"694b5c8483f6f65aee3bfec31410ebecdf38d7d9","isMergeCommit":true,"messageTitle":"Merge branch \u0027master\u0027 of https://github.com/AY2324S2-CS2113-W13-1/tp","messageBody":"","fileTypesAndContributionMap":{}},{"hash":"e16ef2a3ef66cad8245dc9484a41bed9807dd93d","isMergeCommit":false,"messageTitle":"Bug fixes on Game and Duke","messageBody":"","fileTypesAndContributionMap":{"functional-code":{"insertions":11,"deletions":14}}},{"hash":"d06b67042e99505862ef64d84bf04f70e25ea388","isMergeCommit":false,"messageTitle":"Fix help bug and add documentation for Ui","messageBody":"","fileTypesAndContributionMap":{"functional-code":{"insertions":35,"deletions":17}}},{"hash":"f20926c5816303635b0851cd41f348a55a6a9099","isMergeCommit":true,"messageTitle":"Merge pull request #46 from JackieNeoCEG/Jackie-Debug","messageBody":"Debugging Game and Parser","fileTypesAndContributionMap":{}}]},{"date":"2024-03-27","commitResults":[{"hash":"556af7ca41927bf7f43cdaab1aac08614f706bd8","isMergeCommit":false,"messageTitle":"add ui in developer","messageBody":"","fileTypesAndContributionMap":{"docs":{"insertions":25,"deletions":0}}},{"hash":"c9da458e9068d7151bc259d2c1af3d89b9b90faa","isMergeCommit":false,"messageTitle":"Add target user and clean up","messageBody":"","fileTypesAndContributionMap":{"docs":{"insertions":8,"deletions":3}}},{"hash":"a2cade59a6be482409b7e92045f35d5fb907eaaf","isMergeCommit":true,"messageTitle":"Merge pull request #49 from JackieNeoCEG/Jackie-DG","messageBody":"Add Ui implementation and target user in DG","fileTypesAndContributionMap":{}}]},{"date":"2024-03-29","commitResults":[{"hash":"4006b5587d6d2236ead201ac2093d48d3a7460b9","isMergeCommit":false,"messageTitle":"Fix url","messageBody":"","fileTypesAndContributionMap":{"docs":{"insertions":5,"deletions":5}}},{"hash":"b266186c6046b736fc31cb6e41f4221cfbd8ead7","isMergeCommit":false,"messageTitle":"Add Table of Contents for DG","messageBody":"","fileTypesAndContributionMap":{"docs":{"insertions":17,"deletions":8}}},{"hash":"d5a4d75e211746941747f5e37fbc0e3e15fab492","isMergeCommit":true,"messageTitle":"Merge pull request #50 from JackieNeoCEG/Jackie-DG","messageBody":"Add Table of Contents and url fix","fileTypesAndContributionMap":{}},{"hash":"8749959271116dad6332b8aff05e0e01d2701aef","isMergeCommit":false,"messageTitle":"Colour Adjustments","messageBody":"","fileTypesAndContributionMap":{"docs":{"insertions":16,"deletions":15}}},{"hash":"20ab375997633716a630c42644c7f266f1b1a4d5","isMergeCommit":true,"messageTitle":"Merge pull request #51 from JackieNeoCEG/Jackie-DG","messageBody":"Colour Adjustments for DG","fileTypesAndContributionMap":{}},{"hash":"41f5787989691bd49bcd45a0784b30209c1881be","isMergeCommit":false,"messageTitle":"More colour adjustments","messageBody":"","fileTypesAndContributionMap":{"docs":{"insertions":8,"deletions":8}}},{"hash":"58d657d76eb48ce906d311d236d523165c632562","isMergeCommit":true,"messageTitle":"Merge pull request #52 from JackieNeoCEG/Jackie-DG","messageBody":"More colour adjustments","fileTypesAndContributionMap":{}}]},{"date":"2024-04-01","commitResults":[{"hash":"c7c21642c0f92f9970bc3e358270478d13dec32e","isMergeCommit":false,"messageTitle":"remove unused import","messageBody":"","fileTypesAndContributionMap":{"functional-code":{"insertions":0,"deletions":1}}}]},{"date":"2024-04-02","commitResults":[{"hash":"44bc47cdad1854f4e61b18c187bcc257accf6873","isMergeCommit":false,"messageTitle":"Add Render.java class to OOPify Ui, fix gradlew bugs","messageBody":"","fileTypesAndContributionMap":{"functional-code":{"insertions":122,"deletions":73}}},{"hash":"01498aa0e99cd8f53c226328051fc9ef77ee66fb","isMergeCommit":true,"messageTitle":"Merge branch \u0027master\u0027 of https://github.com/AY2324S2-CS2113-W13-1/tp","messageBody":"","fileTypesAndContributionMap":{}},{"hash":"f9bc219686acf8e3436a802b4f8a586b49e0f294","isMergeCommit":false,"messageTitle":"Didn\u0027t pull latest for some reason, this should be updated","messageBody":"","fileTypesAndContributionMap":{"functional-code":{"insertions":15,"deletions":10}}},{"hash":"7255b4d31fb83e642f34a409ee68d370b67bd048","isMergeCommit":false,"messageTitle":"Why is macOS test not working here?","messageBody":"","fileTypesAndContributionMap":{"functional-code":{"insertions":6,"deletions":1}}},{"hash":"fb4b7a4b6a3e4681817d838fd33407b84189d73a","isMergeCommit":true,"messageTitle":"Merge pull request #67 from JackieNeoCEG/master","messageBody":"Add Render.java class to OOPify Ui, fix weird gradlew bugs","fileTypesAndContributionMap":{}},{"hash":"6533ea70979fbab4104e137d4dc8c78a96e64687","isMergeCommit":false,"messageTitle":"integrate Ui","messageBody":"","fileTypesAndContributionMap":{"functional-code":{"insertions":102,"deletions":101},"docs":{"insertions":1,"deletions":0}}},{"hash":"1f7ee03f73b0e90cb98bbac74efe291277b6baed","isMergeCommit":false,"messageTitle":"Add timed tutorial","messageBody":"","fileTypesAndContributionMap":{"functional-code":{"insertions":133,"deletions":10}}},{"hash":"c138d439cb14e5490292553cc6b50df10d8597b4","isMergeCommit":true,"messageTitle":"Merge branch \u0027master\u0027 into Jackie-UG","messageBody":"","fileTypesAndContributionMap":{}},{"hash":"78af51aef9ae06e2f32941cbc4a700dbfb8b447b","isMergeCommit":true,"messageTitle":"Merge pull request #80 from JackieNeoCEG/Jackie-UG","messageBody":"Expecting to merge a lot of conflicts here","fileTypesAndContributionMap":{}}]},{"date":"2024-04-03","commitResults":[{"hash":"43f0ff08eaa39b02c9aa2901bdc9d7ff652b88a1","isMergeCommit":false,"messageTitle":"Add TimerTutorial class","messageBody":"","fileTypesAndContributionMap":{"functional-code":{"insertions":167,"deletions":39},"docs":{"insertions":6,"deletions":0}}},{"hash":"0760dde8ebe85b9280bca7f849affcb50ba453ed","isMergeCommit":false,"messageTitle":"Fix gradle formats","messageBody":"","fileTypesAndContributionMap":{"functional-code":{"insertions":59,"deletions":40}}},{"hash":"cc6fa6f94f82e69c17619225190a72835e8ad485","isMergeCommit":true,"messageTitle":"Merge pull request #81 from JackieNeoCEG/master","messageBody":"Debug","tags":["v2.0"],"fileTypesAndContributionMap":{}},{"hash":"4790074b8996f16b2078d9bd3c685a5cfbd00f2b","isMergeCommit":false,"messageTitle":"Update DG for Ui Implementation","messageBody":"","fileTypesAndContributionMap":{"docs":{"insertions":6,"deletions":3}}},{"hash":"6b7d714237dc7d5817ca3d2bb57239eabbecd20a","isMergeCommit":true,"messageTitle":"Merge pull request #82 from JackieNeoCEG/master","messageBody":"Update DG for Ui Implementation","fileTypesAndContributionMap":{}},{"hash":"09b9088a13bdef811340e83d202a7cf625f4016b","isMergeCommit":false,"messageTitle":"update UG","messageBody":"","fileTypesAndContributionMap":{"docs":{"insertions":26,"deletions":0}}},{"hash":"e33f72d3eb8d8638a8d0fe31b3a5273f42cbc88a","isMergeCommit":true,"messageTitle":"Merge pull request #83 from JackieNeoCEG/master","messageBody":"update UG to include tutorial","fileTypesAndContributionMap":{}},{"hash":"6c7a87cb586bf40a7fdfbc3545d68918bb247652","isMergeCommit":false,"messageTitle":"Fix runtest.bat infinite loop error","messageBody":"","fileTypesAndContributionMap":{"functional-code":{"insertions":80,"deletions":84}}},{"hash":"860e1bcb69cc49bcbdd16eb13aca54ce700c2677","isMergeCommit":true,"messageTitle":"Merge pull request #84 from JackieNeoCEG/master","messageBody":"Fix runtest.bat infinite loop error","fileTypesAndContributionMap":{}}]},{"date":"2024-04-08","commitResults":[{"hash":"1920de5a321301c62a30191e898d9f4258f78b9f","isMergeCommit":false,"messageTitle":"Authorship edits for RepoSense","messageBody":"","fileTypesAndContributionMap":{"functional-code":{"insertions":86,"deletions":80}}}]},{"date":"2024-04-10","commitResults":[{"hash":"a7e85bdc675801b68857aada2a8d0b341c1a0254","isMergeCommit":false,"messageTitle":"Fix Timed Tutorial to ignore inputs","messageBody":"","fileTypesAndContributionMap":{"functional-code":{"insertions":48,"deletions":16}}},{"hash":"92e22d53a7796220dce1edf914fec7a97007f088","isMergeCommit":false,"messageTitle":"gradle, it is gradle again","messageBody":"","fileTypesAndContributionMap":{"functional-code":{"insertions":1,"deletions":3}}},{"hash":"45f10b9cab33606807d8cada1be15d05305d024b","isMergeCommit":true,"messageTitle":"Merge pull request #140 from JackieNeoCEG/master","messageBody":"Fix Timer Tutorial inputs and edit Authorship edits for RepoSense","fileTypesAndContributionMap":{}}]}],"nigelheng":[{"date":"2024-03-06","commitResults":[{"hash":"17c7c5373fe3308df27ec2c6018ec88419fe4730","isMergeCommit":false,"messageTitle":"Add Github username","messageBody":"","fileTypesAndContributionMap":{"docs":{"insertions":7,"deletions":7}}},{"hash":"3cea1d43e729bf8c51e5ccf08f7ba296177be337","isMergeCommit":true,"messageTitle":"Merge pull request #8 from nigelheng/master","messageBody":"Add Github username","fileTypesAndContributionMap":{}}]},{"date":"2024-03-15","commitResults":[{"hash":"173d8a31ce1e87929b68c704ccc7b11ce829845c","isMergeCommit":true,"messageTitle":"Merge branch \u0027master\u0027 of https://github.com/AY2324S2-CS2113-W13-1/tp","messageBody":"","fileTypesAndContributionMap":{}}]},{"date":"2024-03-19","commitResults":[{"hash":"ccd5f4f1b8fd151b987f1cc6ede67e4f962d4d88","isMergeCommit":true,"messageTitle":"Merge branch \u0027master\u0027 of https://github.com/AY2324S2-CS2113-W13-1/tp","messageBody":"","fileTypesAndContributionMap":{}},{"hash":"5f2bd8c187bb462a8f15544c4301651baa96949c","isMergeCommit":false,"messageTitle":"Add Hangman Class","messageBody":"","fileTypesAndContributionMap":{"functional-code":{"insertions":69,"deletions":0}}},{"hash":"014b8ab3a24c1b0133d395426c6be6b3a5f6af3b","isMergeCommit":true,"messageTitle":"Merge pull request #23 from nigelheng/master","messageBody":"Add Hangman Class","fileTypesAndContributionMap":{}},{"hash":"f235e585b5977169a4663a55fdfb5ef80d97e382","isMergeCommit":true,"messageTitle":"Merge branch \u0027master\u0027 of https://github.com/nigelheng/tp","messageBody":"","fileTypesAndContributionMap":{}}]},{"date":"2024-03-20","commitResults":[{"hash":"0735a0027f67f17f910a1f7bf1a8eee0c271dea6","isMergeCommit":true,"messageTitle":"Merge branch \u0027master\u0027 of https://github.com/AY2324S2-CS2113-W13-1/tp","messageBody":"","fileTypesAndContributionMap":{}},{"hash":"7a74c3a5468b840d818271d20e80b29385b16faf","isMergeCommit":true,"messageTitle":"Merge branch \u0027master\u0027 of https://github.com/AY2324S2-CS2113-W13-1/tp","messageBody":"","fileTypesAndContributionMap":{}},{"hash":"36a83b622aa2f9bccc119d1fa415070c8b7a477a","isMergeCommit":false,"messageTitle":"Add Hangman functionality","messageBody":"","fileTypesAndContributionMap":{"functional-code":{"insertions":158,"deletions":26}}},{"hash":"284c3ddc26b8a245d3f6458a02f9f42c62623e24","isMergeCommit":true,"messageTitle":"Merge pull request #33 from nigelheng/master","messageBody":"Add HangMan Functionality","fileTypesAndContributionMap":{}},{"hash":"218a8759295990d8f9f80cc493d3b5f6f4035a5e","isMergeCommit":true,"messageTitle":"Merge branch \u0027master\u0027 of https://github.com/AY2324S2-CS2113-W13-1/tp","messageBody":"","fileTypesAndContributionMap":{}},{"hash":"b1f1d51a53f934386e67cfadeae54614b5607a18","isMergeCommit":true,"messageTitle":"Merge branch \u0027master\u0027 of https://github.com/AY2324S2-CS2113-W13-1/tp","messageBody":"","fileTypesAndContributionMap":{}},{"hash":"42154892f024ad290d38ce3c9642e9ba5c74b75a","isMergeCommit":true,"messageTitle":"Merge branch \u0027master\u0027 of https://github.com/AY2324S2-CS2113-W13-1/tp","messageBody":"","fileTypesAndContributionMap":{}},{"hash":"184eeda835aa2506225daaf38de7b30560970049","isMergeCommit":true,"messageTitle":"Merge branch \u0027master\u0027 of https://github.com/AY2324S2-CS2113-W13-1/tp","messageBody":"","fileTypesAndContributionMap":{}},{"hash":"8a1ff01e0184fb5df1ef6aff6374092d7bdad15b","isMergeCommit":false,"messageTitle":"Fixed bugs preventing hangman from running and preventing from changing game after finishing one.","messageBody":"","fileTypesAndContributionMap":{"functional-code":{"insertions":34,"deletions":14}}},{"hash":"28c711fe1f602b8f21ef549402e484091996a598","isMergeCommit":true,"messageTitle":"Merge pull request #38 from nigelheng/master","messageBody":"Fixed bugs preventing HangMan from running","fileTypesAndContributionMap":{}},{"hash":"0b697d4c1d5f48d91ee164b96f3ca1d5c331b965","isMergeCommit":true,"messageTitle":"Merge branch \u0027master\u0027 of https://github.com/AY2324S2-CS2113-W13-1/tp","messageBody":"","fileTypesAndContributionMap":{}}]},{"date":"2024-03-29","commitResults":[{"hash":"f87ad854370631b0c98b8a1a9bc6c3abc514877f","isMergeCommit":true,"messageTitle":"Merge branch \u0027master\u0027 of https://github.com/AY2324S2-CS2113-W13-1/tp","messageBody":"","fileTypesAndContributionMap":{}},{"hash":"2c73012e2278d4ce89a29d41850baa11a2eff794","isMergeCommit":false,"messageTitle":"Added DG for HangMan class","messageBody":"","fileTypesAndContributionMap":{"docs":{"insertions":17,"deletions":0}}},{"hash":"b066f5f3b2bcecaee9996bd00ed6c663ccbdd680","isMergeCommit":true,"messageTitle":"Merge pull request #57 from nigelheng/master","messageBody":"Add DG for HangMan class","fileTypesAndContributionMap":{}}]},{"date":"2024-04-02","commitResults":[{"hash":"38322bd35cce12fc8b984b298a160bcad16183ae","isMergeCommit":true,"messageTitle":"Merge branch \u0027master\u0027 of https://github.com/AY2324S2-CS2113-W13-1/tp","messageBody":"","fileTypesAndContributionMap":{}},{"hash":"70415ace154bb017619fa0d0f9d7b43f55f3cbf9","isMergeCommit":true,"messageTitle":"Merge branch \u0027master\u0027 of https://github.com/AY2324S2-CS2113-W13-1/tp","messageBody":"","fileTypesAndContributionMap":{}},{"hash":"746575375bb0bae34f5ff2d4149be3b0daeedec5","isMergeCommit":false,"messageTitle":"Add categories to HangMan and ability to guess the full word","messageBody":"","fileTypesAndContributionMap":{"functional-code":{"insertions":64,"deletions":10}}},{"hash":"ee0acf7e9e2956aa7457b88ec680fcd7e842d36d","isMergeCommit":true,"messageTitle":"Merge pull request #73 from nigelheng/master","messageBody":"Add ability to choose categories and guess the full word","fileTypesAndContributionMap":{}}]}],"ttasnim5":[{"date":"2024-03-06","commitResults":[{"hash":"663eb3e889c00943ef3af26b5b393310c0bd20ad","isMergeCommit":false,"messageTitle":"change tahsin\u0027s section in the aboutUS doc","messageBody":"","fileTypesAndContributionMap":{"docs":{"insertions":7,"deletions":7}}},{"hash":"3c53ce8483b8f0180494f69fb85774bdb784607f","isMergeCommit":true,"messageTitle":"Merge branch \u0027master\u0027 of https://github.com/AY2324S2-CS2113-W13-1/tp","messageBody":"# Conflicts:\n#\tdocs/AboutUs.md\n","fileTypesAndContributionMap":{}},{"hash":"6391a6ae2830a8b43338bea3d4d26dadf846e20b","isMergeCommit":false,"messageTitle":"add tahsin\u0027s name to the list","messageBody":"","fileTypesAndContributionMap":{"docs":{"insertions":1,"deletions":1}}},{"hash":"53fb4fe2431e25b895aa021c5c3acb8510d2024f","isMergeCommit":true,"messageTitle":"Merge pull request #6 from ttasnim5/master","messageBody":"try # 302","fileTypesAndContributionMap":{}}]},{"date":"2024-03-11","commitResults":[{"hash":"09d84926d1561e5340c9b414b48b390cb9f0ea72","isMergeCommit":false,"messageTitle":"Creates basic Parser class that reads user input for game name, tic tac toe move, and quitting","messageBody":"","fileTypesAndContributionMap":{"functional-code":{"insertions":82,"deletions":0}}},{"hash":"049cd3277a4cc71e8466c6ef6b5ea2c7bf8aa849","isMergeCommit":true,"messageTitle":"Merge branch \u0027Parser\u0027","messageBody":"","fileTypesAndContributionMap":{}},{"hash":"a13c7b11fd849c52ded7a2b3d452fca323fb3e8f","isMergeCommit":false,"messageTitle":"changes markbox \u003c 0 to markbox \u003c 1, very minor error lol","messageBody":"","fileTypesAndContributionMap":{"functional-code":{"insertions":1,"deletions":1}}},{"hash":"f2211a7e487ab3108ab45b9edc890d02301cd33c","isMergeCommit":true,"messageTitle":"Merge pull request #9 from ttasnim5/master","messageBody":"adds basic parser class","fileTypesAndContributionMap":{}}]},{"date":"2024-03-13","commitResults":[{"hash":"0538fc3bf04c9b0c93838a0b0d5f2c3aa240bf4b","isMergeCommit":false,"messageTitle":"Revert \"changes markbox \u003c 0 to markbox \u003c 1, very minor error lol\"","messageBody":"This reverts commit a13c7b11fd849c52ded7a2b3d452fca323fb3e8f.\n","fileTypesAndContributionMap":{"functional-code":{"insertions":1,"deletions":1}}},{"hash":"16144a7ca66f299c045208576dcce20aa35d411a","isMergeCommit":false,"messageTitle":"Revert \"Creates basic Parser class that reads user input for game name, tic tac toe move, and quitting\"","messageBody":"This reverts commit 09d84926d1561e5340c9b414b48b390cb9f0ea72.\n","fileTypesAndContributionMap":{"functional-code":{"insertions":0,"deletions":82}}},{"hash":"03a83891a14f3be3b6dcf9a0098c09f535a468f4","isMergeCommit":false,"messageTitle":"Makes edits to Parser class","messageBody":"","fileTypesAndContributionMap":{"functional-code":{"insertions":13,"deletions":13}}},{"hash":"6672d73f5daefba6b4fe84d95f38a7fc61a0021e","isMergeCommit":true,"messageTitle":"Merge branch \u0027master\u0027 of https://github.com/ttasnim5/tp","messageBody":"","fileTypesAndContributionMap":{}},{"hash":"ae923792a8cf978ec58383974afefe4eec69c399","isMergeCommit":true,"messageTitle":"Merge branch \u0027Parser\u0027","messageBody":"# Conflicts:\n#\tsrc/main/java/Parser.java\n","fileTypesAndContributionMap":{}},{"hash":"78b005e9c5d7a3df8a191f0e4f0dc0413b07d7a7","isMergeCommit":false,"messageTitle":"adds newline character at the end of parser","messageBody":"","fileTypesAndContributionMap":{"functional-code":{"insertions":1,"deletions":1}}},{"hash":"3b489f4e71baff6006d37f82ebecc92dcde3ad65","isMergeCommit":true,"messageTitle":"Merge pull request #12 from ttasnim5/master","messageBody":"add parser class","fileTypesAndContributionMap":{}}]},{"date":"2024-03-15","commitResults":[{"hash":"eef8ed7e722f14b01e3391436126970623b8a581","isMergeCommit":false,"messageTitle":"adds JUnit tests for Parser.java (it\u0027s doing a funny thing where if you run tests one by one everything will pass, but they will not pass if run alltogether by Grade)","messageBody":"","fileTypesAndContributionMap":{"other":{"insertions":37,"deletions":7},"test-code":{"insertions":122,"deletions":0}}},{"hash":"aad34d93873298f7a5f14b875c92fcac133cd2b8","isMergeCommit":true,"messageTitle":"Merge branch \u0027JUnit_Parser.java\u0027","messageBody":"# Conflicts:\n#\tsrc/main/java/Parser.java\n#\tsrc/main/java/parser/pack/Parser.java\n#\tsrc/main/java/seedu/duke/Parser.java\n","fileTypesAndContributionMap":{}},{"hash":"488693f80d3f9a25bfcb7fc939f6e04505b8f7a1","isMergeCommit":false,"messageTitle":"moves around Parser and ParserTest to fit with the other classes and tests","messageBody":"","fileTypesAndContributionMap":{"functional-code":{"insertions":112,"deletions":122},"other":{"insertions":7,"deletions":4}}},{"hash":"faf7250eeb02affbbb98880fa47b7a208bb8de23","isMergeCommit":false,"messageTitle":"makes small indentation edits","messageBody":"","fileTypesAndContributionMap":{"test-code":{"insertions":14,"deletions":14}}},{"hash":"fc502944ccebdaa14e4ea3c9a16be4aa1f6181ba","isMergeCommit":false,"messageTitle":"blocks off the rest of the tests until we can figure out the user input simulation for testing","messageBody":"","fileTypesAndContributionMap":{"test-code":{"insertions":2,"deletions":2}}},{"hash":"1afc46fe9f628c251a220c13b7ee5cdf6215bc13","isMergeCommit":false,"messageTitle":"adds a newline here, remove a star there","messageBody":"","fileTypesAndContributionMap":{"functional-code":{"insertions":2,"deletions":1},"test-code":{"insertions":2,"deletions":2}}},{"hash":"e313311b3c66319a177139c56f80793b435e5a46","isMergeCommit":true,"messageTitle":"Merge pull request #19 from ttasnim5/master","messageBody":"Adds JUnit testing to Parser class","fileTypesAndContributionMap":{}}]},{"date":"2024-03-19","commitResults":[{"hash":"3b46f3fb7d3eb50b7878e629b0308ac96a83aba9","isMergeCommit":false,"messageTitle":"change readGame a bit to return ints \u003e String, try to blend into main","messageBody":"","fileTypesAndContributionMap":{"functional-code":{"insertions":15,"deletions":29}}},{"hash":"eb5635dedad48f3ffe852793860fe2355bb8f605","isMergeCommit":true,"messageTitle":"Merge branch \u0027master\u0027 of https://github.com/AY2324S2-CS2113-W13-1/tp","messageBody":"","fileTypesAndContributionMap":{}},{"hash":"b35380544fc39178de7993368c4423081f864f03","isMergeCommit":false,"messageTitle":"updates main driver while loop in duke + rewrites Parser to be an exception thrower","messageBody":"","fileTypesAndContributionMap":{"functional-code":{"insertions":51,"deletions":144},"test-code":{"insertions":1,"deletions":1}}},{"hash":"e87227675f6e695a25f50f721b0788c1993b54ef","isMergeCommit":false,"messageTitle":"updated indentation and checkStyle errors","messageBody":"","fileTypesAndContributionMap":{"functional-code":{"insertions":4,"deletions":8},"other":{"insertions":2,"deletions":2},"test-code":{"insertions":0,"deletions":1}}},{"hash":"389f9957e6da18258298b74c0fca3d4bb46e538e","isMergeCommit":true,"messageTitle":"Merge pull request #24 from ttasnim5/master","messageBody":"adds main driver while loop in duke + updates parser class to throw exceptions upon invalid inputs","fileTypesAndContributionMap":{}},{"hash":"bce927900f664cb8a19f5a422aa9acda1b6221a1","isMergeCommit":false,"messageTitle":"accounts for null input in ifQuit and ifHelp","messageBody":"","fileTypesAndContributionMap":{"functional-code":{"insertions":3,"deletions":3}}}]},{"date":"2024-03-20","commitResults":[{"hash":"fde0e4b3af78b48fb8c4277895023b1233f86656","isMergeCommit":true,"messageTitle":"Merge pull request #30 from ttasnim5/master","messageBody":"accounts for null input in ifQuit and ifHelp","fileTypesAndContributionMap":{}},{"hash":"54eee110b2973d00e42f0743d691ab35cd6215ca","isMergeCommit":false,"messageTitle":"updates readGame and readTTMove for nulls (again)","messageBody":"","fileTypesAndContributionMap":{"functional-code":{"insertions":5,"deletions":1}}},{"hash":"a52f0e858580db3863df2ce6196f4eaba63bd549","isMergeCommit":false,"messageTitle":"adds a continue in Duke so help and readgame are in separate iterations","messageBody":"","fileTypesAndContributionMap":{"functional-code":{"insertions":1,"deletions":0}}},{"hash":"8a50dbbf92633a6dc6445f3a4e28d63eb54769e1","isMergeCommit":true,"messageTitle":"Merge pull request #32 from ttasnim5/master","messageBody":"accounts for some null pointers and separates help and readGame from the same iteration","fileTypesAndContributionMap":{}},{"hash":"1d711c09e25b16fdd859a775d308d463b9e24086","isMergeCommit":false,"messageTitle":"reformats while loop in Duke","messageBody":"","fileTypesAndContributionMap":{"functional-code":{"insertions":2,"deletions":2}}},{"hash":"599cbf0276c2dd2a35aa17f165a26b84752e78f8","isMergeCommit":true,"messageTitle":"Merge branch \u0027master\u0027 of https://github.com/AY2324S2-CS2113-W13-1/tp","messageBody":"","fileTypesAndContributionMap":{}},{"hash":"d72770d88d0d2ed32cf03998ed756be4681e9637","isMergeCommit":false,"messageTitle":"updates naming conventions for TTT and hangman","messageBody":"","fileTypesAndContributionMap":{"functional-code":{"insertions":1,"deletions":1}}},{"hash":"1a8b9e2e49c4ab83a2b4d2cae0f4289f74e5c3b6","isMergeCommit":true,"messageTitle":"Merge branch \u0027master\u0027 of https://github.com/AY2324S2-CS2113-W13-1/tp","messageBody":"","fileTypesAndContributionMap":{}},{"hash":"7e218c286c43371d2bd4f60682228803ee98c116","isMergeCommit":true,"messageTitle":"Merge pull request #34 from ttasnim5/master","messageBody":"update while loop","fileTypesAndContributionMap":{}},{"hash":"e8d98a01e373ecc0bb1e430ad36a84e0b3fca66b","isMergeCommit":false,"messageTitle":"theres a newline in the middle","messageBody":"","fileTypesAndContributionMap":{"functional-code":{"insertions":1,"deletions":0}}},{"hash":"09014a1e95030d62a3cb2e3d3e4fa6a076313abd","isMergeCommit":true,"messageTitle":"Merge branch \u0027master\u0027 of https://github.com/AY2324S2-CS2113-W13-1/tp","messageBody":"# Conflicts:\n#\tsrc/main/java/seedu/duke/Duke.java\n","fileTypesAndContributionMap":{}},{"hash":"4fe3706fd595fb51018b4f35a37d743eab883be6","isMergeCommit":false,"messageTitle":"include ui.byeUser() and handle InvalidTTTMoveException in main while loop","messageBody":"","fileTypesAndContributionMap":{"functional-code":{"insertions":13,"deletions":16}}},{"hash":"4662d7a75aa747124b771c7b797031377cd2688e","isMergeCommit":false,"messageTitle":"stops infinite loop with \"help\" command","messageBody":"","fileTypesAndContributionMap":{"functional-code":{"insertions":3,"deletions":2}}},{"hash":"9f08a6b59aeefc6b359d0e82a137cd5641b75275","isMergeCommit":false,"messageTitle":"newline for checkStyleMain","messageBody":"","fileTypesAndContributionMap":{"functional-code":{"insertions":1,"deletions":1}}},{"hash":"757456fc0a1d5d7603ec36a6c5ddeaf6bf0d608d","isMergeCommit":true,"messageTitle":"Merge pull request #39 from ttasnim5/master","messageBody":"last minute updates, fixes minor issues","tags":["v1.0"],"fileTypesAndContributionMap":{}},{"hash":"cb72f8fd9046d70f178ce9d9a8652e514b2882ff","isMergeCommit":false,"messageTitle":"update ParserTest to test new functions","messageBody":"","fileTypesAndContributionMap":{"test-code":{"insertions":14,"deletions":4}}}]},{"date":"2024-03-26","commitResults":[{"hash":"117240b313bdf356d3500bacd0829a58f3c329f7","isMergeCommit":true,"messageTitle":"Merge branch \u0027master\u0027 of https://github.com/AY2324S2-CS2113-W13-1/tp","messageBody":"","fileTypesAndContributionMap":{}},{"hash":"d56c4ccecb506d2234b05d8f202f183d8cb26ab6","isMergeCommit":false,"messageTitle":"Adds class diagrams for Parser v1 and v2 + a sequence diagram for Parser\u0027s interactions with Duke and TTT","messageBody":"","fileTypesAndContributionMap":{"docs":{"insertions":190,"deletions":2}}},{"hash":"a35943a08096e6468f96d374d2b91185074316bb","isMergeCommit":true,"messageTitle":"Merge pull request #48 from ttasnim5/master","messageBody":"Add Parser Diagrams to DG (v1 - v2)","fileTypesAndContributionMap":{}}]},{"date":"2024-04-01","commitResults":[{"hash":"7946636802120ea6faeba52d0d2b756e5cf4df9d","isMergeCommit":false,"messageTitle":"adds two hangman input parsing methods to Parser and integrates existing Parser methods into Hangman","messageBody":"","fileTypesAndContributionMap":{"functional-code":{"insertions":28,"deletions":17}}},{"hash":"d2ed64ff4886ea7e5eb3560632dca1a94cf9c7c5","isMergeCommit":false,"messageTitle":"turns all variables in HangMan to nonstatic","messageBody":"","fileTypesAndContributionMap":{"functional-code":{"insertions":15,"deletions":15}}},{"hash":"70d742a5aed390abae2171b6cc74cbfadbe309ec","isMergeCommit":true,"messageTitle":"Merge pull request #64 from ttasnim5/master","messageBody":"integrates parser and hangman + allows repeat hangman games","fileTypesAndContributionMap":{}}]},{"date":"2024-04-02","commitResults":[{"hash":"221734105c425874b81a3546b22e171be652cf92","isMergeCommit":false,"messageTitle":"adds a few visuals to UG","messageBody":"","fileTypesAndContributionMap":{"docs":{"insertions":17,"deletions":3}}},{"hash":"55d4e22600010fe38f3394a56462b327fc37269d","isMergeCommit":true,"messageTitle":"Merge pull request #72 from ttasnim5/master","messageBody":"adds a few visuals to UG","fileTypesAndContributionMap":{}},{"hash":"57c1326c860fb1233df92902b97beace4553b38b","isMergeCommit":false,"messageTitle":"adds Storage class to save and recall name and game stats","messageBody":"","fileTypesAndContributionMap":{"functional-code":{"insertions":75,"deletions":0}}},{"hash":"808c50329b34782454e9d2c0c4cfb59d9db99a32","isMergeCommit":true,"messageTitle":"Merge pull request #75 from ttasnim5/master","messageBody":"adds Storage class to save and recall name and game stats","fileTypesAndContributionMap":{}}]},{"date":"2024-04-08","commitResults":[{"hash":"163b0e6c7749dd6814ee7af2991067234734725b","isMergeCommit":false,"messageTitle":"fixes class diagrams for parser","messageBody":"","fileTypesAndContributionMap":{"docs":{"insertions":58,"deletions":47}}},{"hash":"0df939f5327de4793ce184526d8b15323884a2ea","isMergeCommit":false,"messageTitle":"stops TTT from hanging after giving the guide tutorial + screens for invalid difficulty levels","messageBody":"","fileTypesAndContributionMap":{"functional-code":{"insertions":6,"deletions":3}}},{"hash":"2d2d542a54b7e281ecc1227acfebb2c9782efc89","isMergeCommit":false,"messageTitle":"move a brack","messageBody":"","fileTypesAndContributionMap":{"functional-code":{"insertions":1,"deletions":2}}},{"hash":"fbe4f03442dc659842c2a29ca9b19ba472c8434c","isMergeCommit":true,"messageTitle":"Merge pull request #136 from ttasnim5/master","messageBody":"fix some TTT related issues from PE-D","fileTypesAndContributionMap":{}},{"hash":"0ac7678190d1b56fbbaa22ef3583b95c6afd5f68","isMergeCommit":false,"messageTitle":"screens for whitespaces in main menu, TTT, and hangman","messageBody":"","fileTypesAndContributionMap":{"functional-code":{"insertions":9,"deletions":9}}},{"hash":"0eb74b264e41ff6724c7070a440e1e59520521e1","isMergeCommit":false,"messageTitle":"validates category input for hangman","messageBody":"","fileTypesAndContributionMap":{"functional-code":{"insertions":13,"deletions":0}}},{"hash":"129908751eee80745619ac747a4bff754fe7d1b8","isMergeCommit":true,"messageTitle":"Merge pull request #137 from ttasnim5/master","messageBody":"fixes some bugs related to input cleaning and validation","fileTypesAndContributionMap":{}},{"hash":"955999cebe94dd634b33f19730da8ea81ccfe676","isMergeCommit":false,"messageTitle":"gradle check","messageBody":"","fileTypesAndContributionMap":{"functional-code":{"insertions":3,"deletions":1}}},{"hash":"0d6546e7b8dfcf0a7d8fd79f451f39758d9a5b29","isMergeCommit":true,"messageTitle":"Merge pull request #138 from ttasnim5/master","messageBody":"gradle check","fileTypesAndContributionMap":{}},{"hash":"6612fe750fc77002d52c3f56629feb63e0213a7a","isMergeCommit":false,"messageTitle":"further validates hamngam categories + does not allow empty inputs for hangman","messageBody":"","fileTypesAndContributionMap":{"functional-code":{"insertions":4,"deletions":1}}},{"hash":"a34990b36662d807040378f51e716312d4656b6a","isMergeCommit":true,"messageTitle":"Merge pull request #139 from ttasnim5/master","messageBody":"further validates hamngam categories + does not allow empty inputs fo…","fileTypesAndContributionMap":{}}]},{"date":"2024-04-09","commitResults":[{"hash":"1bbd46eb6d2c0cb938a7866f13f268bd1c367c6c","isMergeCommit":false,"messageTitle":"PPP draft 1 + remove some unused code around in Parser and HangMan","messageBody":"","fileTypesAndContributionMap":{"functional-code":{"insertions":2,"deletions":5},"docs":{"insertions":44,"deletions":0}}},{"hash":"d1ae468c83f591486b1c98b2c743c44b4ea6906c","isMergeCommit":false,"messageTitle":"adds newline to ttasnim5.md for gradle","messageBody":"","fileTypesAndContributionMap":{"docs":{"insertions":3,"deletions":1}}},{"hash":"0fca1034cf9e8e3cde3dd5b55ea8a1846ef8641d","isMergeCommit":false,"messageTitle":"get rid of unused import in Hangman","messageBody":"","fileTypesAndContributionMap":{"functional-code":{"insertions":0,"deletions":1}}},{"hash":"f8351f1f799f29d99f6280485b75cee3bcd10f71","isMergeCommit":true,"messageTitle":"Merge pull request #141 from ttasnim5/master","messageBody":"tahsin\u0027s PPP draft 1","fileTypesAndContributionMap":{}}]}]},"authorFileTypeContributionMap":{"YoengKokLeong":{"docs":113,"functional-code":82,"test-code":12},"nicknamenic":{"docs":17,"functional-code":438,"test-code":12},"JackieNeoCEG":{"docs":77,"functional-code":473,"test-code":16,"other":2},"nigelheng":{"docs":22,"functional-code":325,"test-code":0},"ttasnim5":{"docs":262,"functional-code":179,"test-code":134}},"authorContributionVariance":{"YoengKokLeong":965.33136,"nicknamenic":2948.9329,"JackieNeoCEG":13419.366,"nigelheng":1273.1649,"ttasnim5":6764.338},"authorDisplayNameMap":{"YoengKokLeong":"CS2113-W13-1 YOEN..EONG","nicknamenic":"CS2113-W13-1 RANJ..ATAN","JackieNeoCEG":"CS2113-W13-1 JACK.. JIE","nigelheng":"CS2113-W13-1 HENG..IGEL","ttasnim5":"CS2113-W13-1 TASN..HSIN"}}
