[{"path":".idea/misc.xml","fileType":"other","lines":[{"lineNumber":1,"author":{"gitId":"Cohii2"},"content":"\u003c?xml version\u003d\"1.0\" encoding\u003d\"UTF-8\"?\u003e","lastModifiedDate":"2024-03-07"},{"lineNumber":2,"author":{"gitId":"Cohii2"},"content":"\u003cproject version\u003d\"4\"\u003e","lastModifiedDate":"2024-03-07"},{"lineNumber":3,"author":{"gitId":"Cohii2"},"content":"  \u003ccomponent name\u003d\"ExternalStorageConfigurationManager\" enabled\u003d\"true\" /\u003e","lastModifiedDate":"2024-03-07"},{"lineNumber":4,"author":{"gitId":"Cohii2"},"content":"  \u003ccomponent name\u003d\"FrameworkDetectionExcludesConfiguration\"\u003e","lastModifiedDate":"2024-03-07"},{"lineNumber":5,"author":{"gitId":"Cohii2"},"content":"    \u003cfile type\u003d\"web\" url\u003d\"file://$PROJECT_DIR$\" /\u003e","lastModifiedDate":"2024-03-07"},{"lineNumber":6,"author":{"gitId":"Cohii2"},"content":"  \u003c/component\u003e","lastModifiedDate":"2024-03-07"},{"lineNumber":7,"author":{"gitId":"hafizuddin-a"},"content":"  \u003ccomponent name\u003d\"ProjectRootManager\" version\u003d\"2\" languageLevel\u003d\"JDK_11\" default\u003d\"true\" project-jdk-name\u003d\"11\" project-jdk-type\u003d\"JavaSDK\"\u003e","lastModifiedDate":"2024-03-20"},{"lineNumber":8,"author":{"gitId":"Cohii2"},"content":"    \u003coutput url\u003d\"file://$PROJECT_DIR$/out\" /\u003e","lastModifiedDate":"2024-03-07"},{"lineNumber":9,"author":{"gitId":"Cohii2"},"content":"  \u003c/component\u003e","lastModifiedDate":"2024-03-07"},{"lineNumber":10,"author":{"gitId":"Cohii2"},"content":"\u003c/project\u003e","lastModifiedDate":"2024-03-07"}],"authorContributionMap":{"hafizuddin-a":1,"Cohii2":9}},{"path":".idea/vcs.xml","fileType":"other","lines":[{"lineNumber":1,"author":{"gitId":"Cohii2"},"content":"\u003c?xml version\u003d\"1.0\" encoding\u003d\"UTF-8\"?\u003e","lastModifiedDate":"2024-03-07"},{"lineNumber":2,"author":{"gitId":"Cohii2"},"content":"\u003cproject version\u003d\"4\"\u003e","lastModifiedDate":"2024-03-07"},{"lineNumber":3,"author":{"gitId":"Cohii2"},"content":"  \u003ccomponent name\u003d\"VcsDirectoryMappings\"\u003e","lastModifiedDate":"2024-03-07"},{"lineNumber":4,"author":{"gitId":"Cohii2"},"content":"    \u003cmapping directory\u003d\"$PROJECT_DIR$\" vcs\u003d\"Git\" /\u003e","lastModifiedDate":"2024-03-07"},{"lineNumber":5,"author":{"gitId":"Cohii2"},"content":"  \u003c/component\u003e","lastModifiedDate":"2024-03-07"},{"lineNumber":6,"author":{"gitId":"Cohii2"},"content":"\u003c/project\u003e","lastModifiedDate":"2024-03-07"}],"authorContributionMap":{"Cohii2":6}},{"path":"docs/AboutUs.md","fileType":"docs","lines":[{"lineNumber":1,"author":{"gitId":"-"},"content":"# About us","lastModifiedDate":"2020-05-24"},{"lineNumber":2,"author":{"gitId":"-"},"content":"","lastModifiedDate":"2020-05-24"},{"lineNumber":3,"author":{"gitId":"mukund1403"},"content":"","lastModifiedDate":"2024-03-08"},{"lineNumber":4,"author":{"gitId":"-"},"content":"Display |     Name      | Github Profile | Portfolio ","lastModifiedDate":"2020-05-24"},{"lineNumber":5,"author":{"gitId":"Cohii2"},"content":"--------|:-------------:|:--------------:|:---------:","lastModifiedDate":"2024-03-07"},{"lineNumber":6,"author":{"gitId":"hafizuddin-a"},"content":"![](https://via.placeholder.com/100.png?text\u003dPhoto) |    Hafiz      | [Github](https://github.com/hafizuddin-a) | [Portfolio](docs/team/johndoe.md)","lastModifiedDate":"2024-03-07"},{"lineNumber":7,"author":{"gitId":"Cohii2"},"content":"![](https://via.placeholder.com/100.png?text\u003dPhoto) | Heng Junxiang | [Github](https://github.com/) | [Portfolio](docs/team/johndoe.md)","lastModifiedDate":"2024-03-07"},{"lineNumber":8,"author":{"gitId":"MonkeScripts"},"content":"![](https://via.placeholder.com/100.png?text\u003dPhoto) |    Akshan     | [Github](https://github.com/) | [Portfolio](docs/team/johndoe.md)","lastModifiedDate":"2024-03-07"},{"lineNumber":9,"author":{"gitId":"-"},"content":"![](https://via.placeholder.com/100.png?text\u003dPhoto) |   John Roe    | [Github](https://github.com/) | [Portfolio](docs/team/johndoe.md)","lastModifiedDate":"2020-05-24"},{"lineNumber":10,"author":{"gitId":"-"},"content":"![](https://via.placeholder.com/100.png?text\u003dPhoto) |    Don Roe    | [Github](https://github.com/) | [Portfolio](docs/team/johndoe.md)","lastModifiedDate":"2020-05-24"},{"lineNumber":11,"author":{"gitId":"mukund1403"},"content":"","lastModifiedDate":"2024-03-08"}],"authorContributionMap":{"MonkeScripts":1,"hafizuddin-a":1,"Cohii2":2,"-":5,"mukund1403":2}},{"path":"docs/README.md","fileType":"docs","lines":[{"lineNumber":1,"author":{"gitId":"mukund1403"},"content":"# Split-liang (An app to help you split expenses with friends in a fun way!)","lastModifiedDate":"2024-03-07"},{"lineNumber":2,"author":{"gitId":"-"},"content":"","lastModifiedDate":"2019-07-29"},{"lineNumber":3,"author":{"gitId":"-"},"content":"{Give product intro here}","lastModifiedDate":"2020-05-24"},{"lineNumber":4,"author":{"gitId":"-"},"content":"","lastModifiedDate":"2019-07-29"},{"lineNumber":5,"author":{"gitId":"-"},"content":"Useful links:","lastModifiedDate":"2020-05-24"},{"lineNumber":6,"author":{"gitId":"-"},"content":"* [User Guide](UserGuide.md)","lastModifiedDate":"2020-05-24"},{"lineNumber":7,"author":{"gitId":"-"},"content":"* [Developer Guide](DeveloperGuide.md)","lastModifiedDate":"2020-05-24"},{"lineNumber":8,"author":{"gitId":"-"},"content":"* [About Us](AboutUs.md)","lastModifiedDate":"2020-05-24"}],"authorContributionMap":{"-":7,"mukund1403":1}},{"path":"src/main/java/seedu/duke/Balance.java","fileType":"functional-code","lines":[{"lineNumber":1,"author":{"gitId":"Cohii2"},"content":"package seedu.duke;","lastModifiedDate":"2024-03-20"},{"lineNumber":2,"author":{"gitId":"Cohii2"},"content":"","lastModifiedDate":"2024-03-20"},{"lineNumber":3,"author":{"gitId":"Cohii2"},"content":"import java.util.ArrayList;","lastModifiedDate":"2024-03-20"},{"lineNumber":4,"author":{"gitId":"Cohii2"},"content":"import java.util.HashMap;","lastModifiedDate":"2024-03-20"},{"lineNumber":5,"author":{"gitId":"Cohii2"},"content":"import java.util.Map;","lastModifiedDate":"2024-03-20"},{"lineNumber":6,"author":{"gitId":"Cohii2"},"content":"","lastModifiedDate":"2024-03-20"},{"lineNumber":7,"author":{"gitId":"Cohii2"},"content":"public class Balance {","lastModifiedDate":"2024-03-20"},{"lineNumber":8,"author":{"gitId":"Cohii2"},"content":"    protected String userName;","lastModifiedDate":"2024-03-20"},{"lineNumber":9,"author":{"gitId":"Cohii2"},"content":"    protected Map\u003cString, Float\u003e balanceList;","lastModifiedDate":"2024-03-20"},{"lineNumber":10,"author":{"gitId":"Cohii2"},"content":"","lastModifiedDate":"2024-03-20"},{"lineNumber":11,"author":{"gitId":"Cohii2"},"content":"    public Balance(String userName, Map\u003cString, Float\u003e userList) {","lastModifiedDate":"2024-03-20"},{"lineNumber":12,"author":{"gitId":"Cohii2"},"content":"        this.userName \u003d userName;","lastModifiedDate":"2024-03-20"},{"lineNumber":13,"author":{"gitId":"Cohii2"},"content":"        this.balanceList \u003d userList;","lastModifiedDate":"2024-03-20"},{"lineNumber":14,"author":{"gitId":"Cohii2"},"content":"    }","lastModifiedDate":"2024-03-20"},{"lineNumber":15,"author":{"gitId":"Cohii2"},"content":"","lastModifiedDate":"2024-03-20"},{"lineNumber":16,"author":{"gitId":"Cohii2"},"content":"    public Balance(String userName, ArrayList\u003cExpense\u003e expenses, ArrayList\u003cUser\u003e users) {","lastModifiedDate":"2024-03-20"},{"lineNumber":17,"author":{"gitId":"Cohii2"},"content":"        this.userName \u003d userName;","lastModifiedDate":"2024-03-20"},{"lineNumber":18,"author":{"gitId":"Cohii2"},"content":"        this.balanceList \u003d new HashMap\u003c\u003e();","lastModifiedDate":"2024-03-20"},{"lineNumber":19,"author":{"gitId":"Cohii2"},"content":"","lastModifiedDate":"2024-03-20"},{"lineNumber":20,"author":{"gitId":"Cohii2"},"content":"        // Populate balanceList with other Users from Group","lastModifiedDate":"2024-03-20"},{"lineNumber":21,"author":{"gitId":"Cohii2"},"content":"        for (User user : users) {","lastModifiedDate":"2024-03-20"},{"lineNumber":22,"author":{"gitId":"Cohii2"},"content":"            if(!user.getName().equals(userName)) {","lastModifiedDate":"2024-03-20"},{"lineNumber":23,"author":{"gitId":"Cohii2"},"content":"                balanceList.put(user.getName(), 0f);","lastModifiedDate":"2024-03-20"},{"lineNumber":24,"author":{"gitId":"Cohii2"},"content":"            }","lastModifiedDate":"2024-03-20"},{"lineNumber":25,"author":{"gitId":"Cohii2"},"content":"        }","lastModifiedDate":"2024-03-20"},{"lineNumber":26,"author":{"gitId":"Cohii2"},"content":"","lastModifiedDate":"2024-03-20"},{"lineNumber":27,"author":{"gitId":"Cohii2"},"content":"        // Add Expenses to balanceList","lastModifiedDate":"2024-03-20"},{"lineNumber":28,"author":{"gitId":"Cohii2"},"content":"        for (Expense expense : expenses) {","lastModifiedDate":"2024-03-20"},{"lineNumber":29,"author":{"gitId":"Cohii2"},"content":"            addExpense(expense);","lastModifiedDate":"2024-03-20"},{"lineNumber":30,"author":{"gitId":"Cohii2"},"content":"        }","lastModifiedDate":"2024-03-20"},{"lineNumber":31,"author":{"gitId":"Cohii2"},"content":"    }","lastModifiedDate":"2024-03-20"},{"lineNumber":32,"author":{"gitId":"Cohii2"},"content":"","lastModifiedDate":"2024-03-20"},{"lineNumber":33,"author":{"gitId":"Cohii2"},"content":"    public String getUserName() {","lastModifiedDate":"2024-03-20"},{"lineNumber":34,"author":{"gitId":"Cohii2"},"content":"        return userName;","lastModifiedDate":"2024-03-20"},{"lineNumber":35,"author":{"gitId":"Cohii2"},"content":"    }","lastModifiedDate":"2024-03-20"},{"lineNumber":36,"author":{"gitId":"Cohii2"},"content":"","lastModifiedDate":"2024-03-20"},{"lineNumber":37,"author":{"gitId":"Cohii2"},"content":"    public Map\u003cString, Float\u003e getBalanceList() {","lastModifiedDate":"2024-03-20"},{"lineNumber":38,"author":{"gitId":"Cohii2"},"content":"        return balanceList;","lastModifiedDate":"2024-03-20"},{"lineNumber":39,"author":{"gitId":"Cohii2"},"content":"    }","lastModifiedDate":"2024-03-20"},{"lineNumber":40,"author":{"gitId":"Cohii2"},"content":"","lastModifiedDate":"2024-03-20"},{"lineNumber":41,"author":{"gitId":"Cohii2"},"content":"    private void addExpense(Expense expense) {","lastModifiedDate":"2024-03-20"},{"lineNumber":42,"author":{"gitId":"Cohii2"},"content":"        ArrayList\u003cString\u003e payees \u003d expense.getPayees();","lastModifiedDate":"2024-03-20"},{"lineNumber":43,"author":{"gitId":"Cohii2"},"content":"        int numberOfUsers \u003d payees.size() + 1;","lastModifiedDate":"2024-03-20"},{"lineNumber":44,"author":{"gitId":"Cohii2"},"content":"        Float amountPerUser \u003d expense.getTotalAmount() / numberOfUsers;","lastModifiedDate":"2024-03-20"},{"lineNumber":45,"author":{"gitId":"Cohii2"},"content":"","lastModifiedDate":"2024-03-20"},{"lineNumber":46,"author":{"gitId":"Cohii2"},"content":"        if(expense.getPayerName().equals(userName)) {","lastModifiedDate":"2024-03-20"},{"lineNumber":47,"author":{"gitId":"Cohii2"},"content":"            for(String payee : payees) {","lastModifiedDate":"2024-03-20"},{"lineNumber":48,"author":{"gitId":"Cohii2"},"content":"                Float currentOwed \u003d balanceList.get(payee);","lastModifiedDate":"2024-03-20"},{"lineNumber":49,"author":{"gitId":"Cohii2"},"content":"                Float newOwed \u003d currentOwed + amountPerUser;","lastModifiedDate":"2024-03-20"},{"lineNumber":50,"author":{"gitId":"Cohii2"},"content":"","lastModifiedDate":"2024-03-20"},{"lineNumber":51,"author":{"gitId":"Cohii2"},"content":"                balanceList.put(payee, newOwed);","lastModifiedDate":"2024-03-20"},{"lineNumber":52,"author":{"gitId":"Cohii2"},"content":"            }","lastModifiedDate":"2024-03-20"},{"lineNumber":53,"author":{"gitId":"Cohii2"},"content":"        } else if (expense.getPayees().contains(userName)) {","lastModifiedDate":"2024-03-20"},{"lineNumber":54,"author":{"gitId":"Cohii2"},"content":"            String payerName \u003d expense.getPayerName();","lastModifiedDate":"2024-03-20"},{"lineNumber":55,"author":{"gitId":"Cohii2"},"content":"            Float currentOwed \u003d balanceList.get(payerName);","lastModifiedDate":"2024-03-20"},{"lineNumber":56,"author":{"gitId":"Cohii2"},"content":"            Float newOwed \u003d currentOwed - amountPerUser;","lastModifiedDate":"2024-03-20"},{"lineNumber":57,"author":{"gitId":"Cohii2"},"content":"","lastModifiedDate":"2024-03-20"},{"lineNumber":58,"author":{"gitId":"Cohii2"},"content":"            balanceList.put(payerName, newOwed);","lastModifiedDate":"2024-03-20"},{"lineNumber":59,"author":{"gitId":"Cohii2"},"content":"        }","lastModifiedDate":"2024-03-20"},{"lineNumber":60,"author":{"gitId":"Cohii2"},"content":"    }","lastModifiedDate":"2024-03-20"},{"lineNumber":61,"author":{"gitId":"Cohii2"},"content":"","lastModifiedDate":"2024-03-20"},{"lineNumber":62,"author":{"gitId":"Cohii2"},"content":"    public void printBalance() {","lastModifiedDate":"2024-03-20"},{"lineNumber":63,"author":{"gitId":"Cohii2"},"content":"        String firstLine \u003d String.format(\"User %s\u0027s Balance List:\", userName);","lastModifiedDate":"2024-03-20"},{"lineNumber":64,"author":{"gitId":"Cohii2"},"content":"        System.out.println(firstLine);","lastModifiedDate":"2024-03-20"},{"lineNumber":65,"author":{"gitId":"Cohii2"},"content":"","lastModifiedDate":"2024-03-20"},{"lineNumber":66,"author":{"gitId":"Cohii2"},"content":"        for (Map.Entry\u003cString, Float\u003e entry : balanceList.entrySet()) {","lastModifiedDate":"2024-03-20"},{"lineNumber":67,"author":{"gitId":"Cohii2"},"content":"            String balanceLine \u003d String.format(\"  %s : %.2f\", entry.getKey(), entry.getValue());","lastModifiedDate":"2024-03-20"},{"lineNumber":68,"author":{"gitId":"Cohii2"},"content":"            System.out.println(balanceLine);","lastModifiedDate":"2024-03-20"},{"lineNumber":69,"author":{"gitId":"Cohii2"},"content":"        }","lastModifiedDate":"2024-03-20"},{"lineNumber":70,"author":{"gitId":"Cohii2"},"content":"","lastModifiedDate":"2024-03-20"},{"lineNumber":71,"author":{"gitId":"Cohii2"},"content":"        System.out.println(\"End of Balance List\");","lastModifiedDate":"2024-03-20"},{"lineNumber":72,"author":{"gitId":"Cohii2"},"content":"    }","lastModifiedDate":"2024-03-20"},{"lineNumber":73,"author":{"gitId":"Cohii2"},"content":"}","lastModifiedDate":"2024-03-20"}],"authorContributionMap":{"Cohii2":73}},{"path":"src/main/java/seedu/duke/Duke.java","fileType":"functional-code","lines":[{"lineNumber":1,"author":{"gitId":"-"},"content":"package seedu.duke;","lastModifiedDate":"2020-05-24"},{"lineNumber":2,"author":{"gitId":"-"},"content":"","lastModifiedDate":"2020-05-24"},{"lineNumber":3,"author":{"gitId":"-"},"content":"import java.util.Scanner;","lastModifiedDate":"2020-05-24"},{"lineNumber":4,"author":{"gitId":"-"},"content":"","lastModifiedDate":"2020-05-24"},{"lineNumber":5,"author":{"gitId":"-"},"content":"public class Duke {","lastModifiedDate":"2019-07-29"},{"lineNumber":6,"author":{"gitId":"-"},"content":"    /**","lastModifiedDate":"2020-05-24"},{"lineNumber":7,"author":{"gitId":"-"},"content":"     * Main entry-point for the java.duke.Duke application.","lastModifiedDate":"2020-05-24"},{"lineNumber":8,"author":{"gitId":"-"},"content":"     */","lastModifiedDate":"2020-05-24"},{"lineNumber":9,"author":{"gitId":"-"},"content":"    public static void main(String[] args) {","lastModifiedDate":"2019-07-29"},{"lineNumber":10,"author":{"gitId":"MonkeScripts"},"content":"        String logo \u003d","lastModifiedDate":"2024-03-20"},{"lineNumber":11,"author":{"gitId":"MonkeScripts"},"content":"                \".------..------..------..------..------..------..------..------..------..------.\\n\" +","lastModifiedDate":"2024-03-20"},{"lineNumber":12,"author":{"gitId":"MonkeScripts"},"content":"                        \"|S.--. ||P.--. ||L.--. ||I.--. ||T.--. ||L.--. ||I.--. ||A.--. ||N.--. ||G.--. |\\n\" +","lastModifiedDate":"2024-03-20"},{"lineNumber":13,"author":{"gitId":"MonkeScripts"},"content":"                        \"| :/\\\\: || :/\\\\: || :/\\\\: || (\\\\/) || :/\\\\: || :/\\\\: || (\\\\/) || (\\\\/) || :(): || :/\\\\: |\\n\" +","lastModifiedDate":"2024-03-20"},{"lineNumber":14,"author":{"gitId":"MonkeScripts"},"content":"                        \"| :\\\\/: || (__) || (__) || :\\\\/: || (__) || (__) || :\\\\/: || :\\\\/: || ()() || :\\\\/: |\\n\" +","lastModifiedDate":"2024-03-20"},{"lineNumber":15,"author":{"gitId":"MonkeScripts"},"content":"                        \"| \u0027--\u0027S|| \u0027--\u0027P|| \u0027--\u0027L|| \u0027--\u0027I|| \u0027--\u0027T|| \u0027--\u0027L|| \u0027--\u0027I|| \u0027--\u0027A|| \u0027--\u0027N|| \u0027--\u0027G|\\n\" +","lastModifiedDate":"2024-03-20"},{"lineNumber":16,"author":{"gitId":"MonkeScripts"},"content":"                        \"`------\u0027`------\u0027`------\u0027`------\u0027`------\u0027`------\u0027`------\u0027`------\u0027`------\u0027`------\u0027\\n\";","lastModifiedDate":"2024-03-20"},{"lineNumber":17,"author":{"gitId":"MonkeScripts"},"content":"","lastModifiedDate":"2024-03-20"},{"lineNumber":18,"author":{"gitId":"-"},"content":"        System.out.println(\"Hello from\\n\" + logo);","lastModifiedDate":"2019-07-29"},{"lineNumber":19,"author":{"gitId":"-"},"content":"        System.out.println(\"What is your name?\");","lastModifiedDate":"2020-05-24"},{"lineNumber":20,"author":{"gitId":"-"},"content":"","lastModifiedDate":"2020-05-24"},{"lineNumber":21,"author":{"gitId":"-"},"content":"        Scanner in \u003d new Scanner(System.in);","lastModifiedDate":"2020-05-24"},{"lineNumber":22,"author":{"gitId":"-"},"content":"        System.out.println(\"Hello \" + in.nextLine());","lastModifiedDate":"2024-03-20"},{"lineNumber":23,"author":{"gitId":"Cohii2"},"content":"","lastModifiedDate":"2024-03-19"},{"lineNumber":24,"author":{"gitId":"Cohii2"},"content":"        while(in.hasNextLine()) {","lastModifiedDate":"2024-03-19"},{"lineNumber":25,"author":{"gitId":"Cohii2"},"content":"            String userInput \u003d in.nextLine();","lastModifiedDate":"2024-03-19"},{"lineNumber":26,"author":{"gitId":"Cohii2"},"content":"            Parser parser \u003d new Parser(userInput);","lastModifiedDate":"2024-03-19"},{"lineNumber":27,"author":{"gitId":"Cohii2"},"content":"","lastModifiedDate":"2024-03-19"},{"lineNumber":28,"author":{"gitId":"Cohii2"},"content":"            try {","lastModifiedDate":"2024-03-19"},{"lineNumber":29,"author":{"gitId":"Cohii2"},"content":"                parser.handleUserInput();","lastModifiedDate":"2024-03-19"},{"lineNumber":30,"author":{"gitId":"Cohii2"},"content":"            } catch (Parser.EndProgramException e) {","lastModifiedDate":"2024-03-19"},{"lineNumber":31,"author":{"gitId":"mukund1403"},"content":"                break;","lastModifiedDate":"2024-03-15"},{"lineNumber":32,"author":{"gitId":"mukund1403"},"content":"            } catch (ExpensesException e) {","lastModifiedDate":"2024-03-20"},{"lineNumber":33,"author":{"gitId":"mukund1403"},"content":"                System.out.println(e.getMessage());","lastModifiedDate":"2024-03-20"},{"lineNumber":34,"author":{"gitId":"mukund1403"},"content":"            }","lastModifiedDate":"2024-03-15"},{"lineNumber":35,"author":{"gitId":"mukund1403"},"content":"        }","lastModifiedDate":"2024-03-15"},{"lineNumber":36,"author":{"gitId":"Cohii2"},"content":"        System.out.println(\"Goodbye!\");","lastModifiedDate":"2024-03-19"},{"lineNumber":37,"author":{"gitId":"-"},"content":"    }","lastModifiedDate":"2019-07-29"},{"lineNumber":38,"author":{"gitId":"-"},"content":"}","lastModifiedDate":"2019-07-29"}],"authorContributionMap":{"MonkeScripts":8,"Cohii2":9,"-":16,"mukund1403":5}},{"path":"src/main/java/seedu/duke/Expense.java","fileType":"functional-code","lines":[{"lineNumber":1,"author":{"gitId":"mukund1403"},"content":"package seedu.duke;","lastModifiedDate":"2024-03-20"},{"lineNumber":2,"author":{"gitId":"mukund1403"},"content":"","lastModifiedDate":"2024-03-20"},{"lineNumber":3,"author":{"gitId":"mukund1403"},"content":"","lastModifiedDate":"2024-03-20"},{"lineNumber":4,"author":{"gitId":"mukund1403"},"content":"import java.util.ArrayList;","lastModifiedDate":"2024-03-20"},{"lineNumber":5,"author":{"gitId":"mukund1403"},"content":"","lastModifiedDate":"2024-03-20"},{"lineNumber":6,"author":{"gitId":"mukund1403"},"content":"/**","lastModifiedDate":"2024-03-20"},{"lineNumber":7,"author":{"gitId":"mukund1403"},"content":" * A class to add a new expense","lastModifiedDate":"2024-03-20"},{"lineNumber":8,"author":{"gitId":"mukund1403"},"content":" */","lastModifiedDate":"2024-03-20"},{"lineNumber":9,"author":{"gitId":"mukund1403"},"content":"public class Expense {","lastModifiedDate":"2024-03-20"},{"lineNumber":10,"author":{"gitId":"Cohii2"},"content":"    private String payerName;","lastModifiedDate":"2024-03-20"},{"lineNumber":11,"author":{"gitId":"Cohii2"},"content":"    private float totalAmount;","lastModifiedDate":"2024-03-20"},{"lineNumber":12,"author":{"gitId":"mukund1403"},"content":"    private ArrayList\u003cString\u003e payees \u003d new ArrayList\u003c\u003e();","lastModifiedDate":"2024-03-20"},{"lineNumber":13,"author":{"gitId":"mukund1403"},"content":"","lastModifiedDate":"2024-03-20"},{"lineNumber":14,"author":{"gitId":"mukund1403"},"content":"    /**","lastModifiedDate":"2024-03-20"},{"lineNumber":15,"author":{"gitId":"mukund1403"},"content":"     * Constructor to create new Expense","lastModifiedDate":"2024-03-20"},{"lineNumber":16,"author":{"gitId":"mukund1403"},"content":"     * @param payerName : The name of the user who paid for the Expense","lastModifiedDate":"2024-03-20"},{"lineNumber":17,"author":{"gitId":"mukund1403"},"content":"     * @param totalAmount : The total amount before being divided","lastModifiedDate":"2024-03-20"},{"lineNumber":18,"author":{"gitId":"mukund1403"},"content":"     * @param payeeList : String array of people who owe the payer money","lastModifiedDate":"2024-03-20"},{"lineNumber":19,"author":{"gitId":"mukund1403"},"content":"     *                  (Index 0 is the payer and will not be added to the payee list)","lastModifiedDate":"2024-03-20"},{"lineNumber":20,"author":{"gitId":"mukund1403"},"content":"     */","lastModifiedDate":"2024-03-20"},{"lineNumber":21,"author":{"gitId":"mukund1403"},"content":"    Expense(String payerName, float totalAmount, String[] payeeList) {","lastModifiedDate":"2024-03-20"},{"lineNumber":22,"author":{"gitId":"mukund1403"},"content":"        payerName \u003d removeWhitespaces(payerName);","lastModifiedDate":"2024-03-20"},{"lineNumber":23,"author":{"gitId":"mukund1403"},"content":"        for(int i \u003d 1; i \u003c payeeList.length; i++){","lastModifiedDate":"2024-03-20"},{"lineNumber":24,"author":{"gitId":"mukund1403"},"content":"            payees.add(removeWhitespaces(payeeList[i]));","lastModifiedDate":"2024-03-20"},{"lineNumber":25,"author":{"gitId":"mukund1403"},"content":"        }","lastModifiedDate":"2024-03-20"},{"lineNumber":26,"author":{"gitId":"mukund1403"},"content":"        this.payerName \u003d payerName;","lastModifiedDate":"2024-03-20"},{"lineNumber":27,"author":{"gitId":"mukund1403"},"content":"        this.totalAmount \u003d totalAmount;","lastModifiedDate":"2024-03-20"},{"lineNumber":28,"author":{"gitId":"mukund1403"},"content":"","lastModifiedDate":"2024-03-20"},{"lineNumber":29,"author":{"gitId":"Cohii2"},"content":"        System.out.printf(\"Added new expense %.2f owed to %s by:\",this.totalAmount,this.payerName);","lastModifiedDate":"2024-03-20"},{"lineNumber":30,"author":{"gitId":"mukund1403"},"content":"        for(String payee : payees) {","lastModifiedDate":"2024-03-20"},{"lineNumber":31,"author":{"gitId":"mukund1403"},"content":"            System.out.print(payee + \", \");","lastModifiedDate":"2024-03-20"},{"lineNumber":32,"author":{"gitId":"mukund1403"},"content":"        }","lastModifiedDate":"2024-03-20"},{"lineNumber":33,"author":{"gitId":"mukund1403"},"content":"        System.out.println();","lastModifiedDate":"2024-03-20"},{"lineNumber":34,"author":{"gitId":"mukund1403"},"content":"    }","lastModifiedDate":"2024-03-20"},{"lineNumber":35,"author":{"gitId":"mukund1403"},"content":"","lastModifiedDate":"2024-03-20"},{"lineNumber":36,"author":{"gitId":"mukund1403"},"content":"","lastModifiedDate":"2024-03-20"},{"lineNumber":37,"author":{"gitId":"mukund1403"},"content":"    private String removeWhitespaces(String item) {","lastModifiedDate":"2024-03-20"},{"lineNumber":38,"author":{"gitId":"mukund1403"},"content":"        String itemWithoutWhitespaces \u003d item.replaceAll(\"\\\\s+\", \" \").trim();","lastModifiedDate":"2024-03-20"},{"lineNumber":39,"author":{"gitId":"mukund1403"},"content":"        return itemWithoutWhitespaces;","lastModifiedDate":"2024-03-20"},{"lineNumber":40,"author":{"gitId":"mukund1403"},"content":"    }","lastModifiedDate":"2024-03-20"},{"lineNumber":41,"author":{"gitId":"Cohii2"},"content":"    public String getPayerName() {","lastModifiedDate":"2024-03-20"},{"lineNumber":42,"author":{"gitId":"Cohii2"},"content":"        return payerName;","lastModifiedDate":"2024-03-20"},{"lineNumber":43,"author":{"gitId":"Cohii2"},"content":"    }","lastModifiedDate":"2024-03-20"},{"lineNumber":44,"author":{"gitId":"mukund1403"},"content":"","lastModifiedDate":"2024-03-20"},{"lineNumber":45,"author":{"gitId":"mukund1403"},"content":"    /**","lastModifiedDate":"2024-03-20"},{"lineNumber":46,"author":{"gitId":"mukund1403"},"content":"     * @return : float showing the total amount before division","lastModifiedDate":"2024-03-20"},{"lineNumber":47,"author":{"gitId":"mukund1403"},"content":"     */","lastModifiedDate":"2024-03-20"},{"lineNumber":48,"author":{"gitId":"Cohii2"},"content":"    public float getTotalAmount() {","lastModifiedDate":"2024-03-20"},{"lineNumber":49,"author":{"gitId":"Cohii2"},"content":"        return totalAmount;","lastModifiedDate":"2024-03-20"},{"lineNumber":50,"author":{"gitId":"mukund1403"},"content":"    }","lastModifiedDate":"2024-03-20"},{"lineNumber":51,"author":{"gitId":"mukund1403"},"content":"","lastModifiedDate":"2024-03-20"},{"lineNumber":52,"author":{"gitId":"Cohii2"},"content":"    public ArrayList\u003cString\u003e getPayees() {","lastModifiedDate":"2024-03-20"},{"lineNumber":53,"author":{"gitId":"Cohii2"},"content":"        return payees;","lastModifiedDate":"2024-03-20"},{"lineNumber":54,"author":{"gitId":"Cohii2"},"content":"    }","lastModifiedDate":"2024-03-20"},{"lineNumber":55,"author":{"gitId":"mukund1403"},"content":"}","lastModifiedDate":"2024-03-20"}],"authorContributionMap":{"Cohii2":11,"mukund1403":44}},{"path":"src/main/java/seedu/duke/ExpensesException.java","fileType":"functional-code","lines":[{"lineNumber":1,"author":{"gitId":"mukund1403"},"content":"package seedu.duke;","lastModifiedDate":"2024-03-20"},{"lineNumber":2,"author":{"gitId":"mukund1403"},"content":"","lastModifiedDate":"2024-03-20"},{"lineNumber":3,"author":{"gitId":"mukund1403"},"content":"public class ExpensesException extends Exception {","lastModifiedDate":"2024-03-20"},{"lineNumber":4,"author":{"gitId":"mukund1403"},"content":"    public ExpensesException(String s, Throwable err){","lastModifiedDate":"2024-03-20"},{"lineNumber":5,"author":{"gitId":"mukund1403"},"content":"        super(s,err);","lastModifiedDate":"2024-03-20"},{"lineNumber":6,"author":{"gitId":"mukund1403"},"content":"    }","lastModifiedDate":"2024-03-20"},{"lineNumber":7,"author":{"gitId":"mukund1403"},"content":"","lastModifiedDate":"2024-03-20"},{"lineNumber":8,"author":{"gitId":"mukund1403"},"content":"    public ExpensesException(String s){","lastModifiedDate":"2024-03-20"},{"lineNumber":9,"author":{"gitId":"mukund1403"},"content":"        super(s);","lastModifiedDate":"2024-03-20"},{"lineNumber":10,"author":{"gitId":"mukund1403"},"content":"    }","lastModifiedDate":"2024-03-20"},{"lineNumber":11,"author":{"gitId":"mukund1403"},"content":"}","lastModifiedDate":"2024-03-20"}],"authorContributionMap":{"mukund1403":11}},{"path":"src/main/java/seedu/duke/Group.java","fileType":"functional-code","lines":[{"lineNumber":1,"author":{"gitId":"avrilgk"},"content":"package seedu.duke;","lastModifiedDate":"2024-03-19"},{"lineNumber":2,"author":{"gitId":"hafizuddin-a"},"content":"import java.util.ArrayList;","lastModifiedDate":"2024-03-20"},{"lineNumber":3,"author":{"gitId":"hafizuddin-a"},"content":"import java.util.HashMap;","lastModifiedDate":"2024-03-24"},{"lineNumber":4,"author":{"gitId":"hafizuddin-a"},"content":"import java.util.List;","lastModifiedDate":"2024-03-24"},{"lineNumber":5,"author":{"gitId":"hafizuddin-a"},"content":"import java.util.Map;","lastModifiedDate":"2024-03-24"},{"lineNumber":6,"author":{"gitId":"hafizuddin-a"},"content":"","lastModifiedDate":"2024-03-20"},{"lineNumber":7,"author":{"gitId":"avrilgk"},"content":"public class Group {","lastModifiedDate":"2024-03-19"},{"lineNumber":8,"author":{"gitId":"hafizuddin-a"},"content":"    private static final Map\u003cString, Group\u003e groups \u003d new HashMap\u003c\u003e();","lastModifiedDate":"2024-03-24"},{"lineNumber":9,"author":{"gitId":"hafizuddin-a"},"content":"    private static String currentGroupName;","lastModifiedDate":"2024-03-24"},{"lineNumber":10,"author":{"gitId":"avrilgk"},"content":"","lastModifiedDate":"2024-03-19"},{"lineNumber":11,"author":{"gitId":"hafizuddin-a"},"content":"    private final String groupName;","lastModifiedDate":"2024-03-24"},{"lineNumber":12,"author":{"gitId":"hafizuddin-a"},"content":"    private final List\u003cUser\u003e members;","lastModifiedDate":"2024-03-24"},{"lineNumber":13,"author":{"gitId":"hafizuddin-a"},"content":"","lastModifiedDate":"2024-03-20"},{"lineNumber":14,"author":{"gitId":"hafizuddin-a"},"content":"    private Group(String groupName) {","lastModifiedDate":"2024-03-24"},{"lineNumber":15,"author":{"gitId":"hafizuddin-a"},"content":"        this.groupName \u003d groupName;","lastModifiedDate":"2024-03-24"},{"lineNumber":16,"author":{"gitId":"hafizuddin-a"},"content":"        this.members \u003d new ArrayList\u003c\u003e();","lastModifiedDate":"2024-03-24"},{"lineNumber":17,"author":{"gitId":"hafizuddin-a"},"content":"    }","lastModifiedDate":"2024-03-20"},{"lineNumber":18,"author":{"gitId":"hafizuddin-a"},"content":"","lastModifiedDate":"2024-03-20"},{"lineNumber":19,"author":{"gitId":"avrilgk"},"content":"    /**","lastModifiedDate":"2024-03-22"},{"lineNumber":20,"author":{"gitId":"avrilgk"},"content":"     * Retrieves an existing group by its name or creates a new one if it does not exist.","lastModifiedDate":"2024-03-22"},{"lineNumber":21,"author":{"gitId":"avrilgk"},"content":"     * It ensures that a user cannot create or join a new group without exiting their current group.","lastModifiedDate":"2024-03-22"},{"lineNumber":22,"author":{"gitId":"avrilgk"},"content":"     *","lastModifiedDate":"2024-03-22"},{"lineNumber":23,"author":{"gitId":"avrilgk"},"content":"     * @param groupName The name of the group to get or create.","lastModifiedDate":"2024-03-22"},{"lineNumber":24,"author":{"gitId":"avrilgk"},"content":"     * @return The existing or newly created group.","lastModifiedDate":"2024-03-22"},{"lineNumber":25,"author":{"gitId":"avrilgk"},"content":"     * @throws IllegalStateException If trying to create or join a new group while already in another group.","lastModifiedDate":"2024-03-22"},{"lineNumber":26,"author":{"gitId":"avrilgk"},"content":"     */","lastModifiedDate":"2024-03-22"},{"lineNumber":27,"author":{"gitId":"avrilgk"},"content":"    public static Group getOrCreateGroup(String groupName) {","lastModifiedDate":"2024-03-20"},{"lineNumber":28,"author":{"gitId":"avrilgk"},"content":"        // Check if user is accessing a group they are already in","lastModifiedDate":"2024-03-22"},{"lineNumber":29,"author":{"gitId":"hafizuddin-a"},"content":"        if (isInGroup() \u0026\u0026 getCurrentGroup().getGroupName().equals(groupName)) {","lastModifiedDate":"2024-03-24"},{"lineNumber":30,"author":{"gitId":"avrilgk"},"content":"            System.out.println(\"You are in \" + groupName);","lastModifiedDate":"2024-03-22"},{"lineNumber":31,"author":{"gitId":"hafizuddin-a"},"content":"            return getCurrentGroup();","lastModifiedDate":"2024-03-24"},{"lineNumber":32,"author":{"gitId":"avrilgk"},"content":"        }","lastModifiedDate":"2024-03-20"},{"lineNumber":33,"author":{"gitId":"avrilgk"},"content":"","lastModifiedDate":"2024-03-22"},{"lineNumber":34,"author":{"gitId":"avrilgk"},"content":"        // If the user is in a different group, prevent them from creating or joining a new group.","lastModifiedDate":"2024-03-22"},{"lineNumber":35,"author":{"gitId":"hafizuddin-a"},"content":"        if (isInGroup() \u0026\u0026 !getCurrentGroup().getGroupName().equals(groupName)) {","lastModifiedDate":"2024-03-24"},{"lineNumber":36,"author":{"gitId":"hafizuddin-a"},"content":"            throw new IllegalStateException(\"Please exit the current group \u0027\" + currentGroupName","lastModifiedDate":"2024-03-22"},{"lineNumber":37,"author":{"gitId":"hafizuddin-a"},"content":"                    + \"\u0027 to create or join another group.\");","lastModifiedDate":"2024-03-22"},{"lineNumber":38,"author":{"gitId":"avrilgk"},"content":"        }","lastModifiedDate":"2024-03-22"},{"lineNumber":39,"author":{"gitId":"avrilgk"},"content":"","lastModifiedDate":"2024-03-22"},{"lineNumber":40,"author":{"gitId":"hafizuddin-a"},"content":"        Group group \u003d groups.get(groupName);","lastModifiedDate":"2024-03-24"},{"lineNumber":41,"author":{"gitId":"hafizuddin-a"},"content":"","lastModifiedDate":"2024-03-24"},{"lineNumber":42,"author":{"gitId":"hafizuddin-a"},"content":"        if (group \u003d\u003d null) {","lastModifiedDate":"2024-03-24"},{"lineNumber":43,"author":{"gitId":"hafizuddin-a"},"content":"            group \u003d new Group(groupName);","lastModifiedDate":"2024-03-24"},{"lineNumber":44,"author":{"gitId":"hafizuddin-a"},"content":"            groups.put(groupName, group);","lastModifiedDate":"2024-03-24"},{"lineNumber":45,"author":{"gitId":"hafizuddin-a"},"content":"            System.out.println(groupName + \" created.\");","lastModifiedDate":"2024-03-24"},{"lineNumber":46,"author":{"gitId":"avrilgk"},"content":"            currentGroupName \u003d groupName;","lastModifiedDate":"2024-03-22"},{"lineNumber":47,"author":{"gitId":"avrilgk"},"content":"        }","lastModifiedDate":"2024-03-22"},{"lineNumber":48,"author":{"gitId":"avrilgk"},"content":"","lastModifiedDate":"2024-03-22"},{"lineNumber":49,"author":{"gitId":"avrilgk"},"content":"        System.out.println(\"You are now in \" + groupName);","lastModifiedDate":"2024-03-22"},{"lineNumber":50,"author":{"gitId":"avrilgk"},"content":"        return group;","lastModifiedDate":"2024-03-20"},{"lineNumber":51,"author":{"gitId":"avrilgk"},"content":"    }","lastModifiedDate":"2024-03-20"},{"lineNumber":52,"author":{"gitId":"avrilgk"},"content":"","lastModifiedDate":"2024-03-20"},{"lineNumber":53,"author":{"gitId":"hafizuddin-a"},"content":"    /**","lastModifiedDate":"2024-03-24"},{"lineNumber":54,"author":{"gitId":"hafizuddin-a"},"content":"     * Exits the current group.","lastModifiedDate":"2024-03-24"},{"lineNumber":55,"author":{"gitId":"hafizuddin-a"},"content":"     * If the user is not in any group, it displays a message asking the user to try again.","lastModifiedDate":"2024-03-24"},{"lineNumber":56,"author":{"gitId":"hafizuddin-a"},"content":"     */","lastModifiedDate":"2024-03-24"},{"lineNumber":57,"author":{"gitId":"avrilgk"},"content":"    public static void exitGroup() {","lastModifiedDate":"2024-03-22"},{"lineNumber":58,"author":{"gitId":"avrilgk"},"content":"        if (currentGroupName !\u003d null) {","lastModifiedDate":"2024-03-22"},{"lineNumber":59,"author":{"gitId":"avrilgk"},"content":"            System.out.println(\"You have exited \" + currentGroupName + \".\");","lastModifiedDate":"2024-03-22"},{"lineNumber":60,"author":{"gitId":"avrilgk"},"content":"            currentGroupName \u003d null;","lastModifiedDate":"2024-03-22"},{"lineNumber":61,"author":{"gitId":"avrilgk"},"content":"        } else {","lastModifiedDate":"2024-03-22"},{"lineNumber":62,"author":{"gitId":"hafizuddin-a"},"content":"            System.out.println(\"You are not currently in any group. Please try again.\");","lastModifiedDate":"2024-03-24"},{"lineNumber":63,"author":{"gitId":"hafizuddin-a"},"content":"        }","lastModifiedDate":"2024-03-24"},{"lineNumber":64,"author":{"gitId":"hafizuddin-a"},"content":"    }","lastModifiedDate":"2024-03-24"},{"lineNumber":65,"author":{"gitId":"hafizuddin-a"},"content":"","lastModifiedDate":"2024-03-24"},{"lineNumber":66,"author":{"gitId":"hafizuddin-a"},"content":"    /**","lastModifiedDate":"2024-03-24"},{"lineNumber":67,"author":{"gitId":"hafizuddin-a"},"content":"     * Retrieves the current group.","lastModifiedDate":"2024-03-24"},{"lineNumber":68,"author":{"gitId":"hafizuddin-a"},"content":"     *","lastModifiedDate":"2024-03-24"},{"lineNumber":69,"author":{"gitId":"hafizuddin-a"},"content":"     * @return The current group, or null if the user is not in any group.","lastModifiedDate":"2024-03-24"},{"lineNumber":70,"author":{"gitId":"hafizuddin-a"},"content":"     */","lastModifiedDate":"2024-03-24"},{"lineNumber":71,"author":{"gitId":"hafizuddin-a"},"content":"    public static Group getCurrentGroup() {","lastModifiedDate":"2024-03-24"},{"lineNumber":72,"author":{"gitId":"hafizuddin-a"},"content":"        if (currentGroupName !\u003d null) {","lastModifiedDate":"2024-03-24"},{"lineNumber":73,"author":{"gitId":"hafizuddin-a"},"content":"            return groups.get(currentGroupName);","lastModifiedDate":"2024-03-24"},{"lineNumber":74,"author":{"gitId":"hafizuddin-a"},"content":"        }","lastModifiedDate":"2024-03-24"},{"lineNumber":75,"author":{"gitId":"hafizuddin-a"},"content":"        return null;","lastModifiedDate":"2024-03-24"},{"lineNumber":76,"author":{"gitId":"hafizuddin-a"},"content":"    }","lastModifiedDate":"2024-03-24"},{"lineNumber":77,"author":{"gitId":"hafizuddin-a"},"content":"","lastModifiedDate":"2024-03-24"},{"lineNumber":78,"author":{"gitId":"hafizuddin-a"},"content":"    /**","lastModifiedDate":"2024-03-24"},{"lineNumber":79,"author":{"gitId":"hafizuddin-a"},"content":"     * Checks if the user is currently in a group.","lastModifiedDate":"2024-03-24"},{"lineNumber":80,"author":{"gitId":"hafizuddin-a"},"content":"     *","lastModifiedDate":"2024-03-24"},{"lineNumber":81,"author":{"gitId":"hafizuddin-a"},"content":"     * @return true if the user is in a group, false otherwise.","lastModifiedDate":"2024-03-24"},{"lineNumber":82,"author":{"gitId":"hafizuddin-a"},"content":"     */","lastModifiedDate":"2024-03-24"},{"lineNumber":83,"author":{"gitId":"hafizuddin-a"},"content":"    public static boolean isInGroup() {","lastModifiedDate":"2024-03-24"},{"lineNumber":84,"author":{"gitId":"hafizuddin-a"},"content":"        return currentGroupName !\u003d null;","lastModifiedDate":"2024-03-24"},{"lineNumber":85,"author":{"gitId":"hafizuddin-a"},"content":"    }","lastModifiedDate":"2024-03-24"},{"lineNumber":86,"author":{"gitId":"hafizuddin-a"},"content":"","lastModifiedDate":"2024-03-24"},{"lineNumber":87,"author":{"gitId":"hafizuddin-a"},"content":"    /**","lastModifiedDate":"2024-03-24"},{"lineNumber":88,"author":{"gitId":"hafizuddin-a"},"content":"     * Checks if a user with the given name is a member of the group.","lastModifiedDate":"2024-03-24"},{"lineNumber":89,"author":{"gitId":"hafizuddin-a"},"content":"     *","lastModifiedDate":"2024-03-24"},{"lineNumber":90,"author":{"gitId":"hafizuddin-a"},"content":"     * @param memberName The name of the member to check.","lastModifiedDate":"2024-03-24"},{"lineNumber":91,"author":{"gitId":"hafizuddin-a"},"content":"     * @return true if the user is a member of the group, false otherwise.","lastModifiedDate":"2024-03-24"},{"lineNumber":92,"author":{"gitId":"hafizuddin-a"},"content":"     */","lastModifiedDate":"2024-03-24"},{"lineNumber":93,"author":{"gitId":"hafizuddin-a"},"content":"    public boolean isMember(String memberName) {","lastModifiedDate":"2024-03-24"},{"lineNumber":94,"author":{"gitId":"hafizuddin-a"},"content":"        for (User member : members) {","lastModifiedDate":"2024-03-24"},{"lineNumber":95,"author":{"gitId":"hafizuddin-a"},"content":"            if (member.getName().equals(memberName)) {","lastModifiedDate":"2024-03-24"},{"lineNumber":96,"author":{"gitId":"hafizuddin-a"},"content":"                return true;","lastModifiedDate":"2024-03-24"},{"lineNumber":97,"author":{"gitId":"hafizuddin-a"},"content":"            }","lastModifiedDate":"2024-03-24"},{"lineNumber":98,"author":{"gitId":"hafizuddin-a"},"content":"        }","lastModifiedDate":"2024-03-24"},{"lineNumber":99,"author":{"gitId":"hafizuddin-a"},"content":"        return false;","lastModifiedDate":"2024-03-24"},{"lineNumber":100,"author":{"gitId":"hafizuddin-a"},"content":"    }","lastModifiedDate":"2024-03-24"},{"lineNumber":101,"author":{"gitId":"hafizuddin-a"},"content":"","lastModifiedDate":"2024-03-24"},{"lineNumber":102,"author":{"gitId":"hafizuddin-a"},"content":"    /**","lastModifiedDate":"2024-03-24"},{"lineNumber":103,"author":{"gitId":"hafizuddin-a"},"content":"     * Adds a new member to the group.","lastModifiedDate":"2024-03-24"},{"lineNumber":104,"author":{"gitId":"hafizuddin-a"},"content":"     *","lastModifiedDate":"2024-03-24"},{"lineNumber":105,"author":{"gitId":"hafizuddin-a"},"content":"     * @param memberName The name of the member to add.","lastModifiedDate":"2024-03-24"},{"lineNumber":106,"author":{"gitId":"hafizuddin-a"},"content":"     * @return The newly added user, or null if the user is already a member of the group.","lastModifiedDate":"2024-03-24"},{"lineNumber":107,"author":{"gitId":"hafizuddin-a"},"content":"     */","lastModifiedDate":"2024-03-24"},{"lineNumber":108,"author":{"gitId":"hafizuddin-a"},"content":"    public User addMember(String memberName) {","lastModifiedDate":"2024-03-24"},{"lineNumber":109,"author":{"gitId":"hafizuddin-a"},"content":"        if (isMember(memberName)) {","lastModifiedDate":"2024-03-24"},{"lineNumber":110,"author":{"gitId":"hafizuddin-a"},"content":"            System.out.println(memberName + \" is already a member of \" + groupName + \".\");","lastModifiedDate":"2024-03-24"},{"lineNumber":111,"author":{"gitId":"hafizuddin-a"},"content":"            return null;","lastModifiedDate":"2024-03-24"},{"lineNumber":112,"author":{"gitId":"hafizuddin-a"},"content":"        }","lastModifiedDate":"2024-03-24"},{"lineNumber":113,"author":{"gitId":"hafizuddin-a"},"content":"","lastModifiedDate":"2024-03-24"},{"lineNumber":114,"author":{"gitId":"hafizuddin-a"},"content":"        User newMember \u003d new User(memberName);","lastModifiedDate":"2024-03-24"},{"lineNumber":115,"author":{"gitId":"hafizuddin-a"},"content":"        members.add(newMember);","lastModifiedDate":"2024-03-24"},{"lineNumber":116,"author":{"gitId":"hafizuddin-a"},"content":"        System.out.println(memberName + \" has been added to \" + groupName + \".\");","lastModifiedDate":"2024-03-24"},{"lineNumber":117,"author":{"gitId":"hafizuddin-a"},"content":"        return newMember;","lastModifiedDate":"2024-03-24"},{"lineNumber":118,"author":{"gitId":"avrilgk"},"content":"    }","lastModifiedDate":"2024-03-22"},{"lineNumber":119,"author":{"gitId":"hafizuddin-a"},"content":"","lastModifiedDate":"2024-03-24"},{"lineNumber":120,"author":{"gitId":"hafizuddin-a"},"content":"    /**","lastModifiedDate":"2024-03-24"},{"lineNumber":121,"author":{"gitId":"hafizuddin-a"},"content":"     * Retrieves the name of the group.","lastModifiedDate":"2024-03-24"},{"lineNumber":122,"author":{"gitId":"hafizuddin-a"},"content":"     *","lastModifiedDate":"2024-03-24"},{"lineNumber":123,"author":{"gitId":"hafizuddin-a"},"content":"     * @return The name of the group.","lastModifiedDate":"2024-03-24"},{"lineNumber":124,"author":{"gitId":"hafizuddin-a"},"content":"     */","lastModifiedDate":"2024-03-24"},{"lineNumber":125,"author":{"gitId":"hafizuddin-a"},"content":"    public String getGroupName() {","lastModifiedDate":"2024-03-24"},{"lineNumber":126,"author":{"gitId":"hafizuddin-a"},"content":"        return groupName;","lastModifiedDate":"2024-03-24"},{"lineNumber":127,"author":{"gitId":"hafizuddin-a"},"content":"    }","lastModifiedDate":"2024-03-24"},{"lineNumber":128,"author":{"gitId":"hafizuddin-a"},"content":"","lastModifiedDate":"2024-03-24"},{"lineNumber":129,"author":{"gitId":"hafizuddin-a"},"content":"    /**","lastModifiedDate":"2024-03-24"},{"lineNumber":130,"author":{"gitId":"hafizuddin-a"},"content":"     * Retrieves the list of members in the group.","lastModifiedDate":"2024-03-24"},{"lineNumber":131,"author":{"gitId":"hafizuddin-a"},"content":"     *","lastModifiedDate":"2024-03-24"},{"lineNumber":132,"author":{"gitId":"hafizuddin-a"},"content":"     * @return The list of members in the group.","lastModifiedDate":"2024-03-24"},{"lineNumber":133,"author":{"gitId":"hafizuddin-a"},"content":"     */","lastModifiedDate":"2024-03-24"},{"lineNumber":134,"author":{"gitId":"hafizuddin-a"},"content":"    public List\u003cUser\u003e getMembers() {","lastModifiedDate":"2024-03-24"},{"lineNumber":135,"author":{"gitId":"hafizuddin-a"},"content":"        return new ArrayList\u003c\u003e(members);","lastModifiedDate":"2024-03-24"},{"lineNumber":136,"author":{"gitId":"avrilgk"},"content":"    }","lastModifiedDate":"2024-03-22"},{"lineNumber":137,"author":{"gitId":"avrilgk"},"content":"}","lastModifiedDate":"2024-03-19"}],"authorContributionMap":{"avrilgk":34,"hafizuddin-a":103}},{"path":"src/main/java/seedu/duke/GroupCommand.java","fileType":"functional-code","lines":[{"lineNumber":1,"author":{"gitId":"hafizuddin-a"},"content":"package seedu.duke;","lastModifiedDate":"2024-03-24"},{"lineNumber":2,"author":{"gitId":"hafizuddin-a"},"content":"","lastModifiedDate":"2024-03-24"},{"lineNumber":3,"author":{"gitId":"hafizuddin-a"},"content":"/**","lastModifiedDate":"2024-03-24"},{"lineNumber":4,"author":{"gitId":"hafizuddin-a"},"content":" * Represents a command handler for group-related operations.","lastModifiedDate":"2024-03-24"},{"lineNumber":5,"author":{"gitId":"hafizuddin-a"},"content":" * Provides static methods to create groups, add members to groups, and exit groups.","lastModifiedDate":"2024-03-24"},{"lineNumber":6,"author":{"gitId":"hafizuddin-a"},"content":" */","lastModifiedDate":"2024-03-24"},{"lineNumber":7,"author":{"gitId":"hafizuddin-a"},"content":"public class GroupCommand {","lastModifiedDate":"2024-03-24"},{"lineNumber":8,"author":{"gitId":"hafizuddin-a"},"content":"    /**","lastModifiedDate":"2024-03-24"},{"lineNumber":9,"author":{"gitId":"hafizuddin-a"},"content":"     * Creates a new group or retrieves an existing group with the specified name.","lastModifiedDate":"2024-03-24"},{"lineNumber":10,"author":{"gitId":"hafizuddin-a"},"content":"     *","lastModifiedDate":"2024-03-24"},{"lineNumber":11,"author":{"gitId":"hafizuddin-a"},"content":"     * @param groupName the name of the group to create or retrieve","lastModifiedDate":"2024-03-24"},{"lineNumber":12,"author":{"gitId":"hafizuddin-a"},"content":"     */","lastModifiedDate":"2024-03-24"},{"lineNumber":13,"author":{"gitId":"hafizuddin-a"},"content":"    public static void createGroup(String groupName) {","lastModifiedDate":"2024-03-24"},{"lineNumber":14,"author":{"gitId":"hafizuddin-a"},"content":"        try {","lastModifiedDate":"2024-03-24"},{"lineNumber":15,"author":{"gitId":"hafizuddin-a"},"content":"            Group.getOrCreateGroup(groupName);","lastModifiedDate":"2024-03-24"},{"lineNumber":16,"author":{"gitId":"hafizuddin-a"},"content":"        } catch (IllegalStateException e) {","lastModifiedDate":"2024-03-24"},{"lineNumber":17,"author":{"gitId":"hafizuddin-a"},"content":"            System.out.println(e.getMessage());","lastModifiedDate":"2024-03-24"},{"lineNumber":18,"author":{"gitId":"hafizuddin-a"},"content":"        }","lastModifiedDate":"2024-03-24"},{"lineNumber":19,"author":{"gitId":"hafizuddin-a"},"content":"    }","lastModifiedDate":"2024-03-24"},{"lineNumber":20,"author":{"gitId":"hafizuddin-a"},"content":"","lastModifiedDate":"2024-03-24"},{"lineNumber":21,"author":{"gitId":"hafizuddin-a"},"content":"    /**","lastModifiedDate":"2024-03-24"},{"lineNumber":22,"author":{"gitId":"hafizuddin-a"},"content":"     * Adds a member with the specified name to the current group.","lastModifiedDate":"2024-03-24"},{"lineNumber":23,"author":{"gitId":"hafizuddin-a"},"content":"     * If the user is not currently in a group, prints a message asking them to create or join a group first.","lastModifiedDate":"2024-03-24"},{"lineNumber":24,"author":{"gitId":"hafizuddin-a"},"content":"     *","lastModifiedDate":"2024-03-24"},{"lineNumber":25,"author":{"gitId":"hafizuddin-a"},"content":"     * @param memberName the name of the member to add","lastModifiedDate":"2024-03-24"},{"lineNumber":26,"author":{"gitId":"hafizuddin-a"},"content":"     */","lastModifiedDate":"2024-03-24"},{"lineNumber":27,"author":{"gitId":"hafizuddin-a"},"content":"    public static void addMember(String memberName) {","lastModifiedDate":"2024-03-24"},{"lineNumber":28,"author":{"gitId":"hafizuddin-a"},"content":"        Group currentGroup \u003d Group.getCurrentGroup();","lastModifiedDate":"2024-03-24"},{"lineNumber":29,"author":{"gitId":"hafizuddin-a"},"content":"        if (currentGroup \u003d\u003d null) {","lastModifiedDate":"2024-03-24"},{"lineNumber":30,"author":{"gitId":"hafizuddin-a"},"content":"            System.out.println(\"Please create or join a group first.\");","lastModifiedDate":"2024-03-24"},{"lineNumber":31,"author":{"gitId":"hafizuddin-a"},"content":"            return;","lastModifiedDate":"2024-03-24"},{"lineNumber":32,"author":{"gitId":"hafizuddin-a"},"content":"        }","lastModifiedDate":"2024-03-24"},{"lineNumber":33,"author":{"gitId":"hafizuddin-a"},"content":"","lastModifiedDate":"2024-03-24"},{"lineNumber":34,"author":{"gitId":"hafizuddin-a"},"content":"        currentGroup.addMember(memberName);","lastModifiedDate":"2024-03-24"},{"lineNumber":35,"author":{"gitId":"hafizuddin-a"},"content":"    }","lastModifiedDate":"2024-03-24"},{"lineNumber":36,"author":{"gitId":"hafizuddin-a"},"content":"","lastModifiedDate":"2024-03-24"},{"lineNumber":37,"author":{"gitId":"hafizuddin-a"},"content":"    /**","lastModifiedDate":"2024-03-24"},{"lineNumber":38,"author":{"gitId":"hafizuddin-a"},"content":"     * Exits the current group.","lastModifiedDate":"2024-03-24"},{"lineNumber":39,"author":{"gitId":"hafizuddin-a"},"content":"     * If the user is not currently in a group, prints a message indicating so.","lastModifiedDate":"2024-03-24"},{"lineNumber":40,"author":{"gitId":"hafizuddin-a"},"content":"     */","lastModifiedDate":"2024-03-24"},{"lineNumber":41,"author":{"gitId":"hafizuddin-a"},"content":"    public static void exitGroup() {","lastModifiedDate":"2024-03-24"},{"lineNumber":42,"author":{"gitId":"hafizuddin-a"},"content":"        Group.exitGroup();","lastModifiedDate":"2024-03-24"},{"lineNumber":43,"author":{"gitId":"hafizuddin-a"},"content":"    }","lastModifiedDate":"2024-03-24"},{"lineNumber":44,"author":{"gitId":"hafizuddin-a"},"content":"}","lastModifiedDate":"2024-03-24"}],"authorContributionMap":{"hafizuddin-a":44}},{"path":"src/main/java/seedu/duke/Help.java","fileType":"functional-code","lines":[{"lineNumber":1,"author":{"gitId":"MonkeScripts"},"content":"package seedu.duke;","lastModifiedDate":"2024-03-20"},{"lineNumber":2,"author":{"gitId":"MonkeScripts"},"content":"","lastModifiedDate":"2024-03-20"},{"lineNumber":3,"author":{"gitId":"MonkeScripts"},"content":"public class Help {","lastModifiedDate":"2024-03-20"},{"lineNumber":4,"author":{"gitId":"MonkeScripts"},"content":"    private static final String prompt \u003d","lastModifiedDate":"2024-03-20"},{"lineNumber":5,"author":{"gitId":"MonkeScripts"},"content":"            \"Welcome\\n\" +","lastModifiedDate":"2024-03-20"},{"lineNumber":6,"author":{"gitId":"MonkeScripts"},"content":"                    \"help: Access help menu.\\n\" +","lastModifiedDate":"2024-03-20"},{"lineNumber":7,"author":{"gitId":"avrilgk"},"content":"                    \"create \u003cname\u003e: Create a group.\\n\" +","lastModifiedDate":"2024-03-22"},{"lineNumber":8,"author":{"gitId":"avrilgk"},"content":"                    \"exit \u003cname\u003e: Exit current group.\\n\" +","lastModifiedDate":"2024-03-22"},{"lineNumber":9,"author":{"gitId":"hafizuddin-a"},"content":"                    \"member \u003cname\u003e : Add a member to the group.\\n\" +","lastModifiedDate":"2024-03-23"},{"lineNumber":10,"author":{"gitId":"MonkeScripts"},"content":"                    \"expense /amount \u003camount\u003e /paid \u003cpaid_by\u003e /user \u003cuser_1\u003e /user \u003cuser_2\u003e ...: Add an expense.\\n\" +","lastModifiedDate":"2024-03-20"},{"lineNumber":11,"author":{"gitId":"MonkeScripts"},"content":"                    \"list: List all expenses in the group.\\n\" +","lastModifiedDate":"2024-03-20"},{"lineNumber":12,"author":{"gitId":"MonkeScripts"},"content":"                    \"balance \u003cuser_name\u003e: Show user\u0027s balance.\";","lastModifiedDate":"2024-03-20"},{"lineNumber":13,"author":{"gitId":"MonkeScripts"},"content":"","lastModifiedDate":"2024-03-20"},{"lineNumber":14,"author":{"gitId":"MonkeScripts"},"content":"    static void printHelp() {","lastModifiedDate":"2024-03-20"},{"lineNumber":15,"author":{"gitId":"MonkeScripts"},"content":"        System.out.println(prompt);","lastModifiedDate":"2024-03-20"},{"lineNumber":16,"author":{"gitId":"MonkeScripts"},"content":"    }","lastModifiedDate":"2024-03-20"},{"lineNumber":17,"author":{"gitId":"MonkeScripts"},"content":"}","lastModifiedDate":"2024-03-20"}],"authorContributionMap":{"MonkeScripts":14,"avrilgk":2,"hafizuddin-a":1}},{"path":"src/main/java/seedu/duke/Parser.java","fileType":"functional-code","lines":[{"lineNumber":1,"author":{"gitId":"Cohii2"},"content":"package seedu.duke;","lastModifiedDate":"2024-03-19"},{"lineNumber":2,"author":{"gitId":"Cohii2"},"content":"","lastModifiedDate":"2024-03-19"},{"lineNumber":3,"author":{"gitId":"Cohii2"},"content":"public class Parser {","lastModifiedDate":"2024-03-19"},{"lineNumber":4,"author":{"gitId":"Cohii2"},"content":"    protected String userInput;","lastModifiedDate":"2024-03-19"},{"lineNumber":5,"author":{"gitId":"Cohii2"},"content":"","lastModifiedDate":"2024-03-19"},{"lineNumber":6,"author":{"gitId":"Cohii2"},"content":"    public static class EndProgramException extends Exception {","lastModifiedDate":"2024-03-19"},{"lineNumber":7,"author":{"gitId":"Cohii2"},"content":"","lastModifiedDate":"2024-03-19"},{"lineNumber":8,"author":{"gitId":"Cohii2"},"content":"    }","lastModifiedDate":"2024-03-19"},{"lineNumber":9,"author":{"gitId":"Cohii2"},"content":"","lastModifiedDate":"2024-03-19"},{"lineNumber":10,"author":{"gitId":"Cohii2"},"content":"    public Parser(String userInput) {","lastModifiedDate":"2024-03-19"},{"lineNumber":11,"author":{"gitId":"Cohii2"},"content":"        this.userInput \u003d userInput;","lastModifiedDate":"2024-03-19"},{"lineNumber":12,"author":{"gitId":"Cohii2"},"content":"    }","lastModifiedDate":"2024-03-19"},{"lineNumber":13,"author":{"gitId":"Cohii2"},"content":"","lastModifiedDate":"2024-03-19"},{"lineNumber":14,"author":{"gitId":"mukund1403"},"content":"    public void handleUserInput() throws EndProgramException, ExpensesException {","lastModifiedDate":"2024-03-20"},{"lineNumber":15,"author":{"gitId":"Cohii2"},"content":"        String[] tokens \u003d userInput.split(\" \", 2);","lastModifiedDate":"2024-03-19"},{"lineNumber":16,"author":{"gitId":"Cohii2"},"content":"","lastModifiedDate":"2024-03-19"},{"lineNumber":17,"author":{"gitId":"Cohii2"},"content":"        String command \u003d tokens[0].toLowerCase().trim();","lastModifiedDate":"2024-03-19"},{"lineNumber":18,"author":{"gitId":"Cohii2"},"content":"        String argument \u003d \"\";","lastModifiedDate":"2024-03-19"},{"lineNumber":19,"author":{"gitId":"Cohii2"},"content":"        if (tokens.length \u003e 1) {","lastModifiedDate":"2024-03-19"},{"lineNumber":20,"author":{"gitId":"Cohii2"},"content":"            argument \u003d tokens[1].trim();","lastModifiedDate":"2024-03-19"},{"lineNumber":21,"author":{"gitId":"Cohii2"},"content":"        }","lastModifiedDate":"2024-03-19"},{"lineNumber":22,"author":{"gitId":"Cohii2"},"content":"","lastModifiedDate":"2024-03-19"},{"lineNumber":23,"author":{"gitId":"Cohii2"},"content":"        switch (command) {","lastModifiedDate":"2024-03-19"},{"lineNumber":24,"author":{"gitId":"Cohii2"},"content":"        case \"bye\":","lastModifiedDate":"2024-03-19"},{"lineNumber":25,"author":{"gitId":"Cohii2"},"content":"            throw new EndProgramException();","lastModifiedDate":"2024-03-19"},{"lineNumber":26,"author":{"gitId":"Cohii2"},"content":"        case \"help\":","lastModifiedDate":"2024-03-19"},{"lineNumber":27,"author":{"gitId":"Cohii2"},"content":"            // Help code here","lastModifiedDate":"2024-03-19"},{"lineNumber":28,"author":{"gitId":"MonkeScripts"},"content":"            Help.printHelp();","lastModifiedDate":"2024-03-20"},{"lineNumber":29,"author":{"gitId":"Cohii2"},"content":"            break;","lastModifiedDate":"2024-03-19"},{"lineNumber":30,"author":{"gitId":"avrilgk"},"content":"        case \"create\":","lastModifiedDate":"2024-03-22"},{"lineNumber":31,"author":{"gitId":"hafizuddin-a"},"content":"            GroupCommand.createGroup(argument);","lastModifiedDate":"2024-03-24"},{"lineNumber":32,"author":{"gitId":"Cohii2"},"content":"            break;","lastModifiedDate":"2024-03-19"},{"lineNumber":33,"author":{"gitId":"Cohii2"},"content":"        case \"member\":","lastModifiedDate":"2024-03-19"},{"lineNumber":34,"author":{"gitId":"hafizuddin-a"},"content":"            GroupCommand.addMember(argument);","lastModifiedDate":"2024-03-24"},{"lineNumber":35,"author":{"gitId":"Cohii2"},"content":"            break;","lastModifiedDate":"2024-03-19"},{"lineNumber":36,"author":{"gitId":"hafizuddin-a"},"content":"        case \"exit\":","lastModifiedDate":"2024-03-24"},{"lineNumber":37,"author":{"gitId":"hafizuddin-a"},"content":"            GroupCommand.exitGroup();","lastModifiedDate":"2024-03-24"},{"lineNumber":38,"author":{"gitId":"hafizuddin-a"},"content":"            break;","lastModifiedDate":"2024-03-24"},{"lineNumber":39,"author":{"gitId":"Cohii2"},"content":"        case \"expense\":","lastModifiedDate":"2024-03-19"},{"lineNumber":40,"author":{"gitId":"mukund1403"},"content":"            try {","lastModifiedDate":"2024-03-20"},{"lineNumber":41,"author":{"gitId":"mukund1403"},"content":"                String[] removeExpenseTag \u003d argument.split(\"/amount\");","lastModifiedDate":"2024-03-20"},{"lineNumber":42,"author":{"gitId":"mukund1403"},"content":"                if (removeExpenseTag.length \u003d\u003d 1) {","lastModifiedDate":"2024-03-20"},{"lineNumber":43,"author":{"gitId":"mukund1403"},"content":"                    throw new ExpensesException(\"No description for expenses! Add /amount /paid /user\");","lastModifiedDate":"2024-03-20"},{"lineNumber":44,"author":{"gitId":"mukund1403"},"content":"                }","lastModifiedDate":"2024-03-20"},{"lineNumber":45,"author":{"gitId":"mukund1403"},"content":"                String[] extractAmount \u003d removeExpenseTag[1].split(\"/paid\");","lastModifiedDate":"2024-03-20"},{"lineNumber":46,"author":{"gitId":"mukund1403"},"content":"                String amount \u003d extractAmount[0];","lastModifiedDate":"2024-03-20"},{"lineNumber":47,"author":{"gitId":"mukund1403"},"content":"                amount \u003d removeWhitespaces(amount);","lastModifiedDate":"2024-03-20"},{"lineNumber":48,"author":{"gitId":"mukund1403"},"content":"","lastModifiedDate":"2024-03-20"},{"lineNumber":49,"author":{"gitId":"mukund1403"},"content":"                try {","lastModifiedDate":"2024-03-20"},{"lineNumber":50,"author":{"gitId":"mukund1403"},"content":"                    float totalAmount \u003d Float.parseFloat(amount);","lastModifiedDate":"2024-03-20"},{"lineNumber":51,"author":{"gitId":"mukund1403"},"content":"                    String[] extractPayer \u003d extractAmount[1].split(\"/user\");","lastModifiedDate":"2024-03-20"},{"lineNumber":52,"author":{"gitId":"mukund1403"},"content":"                    String payerName \u003d extractPayer[0];","lastModifiedDate":"2024-03-20"},{"lineNumber":53,"author":{"gitId":"mukund1403"},"content":"                    Expense newTransaction \u003d new Expense(payerName,totalAmount,extractPayer);","lastModifiedDate":"2024-03-20"},{"lineNumber":54,"author":{"gitId":"mukund1403"},"content":"                } catch (NumberFormatException e) {","lastModifiedDate":"2024-03-20"},{"lineNumber":55,"author":{"gitId":"mukund1403"},"content":"                    System.out.println(\"Re-enter expense with amount as a proper number.\");","lastModifiedDate":"2024-03-20"},{"lineNumber":56,"author":{"gitId":"mukund1403"},"content":"                }","lastModifiedDate":"2024-03-20"},{"lineNumber":57,"author":{"gitId":"mukund1403"},"content":"            } catch(ArrayIndexOutOfBoundsException e) {","lastModifiedDate":"2024-03-20"},{"lineNumber":58,"author":{"gitId":"mukund1403"},"content":"                System.out.println(\"Empty /amount, /paid or /user. Add expenses using the correct format.\");","lastModifiedDate":"2024-03-20"},{"lineNumber":59,"author":{"gitId":"mukund1403"},"content":"            }","lastModifiedDate":"2024-03-20"},{"lineNumber":60,"author":{"gitId":"Cohii2"},"content":"            break;","lastModifiedDate":"2024-03-19"},{"lineNumber":61,"author":{"gitId":"Cohii2"},"content":"        case \"list\":","lastModifiedDate":"2024-03-19"},{"lineNumber":62,"author":{"gitId":"Cohii2"},"content":"            // List code here","lastModifiedDate":"2024-03-20"},{"lineNumber":63,"author":{"gitId":"Cohii2"},"content":"            break;","lastModifiedDate":"2024-03-19"},{"lineNumber":64,"author":{"gitId":"Cohii2"},"content":"        case \"balance\":","lastModifiedDate":"2024-03-19"},{"lineNumber":65,"author":{"gitId":"Cohii2"},"content":"            // Balance code here","lastModifiedDate":"2024-03-20"},{"lineNumber":66,"author":{"gitId":"Cohii2"},"content":"            break;","lastModifiedDate":"2024-03-19"},{"lineNumber":67,"author":{"gitId":"Cohii2"},"content":"        default:","lastModifiedDate":"2024-03-19"},{"lineNumber":68,"author":{"gitId":"Cohii2"},"content":"            // Default clause","lastModifiedDate":"2024-03-19"},{"lineNumber":69,"author":{"gitId":"Cohii2"},"content":"            break;","lastModifiedDate":"2024-03-19"},{"lineNumber":70,"author":{"gitId":"Cohii2"},"content":"        }","lastModifiedDate":"2024-03-19"},{"lineNumber":71,"author":{"gitId":"Cohii2"},"content":"    }","lastModifiedDate":"2024-03-19"},{"lineNumber":72,"author":{"gitId":"mukund1403"},"content":"    private String removeWhitespaces(String item) {","lastModifiedDate":"2024-03-20"},{"lineNumber":73,"author":{"gitId":"mukund1403"},"content":"        String itemWithoutWhitespaces \u003d item.replaceAll(\"\\\\s+\", \" \").trim();","lastModifiedDate":"2024-03-20"},{"lineNumber":74,"author":{"gitId":"mukund1403"},"content":"        return itemWithoutWhitespaces;","lastModifiedDate":"2024-03-20"},{"lineNumber":75,"author":{"gitId":"mukund1403"},"content":"    }","lastModifiedDate":"2024-03-20"},{"lineNumber":76,"author":{"gitId":"Cohii2"},"content":"}","lastModifiedDate":"2024-03-19"}],"authorContributionMap":{"MonkeScripts":1,"avrilgk":1,"hafizuddin-a":5,"Cohii2":44,"mukund1403":25}},{"path":"src/main/java/seedu/duke/User.java","fileType":"functional-code","lines":[{"lineNumber":1,"author":{"gitId":"hafizuddin-a"},"content":"package seedu.duke;","lastModifiedDate":"2024-03-20"},{"lineNumber":2,"author":{"gitId":"hafizuddin-a"},"content":"","lastModifiedDate":"2024-03-20"},{"lineNumber":3,"author":{"gitId":"hafizuddin-a"},"content":"public class User {","lastModifiedDate":"2024-03-20"},{"lineNumber":4,"author":{"gitId":"hafizuddin-a"},"content":"    private String userName;","lastModifiedDate":"2024-03-20"},{"lineNumber":5,"author":{"gitId":"hafizuddin-a"},"content":"","lastModifiedDate":"2024-03-20"},{"lineNumber":6,"author":{"gitId":"hafizuddin-a"},"content":"    public User(String userName) {","lastModifiedDate":"2024-03-20"},{"lineNumber":7,"author":{"gitId":"hafizuddin-a"},"content":"        this.userName \u003d userName;","lastModifiedDate":"2024-03-20"},{"lineNumber":8,"author":{"gitId":"hafizuddin-a"},"content":"    }","lastModifiedDate":"2024-03-20"},{"lineNumber":9,"author":{"gitId":"hafizuddin-a"},"content":"","lastModifiedDate":"2024-03-20"},{"lineNumber":10,"author":{"gitId":"hafizuddin-a"},"content":"    public String getName() {","lastModifiedDate":"2024-03-20"},{"lineNumber":11,"author":{"gitId":"hafizuddin-a"},"content":"        return userName;","lastModifiedDate":"2024-03-20"},{"lineNumber":12,"author":{"gitId":"hafizuddin-a"},"content":"    }","lastModifiedDate":"2024-03-20"},{"lineNumber":13,"author":{"gitId":"hafizuddin-a"},"content":"}","lastModifiedDate":"2024-03-20"}],"authorContributionMap":{"hafizuddin-a":13}},{"path":"src/test/java/seedu/duke/AddUserTest.java","fileType":"test-code","lines":[{"lineNumber":1,"author":{"gitId":"hafizuddin-a"},"content":"package seedu.duke;","lastModifiedDate":"2024-03-20"},{"lineNumber":2,"author":{"gitId":"hafizuddin-a"},"content":"","lastModifiedDate":"2024-03-20"},{"lineNumber":3,"author":{"gitId":"hafizuddin-a"},"content":"import org.junit.jupiter.api.Test;","lastModifiedDate":"2024-03-20"},{"lineNumber":4,"author":{"gitId":"hafizuddin-a"},"content":"import static org.junit.jupiter.api.Assertions.assertEquals;","lastModifiedDate":"2024-03-20"},{"lineNumber":5,"author":{"gitId":"hafizuddin-a"},"content":"import static org.junit.jupiter.api.Assertions.assertTrue;","lastModifiedDate":"2024-03-24"},{"lineNumber":6,"author":{"gitId":"hafizuddin-a"},"content":"import static org.junit.jupiter.api.Assertions.fail;","lastModifiedDate":"2024-03-20"},{"lineNumber":7,"author":{"gitId":"hafizuddin-a"},"content":"","lastModifiedDate":"2024-03-20"},{"lineNumber":8,"author":{"gitId":"hafizuddin-a"},"content":"public class AddUserTest {","lastModifiedDate":"2024-03-20"},{"lineNumber":9,"author":{"gitId":"hafizuddin-a"},"content":"","lastModifiedDate":"2024-03-20"},{"lineNumber":10,"author":{"gitId":"hafizuddin-a"},"content":"    @Test","lastModifiedDate":"2024-03-20"},{"lineNumber":11,"author":{"gitId":"hafizuddin-a"},"content":"    public void testUser() {","lastModifiedDate":"2024-03-20"},{"lineNumber":12,"author":{"gitId":"hafizuddin-a"},"content":"        try {","lastModifiedDate":"2024-03-20"},{"lineNumber":13,"author":{"gitId":"hafizuddin-a"},"content":"            User user \u003d new User(\"John\");","lastModifiedDate":"2024-03-20"},{"lineNumber":14,"author":{"gitId":"hafizuddin-a"},"content":"            assertEquals(\"John\", user.getName());","lastModifiedDate":"2024-03-20"},{"lineNumber":15,"author":{"gitId":"hafizuddin-a"},"content":"        } catch (Exception e) {","lastModifiedDate":"2024-03-20"},{"lineNumber":16,"author":{"gitId":"hafizuddin-a"},"content":"            fail(\"Exception occurred while creating a User object: \" + e.getMessage());","lastModifiedDate":"2024-03-24"},{"lineNumber":17,"author":{"gitId":"hafizuddin-a"},"content":"        }","lastModifiedDate":"2024-03-20"},{"lineNumber":18,"author":{"gitId":"hafizuddin-a"},"content":"    }","lastModifiedDate":"2024-03-20"},{"lineNumber":19,"author":{"gitId":"hafizuddin-a"},"content":"","lastModifiedDate":"2024-03-20"},{"lineNumber":20,"author":{"gitId":"hafizuddin-a"},"content":"    @Test","lastModifiedDate":"2024-03-20"},{"lineNumber":21,"author":{"gitId":"hafizuddin-a"},"content":"    public void testAddUserToGroup() {","lastModifiedDate":"2024-03-20"},{"lineNumber":22,"author":{"gitId":"hafizuddin-a"},"content":"        try {","lastModifiedDate":"2024-03-20"},{"lineNumber":23,"author":{"gitId":"hafizuddin-a"},"content":"            Group group \u003d Group.getOrCreateGroup(\"TestGroup\");","lastModifiedDate":"2024-03-24"},{"lineNumber":24,"author":{"gitId":"hafizuddin-a"},"content":"            User user \u003d group.addMember(\"John\");","lastModifiedDate":"2024-03-24"},{"lineNumber":25,"author":{"gitId":"hafizuddin-a"},"content":"","lastModifiedDate":"2024-03-24"},{"lineNumber":26,"author":{"gitId":"hafizuddin-a"},"content":"            assertTrue(group.getMembers().contains(user), \"User was not added to the group\");","lastModifiedDate":"2024-03-24"},{"lineNumber":27,"author":{"gitId":"hafizuddin-a"},"content":"            assertEquals(\"John\", user.getName(), \"User name is not the expected value\");","lastModifiedDate":"2024-03-24"},{"lineNumber":28,"author":{"gitId":"hafizuddin-a"},"content":"        } catch (Exception e) {","lastModifiedDate":"2024-03-20"},{"lineNumber":29,"author":{"gitId":"hafizuddin-a"},"content":"            fail(\"Exception occurred while adding a user to the group: \" + e.getMessage());","lastModifiedDate":"2024-03-24"},{"lineNumber":30,"author":{"gitId":"hafizuddin-a"},"content":"        }","lastModifiedDate":"2024-03-20"},{"lineNumber":31,"author":{"gitId":"hafizuddin-a"},"content":"    }","lastModifiedDate":"2024-03-20"},{"lineNumber":32,"author":{"gitId":"hafizuddin-a"},"content":"}","lastModifiedDate":"2024-03-20"},{"lineNumber":33,"author":{"gitId":"hafizuddin-a"},"content":"","lastModifiedDate":"2024-03-24"}],"authorContributionMap":{"hafizuddin-a":33}},{"path":"src/test/java/seedu/duke/BalanceTest.java","fileType":"test-code","lines":[{"lineNumber":1,"author":{"gitId":"Cohii2"},"content":"package seedu.duke;","lastModifiedDate":"2024-03-20"},{"lineNumber":2,"author":{"gitId":"Cohii2"},"content":"","lastModifiedDate":"2024-03-20"},{"lineNumber":3,"author":{"gitId":"Cohii2"},"content":"import org.junit.jupiter.api.Test;","lastModifiedDate":"2024-03-20"},{"lineNumber":4,"author":{"gitId":"Cohii2"},"content":"import static org.junit.jupiter.api.Assertions.assertEquals;","lastModifiedDate":"2024-03-20"},{"lineNumber":5,"author":{"gitId":"Cohii2"},"content":"","lastModifiedDate":"2024-03-20"},{"lineNumber":6,"author":{"gitId":"Cohii2"},"content":"import java.util.ArrayList;","lastModifiedDate":"2024-03-20"},{"lineNumber":7,"author":{"gitId":"Cohii2"},"content":"","lastModifiedDate":"2024-03-20"},{"lineNumber":8,"author":{"gitId":"Cohii2"},"content":"public class BalanceTest {","lastModifiedDate":"2024-03-20"},{"lineNumber":9,"author":{"gitId":"Cohii2"},"content":"    @Test","lastModifiedDate":"2024-03-20"},{"lineNumber":10,"author":{"gitId":"Cohii2"},"content":"    public void testConstructor() {","lastModifiedDate":"2024-03-20"},{"lineNumber":11,"author":{"gitId":"Cohii2"},"content":"        ArrayList\u003cUser\u003e users \u003d new ArrayList\u003c\u003e();","lastModifiedDate":"2024-03-20"},{"lineNumber":12,"author":{"gitId":"Cohii2"},"content":"        users.add(new User(\"member1\"));","lastModifiedDate":"2024-03-20"},{"lineNumber":13,"author":{"gitId":"Cohii2"},"content":"        users.add(new User(\"member2\"));","lastModifiedDate":"2024-03-20"},{"lineNumber":14,"author":{"gitId":"Cohii2"},"content":"        users.add(new User(\"member3\"));","lastModifiedDate":"2024-03-20"},{"lineNumber":15,"author":{"gitId":"Cohii2"},"content":"","lastModifiedDate":"2024-03-20"},{"lineNumber":16,"author":{"gitId":"Cohii2"},"content":"        ArrayList\u003cExpense\u003e expenses \u003d new ArrayList\u003c\u003e();","lastModifiedDate":"2024-03-20"},{"lineNumber":17,"author":{"gitId":"mukund1403"},"content":"        expenses.add(new Expense(\"member1\", 15, new String[]{\"\", \"member2\", \"member3\"}));","lastModifiedDate":"2024-03-20"},{"lineNumber":18,"author":{"gitId":"mukund1403"},"content":"        expenses.add(new Expense(\"member2\", 30, new String[]{\"\", \"member1\", \"member3\"}));","lastModifiedDate":"2024-03-20"},{"lineNumber":19,"author":{"gitId":"mukund1403"},"content":"        expenses.add(new Expense(\"member3\", 100, new String[]{\"\", \"member1\"}));","lastModifiedDate":"2024-03-20"},{"lineNumber":20,"author":{"gitId":"Cohii2"},"content":"","lastModifiedDate":"2024-03-20"},{"lineNumber":21,"author":{"gitId":"Cohii2"},"content":"        Balance member1Balance \u003d new Balance(\"member1\", expenses, users);","lastModifiedDate":"2024-03-20"},{"lineNumber":22,"author":{"gitId":"Cohii2"},"content":"        member1Balance.printBalance();","lastModifiedDate":"2024-03-20"},{"lineNumber":23,"author":{"gitId":"Cohii2"},"content":"        Balance member2Balance \u003d new Balance(\"member2\", expenses, users);","lastModifiedDate":"2024-03-20"},{"lineNumber":24,"author":{"gitId":"Cohii2"},"content":"        member2Balance.printBalance();","lastModifiedDate":"2024-03-20"},{"lineNumber":25,"author":{"gitId":"Cohii2"},"content":"        Balance member3Balance \u003d new Balance(\"member3\", expenses, users);","lastModifiedDate":"2024-03-20"},{"lineNumber":26,"author":{"gitId":"Cohii2"},"content":"        member3Balance.printBalance();","lastModifiedDate":"2024-03-20"},{"lineNumber":27,"author":{"gitId":"Cohii2"},"content":"","lastModifiedDate":"2024-03-20"},{"lineNumber":28,"author":{"gitId":"Cohii2"},"content":"        assertEquals(-5.0f, member1Balance.getBalanceList().get(\"member2\"));","lastModifiedDate":"2024-03-20"},{"lineNumber":29,"author":{"gitId":"Cohii2"},"content":"        assertEquals(-45.0f, member1Balance.getBalanceList().get(\"member3\"));","lastModifiedDate":"2024-03-20"},{"lineNumber":30,"author":{"gitId":"Cohii2"},"content":"","lastModifiedDate":"2024-03-20"},{"lineNumber":31,"author":{"gitId":"Cohii2"},"content":"        assertEquals(5.0f, member2Balance.getBalanceList().get(\"member1\"));","lastModifiedDate":"2024-03-20"},{"lineNumber":32,"author":{"gitId":"Cohii2"},"content":"        assertEquals(10.0f, member2Balance.getBalanceList().get(\"member3\"));","lastModifiedDate":"2024-03-20"},{"lineNumber":33,"author":{"gitId":"Cohii2"},"content":"","lastModifiedDate":"2024-03-20"},{"lineNumber":34,"author":{"gitId":"Cohii2"},"content":"        assertEquals(45.0f, member3Balance.getBalanceList().get(\"member1\"));","lastModifiedDate":"2024-03-20"},{"lineNumber":35,"author":{"gitId":"Cohii2"},"content":"        assertEquals(-10.0f, member3Balance.getBalanceList().get(\"member2\"));","lastModifiedDate":"2024-03-20"},{"lineNumber":36,"author":{"gitId":"Cohii2"},"content":"    }","lastModifiedDate":"2024-03-20"},{"lineNumber":37,"author":{"gitId":"Cohii2"},"content":"","lastModifiedDate":"2024-03-20"},{"lineNumber":38,"author":{"gitId":"Cohii2"},"content":"}","lastModifiedDate":"2024-03-20"}],"authorContributionMap":{"Cohii2":35,"mukund1403":3}},{"path":"src/test/java/seedu/duke/ExpenseTest.java","fileType":"test-code","lines":[{"lineNumber":1,"author":{"gitId":"mukund1403"},"content":"package seedu.duke;","lastModifiedDate":"2024-03-20"},{"lineNumber":2,"author":{"gitId":"mukund1403"},"content":"","lastModifiedDate":"2024-03-20"},{"lineNumber":3,"author":{"gitId":"mukund1403"},"content":"import org.junit.jupiter.api.Test;","lastModifiedDate":"2024-03-20"},{"lineNumber":4,"author":{"gitId":"mukund1403"},"content":"","lastModifiedDate":"2024-03-20"},{"lineNumber":5,"author":{"gitId":"mukund1403"},"content":"import static org.junit.jupiter.api.Assertions.assertEquals;","lastModifiedDate":"2024-03-20"},{"lineNumber":6,"author":{"gitId":"mukund1403"},"content":"","lastModifiedDate":"2024-03-20"},{"lineNumber":7,"author":{"gitId":"mukund1403"},"content":"","lastModifiedDate":"2024-03-20"},{"lineNumber":8,"author":{"gitId":"mukund1403"},"content":"class ExpenseTest{","lastModifiedDate":"2024-03-20"},{"lineNumber":9,"author":{"gitId":"mukund1403"},"content":"    @Test","lastModifiedDate":"2024-03-20"},{"lineNumber":10,"author":{"gitId":"mukund1403"},"content":"    public void newExpenseTest() {","lastModifiedDate":"2024-03-20"},{"lineNumber":11,"author":{"gitId":"mukund1403"},"content":"        Expense testExpense \u003d new Expense(\"Mukund\",10, new String[]{\"Mukund\", \" JX\", \"hehe\"});","lastModifiedDate":"2024-03-20"},{"lineNumber":12,"author":{"gitId":"mukund1403"},"content":"        assertEquals((float) 10, testExpense.getTotalAmount());","lastModifiedDate":"2024-03-20"},{"lineNumber":13,"author":{"gitId":"mukund1403"},"content":"    }","lastModifiedDate":"2024-03-20"},{"lineNumber":14,"author":{"gitId":"mukund1403"},"content":"}","lastModifiedDate":"2024-03-20"}],"authorContributionMap":{"mukund1403":14}},{"path":"src/test/java/seedu/duke/GroupTest.java","fileType":"test-code","lines":[{"lineNumber":1,"author":{"gitId":"avrilgk"},"content":"package seedu.duke;","lastModifiedDate":"2024-03-20"},{"lineNumber":2,"author":{"gitId":"avrilgk"},"content":"","lastModifiedDate":"2024-03-20"},{"lineNumber":3,"author":{"gitId":"hafizuddin-a"},"content":"import org.junit.jupiter.api.AfterEach;","lastModifiedDate":"2024-03-24"},{"lineNumber":4,"author":{"gitId":"hafizuddin-a"},"content":"import org.junit.jupiter.api.BeforeEach;","lastModifiedDate":"2024-03-24"},{"lineNumber":5,"author":{"gitId":"avrilgk"},"content":"import org.junit.jupiter.api.Test;","lastModifiedDate":"2024-03-20"},{"lineNumber":6,"author":{"gitId":"avrilgk"},"content":"import static org.junit.jupiter.api.Assertions.assertEquals;","lastModifiedDate":"2024-03-22"},{"lineNumber":7,"author":{"gitId":"avrilgk"},"content":"import static org.junit.jupiter.api.Assertions.assertTrue;","lastModifiedDate":"2024-03-20"},{"lineNumber":8,"author":{"gitId":"hafizuddin-a"},"content":"import static org.junit.jupiter.api.Assertions.assertNull;","lastModifiedDate":"2024-03-24"},{"lineNumber":9,"author":{"gitId":"avrilgk"},"content":"","lastModifiedDate":"2024-03-20"},{"lineNumber":10,"author":{"gitId":"avrilgk"},"content":"public class GroupTest {","lastModifiedDate":"2024-03-20"},{"lineNumber":11,"author":{"gitId":"hafizuddin-a"},"content":"    @BeforeEach","lastModifiedDate":"2024-03-24"},{"lineNumber":12,"author":{"gitId":"hafizuddin-a"},"content":"    public void setup() {","lastModifiedDate":"2024-03-24"},{"lineNumber":13,"author":{"gitId":"hafizuddin-a"},"content":"        // Reset the state before each test","lastModifiedDate":"2024-03-24"},{"lineNumber":14,"author":{"gitId":"hafizuddin-a"},"content":"        Group.exitGroup();","lastModifiedDate":"2024-03-24"},{"lineNumber":15,"author":{"gitId":"hafizuddin-a"},"content":"    }","lastModifiedDate":"2024-03-24"},{"lineNumber":16,"author":{"gitId":"hafizuddin-a"},"content":"","lastModifiedDate":"2024-03-24"},{"lineNumber":17,"author":{"gitId":"hafizuddin-a"},"content":"    @AfterEach","lastModifiedDate":"2024-03-24"},{"lineNumber":18,"author":{"gitId":"hafizuddin-a"},"content":"    public void teardown() {","lastModifiedDate":"2024-03-24"},{"lineNumber":19,"author":{"gitId":"hafizuddin-a"},"content":"        // Clean up after each test","lastModifiedDate":"2024-03-24"},{"lineNumber":20,"author":{"gitId":"hafizuddin-a"},"content":"        Group.exitGroup();","lastModifiedDate":"2024-03-24"},{"lineNumber":21,"author":{"gitId":"hafizuddin-a"},"content":"    }","lastModifiedDate":"2024-03-24"},{"lineNumber":22,"author":{"gitId":"hafizuddin-a"},"content":"","lastModifiedDate":"2024-03-24"},{"lineNumber":23,"author":{"gitId":"avrilgk"},"content":"    @Test","lastModifiedDate":"2024-03-20"},{"lineNumber":24,"author":{"gitId":"hafizuddin-a"},"content":"    public void testGroupCreation() {","lastModifiedDate":"2024-03-24"},{"lineNumber":25,"author":{"gitId":"avrilgk"},"content":"        String expectedName \u003d \"GroupName\";","lastModifiedDate":"2024-03-20"},{"lineNumber":26,"author":{"gitId":"hafizuddin-a"},"content":"        Group group \u003d Group.getOrCreateGroup(expectedName);","lastModifiedDate":"2024-03-24"},{"lineNumber":27,"author":{"gitId":"avrilgk"},"content":"        assertEquals(expectedName, group.getGroupName(), \"Group name is not the same as expected\");","lastModifiedDate":"2024-03-22"},{"lineNumber":28,"author":{"gitId":"avrilgk"},"content":"    }","lastModifiedDate":"2024-03-22"},{"lineNumber":29,"author":{"gitId":"hafizuddin-a"},"content":"","lastModifiedDate":"2024-03-24"},{"lineNumber":30,"author":{"gitId":"avrilgk"},"content":"    @Test","lastModifiedDate":"2024-03-22"},{"lineNumber":31,"author":{"gitId":"hafizuddin-a"},"content":"    public void testAddUserToGroup() {","lastModifiedDate":"2024-03-24"},{"lineNumber":32,"author":{"gitId":"avrilgk"},"content":"        String groupName \u003d \"TestGroup\";","lastModifiedDate":"2024-03-22"},{"lineNumber":33,"author":{"gitId":"hafizuddin-a"},"content":"        Group group \u003d Group.getOrCreateGroup(groupName);","lastModifiedDate":"2024-03-24"},{"lineNumber":34,"author":{"gitId":"hafizuddin-a"},"content":"        User user \u003d group.addMember(\"TestUser\");","lastModifiedDate":"2024-03-24"},{"lineNumber":35,"author":{"gitId":"avrilgk"},"content":"","lastModifiedDate":"2024-03-22"},{"lineNumber":36,"author":{"gitId":"hafizuddin-a"},"content":"        assertTrue(group.getMembers().contains(user), \"User was not added to the group\");","lastModifiedDate":"2024-03-24"},{"lineNumber":37,"author":{"gitId":"avrilgk"},"content":"    }","lastModifiedDate":"2024-03-22"},{"lineNumber":38,"author":{"gitId":"hafizuddin-a"},"content":"","lastModifiedDate":"2024-03-24"},{"lineNumber":39,"author":{"gitId":"avrilgk"},"content":"    @Test","lastModifiedDate":"2024-03-22"},{"lineNumber":40,"author":{"gitId":"hafizuddin-a"},"content":"    public void testGetOrCreateGroup() {","lastModifiedDate":"2024-03-24"},{"lineNumber":41,"author":{"gitId":"avrilgk"},"content":"        String groupName \u003d \"NewGroup\";","lastModifiedDate":"2024-03-22"},{"lineNumber":42,"author":{"gitId":"hafizuddin-a"},"content":"        Group newGroup \u003d Group.getOrCreateGroup(groupName);","lastModifiedDate":"2024-03-24"},{"lineNumber":43,"author":{"gitId":"avrilgk"},"content":"","lastModifiedDate":"2024-03-22"},{"lineNumber":44,"author":{"gitId":"hafizuddin-a"},"content":"        assertEquals(groupName, newGroup.getGroupName(), \"Group name is not the expected value\");","lastModifiedDate":"2024-03-24"},{"lineNumber":45,"author":{"gitId":"hafizuddin-a"},"content":"","lastModifiedDate":"2024-03-24"},{"lineNumber":46,"author":{"gitId":"hafizuddin-a"},"content":"        Group.exitGroup();","lastModifiedDate":"2024-03-24"},{"lineNumber":47,"author":{"gitId":"hafizuddin-a"},"content":"        Group existingGroup \u003d Group.getOrCreateGroup(groupName);","lastModifiedDate":"2024-03-24"},{"lineNumber":48,"author":{"gitId":"hafizuddin-a"},"content":"","lastModifiedDate":"2024-03-24"},{"lineNumber":49,"author":{"gitId":"hafizuddin-a"},"content":"        assertEquals(newGroup, existingGroup, \"getOrCreateGroup should return the existing group\");","lastModifiedDate":"2024-03-24"},{"lineNumber":50,"author":{"gitId":"avrilgk"},"content":"    }","lastModifiedDate":"2024-03-22"},{"lineNumber":51,"author":{"gitId":"hafizuddin-a"},"content":"","lastModifiedDate":"2024-03-24"},{"lineNumber":52,"author":{"gitId":"avrilgk"},"content":"    @Test","lastModifiedDate":"2024-03-22"},{"lineNumber":53,"author":{"gitId":"hafizuddin-a"},"content":"    public void testExitGroup() {","lastModifiedDate":"2024-03-24"},{"lineNumber":54,"author":{"gitId":"avrilgk"},"content":"        String groupName \u003d \"ExitingGroup\";","lastModifiedDate":"2024-03-22"},{"lineNumber":55,"author":{"gitId":"avrilgk"},"content":"        Group.getOrCreateGroup(groupName);","lastModifiedDate":"2024-03-22"},{"lineNumber":56,"author":{"gitId":"avrilgk"},"content":"        Group.exitGroup();","lastModifiedDate":"2024-03-22"},{"lineNumber":57,"author":{"gitId":"hafizuddin-a"},"content":"        assertNull(Group.getCurrentGroup(), \"Did not successfully exit the group\");","lastModifiedDate":"2024-03-24"},{"lineNumber":58,"author":{"gitId":"hafizuddin-a"},"content":"    }","lastModifiedDate":"2024-03-24"},{"lineNumber":59,"author":{"gitId":"hafizuddin-a"},"content":"","lastModifiedDate":"2024-03-24"},{"lineNumber":60,"author":{"gitId":"hafizuddin-a"},"content":"    @Test","lastModifiedDate":"2024-03-24"},{"lineNumber":61,"author":{"gitId":"hafizuddin-a"},"content":"    public void testGetCurrentGroup() {","lastModifiedDate":"2024-03-24"},{"lineNumber":62,"author":{"gitId":"hafizuddin-a"},"content":"        String groupName \u003d \"CurrentGroup\";","lastModifiedDate":"2024-03-24"},{"lineNumber":63,"author":{"gitId":"hafizuddin-a"},"content":"        Group group \u003d Group.getOrCreateGroup(groupName);","lastModifiedDate":"2024-03-24"},{"lineNumber":64,"author":{"gitId":"hafizuddin-a"},"content":"","lastModifiedDate":"2024-03-24"},{"lineNumber":65,"author":{"gitId":"hafizuddin-a"},"content":"        assertEquals(group, Group.getCurrentGroup(), \"Current group is not the expected group\");","lastModifiedDate":"2024-03-24"},{"lineNumber":66,"author":{"gitId":"hafizuddin-a"},"content":"","lastModifiedDate":"2024-03-24"},{"lineNumber":67,"author":{"gitId":"hafizuddin-a"},"content":"        Group.exitGroup();","lastModifiedDate":"2024-03-24"},{"lineNumber":68,"author":{"gitId":"hafizuddin-a"},"content":"        assertNull(Group.getCurrentGroup(), \"Current group should be null after exiting\");","lastModifiedDate":"2024-03-24"},{"lineNumber":69,"author":{"gitId":"avrilgk"},"content":"    }","lastModifiedDate":"2024-03-20"},{"lineNumber":70,"author":{"gitId":"avrilgk"},"content":"}","lastModifiedDate":"2024-03-20"}],"authorContributionMap":{"avrilgk":25,"hafizuddin-a":45}},{"path":"src/test/java/seedu/duke/HelpTest.java","fileType":"test-code","lines":[{"lineNumber":1,"author":{"gitId":"MonkeScripts"},"content":"package seedu.duke;","lastModifiedDate":"2024-03-20"},{"lineNumber":2,"author":{"gitId":"MonkeScripts"},"content":"import org.junit.jupiter.api.Test;","lastModifiedDate":"2024-03-20"},{"lineNumber":3,"author":{"gitId":"MonkeScripts"},"content":"","lastModifiedDate":"2024-03-20"},{"lineNumber":4,"author":{"gitId":"MonkeScripts"},"content":"import java.io.ByteArrayOutputStream;","lastModifiedDate":"2024-03-20"},{"lineNumber":5,"author":{"gitId":"MonkeScripts"},"content":"import java.io.PrintStream;","lastModifiedDate":"2024-03-20"},{"lineNumber":6,"author":{"gitId":"MonkeScripts"},"content":"","lastModifiedDate":"2024-03-20"},{"lineNumber":7,"author":{"gitId":"MonkeScripts"},"content":"import static org.junit.jupiter.api.Assertions.assertEquals;","lastModifiedDate":"2024-03-20"},{"lineNumber":8,"author":{"gitId":"MonkeScripts"},"content":"public class HelpTest {","lastModifiedDate":"2024-03-20"},{"lineNumber":9,"author":{"gitId":"MonkeScripts"},"content":"    private static final String prompt \u003d","lastModifiedDate":"2024-03-20"},{"lineNumber":10,"author":{"gitId":"MonkeScripts"},"content":"                    \"Welcome\\n\" +","lastModifiedDate":"2024-03-20"},{"lineNumber":11,"author":{"gitId":"MonkeScripts"},"content":"                    \"help: Access help menu.\\n\" +","lastModifiedDate":"2024-03-20"},{"lineNumber":12,"author":{"gitId":"MonkeScripts"},"content":"                    \"group \u003cname\u003e: Create or enter a group.\\n\" +","lastModifiedDate":"2024-03-20"},{"lineNumber":13,"author":{"gitId":"MonkeScripts"},"content":"                    \"member \u003cname\u003e: Add a member to the group.\\n\" +","lastModifiedDate":"2024-03-20"},{"lineNumber":14,"author":{"gitId":"MonkeScripts"},"content":"                    \"expense /amount \u003camount\u003e /paid \u003cpaid_by\u003e /user \u003cuser_1\u003e /user \u003cuser_2\u003e ...: Add an expense.\\n\" +","lastModifiedDate":"2024-03-20"},{"lineNumber":15,"author":{"gitId":"MonkeScripts"},"content":"                    \"list: List all expenses in the group.\\n\" +","lastModifiedDate":"2024-03-20"},{"lineNumber":16,"author":{"gitId":"MonkeScripts"},"content":"                    \"balance \u003cuser_name\u003e: Show user\u0027s balance.\\n\";","lastModifiedDate":"2024-03-20"},{"lineNumber":17,"author":{"gitId":"MonkeScripts"},"content":"","lastModifiedDate":"2024-03-20"},{"lineNumber":18,"author":{"gitId":"MonkeScripts"},"content":"    @Test","lastModifiedDate":"2024-03-20"},{"lineNumber":19,"author":{"gitId":"MonkeScripts"},"content":"    public void dummyTest() {","lastModifiedDate":"2024-03-20"},{"lineNumber":20,"author":{"gitId":"MonkeScripts"},"content":"        assertEquals(2, 2);","lastModifiedDate":"2024-03-20"},{"lineNumber":21,"author":{"gitId":"MonkeScripts"},"content":"    }","lastModifiedDate":"2024-03-20"},{"lineNumber":22,"author":{"gitId":"MonkeScripts"},"content":"    @Test","lastModifiedDate":"2024-03-20"},{"lineNumber":23,"author":{"gitId":"MonkeScripts"},"content":"    public void testPrint() {","lastModifiedDate":"2024-03-20"},{"lineNumber":24,"author":{"gitId":"MonkeScripts"},"content":"        ByteArrayOutputStream baos \u003d new ByteArrayOutputStream();","lastModifiedDate":"2024-03-20"},{"lineNumber":25,"author":{"gitId":"MonkeScripts"},"content":"        PrintStream ps \u003d new PrintStream(baos);","lastModifiedDate":"2024-03-20"},{"lineNumber":26,"author":{"gitId":"MonkeScripts"},"content":"        System.setOut(ps);","lastModifiedDate":"2024-03-20"},{"lineNumber":27,"author":{"gitId":"MonkeScripts"},"content":"        printHelp();","lastModifiedDate":"2024-03-20"},{"lineNumber":28,"author":{"gitId":"MonkeScripts"},"content":"        String output \u003d baos.toString();","lastModifiedDate":"2024-03-20"},{"lineNumber":29,"author":{"gitId":"MonkeScripts"},"content":"        assertEquals(prompt, output);","lastModifiedDate":"2024-03-20"},{"lineNumber":30,"author":{"gitId":"MonkeScripts"},"content":"    }","lastModifiedDate":"2024-03-20"},{"lineNumber":31,"author":{"gitId":"MonkeScripts"},"content":"","lastModifiedDate":"2024-03-20"},{"lineNumber":32,"author":{"gitId":"MonkeScripts"},"content":"    static void printHelp() {","lastModifiedDate":"2024-03-20"},{"lineNumber":33,"author":{"gitId":"MonkeScripts"},"content":"        System.out.print(prompt);","lastModifiedDate":"2024-03-20"},{"lineNumber":34,"author":{"gitId":"MonkeScripts"},"content":"    }","lastModifiedDate":"2024-03-20"},{"lineNumber":35,"author":{"gitId":"MonkeScripts"},"content":"}","lastModifiedDate":"2024-03-20"}],"authorContributionMap":{"MonkeScripts":35}}]
