{"authorDailyContributionsMap":{"MonkeScripts":[{"date":"2024-03-07","commitResults":[{"hash":"705a83bba6036ad80bf35eacf02c723b7a188228","isMergeCommit":false,"messageTitle":"Change Doe John to Akshan","messageBody":"","fileTypesAndContributionMap":{"docs":{"insertions":4,"deletions":4}}}]},{"date":"2024-03-20","commitResults":[{"hash":"5809558c9f377f75fe3218a741d7bb6259961fb3","isMergeCommit":true,"messageTitle":"Merge pull request #15 from Cohii2/hengJunxiang-Parser","messageBody":"Create Parser Class","fileTypesAndContributionMap":{}},{"hash":"ae1926e630fccd4b136f13b1cde81c7b2728e9b8","isMergeCommit":true,"messageTitle":"Merge pull request #16 from hafizuddin-a/hafiz-User","messageBody":"Add user class","fileTypesAndContributionMap":{}},{"hash":"3cb8d7c97db4bba33ba0406b621c584fee247496","isMergeCommit":false,"messageTitle":"Add help menu and logo","messageBody":"","fileTypesAndContributionMap":{"functional-code":{"insertions":26,"deletions":6}}},{"hash":"3816e8709e332092ee99fb777d8d7f02d5f6ca1d","isMergeCommit":false,"messageTitle":"Correct indentation for logo","messageBody":"","fileTypesAndContributionMap":{"functional-code":{"insertions":6,"deletions":6}}},{"hash":"b7d896a70a53779913ee6a98707e3be755835d2a","isMergeCommit":false,"messageTitle":"JUnit test for help functionality","messageBody":"","fileTypesAndContributionMap":{"test-code":{"insertions":36,"deletions":0}}},{"hash":"1302735c7c6a0518bed4d05c44b173104142a280","isMergeCommit":false,"messageTitle":"help test ends with a new line","messageBody":"","fileTypesAndContributionMap":{"test-code":{"insertions":1,"deletions":2}}},{"hash":"29c5870c869b4715ccef059d60867f8c85ba1036","isMergeCommit":true,"messageTitle":"Merge pull request #30 from hafizuddin-a/hafiz-Exceptions","messageBody":"Implement exception for adding member to group","fileTypesAndContributionMap":{}},{"hash":"5c522fc4a0a32481a417fcd18b4bf95fabcb181b","isMergeCommit":true,"messageTitle":"Merge pull request #31 from Cohii2/hengJunxiang-working","messageBody":"Integrate everything","fileTypesAndContributionMap":{}}]},{"date":"2024-03-24","commitResults":[{"hash":"b0923843b3f53fc70e248892e203c9185609e4a5","isMergeCommit":true,"messageTitle":"Merge pull request #39 from hafizuddin-a/hafiz-Group","messageBody":"Update Group","fileTypesAndContributionMap":{}}]},{"date":"2024-03-26","commitResults":[{"hash":"3f607d80d3f330f46c4f819a6f35301120c8aa83","isMergeCommit":true,"messageTitle":"Merge pull request #44 from Cohii2/hengJunxiang-Parser","messageBody":"Update Parser","fileTypesAndContributionMap":{}},{"hash":"508ef89ca5ddddd2a713b87a4c23126fe1f49246","isMergeCommit":true,"messageTitle":"Merge branch \u0027master\u0027 into Avril-ammendGroup","messageBody":"","fileTypesAndContributionMap":{}},{"hash":"8b468a90b4e7df4584e3f7a5b6db18c564bbb3bb","isMergeCommit":true,"messageTitle":"Merge pull request #45 from avrilgk/Avril-ammendGroup","messageBody":"Added use of optional to handle null and fixed checkstyle","fileTypesAndContributionMap":{}},{"hash":"d6336305425d7110a08361e409d29225c7e2a383","isMergeCommit":false,"messageTitle":"Revert \"Addded use of optional to handle null and fixed checkstyle\"","messageBody":"","fileTypesAndContributionMap":{"functional-code":{"insertions":24,"deletions":72},"docs":{"insertions":8,"deletions":7},"test-code":{"insertions":12,"deletions":2}}},{"hash":"cdd03d39bc4b921e03ef9c05bd3ba548a2a68613","isMergeCommit":true,"messageTitle":"Merge pull request #48 from avrilgk/fix-optional","messageBody":"Fix optional","fileTypesAndContributionMap":{}}]},{"date":"2024-03-27","commitResults":[{"hash":"a756c57ea7b4a0691c4202aea3ffdf781a408776","isMergeCommit":false,"messageTitle":"Refactor group, group commands into an optional context in Parser.java","messageBody":"","fileTypesAndContributionMap":{"functional-code":{"insertions":107,"deletions":134},"test-code":{"insertions":70,"deletions":74}}},{"hash":"6ad73f2d146d36ba3f1cee55f83a6172edd1576d","isMergeCommit":false,"messageTitle":"Fixed Checkstyle","messageBody":"","fileTypesAndContributionMap":{"functional-code":{"insertions":15,"deletions":20},"test-code":{"insertions":0,"deletions":1}}},{"hash":"d29429da544776d15cca5a8097f59f7a507627ae","isMergeCommit":false,"messageTitle":"Fixed Checkstyle again","messageBody":"","fileTypesAndContributionMap":{"functional-code":{"insertions":14,"deletions":12},"test-code":{"insertions":3,"deletions":3}}},{"hash":"60924e6e2baa188eb8409c8f185eca038aed1dce","isMergeCommit":false,"messageTitle":"Fixed Checkstyle again and again","messageBody":"","fileTypesAndContributionMap":{"functional-code":{"insertions":5,"deletions":1}}}]},{"date":"2024-03-28","commitResults":[{"hash":"d0d2be8327d06fa199748c93b4dd53cdae38a358","isMergeCommit":false,"messageTitle":"Revert \"Refactor group, group commands into an optional context in Parser.java\"","messageBody":"","fileTypesAndContributionMap":{"functional-code":{"insertions":136,"deletions":110},"test-code":{"insertions":76,"deletions":71}}},{"hash":"2bf42b7b6e7078eb82c5d060b0260bc3967122ec","isMergeCommit":false,"messageTitle":"edit DeveloperGuide.md","messageBody":"","fileTypesAndContributionMap":{"docs":{"insertions":8,"deletions":0}}}]},{"date":"2024-03-29","commitResults":[{"hash":"76dab76361e143e0af5ecf84fd4dd3a991c3485d","isMergeCommit":false,"messageTitle":"assert true \u003d\u003d true","messageBody":"","fileTypesAndContributionMap":{"functional-code":{"insertions":1,"deletions":0}}}]},{"date":"2024-03-30","commitResults":[{"hash":"adcb2384aeb128cd4a428d3a7498631c71172cf3","isMergeCommit":false,"messageTitle":"Add currency exchange functionality","messageBody":"","fileTypesAndContributionMap":{"functional-code":{"insertions":103,"deletions":0}}},{"hash":"4c39c85d19a9ccfd296526782cacf6be97f294d0","isMergeCommit":false,"messageTitle":"Add authorship","messageBody":"","fileTypesAndContributionMap":{"functional-code":{"insertions":2,"deletions":2}}},{"hash":"0c513719990d6d8d94a84d1dd70409650e75d225","isMergeCommit":false,"messageTitle":"Add UniversalExceptions.java","messageBody":"","fileTypesAndContributionMap":{"functional-code":{"insertions":17,"deletions":0}}},{"hash":"f5d291de93ed8b83d76a09ad5f3f0d420fdfcfb6","isMergeCommit":false,"messageTitle":"Fix bug with SGD to USD conversions","messageBody":"","fileTypesAndContributionMap":{"functional-code":{"insertions":1,"deletions":1}}},{"hash":"66c19246f9b70a86ff2222213345386ab8929288","isMergeCommit":false,"messageTitle":"Add test code","messageBody":"","fileTypesAndContributionMap":{"functional-code":{"insertions":2,"deletions":3},"test-code":{"insertions":82,"deletions":0}}},{"hash":"cb3faae878154c3391721c80101876e170a87475","isMergeCommit":false,"messageTitle":"Fix checkstyle","messageBody":"","fileTypesAndContributionMap":{"functional-code":{"insertions":0,"deletions":1}}},{"hash":"1e9151649551597a09c591250087acd7b51b310b","isMergeCommit":true,"messageTitle":"Merge pull request #70 from Cohii2/hengJunxiang-pair","messageBody":"Create Pair class","fileTypesAndContributionMap":{}}]},{"date":"2024-03-31","commitResults":[{"hash":"e1653317ff8ff02cd1470b5bf7867b7c0ea697bb","isMergeCommit":false,"messageTitle":"Gambling feature","messageBody":"","fileTypesAndContributionMap":{"functional-code":{"insertions":202,"deletions":6}}},{"hash":"984b55d1fda99a739d940761c909a83ca52f8477","isMergeCommit":false,"messageTitle":"Clean out comments","messageBody":"","fileTypesAndContributionMap":{"functional-code":{"insertions":0,"deletions":18}}},{"hash":"b89385da291ad3681f8c6486076faf090ae2a1f0","isMergeCommit":false,"messageTitle":"Clean out checkstyle bugs","messageBody":"","fileTypesAndContributionMap":{"functional-code":{"insertions":8,"deletions":18},"other":{"insertions":1,"deletions":1}}},{"hash":"a486c1bd114cab8ca8612b28c7c148dfce9897c4","isMergeCommit":false,"messageTitle":"Fix helpTest","messageBody":"","fileTypesAndContributionMap":{"test-code":{"insertions":10,"deletions":5}}},{"hash":"87c0164c190b2590a36f6774a529fc6f1ee8dd73","isMergeCommit":true,"messageTitle":"Merge pull request #72 from mukund1403/master","messageBody":"update pair from javafx to inbuilt class and fix issue with equal split","fileTypesAndContributionMap":{}},{"hash":"3d2ecdcfe50d9a457e3d65a4f531ddc1171bfb2f","isMergeCommit":true,"messageTitle":"Merge pull request #75 from Cohii2/master","messageBody":"Update Balance Tests","fileTypesAndContributionMap":{}}]},{"date":"2024-04-03","commitResults":[{"hash":"109a41e3462c1627c58121bffb8e0b4d0623c891","isMergeCommit":false,"messageTitle":"Update UG","messageBody":"","fileTypesAndContributionMap":{"docs":{"insertions":12,"deletions":0}}}]}],"avrilgk":[{"date":"2024-03-15","commitResults":[{"hash":"512904bd5d3e191028e872985fca3ce1050bbf09","isMergeCommit":true,"messageTitle":"Merge pull request #6 from mukund1403/basic_expense","messageBody":"Add basic expense adding","fileTypesAndContributionMap":{}}]},{"date":"2024-03-19","commitResults":[{"hash":"0b34586a872bb162cae6ff6c549951def852aa25","isMergeCommit":true,"messageTitle":"Merge pull request #5 from Cohii2/hengJunxiang-Balance","messageBody":"Create Balance class","fileTypesAndContributionMap":{}},{"hash":"44e68c79cf335c8cddb72805e383f2a9db50ac30","isMergeCommit":false,"messageTitle":"Add Group function","messageBody":"","fileTypesAndContributionMap":{"functional-code":{"insertions":25,"deletions":0}}}]},{"date":"2024-03-20","commitResults":[{"hash":"5764a389b84cbfb92077ead14e8748edc1de00e7","isMergeCommit":true,"messageTitle":"Merge pull request #21 from hafizuddin-a/hafiz_AddUserTest","messageBody":"Implement add user test","fileTypesAndContributionMap":{}},{"hash":"f021b52e6318b67651d954ad4ecc22c0d8965d02","isMergeCommit":false,"messageTitle":"Update GroupTest","messageBody":"","fileTypesAndContributionMap":{"functional-code":{"insertions":13,"deletions":1},"test-code":{"insertions":14,"deletions":0}}},{"hash":"702c9333a158bd756d4addfd941b5356df2f58dd","isMergeCommit":false,"messageTitle":"Update GroupTest and group parser","messageBody":"","fileTypesAndContributionMap":{"functional-code":{"insertions":17,"deletions":11}}},{"hash":"fb7a8e3cb84a96beef0feb635f4b1d8bf2c3dc59","isMergeCommit":false,"messageTitle":"Update GroupTest and group parser","messageBody":"","fileTypesAndContributionMap":{"functional-code":{"insertions":1,"deletions":4}}}]},{"date":"2024-03-22","commitResults":[{"hash":"9ff8858398809cfb39103922dc2906826e030502","isMergeCommit":false,"messageTitle":"Update group functions and tests","messageBody":"","fileTypesAndContributionMap":{"functional-code":{"insertions":127,"deletions":77},"test-code":{"insertions":28,"deletions":3}}},{"hash":"bec302eb21ee890663c0d77d99defcee40e9fe55","isMergeCommit":false,"messageTitle":"Fixed indentations","messageBody":"","fileTypesAndContributionMap":{"functional-code":{"insertions":18,"deletions":19},"test-code":{"insertions":2,"deletions":2}}},{"hash":"37c8a9006e254d317d84d41a0e2ea29842de96ab","isMergeCommit":false,"messageTitle":"Fixed indentations","messageBody":"","fileTypesAndContributionMap":{"functional-code":{"insertions":0,"deletions":2}}}]},{"date":"2024-03-24","commitResults":[{"hash":"696016560ed3caf2fea73f54a156119ae5e6bd79","isMergeCommit":true,"messageTitle":"Merge pull request #37 from hafizuddin-a/hafiz-CodeQuality","messageBody":"Fix checkstyle error","fileTypesAndContributionMap":{}}]},{"date":"2024-03-25","commitResults":[{"hash":"536dab790fddb77f423ddb12d120d6a7e5f0ac2d","isMergeCommit":false,"messageTitle":"Addded use of optional to handle null and fixed checkstyle","messageBody":"","fileTypesAndContributionMap":{"functional-code":{"insertions":91,"deletions":79},"docs":{"insertions":7,"deletions":8},"test-code":{"insertions":5,"deletions":1}}}]},{"date":"2024-03-26","commitResults":[{"hash":"dc1f18f13e256c45cdf94e9e9997e289b456f4d3","isMergeCommit":false,"messageTitle":"optional update","messageBody":"","fileTypesAndContributionMap":{"functional-code":{"insertions":33,"deletions":26},"test-code":{"insertions":35,"deletions":22}}},{"hash":"63af72342d3b57b75823b1d578d818fbab6c1e99","isMergeCommit":false,"messageTitle":"optional update","messageBody":"","fileTypesAndContributionMap":{"test-code":{"insertions":0,"deletions":14}}}]},{"date":"2024-03-28","commitResults":[{"hash":"334b124ec15b0a22950bebe4223721126b95bb8a","isMergeCommit":true,"messageTitle":"Merge pull request #51 from AY2324S2-CS2113-T15-3/revert-49-refactor_group","messageBody":"Revert \"Refactor group, group commands into an optional context in Parser.java\"","fileTypesAndContributionMap":{}},{"hash":"0621b24e6f387e0aaa38fd8d7eedc96b3b31de1a","isMergeCommit":true,"messageTitle":"Merge pull request #50 from hafizuddin-a/hafiz-DG","messageBody":"Add member feature in DG","fileTypesAndContributionMap":{}},{"hash":"c9cefa7dba276e09f8433de30db35ef54879a53d","isMergeCommit":false,"messageTitle":"DG Update and name Author","messageBody":"","fileTypesAndContributionMap":{"functional-code":{"insertions":45,"deletions":10},"docs":{"insertions":30,"deletions":4}}}]},{"date":"2024-03-29","commitResults":[{"hash":"3d83e9a888219c815407493b08164e232367cac8","isMergeCommit":true,"messageTitle":"Merge pull request #56 from MonkeScripts/master","messageBody":"assert true \u003d\u003d true","fileTypesAndContributionMap":{}},{"hash":"7ae70201b99353988e76287bc00dc0d1a90110be","isMergeCommit":true,"messageTitle":"Merge pull request #58 from Cohii2/master","messageBody":"Update docs","fileTypesAndContributionMap":{}},{"hash":"a6489e0de30e83b4b6e1dc337f375ecb929d5e8b","isMergeCommit":false,"messageTitle":"Delete group function","messageBody":"","fileTypesAndContributionMap":{"functional-code":{"insertions":31,"deletions":7}}},{"hash":"c7fb57267f1f2f5fe131f323eed372b8966ba43e","isMergeCommit":false,"messageTitle":"Delete group function","messageBody":"","fileTypesAndContributionMap":{"test-code":{"insertions":2,"deletions":0}}}]},{"date":"2024-03-30","commitResults":[{"hash":"c266a505909d944fe8e62993051fcbe64499532a","isMergeCommit":true,"messageTitle":"Merge pull request #64 from hafizuddin-a/hafiz-Database","messageBody":"Implement database","fileTypesAndContributionMap":{}}]},{"date":"2024-03-31","commitResults":[{"hash":"a91d01763edc323cba2af531c27293fc91f578b1","isMergeCommit":false,"messageTitle":"Settle up function","messageBody":"","fileTypesAndContributionMap":{"functional-code":{"insertions":174,"deletions":29},"test-code":{"insertions":4,"deletions":0}}},{"hash":"980abdf57636a5b594c0bdd2c7c3fa39ba80b51f","isMergeCommit":false,"messageTitle":"Fix test fails","messageBody":"","fileTypesAndContributionMap":{"test-code":{"insertions":6,"deletions":6}}},{"hash":"894c21411c8432659071c508ec9368be71069bab","isMergeCommit":false,"messageTitle":"Fix test fails","messageBody":"","fileTypesAndContributionMap":{"test-code":{"insertions":2,"deletions":2}}},{"hash":"5030a653f8b3cbe3b822deeed6d3301a896fba6e","isMergeCommit":false,"messageTitle":"Fix test fails","messageBody":"","fileTypesAndContributionMap":{"test-code":{"insertions":0,"deletions":2}}},{"hash":"5763375064479c1f1c69bdcc83c34d4b4ae171d4","isMergeCommit":false,"messageTitle":"Updated settle function","messageBody":"","fileTypesAndContributionMap":{"functional-code":{"insertions":7,"deletions":1}}}]},{"date":"2024-04-02","commitResults":[{"hash":"08034e128b0dd1ae2db722e968c7804a4eb01c03","isMergeCommit":false,"messageTitle":"Updated DG for settle function","messageBody":"","fileTypesAndContributionMap":{"functional-code":{"insertions":4,"deletions":18},"docs":{"insertions":30,"deletions":8}}}]},{"date":"2024-04-03","commitResults":[{"hash":"266bf30142f39d3a3b457c0e2e6a194000b80a54","isMergeCommit":false,"messageTitle":"Update UG and DG","messageBody":"","fileTypesAndContributionMap":{"docs":{"insertions":62,"deletions":16}}},{"hash":"87d52c3dcc1c2d9e010ee9dd9a99b796c0ac566e","isMergeCommit":false,"messageTitle":"Refactoring of settle to remove arrowhead code and settle JUNIT testing","messageBody":"","fileTypesAndContributionMap":{"functional-code":{"insertions":68,"deletions":21},"test-code":{"insertions":67,"deletions":0}}}]}],"hafizuddin-a":[{"date":"2024-03-07","commitResults":[{"hash":"ef1fe424fa6fdf3d4d1f7b107b6beecf80f243f9","isMergeCommit":false,"messageTitle":"Update name in AboutUs","messageBody":"","fileTypesAndContributionMap":{"docs":{"insertions":5,"deletions":5}}}]},{"date":"2024-03-20","commitResults":[{"hash":"dd69ac58a77b1a4e88e22ddd3335b2bd448c70d0","isMergeCommit":false,"messageTitle":"Add User class","messageBody":"","fileTypesAndContributionMap":{"functional-code":{"insertions":13,"deletions":0},"other":{"insertions":1,"deletions":2}}},{"hash":"fed1d326d41df02f876f614228de9dcef2ece259","isMergeCommit":false,"messageTitle":"Rename name attribute to userName","messageBody":"- namu attribute already used in Group class\n","fileTypesAndContributionMap":{"functional-code":{"insertions":4,"deletions":4}}},{"hash":"4a9768d329ba165c271dc3ea05a0d7d78dff7101","isMergeCommit":true,"messageTitle":"Merge branch \u0027master\u0027 into basic_expense","messageBody":"","fileTypesAndContributionMap":{}},{"hash":"8e58b0dc32e8909a9618ffa661f4027c984cbda7","isMergeCommit":true,"messageTitle":"Merge pull request #20 from mukund1403/basic_expense","messageBody":"Add expense parsing and formatting for expense objects.","fileTypesAndContributionMap":{}},{"hash":"d6c0677f7aa6ef25c13171ba4c567ead5cdee6ee","isMergeCommit":false,"messageTitle":"Add test file","messageBody":"","fileTypesAndContributionMap":{"test-code":{"insertions":31,"deletions":0}}},{"hash":"0e6d0729c9b7f6ed4c91f2486873202ba485faf0","isMergeCommit":false,"messageTitle":"Implement user ArrayList","messageBody":"","fileTypesAndContributionMap":{"functional-code":{"insertions":9,"deletions":0},"test-code":{"insertions":1,"deletions":0}}},{"hash":"6764b437c429ce95132dc97205cca2aed42272e9","isMergeCommit":true,"messageTitle":"Merge pull request #24 from avrilgk/Avril-GroupTest","messageBody":"Update Group Test ","fileTypesAndContributionMap":{}},{"hash":"3f70912b6ed3196c8db47207bbb25bd1cd75518a","isMergeCommit":true,"messageTitle":"Merge pull request #29 from mukund1403/basic_expense","messageBody":"Add JUnit testing, Exception handling, Javadoc Comments for Expenses","fileTypesAndContributionMap":{}},{"hash":"584c87bfc1e1d730631432d90843d25ebe4bed34","isMergeCommit":false,"messageTitle":"Fix checkstyle error","messageBody":"","fileTypesAndContributionMap":{"functional-code":{"insertions":1,"deletions":2},"test-code":{"insertions":1,"deletions":1}}},{"hash":"068b5be51c711a85b5010d0aee47a1cb16e70137","isMergeCommit":false,"messageTitle":"Implement exception handling for adding user to group","messageBody":"* name renamed to groupName in group class\n","fileTypesAndContributionMap":{"functional-code":{"insertions":21,"deletions":5}}},{"hash":"f229ad3ea0838f855c7daf8f8d58ea7401b2b284","isMergeCommit":false,"messageTitle":"Add member logic to Parser class","messageBody":"","fileTypesAndContributionMap":{"functional-code":{"insertions":7,"deletions":2}}},{"hash":"285e030be297ba031e480f1ec46355f39fcb1a89","isMergeCommit":false,"messageTitle":"Exception handling for addiing member in Parser","messageBody":"","fileTypesAndContributionMap":{"functional-code":{"insertions":16,"deletions":6},"test-code":{"insertions":1,"deletions":1}}},{"hash":"fe15f63838961a56b7a726d829eb47bccccab8b7","isMergeCommit":false,"messageTitle":"Update help","messageBody":"","fileTypesAndContributionMap":{"functional-code":{"insertions":4,"deletions":3}}},{"hash":"034289683eb769be2e896f4b6fcc19d4036fd477","isMergeCommit":false,"messageTitle":"Fix line more than 120 char in GroupTest","messageBody":"","fileTypesAndContributionMap":{"test-code":{"insertions":1,"deletions":1}}}]},{"date":"2024-03-22","commitResults":[{"hash":"f25ba415a1a7077fe7adea3f754d91d68aade393","isMergeCommit":true,"messageTitle":"Merge pull request #34 from avrilgk/Avril-ammendGroup","messageBody":"Amend group functionality","fileTypesAndContributionMap":{}},{"hash":"f333e227938a0ab72c9e4ae8b6d01ed2e57c0e04","isMergeCommit":false,"messageTitle":"Fix checkstyle error","messageBody":"* end file with newline\n* static variables before instance variables\n* line less than 120 char\n* case inline with switch for switch case\n","fileTypesAndContributionMap":{"functional-code":{"insertions":69,"deletions":69}}}]},{"date":"2024-03-23","commitResults":[{"hash":"4a34bd96ea3fade9163dc1fd38c1c95375bf5403","isMergeCommit":false,"messageTitle":"Add parser add member logic method","messageBody":"","fileTypesAndContributionMap":{"functional-code":{"insertions":12,"deletions":27}}},{"hash":"1496657778c7e203c8e9f74381ddd54b1541fd8c","isMergeCommit":false,"messageTitle":"Update help","messageBody":"","fileTypesAndContributionMap":{"functional-code":{"insertions":1,"deletions":1}}}]},{"date":"2024-03-24","commitResults":[{"hash":"a401749d116c8d9856255b9772e4218b7c43fb82","isMergeCommit":false,"messageTitle":"Refactor getOrCreateGroup","messageBody":"- follow SLAP for the method\n- using Optional was abit complex. practice KISS\n","fileTypesAndContributionMap":{"functional-code":{"insertions":78,"deletions":53}}},{"hash":"97bccd9b8929046183319d0697b43f63734a49d8","isMergeCommit":false,"messageTitle":"Update AddUserTest","messageBody":"","fileTypesAndContributionMap":{"test-code":{"insertions":9,"deletions":8}}},{"hash":"e674ac7a265d5d54a04618095011ba27336340d9","isMergeCommit":false,"messageTitle":"Update GroupTest","messageBody":"- add testCurrentGroup\n- unit tests to start with test in the name\n","fileTypesAndContributionMap":{"test-code":{"insertions":45,"deletions":14}}},{"hash":"41c982175410d47d6bc56b9deb784512a9e6f44b","isMergeCommit":false,"messageTitle":"Create GroupCommand class","messageBody":"- class handles group related commands like create exit and member\n","fileTypesAndContributionMap":{"functional-code":{"insertions":47,"deletions":7}}},{"hash":"24431d72f786e389ac74102b4147aba23b2bd4e9","isMergeCommit":false,"messageTitle":"Rearrange parser","messageBody":"","fileTypesAndContributionMap":{"functional-code":{"insertions":3,"deletions":3}}},{"hash":"3da39cb86a400334858fc3064d62a085e4b10732","isMergeCommit":false,"messageTitle":"Add isMember method","messageBody":"- checks if new member already a member\n","fileTypesAndContributionMap":{"functional-code":{"insertions":21,"deletions":1}}}]},{"date":"2024-03-25","commitResults":[{"hash":"cc71d70facf575ff060fe9fc7fecc7c61ca9b2d1","isMergeCommit":true,"messageTitle":"Merge pull request #42 from mukund1403/basic_expense","messageBody":"Add payer as first index in payee list for Expenses, remove duplicate function in expenses and refactor parser","fileTypesAndContributionMap":{}}]},{"date":"2024-03-27","commitResults":[{"hash":"db5832e89133e7d62d2dfe3e249e1200534c591b","isMergeCommit":true,"messageTitle":"Merge pull request #49 from MonkeScripts/refactor_group","messageBody":"Refactor group, group commands into an optional context in Parser.java","fileTypesAndContributionMap":{}}]},{"date":"2024-03-28","commitResults":[{"hash":"6afa5bec27daf2b6153bf9e91bd879919c28c941","isMergeCommit":false,"messageTitle":"Add member feature in DG","messageBody":"","fileTypesAndContributionMap":{"docs":{"insertions":17,"deletions":4}}}]},{"date":"2024-03-29","commitResults":[{"hash":"5f69ae63bdd0b8e11e7195d5aa138e2a2777e756","isMergeCommit":true,"messageTitle":"Merge branch \u0027master\u0027 into master","messageBody":"","fileTypesAndContributionMap":{}},{"hash":"68d3e86fcea6f855a8dc48bf79dc234f4313e04c","isMergeCommit":true,"messageTitle":"Merge pull request #52 from mukund1403/master","messageBody":"Modify developer guide","fileTypesAndContributionMap":{}},{"hash":"5e0eb89c911dadfa8030cc1e30946a019bb6d8b3","isMergeCommit":true,"messageTitle":"Merge branch \u0027master\u0027 into Avril-DGupdate","messageBody":"","fileTypesAndContributionMap":{}},{"hash":"00dd69318f675e45c83efa1181570fbea81ad9fc","isMergeCommit":true,"messageTitle":"Merge pull request #53 from avrilgk/Avril-DGupdate","messageBody":"DG Update and name Author","fileTypesAndContributionMap":{}},{"hash":"fbee759a5353b2cf89ff2eb7e1d46f6714f3129b","isMergeCommit":true,"messageTitle":"Merge pull request #54 from MonkeScripts/master","messageBody":"edit DeveloperGuide.md","fileTypesAndContributionMap":{}},{"hash":"4ff1d153a30b9719f7ed2e9f729a415e0ebf778a","isMergeCommit":true,"messageTitle":"Merge pull request #55 from Cohii2/hengJunxiang-group-expense-integration","messageBody":"Integrate Balance class with Group and Expense classes","fileTypesAndContributionMap":{}},{"hash":"d93c0ddaf551891129797ae151e93344e00f3a3e","isMergeCommit":false,"messageTitle":"Add GroupStorage class for saving and loading group data","messageBody":"Implement methods to save and load group information to/from a text file\nStructure the saved data with group name, members, and expenses:\nGroupName\nMembers:\nMember1\nMember2\n...\nExpenses:\nTotalAmount1,PayerName1,Payee1,Payee2,...\nTotalAmount2,PayerName2,Payee1,Payee2,...\n","fileTypesAndContributionMap":{"functional-code":{"insertions":133,"deletions":0}}}]},{"date":"2024-03-30","commitResults":[{"hash":"85b1b7f75aeebdda295139c44402cdaf1d14e2da","isMergeCommit":false,"messageTitle":"Add loading and saving group data in Group class","messageBody":"","fileTypesAndContributionMap":{"functional-code":{"insertions":18,"deletions":6}}},{"hash":"054767d0ee2547d49ff477efdee1557502da235d","isMergeCommit":false,"messageTitle":"Add exceptions package","messageBody":"","fileTypesAndContributionMap":{"functional-code":{"insertions":14,"deletions":0}}},{"hash":"ecdc341e45758b554fbe273dacf0af2494284b07","isMergeCommit":false,"messageTitle":"Made expense class public and add GroupFIlePath","messageBody":"","fileTypesAndContributionMap":{"functional-code":{"insertions":25,"deletions":1},"other":{"insertions":5,"deletions":1}}},{"hash":"ec58b623d2a57aea292611bccfed18e9c70a8294","isMergeCommit":false,"messageTitle":"Add File interface","messageBody":"","fileTypesAndContributionMap":{"functional-code":{"insertions":51,"deletions":63}}},{"hash":"3e428b6ef4ccf7077ad9b66f7b1a04cf60b75c54","isMergeCommit":false,"messageTitle":"Handle storage exceptions in Group","messageBody":"","fileTypesAndContributionMap":{"functional-code":{"insertions":28,"deletions":12}}},{"hash":"7509d8ce45c91b020394b3401f5b9626e489e12e","isMergeCommit":false,"messageTitle":"Add Javadoc","messageBody":"","fileTypesAndContributionMap":{"functional-code":{"insertions":87,"deletions":0},"test-code":{"insertions":5,"deletions":0}}},{"hash":"519f800e5a241fe747ff6789b624195f9b41f79e","isMergeCommit":false,"messageTitle":"Add authors for expense class","messageBody":"","fileTypesAndContributionMap":{"functional-code":{"insertions":2,"deletions":1}}},{"hash":"e5f4af075f577cb9a77fe8c8ce7a09fa865bb8d6","isMergeCommit":false,"messageTitle":"Update authors","messageBody":"- no space after @@\n","fileTypesAndContributionMap":{"functional-code":{"insertions":8,"deletions":8}}},{"hash":"67316b45f47f894d8da03c917957139744017f96","isMergeCommit":true,"messageTitle":"Merge pull request #61 from avrilgk/Avril-deletegroup","messageBody":"Added delete group function","fileTypesAndContributionMap":{}},{"hash":"4afd8ce3ea2183cef45870b0ee8371a96983fa87","isMergeCommit":true,"messageTitle":"Merge branch \u0027master\u0027 of https://github.com/AY2324S2-CS2113-T15-3/tp into hafiz-Database","messageBody":"","fileTypesAndContributionMap":{}},{"hash":"4e5f332ba8fcc1ba55f126f86c99d01cbc8d2847","isMergeCommit":false,"messageTitle":"ArrayList for payees","messageBody":"","fileTypesAndContributionMap":{"functional-code":{"insertions":10,"deletions":3}}},{"hash":"a7f7cfbb3ba1f4181f24439ff7312865eb353a18","isMergeCommit":false,"messageTitle":"Add Group test cases","messageBody":"","fileTypesAndContributionMap":{"functional-code":{"insertions":7,"deletions":3},"test-code":{"insertions":76,"deletions":0}}},{"hash":"9db45b91cd0643b9e2572554eb128d92d63eb262","isMergeCommit":false,"messageTitle":"Add assertions","messageBody":"","fileTypesAndContributionMap":{"functional-code":{"insertions":2,"deletions":0}}},{"hash":"f24cebf3359cf9e2dec606c419f615ffaa008044","isMergeCommit":false,"messageTitle":"Javadoc for setGroupsDirectory","messageBody":"","fileTypesAndContributionMap":{"functional-code":{"insertions":12,"deletions":0}}},{"hash":"50d66a00094296163eef8c17035405b93e7eccd8","isMergeCommit":false,"messageTitle":"Extract more methods from load and save","messageBody":"","fileTypesAndContributionMap":{"functional-code":{"insertions":123,"deletions":64}}},{"hash":"72b4bf9a32bc92f0e1287670943bb07e4240acc6","isMergeCommit":false,"messageTitle":"Update GroupStorageTest","messageBody":"","fileTypesAndContributionMap":{"test-code":{"insertions":1,"deletions":2}}},{"hash":"9abab78f56ffedcac548e75f872d4e42acc9137c","isMergeCommit":true,"messageTitle":"Merge branch \u0027master\u0027 of https://github.com/AY2324S2-CS2113-T15-3/tp into hafiz-Database","messageBody":"","fileTypesAndContributionMap":{}},{"hash":"0ba59488eec2598289954aa2e63dcf7006478ba5","isMergeCommit":false,"messageTitle":"Null check for adding members","messageBody":"","fileTypesAndContributionMap":{"functional-code":{"insertions":5,"deletions":0}}},{"hash":"68097ee252e348f042f6a284c0eca9b87c34373a","isMergeCommit":false,"messageTitle":"Add loadGroupNames to load at the start","messageBody":"- I just realised that groups should be loaded at the start of the app and not when you enter a group\n- Also need handle case of empty group data\n","fileTypesAndContributionMap":{"functional-code":{"insertions":31,"deletions":0}}},{"hash":"d71d7d65c2fc94d4100c2e107e0034b775812c5c","isMergeCommit":true,"messageTitle":"Merge branch \u0027master\u0027 into hafiz-Database","messageBody":"","fileTypesAndContributionMap":{}},{"hash":"25c367abda16c4cec476cdb25c5db2cd94290353","isMergeCommit":true,"messageTitle":"Merge branch \u0027master\u0027 of https://github.com/AY2324S2-CS2113-T15-3/tp into hafiz-Database","messageBody":"# Conflicts:\n#\tsrc/main/java/seedu/duke/Expense.java\n","fileTypesAndContributionMap":{}},{"hash":"1414676c54fb6d9476a2910e5d8883a1bff2b5f4","isMergeCommit":false,"messageTitle":"Update GroupStorage","messageBody":"","fileTypesAndContributionMap":{"functional-code":{"insertions":32,"deletions":12}}},{"hash":"1b27b086e5ad6de2a649d0b51a1fe69a020757da","isMergeCommit":true,"messageTitle":"Merge branch \u0027hafiz-Database\u0027 of https://github.com/hafizuddin-a/tp into hafiz-Database","messageBody":"# Conflicts:\n#\tsrc/main/java/seedu/duke/Expense.java\n","fileTypesAndContributionMap":{}},{"hash":"a8f5370256ead7bdcf34ef0303ba4437a0f9a1bd","isMergeCommit":false,"messageTitle":"Fix checkstyle","messageBody":"","fileTypesAndContributionMap":{"functional-code":{"insertions":17,"deletions":19}}},{"hash":"759ff1835674051f941c8a33e27441ffd5d979f4","isMergeCommit":true,"messageTitle":"Merge branch \u0027master\u0027 into hafiz-Database","messageBody":"","fileTypesAndContributionMap":{}}]},{"date":"2024-04-02","commitResults":[{"hash":"e426a4f5be54038a0fdc44099ca3beb873c2b83f","isMergeCommit":true,"messageTitle":"Merge pull request #84 from avrilgk/update-settle","messageBody":"Updated DG for settle function","fileTypesAndContributionMap":{}},{"hash":"4cbcb3039daf374598a46082f9e347ec0fa3e324","isMergeCommit":false,"messageTitle":"Add UniversalExceptions to exceptions package","messageBody":"","fileTypesAndContributionMap":{"functional-code":{"insertions":2,"deletions":2},"other":{"insertions":1,"deletions":1}}},{"hash":"39ce4d6f3644200e490ab591eafb357ac423f38f","isMergeCommit":false,"messageTitle":"Optional for loadedgroup","messageBody":"","fileTypesAndContributionMap":{"functional-code":{"insertions":4,"deletions":6}}}]},{"date":"2024-04-03","commitResults":[{"hash":"e9074beef5006d1f4b5e80d47a6eadf38e0d9ace","isMergeCommit":true,"messageTitle":"Merge pull request #85 from avrilgk/Avril-UG","messageBody":"Update UG and DG","fileTypesAndContributionMap":{}},{"hash":"0f2568d60159d9f49d0125d025805d85fb58b2e8","isMergeCommit":true,"messageTitle":"Merge branch \u0027master\u0027 of https://github.com/AY2324S2-CS2113-T15-3/tp into hafiz-FixDatabase","messageBody":"","fileTypesAndContributionMap":{}},{"hash":"8c7bc2464509d8c5f9e0a7679466704d604e82e1","isMergeCommit":false,"messageTitle":"Update UG","messageBody":"","fileTypesAndContributionMap":{"docs":{"insertions":28,"deletions":2}}},{"hash":"833d423b638872d793eb3d344ae1db0e3b1019f7","isMergeCommit":false,"messageTitle":"Fix checkstyle","messageBody":"","fileTypesAndContributionMap":{"functional-code":{"insertions":0,"deletions":1}}},{"hash":"814c0bf1a75e524d07446da5995b6215966c91f7","isMergeCommit":false,"messageTitle":"Add diagram","messageBody":"","fileTypesAndContributionMap":{"docs":{"insertions":3,"deletions":2}}},{"hash":"f8c861e8c040c1d2b593e112f7ee0100b05ac414","isMergeCommit":false,"messageTitle":"Add GroupNameChecker","messageBody":"","fileTypesAndContributionMap":{"functional-code":{"insertions":2,"deletions":0}}},{"hash":"c3ef76f5dbf7d71b9e26d37b90f51590a56b7dd8","isMergeCommit":false,"messageTitle":"Fix GroupNameChecker","messageBody":"","fileTypesAndContributionMap":{"functional-code":{"insertions":78,"deletions":26}}},{"hash":"5dab2c4160bd11f0447c890143137a79a3586332","isMergeCommit":false,"messageTitle":"Update loadGroupName","messageBody":"","fileTypesAndContributionMap":{"functional-code":{"insertions":14,"deletions":8}}},{"hash":"4ddb382920e7295ab21030bf9732092e71f7708c","isMergeCommit":false,"messageTitle":"Fix Checkstyle","messageBody":"","fileTypesAndContributionMap":{"functional-code":{"insertions":1,"deletions":1}}}]}],"Cohii2":[{"date":"2024-03-07","commitResults":[{"hash":"ef66b5b45b63bd32daff9062fa89766374a31af8","isMergeCommit":false,"messageTitle":"Update Docs","messageBody":"","fileTypesAndContributionMap":{"other":{"insertions":17,"deletions":0},"docs":{"insertions":7,"deletions":7}}}]},{"date":"2024-03-15","commitResults":[{"hash":"b511729bfe51357aac472984bc557f4654ea15ea","isMergeCommit":false,"messageTitle":"Create Balance class","messageBody":"Created Balance class to show list of members the user owes money to.\n\nClass currently uses Hash Map to store user \u0026 balance value pairs - will update for use with other classes once available.\n","fileTypesAndContributionMap":{"functional-code":{"insertions":37,"deletions":0}}},{"hash":"67665a9bd86122c7c4ec732b897cd915951e1b4b","isMergeCommit":false,"messageTitle":"Delete test comment","messageBody":"Deleted testing code that causes commit to fail auto-testing code.\n","fileTypesAndContributionMap":{"functional-code":{"insertions":0,"deletions":13}}}]},{"date":"2024-03-19","commitResults":[{"hash":"2eecf732e7f06c5d502d79f53bad0f85c9c0faa9","isMergeCommit":true,"messageTitle":"Merge pull request #7 from avrilgk/Avril-Group","messageBody":"Add Group function","fileTypesAndContributionMap":{}},{"hash":"3f3f40dbb91cc00700e4eb0f40aa8ab633b6cef7","isMergeCommit":false,"messageTitle":"Create Parser class","messageBody":"Create Parser class to read user input, skeleton code to call function for each different case\n","fileTypesAndContributionMap":{"functional-code":{"insertions":48,"deletions":25}}},{"hash":"c149d3f0328344ea20d0530a13823ac6555344be","isMergeCommit":false,"messageTitle":"Edit Parser Class","messageBody":"Added default clause to switch statement\n","fileTypesAndContributionMap":{"functional-code":{"insertions":2,"deletions":0}}},{"hash":"aa0089fc3f530fd7f97ad68e92461d77802b06eb","isMergeCommit":false,"messageTitle":"Add break statements","messageBody":"Added missing break statements to switch statement.\n","fileTypesAndContributionMap":{"functional-code":{"insertions":7,"deletions":0}}},{"hash":"26009f2f900e866eed2f05e3fdcee1896c2d234a","isMergeCommit":false,"messageTitle":"Fix Parser","messageBody":"","fileTypesAndContributionMap":{"functional-code":{"insertions":3,"deletions":1}}},{"hash":"138e2b7023dc29793debe44a139cf6e0d007338e","isMergeCommit":false,"messageTitle":"Fix Parser","messageBody":"Resolve NoSuchElementException\n","fileTypesAndContributionMap":{"functional-code":{"insertions":2,"deletions":1}}}]},{"date":"2024-03-20","commitResults":[{"hash":"1ee18bfb2981844565b6af8c43b3310403597c0b","isMergeCommit":false,"messageTitle":"Revert to original","messageBody":"Revert to original greeting\n","fileTypesAndContributionMap":{"functional-code":{"insertions":2,"deletions":1}}},{"hash":"d0dc8daf815063687398885c80fa666c75e85bac","isMergeCommit":false,"messageTitle":"Edit classes","messageBody":"Created new Member Class, edited Group and Expense Classes\n","fileTypesAndContributionMap":{"functional-code":{"insertions":19,"deletions":4},"other":{"insertions":10,"deletions":6}}},{"hash":"037667ab1c4e2e308e1eeeed0a45ae0122df3ae8","isMergeCommit":false,"messageTitle":"Revert \"Edit classes\"","messageBody":"This reverts commit d0dc8daf815063687398885c80fa666c75e85bac.\n","fileTypesAndContributionMap":{"functional-code":{"insertions":4,"deletions":19},"other":{"insertions":6,"deletions":10}}},{"hash":"4d50a99041cb45e9a806f63feb1fd2fd98b4e163","isMergeCommit":true,"messageTitle":"Merge branch \u0027master\u0027 into hengJunxiang-Balance","messageBody":"","fileTypesAndContributionMap":{}},{"hash":"15385603b0d21663300434b9bd87f4a773195833","isMergeCommit":false,"messageTitle":"Update Balance Class","messageBody":"Moved Balance Class to seedu.duke\nUpdated Balance Class constructor to work with User and Expense classes.\n","fileTypesAndContributionMap":{"functional-code":{"insertions":83,"deletions":30}}},{"hash":"e0441897b7b45e03f4eca416e3e4afeb190f4228","isMergeCommit":false,"messageTitle":"Add JUnit testing to Balance Class","messageBody":"","fileTypesAndContributionMap":{"functional-code":{"insertions":8,"deletions":0},"test-code":{"insertions":38,"deletions":0}}},{"hash":"3cd6db224834bd252c6517720995a5b2fc7e1a2e","isMergeCommit":false,"messageTitle":"Fix checkstyle error","messageBody":"Change order of cosntructor and methods in Expense and Balance class\n","fileTypesAndContributionMap":{"functional-code":{"insertions":18,"deletions":19}}},{"hash":"f85a3ce09ec7dee289db22b5e626aaaac3d7f1dc","isMergeCommit":false,"messageTitle":"Fix checkstyle errors","messageBody":"Change name field in Group to protected\nRemove unused ArrayList import in Duke Class\n","fileTypesAndContributionMap":{"functional-code":{"insertions":1,"deletions":2}}},{"hash":"f0e9b62b580e513359a33b8756fbda9271b99111","isMergeCommit":true,"messageTitle":"Merge branch \u0027master\u0027 into hengJunxiang-Balance","messageBody":"","fileTypesAndContributionMap":{}},{"hash":"f043832eca2593c7e97938b6d8d5dc962860e527","isMergeCommit":false,"messageTitle":"Fix checkstyle error again","messageBody":"Change name param in Group Class to protected\n","fileTypesAndContributionMap":{"functional-code":{"insertions":1,"deletions":1}}},{"hash":"a095fea0cfdc5f165282264e8167589468ab8e8e","isMergeCommit":true,"messageTitle":"Merge branch \u0027master\u0027 into basic_expense","messageBody":"","fileTypesAndContributionMap":{}},{"hash":"3a85dbb754ef9eae83d7fc5a100791406e22d7c7","isMergeCommit":true,"messageTitle":"Merge pull request #27 from MonkeScripts/master","messageBody":"JUnit test for help functionality","fileTypesAndContributionMap":{}},{"hash":"bee024b8eecbe74fdf2e71c9f5b4ce3b0fe1c588","isMergeCommit":false,"messageTitle":"Integrate everything","messageBody":"Got it to work\n\n\"Freaking dumb\" -Shaoliang\n","fileTypesAndContributionMap":{"functional-code":{"insertions":30,"deletions":3}}},{"hash":"a309653bfdddd1e345e3b403b7f21ef784268029","isMergeCommit":false,"messageTitle":"Revert \"Integrate everything\"","messageBody":"This reverts commit bee024b8eecbe74fdf2e71c9f5b4ce3b0fe1c588.\n","tags":["on-publish"],"fileTypesAndContributionMap":{"functional-code":{"insertions":3,"deletions":30}}},{"hash":"649d4157f01f73139efd574142ab6d430a42345e","isMergeCommit":false,"messageTitle":"Fix checkstyle error","messageBody":"variable declaration order\n","fileTypesAndContributionMap":{"functional-code":{"insertions":1,"deletions":2}}},{"hash":"29159c9b01031f91c37833eb82bc964f9a2631c8","isMergeCommit":true,"messageTitle":"Merge branch \u0027master\u0027 into no-integration","messageBody":"","fileTypesAndContributionMap":{}},{"hash":"35cce64252534d27a3b9cd8ac921726acaa5d628","isMergeCommit":true,"messageTitle":"Merge pull request #32 from AY2324S2-CS2113-T15-3/no-integration","messageBody":"Merge integration into master (v1.0)","fileTypesAndContributionMap":{}}]},{"date":"2024-03-25","commitResults":[{"hash":"d3bee7374a4b85a579e198935d10b276d742c8db","isMergeCommit":false,"messageTitle":"Redo Parser","messageBody":"Add improved parser functionality to Parser Class.\n","fileTypesAndContributionMap":{"functional-code":{"insertions":101,"deletions":1}}},{"hash":"857f6c2a40cada4cc762b0bc96ac65285221d125","isMergeCommit":false,"messageTitle":"Add Parser tests","messageBody":"","fileTypesAndContributionMap":{"functional-code":{"insertions":7,"deletions":3},"test-code":{"insertions":33,"deletions":0}}},{"hash":"60fc539410ba57ad6f11bb4cbca4f8b4e42b1792","isMergeCommit":false,"messageTitle":"Update Parser tests","messageBody":"Update Parser tests for easier use.\n","fileTypesAndContributionMap":{"functional-code":{"insertions":9,"deletions":2},"test-code":{"insertions":13,"deletions":15}}},{"hash":"c9ca69992e5d80f7b1f2550401832df2a0ebea76","isMergeCommit":false,"messageTitle":"Fix checkstyle errors","messageBody":"","fileTypesAndContributionMap":{"functional-code":{"insertions":18,"deletions":17},"test-code":{"insertions":0,"deletions":4}}}]},{"date":"2024-03-26","commitResults":[{"hash":"9ac52f22eed87a4ea38db46fe67b9da00974abe6","isMergeCommit":false,"messageTitle":"Integrate updated Parser with Expense Class","messageBody":"Rewrite switch statement to handle creating Expense\n","fileTypesAndContributionMap":{"functional-code":{"insertions":23,"deletions":34}}},{"hash":"0eede69914c333d8b7cb372cc83271631600ab12","isMergeCommit":false,"messageTitle":"Fix Balance tests","messageBody":"Balance tests now pass. Fix format to create Expense object.\n","fileTypesAndContributionMap":{"functional-code":{"insertions":4,"deletions":1},"test-code":{"insertions":3,"deletions":3}}},{"hash":"6d4d47078c1e38d20754d878b5c9822a36f2a094","isMergeCommit":true,"messageTitle":"Merge pull request #46 from AY2324S2-CS2113-T15-3/revert-45-Avril-ammendGroup","messageBody":"Revert \"Addded use of optional to handle null and fixed checkstyle\"","fileTypesAndContributionMap":{}}]},{"date":"2024-03-28","commitResults":[{"hash":"ad9c0692741215caefa66af82d5a052d26856e15","isMergeCommit":false,"messageTitle":"Integrate Balance class with Group and Expense classes","messageBody":"Add new expenseList param to Group class.\nAdded checks if user is currently in a group to expense and balance switch statements in Parser.\nMade printBalance() callable from balance switch statement in Parser.\nChange var type from ArrayList to List in Balance methods and edited BalanceTest.\n","fileTypesAndContributionMap":{"functional-code":{"insertions":52,"deletions":4},"test-code":{"insertions":3,"deletions":2}}}]},{"date":"2024-03-29","commitResults":[{"hash":"495fffd9839372376bad261a6f1136d3570f26da","isMergeCommit":false,"messageTitle":"Update docs","messageBody":"Update developer guide with Balance class functionality.\n","fileTypesAndContributionMap":{"docs":{"insertions":16,"deletions":0}}}]},{"date":"2024-03-30","commitResults":[{"hash":"64cbad942a622f4c3c1fef5dcbdc8283616f25c1","isMergeCommit":false,"messageTitle":"Create UserInterface Class","messageBody":"Create UserInterface Class, MessageType Enum for use with class, and UserInterfaceTest\n","fileTypesAndContributionMap":{"functional-code":{"insertions":52,"deletions":0},"test-code":{"insertions":13,"deletions":0}}},{"hash":"841743ac3ec703a73699af7b126a211ef4fd9a08","isMergeCommit":true,"messageTitle":"Merge pull request #68 from mukund1403/master","messageBody":"Add description and unequal split to Expenses","fileTypesAndContributionMap":{}},{"hash":"a458e118cd11a8167085d00ed633a19e08d947fe","isMergeCommit":false,"messageTitle":"Create Pair class","messageBody":"Copied CS2030 utility function Pair class for use with Expense and Balance class.\n","fileTypesAndContributionMap":{"functional-code":{"insertions":148,"deletions":83},"other":{"insertions":5,"deletions":5},"test-code":{"insertions":40,"deletions":39}}},{"hash":"52bd875ef0f21ce080cbcd4756693689987f3594","isMergeCommit":false,"messageTitle":"Fix checkstyle errors","messageBody":"","fileTypesAndContributionMap":{"functional-code":{"insertions":27,"deletions":27}}},{"hash":"2e8ba85ce67864705d44aca3a810af1f9edb754b","isMergeCommit":false,"messageTitle":"Edit comments","messageBody":"","fileTypesAndContributionMap":{"functional-code":{"insertions":0,"deletions":32}}}]},{"date":"2024-03-31","commitResults":[{"hash":"eeb6e750396562b3c85b448f8311816e49b62f9f","isMergeCommit":true,"messageTitle":"Merge pull request #65 from MonkeScripts/currency","messageBody":"Add currency exchange functionality","fileTypesAndContributionMap":{}},{"hash":"1266dd665c4e276a551abb585c589d71dba65be7","isMergeCommit":false,"messageTitle":"Add citation","messageBody":"Add citation for Pair class.\n","fileTypesAndContributionMap":{"functional-code":{"insertions":3,"deletions":0}}},{"hash":"1b6bb56678780c78b6036b78d7bf4933a7ffbb06","isMergeCommit":true,"messageTitle":"Merge pull request #73 from Cohii2/master","messageBody":"Add citation","fileTypesAndContributionMap":{}},{"hash":"7eee70c9a7bd3053cb75bc66b46c147089e14ce3","isMergeCommit":false,"messageTitle":"Update Balance Unit Tests","messageBody":"","fileTypesAndContributionMap":{"functional-code":{"insertions":1,"deletions":6},"test-code":{"insertions":16,"deletions":13}}},{"hash":"f853f231ceac61c4f3fda25ff6aa8c7cf9b170d9","isMergeCommit":false,"messageTitle":"Revert \"Update Balance Unit Tests\"","messageBody":"This reverts commit 7eee70c9a7bd3053cb75bc66b46c147089e14ce3.\n","fileTypesAndContributionMap":{"functional-code":{"insertions":6,"deletions":1},"test-code":{"insertions":13,"deletions":16}}},{"hash":"cd84180b098a8ae442de6e7a484fb48c3895283f","isMergeCommit":false,"messageTitle":"Update Balance Unit Test","messageBody":"","fileTypesAndContributionMap":{"test-code":{"insertions":15,"deletions":14}}},{"hash":"2c2c1411dea10679850c8430df7c52a90f31c095","isMergeCommit":true,"messageTitle":"Merge pull request #71 from MonkeScripts/gambling","messageBody":"Gambling","fileTypesAndContributionMap":{}},{"hash":"9e5e0e4f9ba6c82b1e439ba172ba97dbcf140d1b","isMergeCommit":true,"messageTitle":"Merge branch \u0027master\u0027 of https://github.com/AY2324S2-CS2113-T15-3/tp","messageBody":"","fileTypesAndContributionMap":{}}]},{"date":"2024-04-02","commitResults":[{"hash":"7c423366267a037cda081eccdb8d1ab1611f3bd0","isMergeCommit":true,"messageTitle":"Merge pull request #83 from mukund1403/master","messageBody":"add expense command class, list command class, commands package","fileTypesAndContributionMap":{}}]},{"date":"2024-04-03","commitResults":[{"hash":"fdcc46cc8a5c09f71e48f14fcb88d54e59f6b9e2","isMergeCommit":false,"messageTitle":"Update User Guide","messageBody":"Update Balance of user guide.\n","fileTypesAndContributionMap":{"docs":{"insertions":10,"deletions":0}}},{"hash":"a45c308a24ad74b0a543a9a4b72038e2d47df778","isMergeCommit":true,"messageTitle":"Merge pull request #88 from Cohii2/master","messageBody":"Update User Guide","fileTypesAndContributionMap":{}},{"hash":"3bba04803971853dd6ff7960fb9a7783fbaa0b0a","isMergeCommit":false,"messageTitle":"Fix issue with end programme","messageBody":"When user enters \u0027bye\u0027 current group is saved to file.\n","fileTypesAndContributionMap":{"functional-code":{"insertions":1,"deletions":0}}},{"hash":"0aba7ccb9784d22dbcef00754990d224acca45ba","isMergeCommit":false,"messageTitle":"Fix checkstyle error","messageBody":"Forgot to delete text from merge conflict.\n","fileTypesAndContributionMap":{"functional-code":{"insertions":1,"deletions":1}}},{"hash":"38793a6abc2cf5344fd216f4f07ae37f119ee27a","isMergeCommit":false,"messageTitle":"Fix Balance Test","messageBody":"","fileTypesAndContributionMap":{"test-code":{"insertions":17,"deletions":7}}},{"hash":"a4632aaa85eaf1213d871f8535d01771d338da3e","isMergeCommit":true,"messageTitle":"Merge pull request #94 from mukund1403/master","messageBody":"add member check to expense class","fileTypesAndContributionMap":{}},{"hash":"f889558f9dcb05540e127a9ab037d5cf29948fab","isMergeCommit":true,"messageTitle":"Merge branch \u0027master\u0027 into hafiz-MoreDatabase","messageBody":"","fileTypesAndContributionMap":{}},{"hash":"78f8bc0f81b95f0c66c9972fc432e8a73172c121","isMergeCommit":true,"messageTitle":"Merge pull request #93 from hafizuddin-a/hafiz-MoreDatabase","messageBody":"More Database fix","fileTypesAndContributionMap":{}}]}],"mukund1403":[{"date":"2024-03-07","commitResults":[{"hash":"160ade0a72af1206ef011178306a828531af1a9e","isMergeCommit":false,"messageTitle":"Update README.md","messageBody":"","fileTypesAndContributionMap":{"docs":{"insertions":1,"deletions":1}}},{"hash":"7673f7ce5bf02cfd7f323fe67dd91eb05c10a1ea","isMergeCommit":true,"messageTitle":"Merge pull request #1 from Cohii2/hengJunxiang-AboutUs","messageBody":"Update Docs","fileTypesAndContributionMap":{}}]},{"date":"2024-03-08","commitResults":[{"hash":"69b73269c517a29a32c6bd89d1da23db57359782","isMergeCommit":true,"messageTitle":"Merge branch \u0027master\u0027 into hafiz-AboutUs","messageBody":"","fileTypesAndContributionMap":{}},{"hash":"e7daae1ce0b64cb257ac1b2fe618f76a0ddc52a2","isMergeCommit":true,"messageTitle":"Merge pull request #2 from hafizuddin-a/hafiz-AboutUs","messageBody":"Update name in AboutUs","fileTypesAndContributionMap":{}},{"hash":"be5d40a35736ec6f87f508efcda93e984590bc83","isMergeCommit":true,"messageTitle":"Merge branch \u0027master\u0027 into shaoliang-aboutus","messageBody":"","fileTypesAndContributionMap":{}},{"hash":"4cd6663a05b86e59fa6bfe15cc55dbe2dc69c0f3","isMergeCommit":true,"messageTitle":"Merge pull request #3 from MonkeScripts/shaoliang-aboutus","messageBody":"Change Doe John to Akshan","fileTypesAndContributionMap":{}}]},{"date":"2024-03-15","commitResults":[{"hash":"afdfe5c71a339fb4902ee225dc062d27af3fefc5","isMergeCommit":false,"messageTitle":"Add basic expense adding","messageBody":"","fileTypesAndContributionMap":{"functional-code":{"insertions":27,"deletions":0}}}]},{"date":"2024-03-20","commitResults":[{"hash":"68458c3fec6a985e4590e37952ab728505f7704d","isMergeCommit":false,"messageTitle":"Add expense parsing and formatting for expense objects.","messageBody":"","fileTypesAndContributionMap":{"functional-code":{"insertions":40,"deletions":16},"other":{"insertions":0,"deletions":1}}},{"hash":"3628a1841529d6aed444c963b04d6412bbc7d5ed","isMergeCommit":true,"messageTitle":"Merge pull request #17 from MonkeScripts/master","messageBody":"The new logo looks good.\r\nNo issues with the help class. ","fileTypesAndContributionMap":{}},{"hash":"2c74ba2ff32ec22bb061face567c7378bb39e292","isMergeCommit":false,"messageTitle":"Add Javadoc comments to expense Class.","messageBody":"","fileTypesAndContributionMap":{"functional-code":{"insertions":7,"deletions":0}}},{"hash":"e27195333844255728ae6e5de807ff1904b634f3","isMergeCommit":true,"messageTitle":"Merge branch \u0027basic_expense\u0027 of https://github.com/mukund1403/tp into basic_expense","messageBody":"","fileTypesAndContributionMap":{}},{"hash":"af9b4f457f9e9827fc6e2d28ebac9f34961ba6d1","isMergeCommit":false,"messageTitle":"Add Javadoc comments and JUnit test for expense","messageBody":"","fileTypesAndContributionMap":{"functional-code":{"insertions":15,"deletions":1},"test-code":{"insertions":15,"deletions":0}}},{"hash":"ecb31c62641c539901edbf4ccb3cc179c076a604","isMergeCommit":true,"messageTitle":"Merge pull request #22 from Cohii2/hengJunxiang-Balance","messageBody":"Update Balance Class","fileTypesAndContributionMap":{}},{"hash":"75d82283f828979fe11e2ec924b7b71974c555d4","isMergeCommit":true,"messageTitle":"Add JUnit testing and Javadoc comments","messageBody":"","fileTypesAndContributionMap":{}},{"hash":"c43b2a1616f4b7b57bc3ee62faa4e80c90b0844b","isMergeCommit":true,"messageTitle":"Add JUnit and Javadoc testing. Resolve conflicts with origin/basic_expense","messageBody":"","fileTypesAndContributionMap":{}},{"hash":"8c56d833218ad13c505ed1776732c5fe9eedaa5d","isMergeCommit":false,"messageTitle":"Add exception handling to Expenses. Modify parser to handle conversion of expense amount to float.","messageBody":"","fileTypesAndContributionMap":{"functional-code":{"insertions":49,"deletions":17},"test-code":{"insertions":5,"deletions":5}}},{"hash":"91b6860d6cf37905f94acf410428b4cd893292f3","isMergeCommit":false,"messageTitle":"Fix errors causing checkstyle failures","messageBody":"","fileTypesAndContributionMap":{"test-code":{"insertions":2,"deletions":2}}},{"hash":"4533a88b75c9392a4605c0d7992fcbd634ba5cde","isMergeCommit":false,"messageTitle":"Update DukeTest.java","messageBody":"","fileTypesAndContributionMap":{"test-code":{"insertions":0,"deletions":1}}},{"hash":"909acc0d4fe67e2da756d1bec57ba0a1f17d651a","isMergeCommit":false,"messageTitle":"Fix Javadoc comment in Expense.java","messageBody":"Fixed incorrect style for Javadoc comment.","fileTypesAndContributionMap":{"functional-code":{"insertions":0,"deletions":1}}}]},{"date":"2024-03-25","commitResults":[{"hash":"f3490f36ac2692cadf5c5b541043392b90c761f1","isMergeCommit":false,"messageTitle":"Remove duplicate function in expenses and refactor parser","messageBody":"","fileTypesAndContributionMap":{"functional-code":{"insertions":17,"deletions":14}}}]},{"date":"2024-03-26","commitResults":[{"hash":"aefb4100b1acead726b6f919813b8b62b32954ae","isMergeCommit":false,"messageTitle":"Update build.gradle to enable assertions","messageBody":"","fileTypesAndContributionMap":{"other":{"insertions":1,"deletions":0}}}]},{"date":"2024-03-28","commitResults":[{"hash":"f83d95a1fa48ab0788e0b393172bc914ac721b7b","isMergeCommit":false,"messageTitle":"Add Expense feature in implementation section and populate v1.0  user stories in developer guide","messageBody":"","fileTypesAndContributionMap":{"functional-code":{"insertions":2,"deletions":2},"docs":{"insertions":21,"deletions":4},"test-code":{"insertions":3,"deletions":3}}}]},{"date":"2024-03-30","commitResults":[{"hash":"60392a24d6ef5e428f4095cd76831d29244c5f63","isMergeCommit":false,"messageTitle":"Add description to expenses","messageBody":"","fileTypesAndContributionMap":{"functional-code":{"insertions":15,"deletions":5}}},{"hash":"01557859377e3c94bd43bc10f12148bafd77dc7b","isMergeCommit":true,"messageTitle":"Merge pull request #66 from MonkeScripts/universal_exceptions","messageBody":"Add UniversalExceptions.java","fileTypesAndContributionMap":{}},{"hash":"ee2a289dbb6cb101352bb8007721d20f0468ecc9","isMergeCommit":false,"messageTitle":"add unequal split feature for expenses","messageBody":"","fileTypesAndContributionMap":{"functional-code":{"insertions":172,"deletions":113},"test-code":{"insertions":45,"deletions":42}}},{"hash":"d8df33bf9efb822972507189c2c210164f13106a","isMergeCommit":false,"messageTitle":"fix checkstyle errors in Parser and Expenses class","messageBody":"","fileTypesAndContributionMap":{"functional-code":{"insertions":8,"deletions":8},"other":{"insertions":6,"deletions":0}}},{"hash":"eaee78717241c7d14f1ded6861a7a09d16a4c690","isMergeCommit":false,"messageTitle":"fix issues found during code review","messageBody":"","fileTypesAndContributionMap":{"functional-code":{"insertions":54,"deletions":38}}},{"hash":"c92c2891d0b0c68cc4bc404d4b0667a174f18399","isMergeCommit":true,"messageTitle":"Merge branch \u0027master\u0027 of https://github.com/AY2324S2-CS2113-T15-3/tp","messageBody":"","fileTypesAndContributionMap":{}}]},{"date":"2024-03-31","commitResults":[{"hash":"0e58e56283647247c0405f0017d7d082305b9065","isMergeCommit":true,"messageTitle":"Merge branch \u0027master\u0027 of https://github.com/AY2324S2-CS2113-T15-3/tp","messageBody":"","fileTypesAndContributionMap":{}},{"hash":"21925354509e693b661deb383c87386ec58e75dc","isMergeCommit":false,"messageTitle":"update pair from javafx to inbuilt class and fix issue with equal split","messageBody":"","fileTypesAndContributionMap":{"functional-code":{"insertions":3,"deletions":7}}},{"hash":"f165d1988c88c77f769086be0b1553651ae2339e","isMergeCommit":true,"messageTitle":"fix checkstyle error","messageBody":"","fileTypesAndContributionMap":{}},{"hash":"2475e652bf584aaafef8fb27d2f72438e0f2a632","isMergeCommit":true,"messageTitle":"Merge pull request #69 from Cohii2/hengJunxiang-ui","messageBody":"Create UserInterface Class","fileTypesAndContributionMap":{}}]},{"date":"2024-04-01","commitResults":[{"hash":"df07df3880510975589b58d0b5d53a03ed3e1ff9","isMergeCommit":false,"messageTitle":"add expense command class, list command class, commands package","messageBody":"","fileTypesAndContributionMap":{"functional-code":{"insertions":162,"deletions":92},"other":{"insertions":1,"deletions":1},"test-code":{"insertions":4,"deletions":0}}},{"hash":"ea0d0f696e5170b2a600f94c56a8a385f53512f1","isMergeCommit":true,"messageTitle":"Merge pull request #77 from avrilgk/bugfix-and-settleup","messageBody":"Settle up function","fileTypesAndContributionMap":{}},{"hash":"176f3affbb26cae6ab12a5f8c9711afb102caed7","isMergeCommit":true,"messageTitle":"fix merge conflicts","messageBody":"","fileTypesAndContributionMap":{}}]},{"date":"2024-04-03","commitResults":[{"hash":"2cef30d8e0b9be57e896012c794dbae79d71ffb8","isMergeCommit":false,"messageTitle":"add expense feature to user guide","messageBody":"","fileTypesAndContributionMap":{"functional-code":{"insertions":8,"deletions":1},"docs":{"insertions":29,"deletions":0}}},{"hash":"355e57099fbdbdeefbe3c3af794794f2ef83d9df","isMergeCommit":true,"messageTitle":"Merge pull request #89 from mukund1403/master","messageBody":"add expense feature to user guide","fileTypesAndContributionMap":{}},{"hash":"c904a23d2dce4642f481c6a18221c3280416a581","isMergeCommit":true,"messageTitle":"Merge pull request #90 from Cohii2/hengJunxiang-storage","messageBody":"Fix issue with end programme","fileTypesAndContributionMap":{}},{"hash":"a31a57db75bf2c444629e626a37def6945ffebd2","isMergeCommit":false,"messageTitle":"add member check to expense class","messageBody":"","fileTypesAndContributionMap":{"functional-code":{"insertions":16,"deletions":11},"test-code":{"insertions":11,"deletions":2}}},{"hash":"1df15183b7d006a84fc782c6e5a0fae3bc98c1b3","isMergeCommit":true,"messageTitle":"Merge pull request #91 from avrilgk/group-edit","messageBody":"Refactoring of settle to remove arrowhead code and settle JUNIT testing","fileTypesAndContributionMap":{}},{"hash":"7efd25d773a1213d852a1da2dc282560ed2a8faf","isMergeCommit":true,"messageTitle":"Merge branch \u0027master\u0027 into hafiz-Guides","messageBody":"","fileTypesAndContributionMap":{}},{"hash":"ff0f8cd068a880b17023b70e91c6df3a3dcc9862","isMergeCommit":true,"messageTitle":"Merge pull request #87 from hafizuddin-a/hafiz-Guides","messageBody":"Edit UG and DG","fileTypesAndContributionMap":{}},{"hash":"e9a3fe40d577ac68a3792827b3e0b1af378ac949","isMergeCommit":true,"messageTitle":"Merge pull request #92 from MonkeScripts/gambling","messageBody":"Update UG","fileTypesAndContributionMap":{}},{"hash":"98153e5cde70ee33071fa9a499e0109d32ae86e7","isMergeCommit":true,"messageTitle":"Merge pull request #86 from hafizuddin-a/hafiz-FixDatabase","messageBody":"Partial fix database","tags":["v2.0"],"fileTypesAndContributionMap":{}}]}]},"authorFileTypeContributionMap":{"MonkeScripts":{"docs":24,"functional-code":326,"test-code":134},"avrilgk":{"docs":109,"functional-code":400,"test-code":143},"hafizuddin-a":{"docs":51,"functional-code":534,"test-code":103,"other":1},"Cohii2":{"docs":26,"functional-code":368,"test-code":91,"other":20},"mukund1403":{"docs":32,"functional-code":222,"test-code":30,"other":2}},"authorContributionVariance":{"MonkeScripts":11026.566,"avrilgk":5202.8413,"hafizuddin-a":16264.922,"Cohii2":9072.874,"mukund1403":8124.152},"authorDisplayNameMap":{"MonkeScripts":"CS2113-T15-3 HE S..IANG","avrilgk":"CS2113-T15-3 GUOK..VRIL","hafizuddin-a":"CS2113-T15-3 HAFI..DDIN","Cohii2":"CS2113-T15-3 HENG..IANG","mukund1403":"CS2113-T15-3 AYAG..KUND"}}
