{"authorDailyContributionsMap":{"MonkeScripts":[{"date":"2024-03-07","commitResults":[{"hash":"705a83bba6036ad80bf35eacf02c723b7a188228","isMergeCommit":false,"messageTitle":"Change Doe John to Akshan","messageBody":"","fileTypesAndContributionMap":{"docs":{"insertions":4,"deletions":4}}}]},{"date":"2024-03-20","commitResults":[{"hash":"5809558c9f377f75fe3218a741d7bb6259961fb3","isMergeCommit":true,"messageTitle":"Merge pull request #15 from Cohii2/hengJunxiang-Parser","messageBody":"Create Parser Class","fileTypesAndContributionMap":{}},{"hash":"ae1926e630fccd4b136f13b1cde81c7b2728e9b8","isMergeCommit":true,"messageTitle":"Merge pull request #16 from hafizuddin-a/hafiz-User","messageBody":"Add user class","fileTypesAndContributionMap":{}},{"hash":"3cb8d7c97db4bba33ba0406b621c584fee247496","isMergeCommit":false,"messageTitle":"Add help menu and logo","messageBody":"","fileTypesAndContributionMap":{"functional-code":{"insertions":26,"deletions":6}}},{"hash":"3816e8709e332092ee99fb777d8d7f02d5f6ca1d","isMergeCommit":false,"messageTitle":"Correct indentation for logo","messageBody":"","fileTypesAndContributionMap":{"functional-code":{"insertions":6,"deletions":6}}},{"hash":"b7d896a70a53779913ee6a98707e3be755835d2a","isMergeCommit":false,"messageTitle":"JUnit test for help functionality","messageBody":"","fileTypesAndContributionMap":{"test-code":{"insertions":36,"deletions":0}}},{"hash":"1302735c7c6a0518bed4d05c44b173104142a280","isMergeCommit":false,"messageTitle":"help test ends with a new line","messageBody":"","fileTypesAndContributionMap":{"test-code":{"insertions":1,"deletions":2}}},{"hash":"29c5870c869b4715ccef059d60867f8c85ba1036","isMergeCommit":true,"messageTitle":"Merge pull request #30 from hafizuddin-a/hafiz-Exceptions","messageBody":"Implement exception for adding member to group","fileTypesAndContributionMap":{}},{"hash":"5c522fc4a0a32481a417fcd18b4bf95fabcb181b","isMergeCommit":true,"messageTitle":"Merge pull request #31 from Cohii2/hengJunxiang-working","messageBody":"Integrate everything","fileTypesAndContributionMap":{}}]},{"date":"2024-03-24","commitResults":[{"hash":"b0923843b3f53fc70e248892e203c9185609e4a5","isMergeCommit":true,"messageTitle":"Merge pull request #39 from hafizuddin-a/hafiz-Group","messageBody":"Update Group","fileTypesAndContributionMap":{}}]},{"date":"2024-03-26","commitResults":[{"hash":"3f607d80d3f330f46c4f819a6f35301120c8aa83","isMergeCommit":true,"messageTitle":"Merge pull request #44 from Cohii2/hengJunxiang-Parser","messageBody":"Update Parser","fileTypesAndContributionMap":{}},{"hash":"508ef89ca5ddddd2a713b87a4c23126fe1f49246","isMergeCommit":true,"messageTitle":"Merge branch \u0027master\u0027 into Avril-ammendGroup","messageBody":"","fileTypesAndContributionMap":{}},{"hash":"8b468a90b4e7df4584e3f7a5b6db18c564bbb3bb","isMergeCommit":true,"messageTitle":"Merge pull request #45 from avrilgk/Avril-ammendGroup","messageBody":"Added use of optional to handle null and fixed checkstyle","fileTypesAndContributionMap":{}},{"hash":"d6336305425d7110a08361e409d29225c7e2a383","isMergeCommit":false,"messageTitle":"Revert \"Addded use of optional to handle null and fixed checkstyle\"","messageBody":"","fileTypesAndContributionMap":{"functional-code":{"insertions":24,"deletions":72},"docs":{"insertions":8,"deletions":7},"test-code":{"insertions":12,"deletions":2}}},{"hash":"cdd03d39bc4b921e03ef9c05bd3ba548a2a68613","isMergeCommit":true,"messageTitle":"Merge pull request #48 from avrilgk/fix-optional","messageBody":"Fix optional","fileTypesAndContributionMap":{}}]},{"date":"2024-03-27","commitResults":[{"hash":"a756c57ea7b4a0691c4202aea3ffdf781a408776","isMergeCommit":false,"messageTitle":"Refactor group, group commands into an optional context in Parser.java","messageBody":"","fileTypesAndContributionMap":{"functional-code":{"insertions":107,"deletions":134},"test-code":{"insertions":70,"deletions":74}}},{"hash":"6ad73f2d146d36ba3f1cee55f83a6172edd1576d","isMergeCommit":false,"messageTitle":"Fixed Checkstyle","messageBody":"","fileTypesAndContributionMap":{"functional-code":{"insertions":15,"deletions":20},"test-code":{"insertions":0,"deletions":1}}},{"hash":"d29429da544776d15cca5a8097f59f7a507627ae","isMergeCommit":false,"messageTitle":"Fixed Checkstyle again","messageBody":"","fileTypesAndContributionMap":{"functional-code":{"insertions":14,"deletions":12},"test-code":{"insertions":3,"deletions":3}}},{"hash":"60924e6e2baa188eb8409c8f185eca038aed1dce","isMergeCommit":false,"messageTitle":"Fixed Checkstyle again and again","messageBody":"","fileTypesAndContributionMap":{"functional-code":{"insertions":5,"deletions":1}}}]}],"avrilgk":[{"date":"2024-03-15","commitResults":[{"hash":"512904bd5d3e191028e872985fca3ce1050bbf09","isMergeCommit":true,"messageTitle":"Merge pull request #6 from mukund1403/basic_expense","messageBody":"Add basic expense adding","fileTypesAndContributionMap":{}}]},{"date":"2024-03-19","commitResults":[{"hash":"0b34586a872bb162cae6ff6c549951def852aa25","isMergeCommit":true,"messageTitle":"Merge pull request #5 from Cohii2/hengJunxiang-Balance","messageBody":"Create Balance class","fileTypesAndContributionMap":{}},{"hash":"44e68c79cf335c8cddb72805e383f2a9db50ac30","isMergeCommit":false,"messageTitle":"Add Group function","messageBody":"","fileTypesAndContributionMap":{"functional-code":{"insertions":25,"deletions":0}}}]},{"date":"2024-03-20","commitResults":[{"hash":"5764a389b84cbfb92077ead14e8748edc1de00e7","isMergeCommit":true,"messageTitle":"Merge pull request #21 from hafizuddin-a/hafiz_AddUserTest","messageBody":"Implement add user test","fileTypesAndContributionMap":{}},{"hash":"f021b52e6318b67651d954ad4ecc22c0d8965d02","isMergeCommit":false,"messageTitle":"Update GroupTest","messageBody":"","fileTypesAndContributionMap":{"functional-code":{"insertions":13,"deletions":1},"test-code":{"insertions":14,"deletions":0}}},{"hash":"702c9333a158bd756d4addfd941b5356df2f58dd","isMergeCommit":false,"messageTitle":"Update GroupTest and group parser","messageBody":"","fileTypesAndContributionMap":{"functional-code":{"insertions":17,"deletions":11}}},{"hash":"fb7a8e3cb84a96beef0feb635f4b1d8bf2c3dc59","isMergeCommit":false,"messageTitle":"Update GroupTest and group parser","messageBody":"","fileTypesAndContributionMap":{"functional-code":{"insertions":1,"deletions":4}}}]},{"date":"2024-03-22","commitResults":[{"hash":"9ff8858398809cfb39103922dc2906826e030502","isMergeCommit":false,"messageTitle":"Update group functions and tests","messageBody":"","fileTypesAndContributionMap":{"functional-code":{"insertions":127,"deletions":77},"test-code":{"insertions":28,"deletions":3}}},{"hash":"bec302eb21ee890663c0d77d99defcee40e9fe55","isMergeCommit":false,"messageTitle":"Fixed indentations","messageBody":"","fileTypesAndContributionMap":{"functional-code":{"insertions":18,"deletions":19},"test-code":{"insertions":2,"deletions":2}}},{"hash":"37c8a9006e254d317d84d41a0e2ea29842de96ab","isMergeCommit":false,"messageTitle":"Fixed indentations","messageBody":"","fileTypesAndContributionMap":{"functional-code":{"insertions":0,"deletions":2}}}]},{"date":"2024-03-24","commitResults":[{"hash":"696016560ed3caf2fea73f54a156119ae5e6bd79","isMergeCommit":true,"messageTitle":"Merge pull request #37 from hafizuddin-a/hafiz-CodeQuality","messageBody":"Fix checkstyle error","fileTypesAndContributionMap":{}}]},{"date":"2024-03-25","commitResults":[{"hash":"536dab790fddb77f423ddb12d120d6a7e5f0ac2d","isMergeCommit":false,"messageTitle":"Addded use of optional to handle null and fixed checkstyle","messageBody":"","fileTypesAndContributionMap":{"functional-code":{"insertions":91,"deletions":79},"docs":{"insertions":7,"deletions":8},"test-code":{"insertions":5,"deletions":1}}}]},{"date":"2024-03-26","commitResults":[{"hash":"dc1f18f13e256c45cdf94e9e9997e289b456f4d3","isMergeCommit":false,"messageTitle":"optional update","messageBody":"","fileTypesAndContributionMap":{"functional-code":{"insertions":33,"deletions":26},"test-code":{"insertions":35,"deletions":22}}},{"hash":"63af72342d3b57b75823b1d578d818fbab6c1e99","isMergeCommit":false,"messageTitle":"optional update","messageBody":"","fileTypesAndContributionMap":{"test-code":{"insertions":0,"deletions":14}}}]}],"hafizuddin-a":[{"date":"2024-03-07","commitResults":[{"hash":"ef1fe424fa6fdf3d4d1f7b107b6beecf80f243f9","isMergeCommit":false,"messageTitle":"Update name in AboutUs","messageBody":"","fileTypesAndContributionMap":{"docs":{"insertions":5,"deletions":5}}}]},{"date":"2024-03-20","commitResults":[{"hash":"dd69ac58a77b1a4e88e22ddd3335b2bd448c70d0","isMergeCommit":false,"messageTitle":"Add User class","messageBody":"","fileTypesAndContributionMap":{"functional-code":{"insertions":13,"deletions":0},"other":{"insertions":1,"deletions":2}}},{"hash":"fed1d326d41df02f876f614228de9dcef2ece259","isMergeCommit":false,"messageTitle":"Rename name attribute to userName","messageBody":"- namu attribute already used in Group class\n","fileTypesAndContributionMap":{"functional-code":{"insertions":4,"deletions":4}}},{"hash":"4a9768d329ba165c271dc3ea05a0d7d78dff7101","isMergeCommit":true,"messageTitle":"Merge branch \u0027master\u0027 into basic_expense","messageBody":"","fileTypesAndContributionMap":{}},{"hash":"8e58b0dc32e8909a9618ffa661f4027c984cbda7","isMergeCommit":true,"messageTitle":"Merge pull request #20 from mukund1403/basic_expense","messageBody":"Add expense parsing and formatting for expense objects.","fileTypesAndContributionMap":{}},{"hash":"d6c0677f7aa6ef25c13171ba4c567ead5cdee6ee","isMergeCommit":false,"messageTitle":"Add test file","messageBody":"","fileTypesAndContributionMap":{"test-code":{"insertions":31,"deletions":0}}},{"hash":"0e6d0729c9b7f6ed4c91f2486873202ba485faf0","isMergeCommit":false,"messageTitle":"Implement user ArrayList","messageBody":"","fileTypesAndContributionMap":{"functional-code":{"insertions":9,"deletions":0},"test-code":{"insertions":1,"deletions":0}}},{"hash":"6764b437c429ce95132dc97205cca2aed42272e9","isMergeCommit":true,"messageTitle":"Merge pull request #24 from avrilgk/Avril-GroupTest","messageBody":"Update Group Test ","fileTypesAndContributionMap":{}},{"hash":"3f70912b6ed3196c8db47207bbb25bd1cd75518a","isMergeCommit":true,"messageTitle":"Merge pull request #29 from mukund1403/basic_expense","messageBody":"Add JUnit testing, Exception handling, Javadoc Comments for Expenses","fileTypesAndContributionMap":{}},{"hash":"584c87bfc1e1d730631432d90843d25ebe4bed34","isMergeCommit":false,"messageTitle":"Fix checkstyle error","messageBody":"","fileTypesAndContributionMap":{"functional-code":{"insertions":1,"deletions":2},"test-code":{"insertions":1,"deletions":1}}},{"hash":"068b5be51c711a85b5010d0aee47a1cb16e70137","isMergeCommit":false,"messageTitle":"Implement exception handling for adding user to group","messageBody":"* name renamed to groupName in group class\n","fileTypesAndContributionMap":{"functional-code":{"insertions":21,"deletions":5}}},{"hash":"f229ad3ea0838f855c7daf8f8d58ea7401b2b284","isMergeCommit":false,"messageTitle":"Add member logic to Parser class","messageBody":"","fileTypesAndContributionMap":{"functional-code":{"insertions":7,"deletions":2}}},{"hash":"285e030be297ba031e480f1ec46355f39fcb1a89","isMergeCommit":false,"messageTitle":"Exception handling for addiing member in Parser","messageBody":"","fileTypesAndContributionMap":{"functional-code":{"insertions":16,"deletions":6},"test-code":{"insertions":1,"deletions":1}}},{"hash":"fe15f63838961a56b7a726d829eb47bccccab8b7","isMergeCommit":false,"messageTitle":"Update help","messageBody":"","fileTypesAndContributionMap":{"functional-code":{"insertions":4,"deletions":3}}},{"hash":"034289683eb769be2e896f4b6fcc19d4036fd477","isMergeCommit":false,"messageTitle":"Fix line more than 120 char in GroupTest","messageBody":"","fileTypesAndContributionMap":{"test-code":{"insertions":1,"deletions":1}}}]},{"date":"2024-03-22","commitResults":[{"hash":"f25ba415a1a7077fe7adea3f754d91d68aade393","isMergeCommit":true,"messageTitle":"Merge pull request #34 from avrilgk/Avril-ammendGroup","messageBody":"Amend group functionality","fileTypesAndContributionMap":{}},{"hash":"f333e227938a0ab72c9e4ae8b6d01ed2e57c0e04","isMergeCommit":false,"messageTitle":"Fix checkstyle error","messageBody":"* end file with newline\n* static variables before instance variables\n* line less than 120 char\n* case inline with switch for switch case\n","fileTypesAndContributionMap":{"functional-code":{"insertions":69,"deletions":69}}}]},{"date":"2024-03-23","commitResults":[{"hash":"4a34bd96ea3fade9163dc1fd38c1c95375bf5403","isMergeCommit":false,"messageTitle":"Add parser add member logic method","messageBody":"","fileTypesAndContributionMap":{"functional-code":{"insertions":12,"deletions":27}}},{"hash":"1496657778c7e203c8e9f74381ddd54b1541fd8c","isMergeCommit":false,"messageTitle":"Update help","messageBody":"","fileTypesAndContributionMap":{"functional-code":{"insertions":1,"deletions":1}}}]},{"date":"2024-03-24","commitResults":[{"hash":"a401749d116c8d9856255b9772e4218b7c43fb82","isMergeCommit":false,"messageTitle":"Refactor getOrCreateGroup","messageBody":"- follow SLAP for the method\n- using Optional was abit complex. practice KISS\n","fileTypesAndContributionMap":{"functional-code":{"insertions":78,"deletions":53}}},{"hash":"97bccd9b8929046183319d0697b43f63734a49d8","isMergeCommit":false,"messageTitle":"Update AddUserTest","messageBody":"","fileTypesAndContributionMap":{"test-code":{"insertions":9,"deletions":8}}},{"hash":"e674ac7a265d5d54a04618095011ba27336340d9","isMergeCommit":false,"messageTitle":"Update GroupTest","messageBody":"- add testCurrentGroup\n- unit tests to start with test in the name\n","fileTypesAndContributionMap":{"test-code":{"insertions":45,"deletions":14}}},{"hash":"41c982175410d47d6bc56b9deb784512a9e6f44b","isMergeCommit":false,"messageTitle":"Create GroupCommand class","messageBody":"- class handles group related commands like create exit and member\n","fileTypesAndContributionMap":{"functional-code":{"insertions":47,"deletions":7}}},{"hash":"24431d72f786e389ac74102b4147aba23b2bd4e9","isMergeCommit":false,"messageTitle":"Rearrange parser","messageBody":"","fileTypesAndContributionMap":{"functional-code":{"insertions":3,"deletions":3}}},{"hash":"3da39cb86a400334858fc3064d62a085e4b10732","isMergeCommit":false,"messageTitle":"Add isMember method","messageBody":"- checks if new member already a member\n","fileTypesAndContributionMap":{"functional-code":{"insertions":21,"deletions":1}}}]},{"date":"2024-03-25","commitResults":[{"hash":"cc71d70facf575ff060fe9fc7fecc7c61ca9b2d1","isMergeCommit":true,"messageTitle":"Merge pull request #42 from mukund1403/basic_expense","messageBody":"Add payer as first index in payee list for Expenses, remove duplicate function in expenses and refactor parser","fileTypesAndContributionMap":{}}]},{"date":"2024-03-27","commitResults":[{"hash":"db5832e89133e7d62d2dfe3e249e1200534c591b","isMergeCommit":true,"messageTitle":"Merge pull request #49 from MonkeScripts/refactor_group","messageBody":"Refactor group, group commands into an optional context in Parser.java","fileTypesAndContributionMap":{}}]}],"Cohii2":[{"date":"2024-03-07","commitResults":[{"hash":"ef66b5b45b63bd32daff9062fa89766374a31af8","isMergeCommit":false,"messageTitle":"Update Docs","messageBody":"","fileTypesAndContributionMap":{"other":{"insertions":17,"deletions":0},"docs":{"insertions":7,"deletions":7}}}]},{"date":"2024-03-15","commitResults":[{"hash":"b511729bfe51357aac472984bc557f4654ea15ea","isMergeCommit":false,"messageTitle":"Create Balance class","messageBody":"Created Balance class to show list of members the user owes money to.\n\nClass currently uses Hash Map to store user \u0026 balance value pairs - will update for use with other classes once available.\n","fileTypesAndContributionMap":{"functional-code":{"insertions":37,"deletions":0}}},{"hash":"67665a9bd86122c7c4ec732b897cd915951e1b4b","isMergeCommit":false,"messageTitle":"Delete test comment","messageBody":"Deleted testing code that causes commit to fail auto-testing code.\n","fileTypesAndContributionMap":{"functional-code":{"insertions":0,"deletions":13}}}]},{"date":"2024-03-19","commitResults":[{"hash":"2eecf732e7f06c5d502d79f53bad0f85c9c0faa9","isMergeCommit":true,"messageTitle":"Merge pull request #7 from avrilgk/Avril-Group","messageBody":"Add Group function","fileTypesAndContributionMap":{}},{"hash":"3f3f40dbb91cc00700e4eb0f40aa8ab633b6cef7","isMergeCommit":false,"messageTitle":"Create Parser class","messageBody":"Create Parser class to read user input, skeleton code to call function for each different case\n","fileTypesAndContributionMap":{"functional-code":{"insertions":48,"deletions":25}}},{"hash":"c149d3f0328344ea20d0530a13823ac6555344be","isMergeCommit":false,"messageTitle":"Edit Parser Class","messageBody":"Added default clause to switch statement\n","fileTypesAndContributionMap":{"functional-code":{"insertions":2,"deletions":0}}},{"hash":"aa0089fc3f530fd7f97ad68e92461d77802b06eb","isMergeCommit":false,"messageTitle":"Add break statements","messageBody":"Added missing break statements to switch statement.\n","fileTypesAndContributionMap":{"functional-code":{"insertions":7,"deletions":0}}},{"hash":"26009f2f900e866eed2f05e3fdcee1896c2d234a","isMergeCommit":false,"messageTitle":"Fix Parser","messageBody":"","fileTypesAndContributionMap":{"functional-code":{"insertions":3,"deletions":1}}},{"hash":"138e2b7023dc29793debe44a139cf6e0d007338e","isMergeCommit":false,"messageTitle":"Fix Parser","messageBody":"Resolve NoSuchElementException\n","fileTypesAndContributionMap":{"functional-code":{"insertions":2,"deletions":1}}}]},{"date":"2024-03-20","commitResults":[{"hash":"1ee18bfb2981844565b6af8c43b3310403597c0b","isMergeCommit":false,"messageTitle":"Revert to original","messageBody":"Revert to original greeting\n","fileTypesAndContributionMap":{"functional-code":{"insertions":2,"deletions":1}}},{"hash":"d0dc8daf815063687398885c80fa666c75e85bac","isMergeCommit":false,"messageTitle":"Edit classes","messageBody":"Created new Member Class, edited Group and Expense Classes\n","fileTypesAndContributionMap":{"functional-code":{"insertions":19,"deletions":4},"other":{"insertions":10,"deletions":6}}},{"hash":"037667ab1c4e2e308e1eeeed0a45ae0122df3ae8","isMergeCommit":false,"messageTitle":"Revert \"Edit classes\"","messageBody":"This reverts commit d0dc8daf815063687398885c80fa666c75e85bac.\n","fileTypesAndContributionMap":{"functional-code":{"insertions":4,"deletions":19},"other":{"insertions":6,"deletions":10}}},{"hash":"4d50a99041cb45e9a806f63feb1fd2fd98b4e163","isMergeCommit":true,"messageTitle":"Merge branch \u0027master\u0027 into hengJunxiang-Balance","messageBody":"","fileTypesAndContributionMap":{}},{"hash":"15385603b0d21663300434b9bd87f4a773195833","isMergeCommit":false,"messageTitle":"Update Balance Class","messageBody":"Moved Balance Class to seedu.duke\nUpdated Balance Class constructor to work with User and Expense classes.\n","fileTypesAndContributionMap":{"functional-code":{"insertions":83,"deletions":30}}},{"hash":"e0441897b7b45e03f4eca416e3e4afeb190f4228","isMergeCommit":false,"messageTitle":"Add JUnit testing to Balance Class","messageBody":"","fileTypesAndContributionMap":{"functional-code":{"insertions":8,"deletions":0},"test-code":{"insertions":38,"deletions":0}}},{"hash":"3cd6db224834bd252c6517720995a5b2fc7e1a2e","isMergeCommit":false,"messageTitle":"Fix checkstyle error","messageBody":"Change order of cosntructor and methods in Expense and Balance class\n","fileTypesAndContributionMap":{"functional-code":{"insertions":18,"deletions":19}}},{"hash":"f85a3ce09ec7dee289db22b5e626aaaac3d7f1dc","isMergeCommit":false,"messageTitle":"Fix checkstyle errors","messageBody":"Change name field in Group to protected\nRemove unused ArrayList import in Duke Class\n","fileTypesAndContributionMap":{"functional-code":{"insertions":1,"deletions":2}}},{"hash":"f0e9b62b580e513359a33b8756fbda9271b99111","isMergeCommit":true,"messageTitle":"Merge branch \u0027master\u0027 into hengJunxiang-Balance","messageBody":"","fileTypesAndContributionMap":{}},{"hash":"f043832eca2593c7e97938b6d8d5dc962860e527","isMergeCommit":false,"messageTitle":"Fix checkstyle error again","messageBody":"Change name param in Group Class to protected\n","fileTypesAndContributionMap":{"functional-code":{"insertions":1,"deletions":1}}},{"hash":"a095fea0cfdc5f165282264e8167589468ab8e8e","isMergeCommit":true,"messageTitle":"Merge branch \u0027master\u0027 into basic_expense","messageBody":"","fileTypesAndContributionMap":{}},{"hash":"3a85dbb754ef9eae83d7fc5a100791406e22d7c7","isMergeCommit":true,"messageTitle":"Merge pull request #27 from MonkeScripts/master","messageBody":"JUnit test for help functionality","fileTypesAndContributionMap":{}},{"hash":"bee024b8eecbe74fdf2e71c9f5b4ce3b0fe1c588","isMergeCommit":false,"messageTitle":"Integrate everything","messageBody":"Got it to work\n\n\"Freaking dumb\" -Shaoliang\n","fileTypesAndContributionMap":{"functional-code":{"insertions":30,"deletions":3}}},{"hash":"a309653bfdddd1e345e3b403b7f21ef784268029","isMergeCommit":false,"messageTitle":"Revert \"Integrate everything\"","messageBody":"This reverts commit bee024b8eecbe74fdf2e71c9f5b4ce3b0fe1c588.\n","tags":["on-publish"],"fileTypesAndContributionMap":{"functional-code":{"insertions":3,"deletions":30}}},{"hash":"649d4157f01f73139efd574142ab6d430a42345e","isMergeCommit":false,"messageTitle":"Fix checkstyle error","messageBody":"variable declaration order\n","fileTypesAndContributionMap":{"functional-code":{"insertions":1,"deletions":2}}},{"hash":"29159c9b01031f91c37833eb82bc964f9a2631c8","isMergeCommit":true,"messageTitle":"Merge branch \u0027master\u0027 into no-integration","messageBody":"","fileTypesAndContributionMap":{}},{"hash":"35cce64252534d27a3b9cd8ac921726acaa5d628","isMergeCommit":true,"messageTitle":"Merge pull request #32 from AY2324S2-CS2113-T15-3/no-integration","messageBody":"Merge integration into master (v1.0)","fileTypesAndContributionMap":{}}]},{"date":"2024-03-25","commitResults":[{"hash":"d3bee7374a4b85a579e198935d10b276d742c8db","isMergeCommit":false,"messageTitle":"Redo Parser","messageBody":"Add improved parser functionality to Parser Class.\n","fileTypesAndContributionMap":{"functional-code":{"insertions":101,"deletions":1}}},{"hash":"857f6c2a40cada4cc762b0bc96ac65285221d125","isMergeCommit":false,"messageTitle":"Add Parser tests","messageBody":"","fileTypesAndContributionMap":{"functional-code":{"insertions":7,"deletions":3},"test-code":{"insertions":33,"deletions":0}}},{"hash":"60fc539410ba57ad6f11bb4cbca4f8b4e42b1792","isMergeCommit":false,"messageTitle":"Update Parser tests","messageBody":"Update Parser tests for easier use.\n","fileTypesAndContributionMap":{"functional-code":{"insertions":9,"deletions":2},"test-code":{"insertions":13,"deletions":15}}},{"hash":"c9ca69992e5d80f7b1f2550401832df2a0ebea76","isMergeCommit":false,"messageTitle":"Fix checkstyle errors","messageBody":"","fileTypesAndContributionMap":{"functional-code":{"insertions":18,"deletions":17},"test-code":{"insertions":0,"deletions":4}}}]},{"date":"2024-03-26","commitResults":[{"hash":"9ac52f22eed87a4ea38db46fe67b9da00974abe6","isMergeCommit":false,"messageTitle":"Integrate updated Parser with Expense Class","messageBody":"Rewrite switch statement to handle creating Expense\n","fileTypesAndContributionMap":{"functional-code":{"insertions":23,"deletions":34}}},{"hash":"0eede69914c333d8b7cb372cc83271631600ab12","isMergeCommit":false,"messageTitle":"Fix Balance tests","messageBody":"Balance tests now pass. Fix format to create Expense object.\n","fileTypesAndContributionMap":{"functional-code":{"insertions":4,"deletions":1},"test-code":{"insertions":3,"deletions":3}}},{"hash":"6d4d47078c1e38d20754d878b5c9822a36f2a094","isMergeCommit":true,"messageTitle":"Merge pull request #46 from AY2324S2-CS2113-T15-3/revert-45-Avril-ammendGroup","messageBody":"Revert \"Addded use of optional to handle null and fixed checkstyle\"","fileTypesAndContributionMap":{}}]}],"mukund1403":[{"date":"2024-03-07","commitResults":[{"hash":"160ade0a72af1206ef011178306a828531af1a9e","isMergeCommit":false,"messageTitle":"Update README.md","messageBody":"","fileTypesAndContributionMap":{"docs":{"insertions":1,"deletions":1}}},{"hash":"7673f7ce5bf02cfd7f323fe67dd91eb05c10a1ea","isMergeCommit":true,"messageTitle":"Merge pull request #1 from Cohii2/hengJunxiang-AboutUs","messageBody":"Update Docs","fileTypesAndContributionMap":{}}]},{"date":"2024-03-08","commitResults":[{"hash":"69b73269c517a29a32c6bd89d1da23db57359782","isMergeCommit":true,"messageTitle":"Merge branch \u0027master\u0027 into hafiz-AboutUs","messageBody":"","fileTypesAndContributionMap":{}},{"hash":"e7daae1ce0b64cb257ac1b2fe618f76a0ddc52a2","isMergeCommit":true,"messageTitle":"Merge pull request #2 from hafizuddin-a/hafiz-AboutUs","messageBody":"Update name in AboutUs","fileTypesAndContributionMap":{}},{"hash":"be5d40a35736ec6f87f508efcda93e984590bc83","isMergeCommit":true,"messageTitle":"Merge branch \u0027master\u0027 into shaoliang-aboutus","messageBody":"","fileTypesAndContributionMap":{}},{"hash":"4cd6663a05b86e59fa6bfe15cc55dbe2dc69c0f3","isMergeCommit":true,"messageTitle":"Merge pull request #3 from MonkeScripts/shaoliang-aboutus","messageBody":"Change Doe John to Akshan","fileTypesAndContributionMap":{}}]},{"date":"2024-03-15","commitResults":[{"hash":"afdfe5c71a339fb4902ee225dc062d27af3fefc5","isMergeCommit":false,"messageTitle":"Add basic expense adding","messageBody":"","fileTypesAndContributionMap":{"functional-code":{"insertions":27,"deletions":0}}}]},{"date":"2024-03-20","commitResults":[{"hash":"68458c3fec6a985e4590e37952ab728505f7704d","isMergeCommit":false,"messageTitle":"Add expense parsing and formatting for expense objects.","messageBody":"","fileTypesAndContributionMap":{"functional-code":{"insertions":40,"deletions":16},"other":{"insertions":0,"deletions":1}}},{"hash":"3628a1841529d6aed444c963b04d6412bbc7d5ed","isMergeCommit":true,"messageTitle":"Merge pull request #17 from MonkeScripts/master","messageBody":"The new logo looks good.\r\nNo issues with the help class. ","fileTypesAndContributionMap":{}},{"hash":"2c74ba2ff32ec22bb061face567c7378bb39e292","isMergeCommit":false,"messageTitle":"Add Javadoc comments to expense Class.","messageBody":"","fileTypesAndContributionMap":{"functional-code":{"insertions":7,"deletions":0}}},{"hash":"e27195333844255728ae6e5de807ff1904b634f3","isMergeCommit":true,"messageTitle":"Merge branch \u0027basic_expense\u0027 of https://github.com/mukund1403/tp into basic_expense","messageBody":"","fileTypesAndContributionMap":{}},{"hash":"af9b4f457f9e9827fc6e2d28ebac9f34961ba6d1","isMergeCommit":false,"messageTitle":"Add Javadoc comments and JUnit test for expense","messageBody":"","fileTypesAndContributionMap":{"functional-code":{"insertions":15,"deletions":1},"test-code":{"insertions":15,"deletions":0}}},{"hash":"ecb31c62641c539901edbf4ccb3cc179c076a604","isMergeCommit":true,"messageTitle":"Merge pull request #22 from Cohii2/hengJunxiang-Balance","messageBody":"Update Balance Class","fileTypesAndContributionMap":{}},{"hash":"75d82283f828979fe11e2ec924b7b71974c555d4","isMergeCommit":true,"messageTitle":"Add JUnit testing and Javadoc comments","messageBody":"","fileTypesAndContributionMap":{}},{"hash":"c43b2a1616f4b7b57bc3ee62faa4e80c90b0844b","isMergeCommit":true,"messageTitle":"Add JUnit and Javadoc testing. Resolve conflicts with origin/basic_expense","messageBody":"","fileTypesAndContributionMap":{}},{"hash":"8c56d833218ad13c505ed1776732c5fe9eedaa5d","isMergeCommit":false,"messageTitle":"Add exception handling to Expenses. Modify parser to handle conversion of expense amount to float.","messageBody":"","fileTypesAndContributionMap":{"functional-code":{"insertions":49,"deletions":17},"test-code":{"insertions":5,"deletions":5}}},{"hash":"91b6860d6cf37905f94acf410428b4cd893292f3","isMergeCommit":false,"messageTitle":"Fix errors causing checkstyle failures","messageBody":"","fileTypesAndContributionMap":{"test-code":{"insertions":2,"deletions":2}}},{"hash":"4533a88b75c9392a4605c0d7992fcbd634ba5cde","isMergeCommit":false,"messageTitle":"Update DukeTest.java","messageBody":"","fileTypesAndContributionMap":{"test-code":{"insertions":0,"deletions":1}}},{"hash":"909acc0d4fe67e2da756d1bec57ba0a1f17d651a","isMergeCommit":false,"messageTitle":"Fix Javadoc comment in Expense.java","messageBody":"Fixed incorrect style for Javadoc comment.","fileTypesAndContributionMap":{"functional-code":{"insertions":0,"deletions":1}}}]},{"date":"2024-03-25","commitResults":[{"hash":"f3490f36ac2692cadf5c5b541043392b90c761f1","isMergeCommit":false,"messageTitle":"Remove duplicate function in expenses and refactor parser","messageBody":"","fileTypesAndContributionMap":{"functional-code":{"insertions":17,"deletions":14}}}]},{"date":"2024-03-26","commitResults":[{"hash":"aefb4100b1acead726b6f919813b8b62b32954ae","isMergeCommit":false,"messageTitle":"Update build.gradle to enable assertions","messageBody":"","fileTypesAndContributionMap":{"other":{"insertions":1,"deletions":0}}}]}]},"authorFileTypeContributionMap":{"MonkeScripts":{"docs":4,"functional-code":142,"test-code":106},"avrilgk":{"docs":0,"functional-code":13,"test-code":3},"hafizuddin-a":{"docs":1,"functional-code":67,"test-code":23,"other":1},"Cohii2":{"docs":1,"functional-code":249,"test-code":65,"other":15},"mukund1403":{"docs":2,"functional-code":65,"test-code":14,"other":1}},"authorContributionVariance":{"MonkeScripts":6466.4194,"avrilgk":3565.008,"hafizuddin-a":3300.8687,"Cohii2":4986.574,"mukund1403":922.2941},"authorDisplayNameMap":{"MonkeScripts":"CS2113-T15-3 HE S..IANG","avrilgk":"CS2113-T15-3 GUOK..VRIL","hafizuddin-a":"CS2113-T15-3 HAFI..DDIN","Cohii2":"CS2113-T15-3 HENG..IANG","mukund1403":"CS2113-T15-3 AYAG..KUND"}}
