{"repoSenseVersion":"b139a954a4","reportGeneratedTime":"Fri Apr 5 20:15:44 2024 UTC+08:00","reportGenerationTime":" 13.35 second(s)","zoneId":"UTC+08:00","reportTitle":"CS2113 tP Code Dashboard","repos":[{"location":{"location":"https://github.com/AY2324S2-CS2113-F14-3/tp.git","repoName":"tp","organization":"AY2324S2-CS2113-F14-3","domainName":"github"},"branch":"master","displayName":"AY2324S2-CS2113-F14-3/tp[master]","outputFolderName":"AY2324S2-CS2113-F14-3_tp_master"},{"location":{"location":"https://github.com/AY2324S2-CS2113-T15-3/tp.git","repoName":"tp","organization":"AY2324S2-CS2113-T15-3","domainName":"github"},"branch":"master","displayName":"AY2324S2-CS2113-T15-3/tp[master]","outputFolderName":"AY2324S2-CS2113-T15-3_tp_master"},{"location":{"location":"https://github.com/AY2324S2-CS2113-W14-2/tp.git","repoName":"tp","organization":"AY2324S2-CS2113-W14-2","domainName":"github"},"branch":"master","displayName":"AY2324S2-CS2113-W14-2/tp[master]","outputFolderName":"AY2324S2-CS2113-W14-2_tp_master"},{"location":{"location":"https://github.com/AY2324S2-CS2113-T13-2/tp.git","repoName":"tp","organization":"AY2324S2-CS2113-T13-2","domainName":"github"},"branch":"master","displayName":"AY2324S2-CS2113-T13-2/tp[master]","outputFolderName":"AY2324S2-CS2113-T13-2_tp_master"},{"location":{"location":"https://github.com/AY2324S2-CS2113-T11-2/tp.git","repoName":"tp","organization":"AY2324S2-CS2113-T11-2","domainName":"github"},"branch":"master","displayName":"AY2324S2-CS2113-T11-2/tp[master]","outputFolderName":"AY2324S2-CS2113-T11-2_tp_master"},{"location":{"location":"https://github.com/AY2324S2-CS2113-F14-1/tp.git","repoName":"tp","organization":"AY2324S2-CS2113-F14-1","domainName":"github"},"branch":"master","displayName":"AY2324S2-CS2113-F14-1/tp[master]","outputFolderName":"AY2324S2-CS2113-F14-1_tp_master"},{"location":{"location":"https://github.com/AY2324S2-CS2113-F15-2/tp.git","repoName":"tp","organization":"AY2324S2-CS2113-F15-2","domainName":"github"},"branch":"master","displayName":"AY2324S2-CS2113-F15-2/tp[master]","outputFolderName":"AY2324S2-CS2113-F15-2_tp_master"},{"location":{"location":"https://github.com/AY2324S2-CS2113-T12-1/tp.git","repoName":"tp","organization":"AY2324S2-CS2113-T12-1","domainName":"github"},"branch":"master","displayName":"AY2324S2-CS2113-T12-1/tp[master]","outputFolderName":"AY2324S2-CS2113-T12-1_tp_master"},{"location":{"location":"https://github.com/AY2324S2-CS2113-T11-1/tp.git","repoName":"tp","organization":"AY2324S2-CS2113-T11-1","domainName":"github"},"branch":"master","displayName":"AY2324S2-CS2113-T11-1/tp[master]","outputFolderName":"AY2324S2-CS2113-T11-1_tp_master"},{"location":{"location":"https://github.com/AY2324S2-CS2113-W14-4/tp.git","repoName":"tp","organization":"AY2324S2-CS2113-W14-4","domainName":"github"},"branch":"master","displayName":"AY2324S2-CS2113-W14-4/tp[master]","outputFolderName":"AY2324S2-CS2113-W14-4_tp_master"},{"location":{"location":"https://github.com/AY2324S2-CS2113-T15-4/tp.git","repoName":"tp","organization":"AY2324S2-CS2113-T15-4","domainName":"github"},"branch":"master","displayName":"AY2324S2-CS2113-T15-4/tp[master]","outputFolderName":"AY2324S2-CS2113-T15-4_tp_master"},{"location":{"location":"https://github.com/AY2324S2-CS2113-W13-3/tp.git","repoName":"tp","organization":"AY2324S2-CS2113-W13-3","domainName":"github"},"branch":"master","displayName":"AY2324S2-CS2113-W13-3/tp[master]","outputFolderName":"AY2324S2-CS2113-W13-3_tp_master"},{"location":{"location":"https://github.com/AY2324S2-CS2113-T11-3/tp.git","repoName":"tp","organization":"AY2324S2-CS2113-T11-3","domainName":"github"},"branch":"master","displayName":"AY2324S2-CS2113-T11-3/tp[master]","outputFolderName":"AY2324S2-CS2113-T11-3_tp_master"},{"location":{"location":"https://github.com/AY2324S2-CS2113-F15-1/tp.git","repoName":"tp","organization":"AY2324S2-CS2113-F15-1","domainName":"github"},"branch":"master","displayName":"AY2324S2-CS2113-F15-1/tp[master]","outputFolderName":"AY2324S2-CS2113-F15-1_tp_master"},{"location":{"location":"https://github.com/AY2324S2-CS2113-W12-2/tp.git","repoName":"tp","organization":"AY2324S2-CS2113-W12-2","domainName":"github"},"branch":"master","displayName":"AY2324S2-CS2113-W12-2/tp[master]","outputFolderName":"AY2324S2-CS2113-W12-2_tp_master"},{"location":{"location":"https://github.com/AY2324S2-CS2113-T15-1/tp.git","repoName":"tp","organization":"AY2324S2-CS2113-T15-1","domainName":"github"},"branch":"master","displayName":"AY2324S2-CS2113-T15-1/tp[master]","outputFolderName":"AY2324S2-CS2113-T15-1_tp_master"},{"location":{"location":"https://github.com/AY2324S2-CS2113-W14-3/tp.git","repoName":"tp","organization":"AY2324S2-CS2113-W14-3","domainName":"github"},"branch":"master","displayName":"AY2324S2-CS2113-W14-3/tp[master]","outputFolderName":"AY2324S2-CS2113-W14-3_tp_master"},{"location":{"location":"https://github.com/AY2324S2-CS2113-F14-2/tp.git","repoName":"tp","organization":"AY2324S2-CS2113-F14-2","domainName":"github"},"branch":"master","displayName":"AY2324S2-CS2113-F14-2/tp[master]","outputFolderName":"AY2324S2-CS2113-F14-2_tp_master"},{"location":{"location":"https://github.com/AY2324S2-CS2113-T12-4/tp.git","repoName":"tp","organization":"AY2324S2-CS2113-T12-4","domainName":"github"},"branch":"master","displayName":"AY2324S2-CS2113-T12-4/tp[master]","outputFolderName":"AY2324S2-CS2113-T12-4_tp_master"},{"location":{"location":"https://github.com/AY2324S2-CS2113-T13-3/tp.git","repoName":"tp","organization":"AY2324S2-CS2113-T13-3","domainName":"github"},"branch":"master","displayName":"AY2324S2-CS2113-T13-3/tp[master]","outputFolderName":"AY2324S2-CS2113-T13-3_tp_master"},{"location":{"location":"https://github.com/AY2324S2-CS2113-W12-1/tp.git","repoName":"tp","organization":"AY2324S2-CS2113-W12-1","domainName":"github"},"branch":"master","displayName":"AY2324S2-CS2113-W12-1/tp[master]","outputFolderName":"AY2324S2-CS2113-W12-1_tp_master"},{"location":{"location":"https://github.com/AY2324S2-CS2113-T13-4/tp.git","repoName":"tp","organization":"AY2324S2-CS2113-T13-4","domainName":"github"},"branch":"master","displayName":"AY2324S2-CS2113-T13-4/tp[master]","outputFolderName":"AY2324S2-CS2113-T13-4_tp_master"},{"location":{"location":"https://github.com/AY2324S2-CS2113-F14-4/tp.git","repoName":"tp","organization":"AY2324S2-CS2113-F14-4","domainName":"github"},"branch":"master","displayName":"AY2324S2-CS2113-F14-4/tp[master]","outputFolderName":"AY2324S2-CS2113-F14-4_tp_master"},{"location":{"location":"https://github.com/AY2324S2-CS2113-T12-2/tp.git","repoName":"tp","organization":"AY2324S2-CS2113-T12-2","domainName":"github"},"branch":"master","displayName":"AY2324S2-CS2113-T12-2/tp[master]","outputFolderName":"AY2324S2-CS2113-T12-2_tp_master"},{"location":{"location":"https://github.com/AY2324S2-CS2113-F15-4/tp.git","repoName":"tp","organization":"AY2324S2-CS2113-F15-4","domainName":"github"},"branch":"master","displayName":"AY2324S2-CS2113-F15-4/tp[master]","outputFolderName":"AY2324S2-CS2113-F15-4_tp_master"},{"location":{"location":"https://github.com/AY2324S2-CS2113-T15-2/tp.git","repoName":"tp","organization":"AY2324S2-CS2113-T15-2","domainName":"github"},"branch":"master","displayName":"AY2324S2-CS2113-T15-2/tp[master]","outputFolderName":"AY2324S2-CS2113-T15-2_tp_master"},{"location":{"location":"https://github.com/AY2324S2-CS2113-T12-3/tp.git","repoName":"tp","organization":"AY2324S2-CS2113-T12-3","domainName":"github"},"branch":"master","displayName":"AY2324S2-CS2113-T12-3/tp[master]","outputFolderName":"AY2324S2-CS2113-T12-3_tp_master"},{"location":{"location":"https://github.com/AY2324S2-CS2113-F15-3/tp.git","repoName":"tp","organization":"AY2324S2-CS2113-F15-3","domainName":"github"},"branch":"master","displayName":"AY2324S2-CS2113-F15-3/tp[master]","outputFolderName":"AY2324S2-CS2113-F15-3_tp_master"},{"location":{"location":"https://github.com/AY2324S2-CS2113-W13-1/tp.git","repoName":"tp","organization":"AY2324S2-CS2113-W13-1","domainName":"github"},"branch":"master","displayName":"AY2324S2-CS2113-W13-1/tp[master]","outputFolderName":"AY2324S2-CS2113-W13-1_tp_master"},{"location":{"location":"https://github.com/AY2324S2-CS2113-W13-2/tp.git","repoName":"tp","organization":"AY2324S2-CS2113-W13-2","domainName":"github"},"branch":"master","displayName":"AY2324S2-CS2113-W13-2/tp[master]","outputFolderName":"AY2324S2-CS2113-W13-2_tp_master"},{"location":{"location":"https://github.com/AY2324S2-CS2113-W14-1/tp.git","repoName":"tp","organization":"AY2324S2-CS2113-W14-1","domainName":"github"},"branch":"master","displayName":"AY2324S2-CS2113-W14-1/tp[master]","outputFolderName":"AY2324S2-CS2113-W14-1_tp_master"},{"location":{"location":"https://github.com/AY2324S2-CS2113-T11-4/tp.git","repoName":"tp","organization":"AY2324S2-CS2113-T11-4","domainName":"github"},"branch":"master","displayName":"AY2324S2-CS2113-T11-4/tp[master]","outputFolderName":"AY2324S2-CS2113-T11-4_tp_master"},{"location":{"location":"https://github.com/AY2324S2-CS2113-W12-3/tp.git","repoName":"tp","organization":"AY2324S2-CS2113-W12-3","domainName":"github"},"branch":"master","displayName":"AY2324S2-CS2113-W12-3/tp[master]","outputFolderName":"AY2324S2-CS2113-W12-3_tp_master"},{"location":{"location":"https://github.com/AY2324S2-CS2113-W13-4/tp.git","repoName":"tp","organization":"AY2324S2-CS2113-W13-4","domainName":"github"},"branch":"master","displayName":"AY2324S2-CS2113-W13-4/tp[master]","outputFolderName":"AY2324S2-CS2113-W13-4_tp_master"},{"location":{"location":"https://github.com/AY2324S2-CS2113-T13-1/tp.git","repoName":"tp","organization":"AY2324S2-CS2113-T13-1","domainName":"github"},"branch":"master","displayName":"AY2324S2-CS2113-T13-1/tp[master]","outputFolderName":"AY2324S2-CS2113-T13-1_tp_master"},{"location":{"location":"https://github.com/AY2324S2-CS2113T-T09-4/tp.git","repoName":"tp","organization":"AY2324S2-CS2113T-T09-4","domainName":"github"},"branch":"master","displayName":"AY2324S2-CS2113T-T09-4/tp[master]","outputFolderName":"AY2324S2-CS2113T-T09-4_tp_master"},{"location":{"location":"https://github.com/AY2324S2-CS2113T-T09-2/tp.git","repoName":"tp","organization":"AY2324S2-CS2113T-T09-2","domainName":"github"},"branch":"master","displayName":"AY2324S2-CS2113T-T09-2/tp[master]","outputFolderName":"AY2324S2-CS2113T-T09-2_tp_master"},{"location":{"location":"https://github.com/AY2324S2-CS2113T-T09-1/tp.git","repoName":"tp","organization":"AY2324S2-CS2113T-T09-1","domainName":"github"},"branch":"master","displayName":"AY2324S2-CS2113T-T09-1/tp[master]","outputFolderName":"AY2324S2-CS2113T-T09-1_tp_master"},{"location":{"location":"https://github.com/AY2324S2-CS2113T-T09-3/tp.git","repoName":"tp","organization":"AY2324S2-CS2113T-T09-3","domainName":"github"},"branch":"master","displayName":"AY2324S2-CS2113T-T09-3/tp[master]","outputFolderName":"AY2324S2-CS2113T-T09-3_tp_master"}],"errorSet":[],"sinceDate":"2024-02-23","untilDate":"2024-04-05","isSinceDateProvided":true,"isUntilDateProvided":false,"supportedDomainUrlMap":{"NOT_RECOGNIZED":{"BRANCH":"","REPO_URL":"UNSUPPORTED","BASE_URL":"UNSUPPORTED","HISTORY_PATH":"","COMMIT_PATH":"","BLAME_PATH":""},"github":{"BRANCH":"tree/$BRANCH","REPO_URL":"https://github.com/$ORGANIZATION/$REPO_NAME/","BASE_URL":"https://github.com/","HISTORY_PATH":"commits/$BRANCH/$FILE_PATH","COMMIT_PATH":"commit/$COMMIT_HASH","BLAME_PATH":"blame/$BRANCH/$FILE_PATH"}}}
