{"authorDailyContributionsMap":{"ParthGandhiNUS":[{"date":"2024-03-07","commitResults":[{"hash":"76a31f8db0ebcc9d7611bb704265a523c507f0d6","isMergeCommit":false,"messageTitle":"Update README.md","messageBody":"","fileTypesAndContributionMap":{"docs":{"insertions":33,"deletions":0}}},{"hash":"94d1c8d3e8eae1199c8b030dc64741a4f43e84f8","isMergeCommit":false,"messageTitle":"Update AboutUs.md with my name","messageBody":"","fileTypesAndContributionMap":{"docs":{"insertions":5,"deletions":5}}},{"hash":"e98d3d38d08f847a91532c9ff1a6ce57fa03df11","isMergeCommit":true,"messageTitle":"Merge branch \u0027master\u0027 into wk7-tutorial","messageBody":"","fileTypesAndContributionMap":{}},{"hash":"ad9d7bf6d6e1c3aa09bf4a6060905b2935952fe4","isMergeCommit":true,"messageTitle":"Merge pull request #5 from ParthGandhiNUS/wk7-tutorial","messageBody":"Update AboutUs.md with my name","fileTypesAndContributionMap":{}}]},{"date":"2024-03-09","commitResults":[{"hash":"1686a0895224ce231c44f272444c121445fad40e","isMergeCommit":false,"messageTitle":"Add Master Class for setting up masterStudentList in future","messageBody":"","fileTypesAndContributionMap":{"functional-code":{"insertions":10,"deletions":0}}},{"hash":"6906b9d11394e6024e202224a200c287d2a9a618","isMergeCommit":false,"messageTitle":"Add UserInput Class to process User Inputs","messageBody":"","fileTypesAndContributionMap":{"functional-code":{"insertions":12,"deletions":0}}},{"hash":"317589e981630e75b991fd477284072ca954a518","isMergeCommit":false,"messageTitle":"Add Ui class to streamline printing processes","messageBody":"","fileTypesAndContributionMap":{"functional-code":{"insertions":34,"deletions":0}}},{"hash":"20d0dfafe42098e126518e1871865de9a3b384e8","isMergeCommit":false,"messageTitle":"Add UserParsing Class to parse Users\u0027 inputs","messageBody":"","fileTypesAndContributionMap":{"functional-code":{"insertions":35,"deletions":0}}},{"hash":"e0b1a998b5fd9f5b19e7fe072cced649d90376a5","isMergeCommit":false,"messageTitle":"update StudentList class with masterStudentList","messageBody":"","fileTypesAndContributionMap":{"functional-code":{"insertions":16,"deletions":0}}},{"hash":"fa606d0b97ac3656165edb17440ee36fd181f4f4","isMergeCommit":false,"messageTitle":"Edit mistake in comment","messageBody":"","fileTypesAndContributionMap":{"functional-code":{"insertions":1,"deletions":1}}},{"hash":"3d6cff400ec758cf466ea8e25475e470495e4acf","isMergeCommit":false,"messageTitle":"Add fallenCode to keep track of deleted code","messageBody":"","fileTypesAndContributionMap":{"functional-code":{"insertions":30,"deletions":0}}},{"hash":"5741e98b517cebb4e27bac4bcb0b4193352cf15f","isMergeCommit":false,"messageTitle":"Update file location and packages","messageBody":"","fileTypesAndContributionMap":{"functional-code":{"insertions":3,"deletions":3},"other":{"insertions":1,"deletions":1}}},{"hash":"a5ed70f87489466c7f3fd3167622103aea779d6a","isMergeCommit":false,"messageTitle":"Update Main with new Implementation","messageBody":"","fileTypesAndContributionMap":{"functional-code":{"insertions":19,"deletions":10}}},{"hash":"6c3df34c6e68cf4eee0dfd4f2675c64c15ff7057","isMergeCommit":false,"messageTitle":"Reorganise code to make it work","messageBody":"","fileTypesAndContributionMap":{"functional-code":{"insertions":15,"deletions":16},"other":{"insertions":4,"deletions":3}}},{"hash":"fabaf99a214331afec79a77234b693b2b4bb8727","isMergeCommit":true,"messageTitle":"Merge pull request #30 from ParthGandhiNUS/classify_foundations","messageBody":"Classify foundations","fileTypesAndContributionMap":{}}]},{"date":"2024-03-19","commitResults":[{"hash":"a3c48b895c507f69729d3986c7cc6274785f9c6b","isMergeCommit":false,"messageTitle":"Add JUnit Test","messageBody":"","fileTypesAndContributionMap":{"test-code":{"insertions":8,"deletions":1}}},{"hash":"b1ef3a589768cc748dfe56e6f6183ae3b4488fcc","isMergeCommit":true,"messageTitle":"Merge pull request #46 from ParthGandhiNUS/JUnit","messageBody":"Add JUnit Test","fileTypesAndContributionMap":{}}]},{"date":"2024-03-20","commitResults":[{"hash":"9b80758131b6ab5576fd096a2ba91efbb0248e42","isMergeCommit":false,"messageTitle":"Add new ClassifyExceptions Class","messageBody":"","fileTypesAndContributionMap":{"functional-code":{"insertions":4,"deletions":0}}},{"hash":"d095c8e87613678991f931570d5bfb119c88221f","isMergeCommit":false,"messageTitle":"Add new printCurrentArrayMessage method","messageBody":"","fileTypesAndContributionMap":{"functional-code":{"insertions":29,"deletions":1}}},{"hash":"21c2ad8ab0e07e5ed36d4650eb2caf6de33bca04","isMergeCommit":false,"messageTitle":"Edit \"list\" command functionalities","messageBody":"","fileTypesAndContributionMap":{"functional-code":{"insertions":3,"deletions":5}}},{"hash":"6c7d010e4528184fe3c52595680c4a25a00ff56e","isMergeCommit":false,"messageTitle":"Add exception catching and resolution for grade prompt","messageBody":"","fileTypesAndContributionMap":{"functional-code":{"insertions":8,"deletions":1}}},{"hash":"cb5c5c6fb67dceec91638c0c9387dd0062f6731f","isMergeCommit":false,"messageTitle":"Add exception catching and resolution for classes attended method","messageBody":"","fileTypesAndContributionMap":{"functional-code":{"insertions":9,"deletions":2}}},{"hash":"17e5eece4907682dbb56380abe5a36c32ee99112","isMergeCommit":false,"messageTitle":"Edit the print message for the users when encountered with an exception","messageBody":"","fileTypesAndContributionMap":{"functional-code":{"insertions":4,"deletions":2}}},{"hash":"8527ec231559e17be27f7eec55f4bbb786d3b117","isMergeCommit":false,"messageTitle":"Add relevant assertions in printCurrentArrayMessage Method","messageBody":"","fileTypesAndContributionMap":{"functional-code":{"insertions":4,"deletions":1}}},{"hash":"0cf27acc9babc50b4f6849ef43fe70c78c11c923","isMergeCommit":true,"messageTitle":"Merge branch \u0027master\u0027 of https://github.com/AY2324S2-CS2113-T13-3/tp into exceptions","messageBody":"","fileTypesAndContributionMap":{}},{"hash":"fee7081aa67824e160df7fe9a6c56417590c2407","isMergeCommit":true,"messageTitle":"Merge pull request #53 from ParthGandhiNUS/exceptions","messageBody":"Exceptions plus other functionalities for Input Parsing Class","fileTypesAndContributionMap":{}},{"hash":"f072eb892fc86ea8149a17b844d4326c4c3282eb","isMergeCommit":false,"messageTitle":"Add required datacommand Classes","messageBody":"","fileTypesAndContributionMap":{"functional-code":{"insertions":15,"deletions":0}}},{"hash":"46864de5c58ac30e0f2ff8dc41c680e7d8185a8f","isMergeCommit":false,"messageTitle":"Edit assertions","messageBody":"","fileTypesAndContributionMap":{"functional-code":{"insertions":5,"deletions":4}}},{"hash":"812e0ce9a7a5b2774e5e96ae6e32a9975c92331b","isMergeCommit":false,"messageTitle":"Add semicolon instead of colon for assertion","messageBody":"","fileTypesAndContributionMap":{"functional-code":{"insertions":1,"deletions":1}}},{"hash":"115ea4a06dd15f829b829b6429d900fa623bf10d","isMergeCommit":true,"messageTitle":"Merge branch \u0027master\u0027 of https://github.com/ParthGandhiNUS/tp into datahandler_classes","messageBody":"","fileTypesAndContributionMap":{}},{"hash":"9b7c34fd26dce1128c2ae6524c2f20fb68a9f9a3","isMergeCommit":true,"messageTitle":"Merge pull request #64 from ParthGandhiNUS/datahandler_classes","messageBody":"Datahandler classes","fileTypesAndContributionMap":{}},{"hash":"1cbb3c2ff799ad36a80989e528664481804cb44e","isMergeCommit":true,"messageTitle":"Merge pull request #65 from Cryolian/v1.0","messageBody":"Add student details input","fileTypesAndContributionMap":{}},{"hash":"e3921631d26a07c14f59380b49741af9a191a8b3","isMergeCommit":true,"messageTitle":"Merge pull request #67 from Cryolian/v1.0","messageBody":"Add exiting edit bugfix","fileTypesAndContributionMap":{}}]},{"date":"2024-03-21","commitResults":[{"hash":"c29c2a9b5b1fb237b09583e4239fdab75a57f347","isMergeCommit":true,"messageTitle":"Merge pull request #74 from alalal47/add_delete_view_changes","messageBody":"","fileTypesAndContributionMap":{}}]},{"date":"2024-03-22","commitResults":[{"hash":"1d6e6846f52bdc53db10d307ccee5a2e204f894a","isMergeCommit":false,"messageTitle":"Add Assertion","messageBody":"","fileTypesAndContributionMap":{"functional-code":{"insertions":3,"deletions":1}}},{"hash":"7b5be47e7bd1dee8765aaca6f0bb58f200eff96d","isMergeCommit":true,"messageTitle":"Merge pull request #92 from Cryolian/UserGuide","messageBody":"Update UserGuide","fileTypesAndContributionMap":{}}]},{"date":"2024-03-23","commitResults":[{"hash":"cbeffec8f83a7c60e4edface9afea5fdb1a1298c","isMergeCommit":false,"messageTitle":"Add textFileInputString method to store student names","messageBody":"","fileTypesAndContributionMap":{"functional-code":{"insertions":6,"deletions":1}}},{"hash":"2baf9f24427c13d6ecbb10899c6b43f9942c6003","isMergeCommit":false,"messageTitle":"Add new createParentFileFolder method","messageBody":"","fileTypesAndContributionMap":{"functional-code":{"insertions":16,"deletions":0}}},{"hash":"c0d399f76cade45ed919cab7d5c9ced8a1f92be6","isMergeCommit":false,"messageTitle":"Add writeStudentInfo method write info in the Student_Information.txt","messageBody":"","fileTypesAndContributionMap":{"functional-code":{"insertions":44,"deletions":0}}},{"hash":"eb2d35a3e74330ae89fd77147ab00eb3adeae854","isMergeCommit":false,"messageTitle":"Update InputParsing for other methods to handle Student data","messageBody":"","fileTypesAndContributionMap":{"functional-code":{"insertions":11,"deletions":3}}},{"hash":"e9cd5a69bb365f59659ae1e2407467c0b8ef7247","isMergeCommit":false,"messageTitle":"Add data reading functionalities to Classify","messageBody":"","fileTypesAndContributionMap":{"functional-code":{"insertions":44,"deletions":0}}},{"hash":"4ccd7f75c5cf9df64263a64356e6758a0151a1e2","isMergeCommit":false,"messageTitle":"Add methods to read and write data from User","messageBody":"","fileTypesAndContributionMap":{"functional-code":{"insertions":68,"deletions":0}}},{"hash":"89b6ec4807c3d9580b07878b0477d00de7a322dd","isMergeCommit":false,"messageTitle":"Update main for exception handling and to read Student_Information.txt before starting up","messageBody":"","fileTypesAndContributionMap":{"functional-code":{"insertions":5,"deletions":3}}},{"hash":"ec0881397b9a64ce49edab211d321769bebf282f","isMergeCommit":false,"messageTitle":"Edit minor mistakes in code","messageBody":"","fileTypesAndContributionMap":{"functional-code":{"insertions":19,"deletions":18}}},{"hash":"971612f1eebb0992db6168ca0d93d15710fe5400","isMergeCommit":false,"messageTitle":"Edit test files","messageBody":"","fileTypesAndContributionMap":{"test-code":{"insertions":4,"deletions":1}}}]},{"date":"2024-03-29","commitResults":[{"hash":"f6a3d4706a2e7f047dd3501c843f250ec6643e2c","isMergeCommit":false,"messageTitle":"Update Developer Guide to include Data Commands Component","messageBody":"","fileTypesAndContributionMap":{"docs":{"insertions":28,"deletions":0}}},{"hash":"f4b33323c5929df65fbbbc7e95842b627865dfee","isMergeCommit":true,"messageTitle":"Merge pull request #130 from tayponghee/week10_Junit","messageBody":"","fileTypesAndContributionMap":{}},{"hash":"152508f592c14431bae58c971262f111bd295b3b","isMergeCommit":true,"messageTitle":"Merge pull request #133 from tayponghee/master","messageBody":"","fileTypesAndContributionMap":{}}]},{"date":"2024-03-30","commitResults":[{"hash":"c66a3ddb4b91257f282b14e25f013b01309fda04","isMergeCommit":false,"messageTitle":"Add preface for User Guide","messageBody":"","fileTypesAndContributionMap":{"docs":{"insertions":11,"deletions":0}}}]}],"tayponghee":[{"date":"2024-03-07","commitResults":[{"hash":"0a72c23315cd2d13b0340c25f839e637e08e48dc","isMergeCommit":false,"messageTitle":"Change AboutUs.md","messageBody":"","fileTypesAndContributionMap":{"docs":{"insertions":7,"deletions":7}}},{"hash":"95270b4da64b29c974ff14b972371aafbf48e540","isMergeCommit":true,"messageTitle":"Merge branch \u0027master\u0027 into Week_7_About","messageBody":"","fileTypesAndContributionMap":{}},{"hash":"bffd836deddf620ef4a81e6a0131e6730f53f45f","isMergeCommit":true,"messageTitle":"Merge pull request #3 from tayponghee/Week_7_About","messageBody":"Change AboutUs.md","fileTypesAndContributionMap":{}}]},{"date":"2024-03-16","commitResults":[{"hash":"e72fd0ecf6da4bccb28bfde176805c149748f328","isMergeCommit":false,"messageTitle":"Add Junit test","messageBody":"","fileTypesAndContributionMap":{"functional-code":{"insertions":9,"deletions":6},"test-code":{"insertions":30,"deletions":0}}},{"hash":"639705a5b75acb706e601e1799ad4ae3a142ae7a","isMergeCommit":false,"messageTitle":"Add view and add student functionalities","messageBody":"","fileTypesAndContributionMap":{"functional-code":{"insertions":151,"deletions":2}}},{"hash":"eb07673fd30665b1afd90415c99ab5c5e1e17e1f","isMergeCommit":false,"messageTitle":"Add author tag","messageBody":"","fileTypesAndContributionMap":{"functional-code":{"insertions":4,"deletions":4}}},{"hash":"e29143183c59d68bf529a7ca5f70e328ee535aa0","isMergeCommit":false,"messageTitle":"Fix gradle coding style convention","messageBody":"","fileTypesAndContributionMap":{"functional-code":{"insertions":12,"deletions":11}}},{"hash":"398f163f0dbf1b38dd7c7d0cdec64b3b2651f446","isMergeCommit":true,"messageTitle":"Merge pull request #33 from tayponghee/Version_One_Increment","messageBody":"Version one increment (Add add and view student functionalities)","fileTypesAndContributionMap":{}}]},{"date":"2024-03-17","commitResults":[{"hash":"9e141e40e19f8a7db1c8baa915302c70c1debb2f","isMergeCommit":false,"messageTitle":"Add support for multiple subjects and grades, with corresponding classes attended","messageBody":"","fileTypesAndContributionMap":{"functional-code":{"insertions":172,"deletions":50}}},{"hash":"46888996bc657952c7e1636c7f07072ba052b6b7","isMergeCommit":true,"messageTitle":"Merge pull request #37 from tayponghee/v1_defensive_measures","messageBody":"Add support for multiple subjects and grades","fileTypesAndContributionMap":{}}]},{"date":"2024-03-18","commitResults":[{"hash":"d56f89d73b94c5abd29e815f458b9381a97d0c62","isMergeCommit":false,"messageTitle":"Add logging for View [Student] method, refactor method","messageBody":"","fileTypesAndContributionMap":{"functional-code":{"insertions":28,"deletions":13}}},{"hash":"df86abc0bf32fe39495dd3cf405f15a32f2945e8","isMergeCommit":false,"messageTitle":"Add logging for Add student method","messageBody":"","fileTypesAndContributionMap":{"functional-code":{"insertions":10,"deletions":7}}},{"hash":"366a5c4b15a111a9743e2cb97ca96cd3b8dda7fd","isMergeCommit":false,"messageTitle":"Fix checkstyle errors","messageBody":"","fileTypesAndContributionMap":{"functional-code":{"insertions":3,"deletions":3}}},{"hash":"b7ebc7ed58ed11632e588d28f8919487deee4853","isMergeCommit":true,"messageTitle":"Merge pull request #39 from tayponghee/v1_logging","messageBody":"V1 logging","fileTypesAndContributionMap":{}},{"hash":"e9abab943498b247bede36c3a6ef704661b4f11b","isMergeCommit":false,"messageTitle":"Add assertions for view and add student. Fix bug for add student.","messageBody":"","fileTypesAndContributionMap":{"functional-code":{"insertions":53,"deletions":9}}},{"hash":"b0a44e10042788231d0bff732abadedeac1012bb","isMergeCommit":true,"messageTitle":"Merge pull request #40 from tayponghee/v1_logging","messageBody":"Add assertions for view and add student. Fix bug for add student.","fileTypesAndContributionMap":{}}]},{"date":"2024-03-20","commitResults":[{"hash":"a6bf754c843d04255dddc4a216eb4d64890220c3","isMergeCommit":false,"messageTitle":"Add check for yes or no","messageBody":"","fileTypesAndContributionMap":{"functional-code":{"insertions":29,"deletions":11}}},{"hash":"b4966caaf680f33de56d7389a57fc52a92b4af71","isMergeCommit":true,"messageTitle":"Merge pull request #73 from Cryolian/v1.0","messageBody":"Add javadoc for Input Parsing class","fileTypesAndContributionMap":{}}]},{"date":"2024-03-22","commitResults":[{"hash":"b46caba349b9bae7c3959e78ba0dc39d17c6a70f","isMergeCommit":false,"messageTitle":"Add sort_name command","messageBody":"","fileTypesAndContributionMap":{"functional-code":{"insertions":69,"deletions":7}}},{"hash":"28d9c15386f88b3e1f00b4c62c3b2e44361e46f4","isMergeCommit":false,"messageTitle":"Fix gradle checks","messageBody":"","fileTypesAndContributionMap":{"functional-code":{"insertions":16,"deletions":9},"test-code":{"insertions":3,"deletions":1}}},{"hash":"40d8bcaca1fc180a063aab70503c71e86c84ed84","isMergeCommit":false,"messageTitle":"Add search by subject","messageBody":"","fileTypesAndContributionMap":{"functional-code":{"insertions":66,"deletions":2}}},{"hash":"d543111b0f76023b29052491bf45d9ee089c6482","isMergeCommit":false,"messageTitle":"Allow the user to specify if they want to view the subject directly","messageBody":"","fileTypesAndContributionMap":{"functional-code":{"insertions":32,"deletions":9}}},{"hash":"363712d22d326a415e59e33512808c9e9dfba540","isMergeCommit":true,"messageTitle":"Merge branch \u0027master\u0027 into feature_recently_deleted_restore","messageBody":"","fileTypesAndContributionMap":{}},{"hash":"83d1948aad0282c790e07362f0f10f763744413e","isMergeCommit":true,"messageTitle":"Merge pull request #95 from alalal47/feature_recently_deleted_restore","messageBody":"Implement recently deleted list, undo and restore functions from said…","fileTypesAndContributionMap":{}},{"hash":"c5e4a5902e2c48f58350fd398c5991732a7bdf88","isMergeCommit":false,"messageTitle":"Update UserGuide.md","messageBody":"","fileTypesAndContributionMap":{"docs":{"insertions":8,"deletions":2}}},{"hash":"1ebb6bab5b86058782f50ec2e4f6ca957fa91807","isMergeCommit":false,"messageTitle":"Update UserGuide.md","messageBody":"","fileTypesAndContributionMap":{"docs":{"insertions":47,"deletions":2}}}]},{"date":"2024-03-23","commitResults":[{"hash":"a32bcc338687e1eb47d834e7dc093324da025945","isMergeCommit":true,"messageTitle":"Merge pull request #97 from Cryolian/UserGuide","messageBody":"Add assertion enable to gradle build","fileTypesAndContributionMap":{}},{"hash":"bbbf2da28e928ee32077f4df4e3aad3c94bb4a6d","isMergeCommit":true,"messageTitle":"Merge pull request #101 from Cryolian/PaymentDate","messageBody":"Payment date","fileTypesAndContributionMap":{}},{"hash":"d23face8cc2a863f88b23a5accd0e5c4f9286d79","isMergeCommit":false,"messageTitle":"Add sort by total classes attended","messageBody":"","fileTypesAndContributionMap":{"functional-code":{"insertions":100,"deletions":11}}},{"hash":"f4fae38d7703b1d731258585e6195587d6d3b9dc","isMergeCommit":false,"messageTitle":"Shift sorting into another class","messageBody":"","fileTypesAndContributionMap":{"functional-code":{"insertions":137,"deletions":73}}},{"hash":"ccfcbc44a2e0a77e8fc4b719b6809181e0489948","isMergeCommit":false,"messageTitle":"Fix gradle checks","messageBody":"","fileTypesAndContributionMap":{"functional-code":{"insertions":13,"deletions":11}}},{"hash":"bab84eb17e349e52608b8064c1820a1682b73181","isMergeCommit":false,"messageTitle":"Reduce magic literals","messageBody":"","fileTypesAndContributionMap":{"functional-code":{"insertions":6,"deletions":3}}},{"hash":"456b794c64b470773c8d8dfb9811df30632ac72f","isMergeCommit":true,"messageTitle":"Merge pull request #104 from Cryolian/MinorFixes","messageBody":"Fix date range error not printing","fileTypesAndContributionMap":{}}]},{"date":"2024-03-24","commitResults":[{"hash":"b01925c976cb3be3fa5e76886ac9aa34b00910c6","isMergeCommit":false,"messageTitle":"Update UserGuide.md","messageBody":"","fileTypesAndContributionMap":{"docs":{"insertions":17,"deletions":5}}},{"hash":"e8527762f31374e25836bdccaec012730e1bd3f2","isMergeCommit":false,"messageTitle":"Add acknowledgements to DeveloperGuide.md","messageBody":"","fileTypesAndContributionMap":{"docs":{"insertions":4,"deletions":1}}},{"hash":"b40b83375aad56705992670e327b12c428abb6de","isMergeCommit":false,"messageTitle":"Add inputparsing as a component of the DeveloperGuide","messageBody":"","fileTypesAndContributionMap":{"docs":{"insertions":40,"deletions":0}}},{"hash":"d6a9a23d68e4b136c57fcf7839694a3146439f23","isMergeCommit":false,"messageTitle":"Update DeveloperGuide.md","messageBody":"","fileTypesAndContributionMap":{"docs":{"insertions":2,"deletions":3}}},{"hash":"38d7c9619cb05301f989851243432684c3bca066","isMergeCommit":false,"messageTitle":"Update DeveloperGuide.md","messageBody":"","fileTypesAndContributionMap":{"docs":{"insertions":1,"deletions":1}}}]},{"date":"2024-03-25","commitResults":[{"hash":"9668ce4eeb4e0d824e89d63c998d48dbcd6d6b22","isMergeCommit":false,"messageTitle":"Add AddStudent class","messageBody":"","fileTypesAndContributionMap":{"functional-code":{"insertions":226,"deletions":195}}},{"hash":"01c0ae6d6854ae332299ac74fe67a03ce59ebdbb","isMergeCommit":false,"messageTitle":"Add ViewStudent class","messageBody":"","fileTypesAndContributionMap":{"functional-code":{"insertions":104,"deletions":93}}},{"hash":"7ffb2aad92f2eb45f17f8a1dab97032fac73ffeb","isMergeCommit":false,"messageTitle":"Fix gradle checks","messageBody":"","fileTypesAndContributionMap":{"functional-code":{"insertions":15,"deletions":12}}},{"hash":"3ffd9d1c2d122cfbd08e73a3c3ef5cceab264972","isMergeCommit":true,"messageTitle":"Merge pull request #112 from tayponghee/v2_moreOOP","messageBody":"Refactor InputParsing class commands","fileTypesAndContributionMap":{}},{"hash":"8742bd3497f86ea3d8173dffe2206d4a7184a175","isMergeCommit":true,"messageTitle":"Merge pull request #113 from Cryolian/dev-guide","messageBody":"Change UML visibility icons","fileTypesAndContributionMap":{}}]},{"date":"2024-03-26","commitResults":[{"hash":"77a5bd75593ccabcb4f2575b87a687d7e85e92bd","isMergeCommit":false,"messageTitle":"Add InputParsing UML","messageBody":"","fileTypesAndContributionMap":{"docs":{"insertions":40,"deletions":0}}}]},{"date":"2024-03-28","commitResults":[{"hash":"ea40c54e38cba0000f20ed63037ee822ceb7be98","isMergeCommit":false,"messageTitle":"Shift strings from AddStudent to Ui class","messageBody":"","fileTypesAndContributionMap":{"functional-code":{"insertions":35,"deletions":11}}},{"hash":"afde228306b02e5eb28cf4b1abee89f9808d3b52","isMergeCommit":false,"messageTitle":"Refactor showAttributes","messageBody":"","fileTypesAndContributionMap":{"functional-code":{"insertions":21,"deletions":16}}},{"hash":"99e91d79d169a0e6327adb5a19e0d3a00f0bac13","isMergeCommit":true,"messageTitle":"Merge pull request #128 from alalal47/DG","messageBody":"Fix infinite loop bug when invalid sort flag is entered","fileTypesAndContributionMap":{}}]},{"date":"2024-03-29","commitResults":[{"hash":"eb09f5fc5e9154c000cdbad41c25486d48bb489f","isMergeCommit":false,"messageTitle":"Add tests for StudentSorter and StudentAttributes","messageBody":"","fileTypesAndContributionMap":{"functional-code":{"insertions":13,"deletions":5},"test-code":{"insertions":152,"deletions":0}}},{"hash":"bbb529f962a317e0889abfc33f38fd2ed60ed85c","isMergeCommit":false,"messageTitle":"Add SubjectGradeTest","messageBody":"","fileTypesAndContributionMap":{"test-code":{"insertions":55,"deletions":0}}},{"hash":"2f314df53044e22f06911f7b2537d9d181d89acf","isMergeCommit":false,"messageTitle":"Fix Gradle checks","messageBody":"","fileTypesAndContributionMap":{"test-code":{"insertions":3,"deletions":1}}},{"hash":"abec2215a764cecd496f6f8ffab4db849ac5bde8","isMergeCommit":false,"messageTitle":"Revert changes made to InputParsing","messageBody":"","fileTypesAndContributionMap":{"functional-code":{"insertions":5,"deletions":9},"test-code":{"insertions":21,"deletions":16}}},{"hash":"19369105b1106a59c4979f4913973691c044d7cc","isMergeCommit":false,"messageTitle":"Add to DG","messageBody":"","fileTypesAndContributionMap":{"docs":{"insertions":22,"deletions":1}}},{"hash":"9ed72c05017de96b99bd8bb3201cb42d18a2ca79","isMergeCommit":true,"messageTitle":"Merge pull request #132 from alalal47/help_command","messageBody":"Update help command and related test","fileTypesAndContributionMap":{}}]}],"blackmirag3":[{"date":"2024-03-07","commitResults":[{"hash":"a653dc502676543b9a5eba546c3c10d0aafec08d","isMergeCommit":false,"messageTitle":"Update about us for project","messageBody":"","fileTypesAndContributionMap":{"docs":{"insertions":7,"deletions":7}}},{"hash":"45eafb003ed7991f5f08833e7a237213d70a55ab","isMergeCommit":true,"messageTitle":"Merge branch \u0027master\u0027 into shui-tutorial-7","messageBody":"","fileTypesAndContributionMap":{}},{"hash":"187617c8f8fd4c4b26f64ed7123902f1dd59fa36","isMergeCommit":true,"messageTitle":"Merge branch \u0027master\u0027 into shui-tutorial-7","messageBody":"","fileTypesAndContributionMap":{}},{"hash":"f27c81d8b782c7f3752c9ecdde1b67fd35d29ab6","isMergeCommit":true,"messageTitle":"Merge pull request #4 from blackmirag3/shui-tutorial-7","messageBody":"Update about us for project","fileTypesAndContributionMap":{}}]},{"date":"2024-03-16","commitResults":[{"hash":"d12d7b1fddfddc2e06ebcfc52471dbc52ccc9c2f","isMergeCommit":false,"messageTitle":"Add JUnit test","messageBody":"","fileTypesAndContributionMap":{"test-code":{"insertions":17,"deletions":1}}},{"hash":"5ff2cb1e9d2f6e26720dfed53c9dd8ffadaf298f","isMergeCommit":false,"messageTitle":"Fix coding style violation for InputParsingTest class","messageBody":"","fileTypesAndContributionMap":{"test-code":{"insertions":0,"deletions":1}}},{"hash":"62ecdc753da40c3730c024b649aae69121ea9175","isMergeCommit":true,"messageTitle":"Merge pull request #34 from blackmirag3/shui-junit","messageBody":"Add JUnit test for incorrect user command format","fileTypesAndContributionMap":{}}]},{"date":"2024-03-19","commitResults":[{"hash":"8816cb5713c32ae6b0e9803bfa58bc149dcac441","isMergeCommit":false,"messageTitle":"Make student attributes optional when adding student","messageBody":"","fileTypesAndContributionMap":{"functional-code":{"insertions":31,"deletions":26}}}]},{"date":"2024-03-20","commitResults":[{"hash":"624abdb2a7a4d92e6b4e248dee7b0ba66ee81b12","isMergeCommit":false,"messageTitle":"Update Ui output","messageBody":"","fileTypesAndContributionMap":{"functional-code":{"insertions":187,"deletions":22}}},{"hash":"98a747ad20e9df84763b516a2edfc402c22fe851","isMergeCommit":true,"messageTitle":"Merge branch \u0027master\u0027 of https://github.com/AY2324S2-CS2113-T13-3/tp into shui-edit-v1","messageBody":"","fileTypesAndContributionMap":{}},{"hash":"23f3ac553d243b9d31d80fdd05ff2ac3b3a2d57e","isMergeCommit":false,"messageTitle":"Refactor format checker for grade and attendance","messageBody":"","fileTypesAndContributionMap":{"functional-code":{"insertions":112,"deletions":108}}},{"hash":"8132bb885f38ac2e0a747c30dbaf8e379be43fc0","isMergeCommit":true,"messageTitle":"Merge pull request #47 from blackmirag3/shui-edit-v1","messageBody":"Add edit function","fileTypesAndContributionMap":{}},{"hash":"491168afbc0adf9399aba2f5eda4bb31925b649a","isMergeCommit":false,"messageTitle":"Update formatting for checkStyle test","messageBody":"","fileTypesAndContributionMap":{"functional-code":{"insertions":20,"deletions":20}}},{"hash":"3927b39ae12a00b79c9d234deda7f81c78b749f1","isMergeCommit":true,"messageTitle":"Merge pull request #48 from blackmirag3/shui-edit-v1","messageBody":"Update formatting for checkStyle test","fileTypesAndContributionMap":{}},{"hash":"2dccd7ff564934c84dbb2a497b427830409e46ee","isMergeCommit":false,"messageTitle":"Refactor Ui printer methods","messageBody":"","fileTypesAndContributionMap":{"functional-code":{"insertions":119,"deletions":65},"other":{"insertions":1,"deletions":1}}},{"hash":"e2411a42b233d86a6e8712ae2d44f82132470372","isMergeCommit":true,"messageTitle":"Merge pull request #52 from blackmirag3/shui-edit-v1","messageBody":"Refactor Ui printer methods","fileTypesAndContributionMap":{}},{"hash":"f69c44444d49bb02f5a532bcad33b394a563bde4","isMergeCommit":false,"messageTitle":"Add printing of user prompt for each main user command iteration","messageBody":"","fileTypesAndContributionMap":{"functional-code":{"insertions":5,"deletions":2}}},{"hash":"42e0d4c9dacebaa245f9815ee3c9392f1e9f4e81","isMergeCommit":true,"messageTitle":"Merge pull request #57 from blackmirag3/shui-edit-v1","messageBody":"Add printing of user prompt for each main user command iteration","fileTypesAndContributionMap":{}}]},{"date":"2024-03-22","commitResults":[{"hash":"6fd5169ad8debca1cbb08e948a1fe063018fac2d","isMergeCommit":true,"messageTitle":"Merge pull request #94 from tayponghee/v2_list_subject","messageBody":"V2 list subject","fileTypesAndContributionMap":{}}]},{"date":"2024-03-28","commitResults":[{"hash":"536fe06c20124985cc14948fc04aa3a204d18037","isMergeCommit":false,"messageTitle":"Add UI component to DG","messageBody":"","fileTypesAndContributionMap":{"docs":{"insertions":16,"deletions":2}}},{"hash":"45c6e4cf335ae978a74babcbabdefef3b7d3ecae","isMergeCommit":true,"messageTitle":"Merge pull request #115 from alalal47/sord_by_paid","messageBody":"Refactor delete related commands to their own class","fileTypesAndContributionMap":{}}]}],"alalal47":[{"date":"2024-03-07","commitResults":[{"hash":"532b0c57c5f1fc80cb866ccacd2004785d16e2f5","isMergeCommit":false,"messageTitle":"Add Joe","messageBody":"","fileTypesAndContributionMap":{"docs":{"insertions":5,"deletions":5}}},{"hash":"74ac58edaabbdb40e6164ab1f886849054caddd9","isMergeCommit":true,"messageTitle":"Merge pull request #2 from alalal47/joev","messageBody":"Add Joe","fileTypesAndContributionMap":{}}]},{"date":"2024-03-16","commitResults":[{"hash":"c07cf42746e465eb300f3f62b4f389d60aa357b3","isMergeCommit":false,"messageTitle":"Implement delete feature and help feature","messageBody":"","fileTypesAndContributionMap":{"functional-code":{"insertions":38,"deletions":0}}},{"hash":"6970965f8ce5277d3f30d9ac8d6228c53681b4db","isMergeCommit":true,"messageTitle":"Merge pull request #35 from alalal47/v1_increment","messageBody":"Implement delete feature and help feature for v1","fileTypesAndContributionMap":{}}]},{"date":"2024-03-17","commitResults":[{"hash":"7c782d29cf47af5a81d5f5d4770a71a9edfe5d19","isMergeCommit":false,"messageTitle":"Add JUnit test","messageBody":"","fileTypesAndContributionMap":{"test-code":{"insertions":31,"deletions":1}}},{"hash":"d687c53aca4c100533a7284d03eb00dbe032560f","isMergeCommit":true,"messageTitle":"Merge pull request #36 from alalal47/junit","messageBody":"Add JUnit test","fileTypesAndContributionMap":{}}]},{"date":"2024-03-19","commitResults":[{"hash":"d590b94f1ea4a47dae1a320c3d003082fcaeb508","isMergeCommit":false,"messageTitle":"Implement functionality for using add, delete and view functions by invoking them with a name parameter as well as the ability to use them without a name parameter and fill it in after","messageBody":"","fileTypesAndContributionMap":{"functional-code":{"insertions":78,"deletions":36},"test-code":{"insertions":17,"deletions":8}}},{"hash":"15ebb6fae39aae6a4990704b330c3de17eaf5837","isMergeCommit":true,"messageTitle":"Merge pull request #43 from alalal47/add_delete_view_changes","messageBody":"Implement functionality for using add, delete and view functions by i…","fileTypesAndContributionMap":{}}]},{"date":"2024-03-20","commitResults":[{"hash":"bbd13564d0091884c2f2f25db899f0bd4578b652","isMergeCommit":false,"messageTitle":"Implement assert and modify help message to include edit","messageBody":"","fileTypesAndContributionMap":{"functional-code":{"insertions":3,"deletions":1},"test-code":{"insertions":3,"deletions":0}}},{"hash":"6422e33513d6fe33c73a974d82a54e8948601ea6","isMergeCommit":true,"messageTitle":"Merge pull request #54 from alalal47/add_delete_view_changes","messageBody":"Implement assert and modify help message to include edit","fileTypesAndContributionMap":{}},{"hash":"81093f7bd8ba3a96b01dba12cf0b5144aed8d779","isMergeCommit":false,"messageTitle":"Edit assertion to not be always true","messageBody":"","fileTypesAndContributionMap":{"functional-code":{"insertions":1,"deletions":3}}},{"hash":"b934e034c0acc20598b0fb990a889f1264ba04eb","isMergeCommit":true,"messageTitle":"Merge pull request #56 from alalal47/add_delete_view_changes","messageBody":"Edit assertion to not be always true","fileTypesAndContributionMap":{}},{"hash":"a78283fdde763520571fe545079ba2a6bc018736","isMergeCommit":false,"messageTitle":"Split help message print into multiple methods to allow for individual calls in the future","messageBody":"","fileTypesAndContributionMap":{"functional-code":{"insertions":33,"deletions":9}}},{"hash":"d25a9bdb973fa71da7f8514b2ae4cffe1c5efa7e","isMergeCommit":false,"messageTitle":"Split help message to multiple methods","messageBody":"","fileTypesAndContributionMap":{"functional-code":{"insertions":1,"deletions":1}}},{"hash":"610876da2a60f3e0571f31955ecbf1d700607c15","isMergeCommit":true,"messageTitle":"Merge pull request #72 from tayponghee/fix_subject","messageBody":"Add check for yes or no","fileTypesAndContributionMap":{}}]},{"date":"2024-03-21","commitResults":[{"hash":"31be9930293e0a25e52b2ac230a507166fa75ac5","isMergeCommit":false,"messageTitle":"Edit comments in Classify.java to more accurately describe how we are processing inputs now, and add author tags to my code.","messageBody":"","fileTypesAndContributionMap":{"functional-code":{"insertions":11,"deletions":10}}}]},{"date":"2024-03-22","commitResults":[{"hash":"3d73afd9fe2f2c6a133535e1b8c96700da72ca81","isMergeCommit":false,"messageTitle":"Implement recently deleted list, undo and restore functions from said list","messageBody":"","fileTypesAndContributionMap":{"functional-code":{"insertions":98,"deletions":14},"test-code":{"insertions":6,"deletions":3}}}]},{"date":"2024-03-23","commitResults":[{"hash":"8a2af37fb4888aae5288fcd64cc33086e60403e8","isMergeCommit":true,"messageTitle":"Merge pull request #103 from tayponghee/v2_total_classes_attended","messageBody":"Add a way to sort by total classes attended","fileTypesAndContributionMap":{}},{"hash":"8d9edfd7bd162deeaf8288c65fdf19ec5a02c395","isMergeCommit":false,"messageTitle":"Implement student list sort by date of last payment as well as allow sort to be used directly with an additional parameter instead of having to go through the selection menu. Cleaned up some prints. Reinstated use of StudentComparators class to improve readability","messageBody":"","fileTypesAndContributionMap":{"functional-code":{"insertions":84,"deletions":14},"test-code":{"insertions":6,"deletions":1}}},{"hash":"9cc73eea267ddcf6ab93e5f8e600e717427e660e","isMergeCommit":false,"messageTitle":"Fix checkstyle error caused by unused import","messageBody":"","fileTypesAndContributionMap":{"functional-code":{"insertions":0,"deletions":1}}}]},{"date":"2024-03-28","commitResults":[{"hash":"3f1ea8e4e4dc70cc6c25a94ce92fed048ede9168","isMergeCommit":false,"messageTitle":"Refactor delete related commands to their own class Add a missing author tag Update assertion to match new code","messageBody":"","fileTypesAndContributionMap":{"functional-code":{"insertions":99,"deletions":90}}},{"hash":"83e17975182a51e32f2713f5e6933bd2d07513d7","isMergeCommit":false,"messageTitle":"Add Instructions for manual testing for add and view functions to DG","messageBody":"","fileTypesAndContributionMap":{"docs":{"insertions":18,"deletions":1}}},{"hash":"960a20fffaac2c8d99b95fce9b3c29f137464a74","isMergeCommit":false,"messageTitle":"Fix class name to fit coding standards","messageBody":"","fileTypesAndContributionMap":{"functional-code":{"insertions":3,"deletions":3},"other":{"insertions":1,"deletions":1}}},{"hash":"2291a2d6339a48a3923123f35a9b7df896870f95","isMergeCommit":true,"messageTitle":"Merge pull request #124 from tayponghee/Fix_week10_issues","messageBody":"Refactor methods","fileTypesAndContributionMap":{}},{"hash":"93a6ebfbb474deb33251ca04fcea836ab28cbd8a","isMergeCommit":false,"messageTitle":"Fix infinite loop bug when invalid sort flag is entered","messageBody":"","fileTypesAndContributionMap":{"functional-code":{"insertions":1,"deletions":0}}}]},{"date":"2024-03-29","commitResults":[{"hash":"6323689e345cc9c21ddb8ec6b1641d7695f1bd9e","isMergeCommit":true,"messageTitle":"Merge pull request #131 from tayponghee/week10_Junit","messageBody":"Revert changes made to InputParsing","fileTypesAndContributionMap":{}},{"hash":"20e057ad8e1c5d08b8b1d96fa2cff53da3d8705d","isMergeCommit":false,"messageTitle":"Update help command and related test","messageBody":"","fileTypesAndContributionMap":{"functional-code":{"insertions":10,"deletions":4},"test-code":{"insertions":5,"deletions":2}}}]}],"Cryolian":[{"date":"2024-03-07","commitResults":[{"hash":"00b83012154e1c936a21c59c1298d08097e9d581","isMergeCommit":false,"messageTitle":"Update About Us","messageBody":"","fileTypesAndContributionMap":{"functional-code":{"insertions":1,"deletions":1},"docs":{"insertions":1,"deletions":1}}},{"hash":"2d0d7d970d0cbc3ae26a6d44a9a8e6a14314bc37","isMergeCommit":false,"messageTitle":"Add scanner close","messageBody":"","fileTypesAndContributionMap":{"functional-code":{"insertions":1,"deletions":0}}},{"hash":"5ef1a6b83928f9001f3893e62a49b78450533d89","isMergeCommit":false,"messageTitle":"Fix Newline ending","messageBody":"","fileTypesAndContributionMap":{"functional-code":{"insertions":2,"deletions":1}}},{"hash":"07fe670f8a6c04e8c79229d2de91e7ae3dd26d40","isMergeCommit":true,"messageTitle":"Merge branch \u0027master\u0027 into AboutUs","messageBody":"","fileTypesAndContributionMap":{}},{"hash":"fb8bf9f0a95e6e8b609b6489a279cfea88c2bbf2","isMergeCommit":true,"messageTitle":"Merge pull request #1 from Cryolian/AboutUs","messageBody":"Update About Us","fileTypesAndContributionMap":{}}]},{"date":"2024-03-08","commitResults":[{"hash":"3afaf84f525caab2dca7de24f4d536ceace219e4","isMergeCommit":false,"messageTitle":"Add student and class classes","messageBody":"","fileTypesAndContributionMap":{"functional-code":{"insertions":183,"deletions":0},"other":{"insertions":2,"deletions":2}}},{"hash":"6506031c6dec7ca1a87659480ed4eb45c6961064","isMergeCommit":false,"messageTitle":"Update gradle variables for new name","messageBody":"","fileTypesAndContributionMap":{"other":{"insertions":4,"deletions":4}}},{"hash":"7ac124bb303cfc885f49d5d4b0089149238c98d3","isMergeCommit":false,"messageTitle":"Add javadoc and some student/class functions","messageBody":"","fileTypesAndContributionMap":{"functional-code":{"insertions":70,"deletions":18}}},{"hash":"ffc3a95f1a1bdd8c49438fbb7a775d03465e10e6","isMergeCommit":false,"messageTitle":"Fix javadoc line indentation","messageBody":"","fileTypesAndContributionMap":{"functional-code":{"insertions":1,"deletions":2}}},{"hash":"6bc7de719f4a74ac572c1be9cac86ee223fc5c0f","isMergeCommit":true,"messageTitle":"Merge pull request #7 from Cryolian/v1.0","messageBody":"Add student and class classes","fileTypesAndContributionMap":{}}]},{"date":"2024-03-15","commitResults":[{"hash":"d9393f0007248811ab5bd956490c051a89a61dad","isMergeCommit":false,"messageTitle":"Add JUnit tests","messageBody":"","fileTypesAndContributionMap":{"functional-code":{"insertions":20,"deletions":16},"test-code":{"insertions":31,"deletions":0}}},{"hash":"b65a6adae397056f0993afdc91ea546e4623aac1","isMergeCommit":false,"messageTitle":"Remove Class Attribute from Student","messageBody":"","fileTypesAndContributionMap":{"functional-code":{"insertions":17,"deletions":8}}},{"hash":"2cf484d05dc998a0139fa7b1d69aed532aaca0b5","isMergeCommit":false,"messageTitle":"Remove unused imports","messageBody":"","fileTypesAndContributionMap":{"functional-code":{"insertions":2,"deletions":10},"test-code":{"insertions":7,"deletions":7}}},{"hash":"edd636276ca5f092b014153f1110c2d643807878","isMergeCommit":true,"messageTitle":"Merge pull request #31 from Cryolian/v1.0-junit","messageBody":"Add JUnit tests","fileTypesAndContributionMap":{}}]},{"date":"2024-03-18","commitResults":[{"hash":"cfbed2f140e8b191fbe54cfc0a04c2b6d9e268cc","isMergeCommit":false,"messageTitle":"Add minor assertions","messageBody":"","fileTypesAndContributionMap":{"functional-code":{"insertions":2,"deletions":0}}},{"hash":"1d699d117231acfad381f32e8ec2c24223a93617","isMergeCommit":true,"messageTitle":"Merge pull request #42 from Cryolian/v1.0","messageBody":"Add minor assertions","fileTypesAndContributionMap":{}}]},{"date":"2024-03-20","commitResults":[{"hash":"78c1b6cf93a5a9304208ebd28af794fc48de82c9","isMergeCommit":false,"messageTitle":"Add student details input","messageBody":"","fileTypesAndContributionMap":{"functional-code":{"insertions":33,"deletions":39},"other":{"insertions":185,"deletions":51}}},{"hash":"c3f421cb315798098912df62de423ca34db53699","isMergeCommit":false,"messageTitle":"Add exiting edit bugfix","messageBody":"","fileTypesAndContributionMap":{"functional-code":{"insertions":6,"deletions":2}}},{"hash":"514888d3f3c31743713c8d566dad7f6a21623460","isMergeCommit":true,"messageTitle":"Merge pull request #66 from alalal47/add_delete_view_changes","messageBody":"Split print help message to multiple methods","fileTypesAndContributionMap":{}},{"hash":"4802dc48313a6b12eb93d0be9a6fc22c7e9be532","isMergeCommit":false,"messageTitle":"Fix UI bug with spaces","messageBody":"","fileTypesAndContributionMap":{"functional-code":{"insertions":2,"deletions":1}}},{"hash":"23ac1dc84bd55274eb30c5bef45bd7d3e5e10e29","isMergeCommit":false,"messageTitle":"Change javadoc","messageBody":"","fileTypesAndContributionMap":{"functional-code":{"insertions":1,"deletions":1}}},{"hash":"ee462a7a67114d69d700d35f935c664cafa7666d","isMergeCommit":false,"messageTitle":"Change more javadoc","messageBody":"","fileTypesAndContributionMap":{"functional-code":{"insertions":4,"deletions":5}}},{"hash":"8a9038ee827f97806674cc389e92024ba572cfa4","isMergeCommit":true,"messageTitle":"Merge branch \u0027AY2324S2-CS2113-T13-3:master\u0027 into v1.0","messageBody":"","fileTypesAndContributionMap":{}},{"hash":"7e2375c350b690266f2baea96e62c5ea4a2bf6b5","isMergeCommit":true,"messageTitle":"Merge pull request #68 from Cryolian/v1.0","messageBody":"Fix some bugs","fileTypesAndContributionMap":{}},{"hash":"d4b9998852bcd873b1cc92d518f07406b3201a8a","isMergeCommit":false,"messageTitle":"Fix excess spacing","messageBody":"","fileTypesAndContributionMap":{"functional-code":{"insertions":32,"deletions":8}}},{"hash":"5ed0480dda1342fbba306199a1960b0276cba382","isMergeCommit":true,"messageTitle":"Merge branch \u0027v1.0\u0027 of https://github.com/Cryolian/tp into v1.0","messageBody":"","fileTypesAndContributionMap":{}},{"hash":"08353231ba1226c80b0a01d4062e81c1dcf37aa4","isMergeCommit":false,"messageTitle":"Fix input test","messageBody":"","fileTypesAndContributionMap":{"test-code":{"insertions":1,"deletions":1}}},{"hash":"08ca22de928046ca76282489797f6e7150a12d20","isMergeCommit":true,"messageTitle":"Merge pull request #69 from Cryolian/v1.0","messageBody":"Fix spacing","tags":["v1.0"],"fileTypesAndContributionMap":{}},{"hash":"d360303dcf8f19091a60e86fadb91c0d34fc4de3","isMergeCommit":false,"messageTitle":"Add javadoc for Input Parsing class","messageBody":"","fileTypesAndContributionMap":{"functional-code":{"insertions":24,"deletions":3}}},{"hash":"18aeff81e2730066ed6101dee3d4115309fece46","isMergeCommit":false,"messageTitle":"Fix line wrapping","messageBody":"","fileTypesAndContributionMap":{"functional-code":{"insertions":2,"deletions":1}}}]},{"date":"2024-03-22","commitResults":[{"hash":"d9e9039e5e39108886d27770bca29ce7beefbe92","isMergeCommit":true,"messageTitle":"Merge pull request #90 from tayponghee/v2_list_student","messageBody":"Add sort by student name","fileTypesAndContributionMap":{}},{"hash":"d6e943465d8665400d8205ce61afa99bd405dcdf","isMergeCommit":false,"messageTitle":"Update UserGuide","messageBody":"","fileTypesAndContributionMap":{"functional-code":{"insertions":22,"deletions":10},"docs":{"insertions":69,"deletions":15}}},{"hash":"f359eaeb594636f2593fb6b43a226a7b943eb0c6","isMergeCommit":true,"messageTitle":"Merge pull request #91 from ParthGandhiNUS/master","messageBody":"Add Assertion","fileTypesAndContributionMap":{}},{"hash":"068c73d3033516c7ba8ca5b9d7ec1959848cbb05","isMergeCommit":true,"messageTitle":"Update UserGuide","messageBody":"","fileTypesAndContributionMap":{}},{"hash":"5ea6030f137756c2912f7777d4a29292416bc82c","isMergeCommit":false,"messageTitle":"Fix CI errors","messageBody":"","fileTypesAndContributionMap":{"functional-code":{"insertions":0,"deletions":1}}},{"hash":"3e992ac500393e00a2b33fdeaf09a4e0725b7480","isMergeCommit":false,"messageTitle":"Fix CI error 2","messageBody":"","fileTypesAndContributionMap":{"functional-code":{"insertions":2,"deletions":1}}}]},{"date":"2024-03-23","commitResults":[{"hash":"9ca7a80e14d19f5e2bdefd3131248caadb4c2986","isMergeCommit":false,"messageTitle":"Add assertion enable to gradle build","messageBody":"","fileTypesAndContributionMap":{"other":{"insertions":1,"deletions":0}}},{"hash":"5baba6e1705c38ab17e177504182c44be0113c66","isMergeCommit":true,"messageTitle":"Merge pull request #99 from ParthGandhiNUS/datahandling_code","messageBody":"Data storage, reading, writing functionalities","fileTypesAndContributionMap":{}},{"hash":"a9666ed1238a6d5c86abb3159553932eeb625548","isMergeCommit":false,"messageTitle":"Add date parsing for payment dates","messageBody":"","fileTypesAndContributionMap":{"functional-code":{"insertions":78,"deletions":7},"test-code":{"insertions":46,"deletions":0}}},{"hash":"e6b22d9376d20ff86a4c7f328ea7195a32b10e92","isMergeCommit":false,"messageTitle":"Fix printing errors and line spacing","messageBody":"","fileTypesAndContributionMap":{"functional-code":{"insertions":16,"deletions":9}}},{"hash":"ba474913ed75e481e62f38d01db29a38767fbb2f","isMergeCommit":true,"messageTitle":"Merge branch \u0027master\u0027 of https://github.com/AY2324S2-CS2113-T13-3/tp into PaymentDate","messageBody":"","fileTypesAndContributionMap":{}},{"hash":"2cbd4e0a52784bb8212ef5d9f273d16dac277d83","isMergeCommit":true,"messageTitle":"Merge pull request #102 from Cryolian/PaymentDate","messageBody":"Fix minor printing errors","fileTypesAndContributionMap":{}},{"hash":"e23ecfd591479315877bcc75ffda92185277bb85","isMergeCommit":false,"messageTitle":"Fix date range error not printing","messageBody":"","fileTypesAndContributionMap":{"functional-code":{"insertions":18,"deletions":6}}},{"hash":"f6a5942029f430f9af25387715344280c8bcaa78","isMergeCommit":true,"messageTitle":"Merge pull request #106 from alalal47/sord_by_paid","messageBody":"Implement sort by payment date and allow sort to be called directly with a parameter","fileTypesAndContributionMap":{}}]},{"date":"2024-03-24","commitResults":[{"hash":"3640642c2195269850455ae40527cee06076190c","isMergeCommit":false,"messageTitle":"Update dev guide","messageBody":"","fileTypesAndContributionMap":{"docs":{"insertions":81,"deletions":3}}},{"hash":"0a4ff404886e35cf566263a323ab15556b641400","isMergeCommit":false,"messageTitle":"Update UML","messageBody":"","fileTypesAndContributionMap":{"docs":{"insertions":1,"deletions":1}}},{"hash":"50aa30b6794da8321c8c9710748e07db354ea1f6","isMergeCommit":true,"messageTitle":"Merge pull request #107 from Cryolian/dev-guide","messageBody":"Update dev guide","fileTypesAndContributionMap":{}}]},{"date":"2024-03-25","commitResults":[{"hash":"a6497761283cb34fb4a73c4727625491b83d69a8","isMergeCommit":false,"messageTitle":"Change UML visibility icons","messageBody":"","fileTypesAndContributionMap":{"docs":{"insertions":3,"deletions":1}}}]},{"date":"2024-03-26","commitResults":[{"hash":"91fdcc0fcd72195c16f80a92abab2b2481bbd034","isMergeCommit":true,"messageTitle":"Merge pull request #114 from tayponghee/v2_moreOOP","messageBody":"Add InputParsing UML","fileTypesAndContributionMap":{}}]},{"date":"2024-03-28","commitResults":[{"hash":"8b7d83b7f666f6685006e9cdc7551e87165eb346","isMergeCommit":true,"messageTitle":"Merge pull request #116 from blackmirag3/shui-edit-v2","messageBody":"Add UI component to DG","fileTypesAndContributionMap":{}},{"hash":"1236e7ac2f6efd1c286d513475f5fe18a0be854b","isMergeCommit":true,"messageTitle":"Merge pull request #117 from alalal47/DG","messageBody":"Add Instructions for manual testing for add and view functions to DG","fileTypesAndContributionMap":{}},{"hash":"6a4a264e0bb0bf1a3650452c400c18091e224059","isMergeCommit":true,"messageTitle":"Merge pull request #119 from alalal47/DG","messageBody":"Fix class name to fit coding standards","fileTypesAndContributionMap":{}}]},{"date":"2024-03-29","commitResults":[{"hash":"3736fbd8271e1458b2c2e9b806fe07d411fb690e","isMergeCommit":true,"messageTitle":"Merge pull request #129 from ParthGandhiNUS/master","messageBody":"Update Developer Guide to include Data Commands Component","fileTypesAndContributionMap":{}}]},{"date":"2024-03-30","commitResults":[{"hash":"21d712f45d73e7c6c48593b994af92aa7d2276d0","isMergeCommit":true,"messageTitle":"Merge pull request #134 from ParthGandhiNUS/master","messageBody":"Add preface for User Guide","fileTypesAndContributionMap":{}}]}]},"authorFileTypeContributionMap":{"ParthGandhiNUS":{"docs":71,"functional-code":516,"test-code":8},"tayponghee":{"docs":168,"functional-code":620,"test-code":249},"blackmirag3":{"docs":17,"functional-code":257,"test-code":18},"alalal47":{"docs":18,"functional-code":317,"test-code":49},"Cryolian":{"docs":153,"functional-code":520,"test-code":80,"other":3}},"authorContributionVariance":{"ParthGandhiNUS":2866.0254,"tayponghee":18512.863,"blackmirag3":11522.966,"alalal47":2247.3293,"Cryolian":7367.315},"authorDisplayNameMap":{"ParthGandhiNUS":"CS2113-T13-3 GAND..NJAY","tayponghee":"CS2113-T13-3 TAY .. HEE","blackmirag3":"CS2113-T13-3 SIEW.. HON","alalal47":"CS2113-T13-3 TAN ..RARD","Cryolian":"CS2113-T13-3 TAN .. XIN"}}
