{"authorDailyContributionsMap":{"samuelory":[{"date":"2024-03-07","commitResults":[{"hash":"3d7556d4515a92b4c44ac3d947434da75f35361d","isMergeCommit":false,"messageTitle":"added samuel aboutus","messageBody":"","fileTypesAndContributionMap":{"docs":{"insertions":0,"deletions":0}}},{"hash":"c65399deedbb4ed378ce93ce1c4ee05edfe081fb","isMergeCommit":true,"messageTitle":"Merge pull request #1 from samuelory/samuelong1","messageBody":"added samuel aboutus","fileTypesAndContributionMap":{}},{"hash":"8e341d3328a0f95ade696a762f6ef91d5772f65e","isMergeCommit":false,"messageTitle":"Added Samuel Ong About Us","messageBody":"","fileTypesAndContributionMap":{"docs":{"insertions":1,"deletions":1}}},{"hash":"fa1ab53b76f5387a433393dd1f1a46e6015c096d","isMergeCommit":true,"messageTitle":"Merge pull request #5 from samuelory/samuelong-aboutus","messageBody":"Added Samuel Ong About Us","fileTypesAndContributionMap":{}}]},{"date":"2024-03-10","commitResults":[{"hash":"22ee730274078f932629bf6b743df28f0cad7872","isMergeCommit":false,"messageTitle":"Made Florizz core class in build.gradle","messageBody":"","fileTypesAndContributionMap":{"other":{"insertions":6,"deletions":6}}},{"hash":"60a51d925b18b564cb68cd431501335315f17605","isMergeCommit":false,"messageTitle":"Added OOP and adding/removing/viewing bouquets","messageBody":"","fileTypesAndContributionMap":{"functional-code":{"insertions":229,"deletions":10}}},{"hash":"b70fbfe9f4c50b1d6d4c4bd1eb9e8cbf0d21e089","isMergeCommit":true,"messageTitle":"Merge pull request #6 from samuelory/Samuel-V0.1","messageBody":"Samuel v0.1","fileTypesAndContributionMap":{}},{"hash":"0cc9a6581d5dae9850930f49222b4bcf1e6c34f0","isMergeCommit":false,"messageTitle":"Made checkstyle changes","messageBody":"","fileTypesAndContributionMap":{"functional-code":{"insertions":18,"deletions":14}}},{"hash":"3a85d07a0e6f37eb432416f226aa0c70ed4e1855","isMergeCommit":true,"messageTitle":"Merge pull request #7 from samuelory/Samuel-V0.1","messageBody":"Made checkstyle changes","fileTypesAndContributionMap":{}}]},{"date":"2024-03-14","commitResults":[{"hash":"c207a322fc9f7763fe26b0ae588d70c6ed4f3c1d","isMergeCommit":false,"messageTitle":"Added JUnit tests for Bouquet","messageBody":"","fileTypesAndContributionMap":{"test-code":{"insertions":22,"deletions":0}}},{"hash":"9ce1e249c20a1b90e3d1117a0e7db6757fdfcdce","isMergeCommit":true,"messageTitle":"Merge pull request #14 from samuelory/Samuel-V0.2","messageBody":"Added JUnit tests for Bouquet","fileTypesAndContributionMap":{}}]},{"date":"2024-03-20","commitResults":[{"hash":"701380b5a908d96c8aa151be566070b2ae0f53a4","isMergeCommit":false,"messageTitle":"Added more JUnit Tests","messageBody":"","fileTypesAndContributionMap":{"other":{"insertions":4,"deletions":2},"test-code":{"insertions":60,"deletions":0}}},{"hash":"eae788339a2aede1d4bc419cafd2ba8cabcdcfec","isMergeCommit":true,"messageTitle":"Merge pull request #35 from samuelory/Samuel-V0.3","messageBody":"Added more JUnit Tests","fileTypesAndContributionMap":{}},{"hash":"a69a52f79a1ea104cbe166f3ddd588a6bd5204e4","isMergeCommit":false,"messageTitle":"Bug fixes","messageBody":"","fileTypesAndContributionMap":{"functional-code":{"insertions":12,"deletions":5}}},{"hash":"39be5d51885e89ba2bc6674b69911905e1309e71","isMergeCommit":true,"messageTitle":"Merge pull request #36 from samuelory/Samuel-V0.3","messageBody":"Bug fixes","fileTypesAndContributionMap":{}},{"hash":"207d18a1841a60b06009689483cedae93940c94b","isMergeCommit":false,"messageTitle":"Fixed check style violations","messageBody":"","fileTypesAndContributionMap":{"functional-code":{"insertions":30,"deletions":14},"test-code":{"insertions":7,"deletions":9}}}]},{"date":"2024-03-21","commitResults":[{"hash":"930740300c5567ea1709ee5cf13b2eca0e903030","isMergeCommit":false,"messageTitle":"Fixed CI bug","messageBody":"","fileTypesAndContributionMap":{"functional-code":{"insertions":5,"deletions":6}}}]},{"date":"2024-03-24","commitResults":[{"hash":"3da6f8413cde1747bd457a71865fbfc32219a197","isMergeCommit":false,"messageTitle":"Added asserts for own components","messageBody":"","fileTypesAndContributionMap":{"functional-code":{"insertions":4,"deletions":3},"other":{"insertions":0,"deletions":1}}}]}],"JeffinsonDarmawan":[{"date":"2024-03-07","commitResults":[{"hash":"e016ff47eca96114a207501a49393cacbd722424","isMergeCommit":false,"messageTitle":"change name in about us","messageBody":"","fileTypesAndContributionMap":{"docs":{"insertions":7,"deletions":7}}},{"hash":"cfe46af018478f7e038a00f2270b5bf670d506f9","isMergeCommit":true,"messageTitle":"Merge branch \u0027master\u0027 into jeffinsonDarmawan-AboutUs","messageBody":"","fileTypesAndContributionMap":{}},{"hash":"25a3d8c1c4086390d0b690aeba65e641eb9fe2cd","isMergeCommit":true,"messageTitle":"Merge pull request #4 from JeffinsonDarmawan/jeffinsonDarmawan-AboutUs","messageBody":"change name in about us","fileTypesAndContributionMap":{}}]},{"date":"2024-03-14","commitResults":[{"hash":"324723586d957dbbbca466824fffb195277a5470","isMergeCommit":false,"messageTitle":"Added a help command","messageBody":"","fileTypesAndContributionMap":{"functional-code":{"insertions":25,"deletions":0}}},{"hash":"7f2fead1d961bd34c005625ee6814cc9595260c3","isMergeCommit":true,"messageTitle":"Merge pull request #16 from JeffinsonDarmawan/help-functionality","messageBody":"Added a help command","fileTypesAndContributionMap":{}}]},{"date":"2024-03-15","commitResults":[{"hash":"08d819184fa58d1d3874ed6ffbdcccbf85ed41f8","isMergeCommit":false,"messageTitle":"Added JUnit Test for Help","messageBody":"","fileTypesAndContributionMap":{"test-code":{"insertions":20,"deletions":0}}},{"hash":"9316550fd430f0253f6c05991df7ccdda48fdd42","isMergeCommit":true,"messageTitle":"Merge pull request #17 from JeffinsonDarmawan/JUnit-HelpTest","messageBody":"Added JUnit Test for Help","fileTypesAndContributionMap":{}}]},{"date":"2024-03-17","commitResults":[{"hash":"e9bd5958180d19f31af3cd2a23520ad9662d6feb","isMergeCommit":false,"messageTitle":"Added flower command into the help text and corrected a minor spelling erorr","messageBody":"","fileTypesAndContributionMap":{"functional-code":{"insertions":2,"deletions":1}}},{"hash":"3c07684b9b9b73aacc4f4d9e170cd7806a1179ce","isMergeCommit":true,"messageTitle":"Merge pull request #24 from JeffinsonDarmawan/master","messageBody":"Added flower command into the help text and corrected a minor spellin…","fileTypesAndContributionMap":{}},{"hash":"58760c7b5ff2bef8dac2091abb4d442ab748bb65","isMergeCommit":false,"messageTitle":"Updated the help command text","messageBody":"","fileTypesAndContributionMap":{"functional-code":{"insertions":2,"deletions":1}}},{"hash":"5d6aa607a221e45cf838b33bd66b4bca6cd4bd60","isMergeCommit":true,"messageTitle":"Merge branch \u0027help-functionality\u0027","messageBody":"","fileTypesAndContributionMap":{}},{"hash":"1ac296cf167ce0f44ab77f9ff56389e7f0185da9","isMergeCommit":true,"messageTitle":"Merge pull request #25 from JeffinsonDarmawan/master","messageBody":"Updated the help command text","fileTypesAndContributionMap":{}},{"hash":"8fbd4bc643939ecd68678b25c6b65fb3ba880859","isMergeCommit":false,"messageTitle":"Add more flowers, just to test if the occasion list works properly","messageBody":"","fileTypesAndContributionMap":{"functional-code":{"insertions":2,"deletions":0}}},{"hash":"8ae73c15108a2e7aafc7baa6e566f9abc8339a97","isMergeCommit":false,"messageTitle":"Added an `occasion` command","messageBody":"","fileTypesAndContributionMap":{"functional-code":{"insertions":51,"deletions":0}}},{"hash":"47d38562908bda0ede4699f63d92171af829f05d","isMergeCommit":true,"messageTitle":"Merge branch \u0027Occasion-functionality\u0027","messageBody":"","fileTypesAndContributionMap":{}}]},{"date":"2024-03-18","commitResults":[{"hash":"0d2679dc67db0eb8f57e9e3ab2c0fb3e7c870603","isMergeCommit":true,"messageTitle":"Merge pull request #26 from JeffinsonDarmawan/master","messageBody":"Add `occasion` command","fileTypesAndContributionMap":{}}]},{"date":"2024-03-20","commitResults":[{"hash":"68000e8d380be7c8327c9d63ca0b0c03e3b4a9fb","isMergeCommit":false,"messageTitle":"Added info on add, remove and occasion commands for help command","messageBody":"","fileTypesAndContributionMap":{"functional-code":{"insertions":6,"deletions":3}}},{"hash":"c728b5156ba2e021af359f81ac93b653a912e983","isMergeCommit":true,"messageTitle":"Merge branch \u0027Help-Functionality-2\u0027","messageBody":"","fileTypesAndContributionMap":{}},{"hash":"5387bf579a93230c41c7933f282819395bd6a151","isMergeCommit":false,"messageTitle":"Changed naming of flowerName and bouquetName","messageBody":"","fileTypesAndContributionMap":{"functional-code":{"insertions":7,"deletions":7}}}]},{"date":"2024-03-21","commitResults":[{"hash":"9f3fe6ef0b9908e093355ed6dfee136715852604","isMergeCommit":false,"messageTitle":"Added a newline to pass checkstyle","messageBody":"","fileTypesAndContributionMap":{"functional-code":{"insertions":1,"deletions":2}}},{"hash":"2f7c1df06ac97fe945f7cd03c761e2acc1212c49","isMergeCommit":true,"messageTitle":"Merge branch \u0027master\u0027 of https://github.com/AY2324S2-CS2113-T11-3/tp","messageBody":"","fileTypesAndContributionMap":{}}]},{"date":"2024-03-22","commitResults":[{"hash":"075f3e7e6a10e603aff7de58e4e072f93563a7ef","isMergeCommit":true,"messageTitle":"Merge branch \u0027master\u0027 of https://github.com/AY2324S2-CS2113-T11-3/tp","messageBody":"","fileTypesAndContributionMap":{}},{"hash":"8358ad9d6ef25051cb3cff40518e816307a9c850","isMergeCommit":false,"messageTitle":"Assert","messageBody":"","fileTypesAndContributionMap":{"functional-code":{"insertions":1,"deletions":0}}},{"hash":"a5f4ca87a12022deebd3e0f586a5c09fba9b19ba","isMergeCommit":true,"messageTitle":"Merge branch \u0027assert-branch\u0027","messageBody":"","fileTypesAndContributionMap":{}},{"hash":"e9aa54f7ca6aca096fc8b2560950810c43c3a7b2","isMergeCommit":false,"messageTitle":"Added logger","messageBody":"","fileTypesAndContributionMap":{"functional-code":{"insertions":47,"deletions":40}}},{"hash":"e67449e9403c3c1aa8f5267983d0fb42dbe620cb","isMergeCommit":true,"messageTitle":"Merge branch \u0027logger-branch\u0027","messageBody":"","fileTypesAndContributionMap":{}},{"hash":"8483e62d29eeb88824389c836472880582c012fd","isMergeCommit":true,"messageTitle":"Merge pull request #55 from JeffinsonDarmawan/master","messageBody":"Added more loggers ","fileTypesAndContributionMap":{}}]},{"date":"2024-03-23","commitResults":[{"hash":"1bb95fac1a808268028e52305f21ee9df6762611","isMergeCommit":true,"messageTitle":"Merge branch \u0027master\u0027 into logging-file-handler","messageBody":"","fileTypesAndContributionMap":{}},{"hash":"ef7de1875c565758c8484cd291be3d9b3e6b3724","isMergeCommit":true,"messageTitle":"Merge pull request #54 from IanFH/logging-file-handler","messageBody":"Successfully set up file handler. Florizz.xml file will appear if for…","fileTypesAndContributionMap":{}}]}],"IanFH":[{"date":"2024-03-07","commitResults":[{"hash":"6e47d877a3c1646d010f0dc8e918942fa7645db5","isMergeCommit":false,"messageTitle":"add name to AboutUs.md","messageBody":"","fileTypesAndContributionMap":{"docs":{"insertions":7,"deletions":7}}},{"hash":"56790e3b6dfa75422d2139bf198b115ad5b256c6","isMergeCommit":true,"messageTitle":"Merge branch \u0027master\u0027 into IanFH-AboutUs","messageBody":"","fileTypesAndContributionMap":{}},{"hash":"342d0b1ce08589d9fa2718691092ee9464964ad2","isMergeCommit":true,"messageTitle":"Merge pull request #2 from IanFH/IanFH-AboutUs","messageBody":"add name to AboutUs.md","fileTypesAndContributionMap":{}}]},{"date":"2024-03-14","commitResults":[{"hash":"552c10ca202636a256c5859e2187efcf91567a6c","isMergeCommit":false,"messageTitle":"Added ui method printExitMessage and added ExitCommand Class","messageBody":"","fileTypesAndContributionMap":{"functional-code":{"insertions":19,"deletions":0}}},{"hash":"15549deeb739fe16214127eac0d751b4cab00f44","isMergeCommit":false,"messageTitle":"bye command added to parser","messageBody":"","fileTypesAndContributionMap":{"functional-code":{"insertions":5,"deletions":5}}},{"hash":"ce69037ba8599bcf082e9e9567a4d3fc01c8d2db","isMergeCommit":false,"messageTitle":"Added JUnit test for ExitCommand, works as expected","messageBody":"","fileTypesAndContributionMap":{"test-code":{"insertions":20,"deletions":0}}},{"hash":"087b02187ed38f759777e3b6f81234e7b4bf98fe","isMergeCommit":true,"messageTitle":"Merge pull request #15 from IanFH/exit-functionality","messageBody":"Exit functionality","fileTypesAndContributionMap":{}}]},{"date":"2024-03-20","commitResults":[{"hash":"8240fa92d97cff74a6182e1f3e7f22c9e9772422","isMergeCommit":false,"messageTitle":"Added commandHandler class to deal with capitalisation and blankspaces for command and argument","messageBody":"","fileTypesAndContributionMap":{"functional-code":{"insertions":58,"deletions":3}}},{"hash":"34889baaa7a024c6c8f1fef686b7ebe4493d9f44","isMergeCommit":false,"messageTitle":"- added add flower and remove flower functionality - fixed regex - found bugs on throwing exception for addFlowerCommand execute","messageBody":"","fileTypesAndContributionMap":{"functional-code":{"insertions":332,"deletions":15}}},{"hash":"71a79858f136b7d237fa8206a4958fa4ee0a2f8a","isMergeCommit":true,"messageTitle":"Merge branch \u0027master\u0027 into add-flowers","messageBody":"","fileTypesAndContributionMap":{}},{"hash":"cd9bf8cb965429cc045933341eb35643517ff270","isMergeCommit":true,"messageTitle":"Merge pull request #40 from JeffinsonDarmawan/master","messageBody":"Added more texts to the help command","fileTypesAndContributionMap":{}},{"hash":"d2a5fd05fbbcd897630266efd23d71d3b7e2c573","isMergeCommit":true,"messageTitle":"Merge branch \u0027master\u0027 into MohamedIjaaz-bugFixes","messageBody":"","fileTypesAndContributionMap":{}},{"hash":"2429b11844dde3831bcd9f09ba01042e047863c4","isMergeCommit":true,"messageTitle":"Merge pull request #41 from Ijaaz01/MohamedIjaaz-bugFixes","messageBody":"Fix bug for add and remove flower command","fileTypesAndContributionMap":{}},{"hash":"4cd7278eecf1620885d18ccce63d2710069013b9","isMergeCommit":false,"messageTitle":"Updated UserGuide.md","messageBody":"","fileTypesAndContributionMap":{"functional-code":{"insertions":2,"deletions":2},"docs":{"insertions":145,"deletions":22}}},{"hash":"c3de0d461ce9bb1d67c5520ed66d937fcaf53fe0","isMergeCommit":true,"messageTitle":"Merge branch \u0027master\u0027 into userguide-adjusment-1","messageBody":"","fileTypesAndContributionMap":{}},{"hash":"e96ac487e88178b37288a1204ae4c22f95a615d4","isMergeCommit":false,"messageTitle":"Update UserGuide.md","messageBody":"","fileTypesAndContributionMap":{"docs":{"insertions":10,"deletions":6}}},{"hash":"0fc95882e61eff32c96dcafb75f1fb7028366cd0","isMergeCommit":true,"messageTitle":"Merge pull request #44 from Ijaaz01/MohamedIjaaz-formatting","messageBody":"Change successful removal message","fileTypesAndContributionMap":{}},{"hash":"f1698de0465971a71b88be0a80ab044ef80e8ff7","isMergeCommit":true,"messageTitle":"Merge pull request #47 from Ijaaz01/TestBugFix","messageBody":"Fix flowertest","fileTypesAndContributionMap":{}},{"hash":"9088e5966f509ee3752c5c51625aae94ecb34635","isMergeCommit":true,"messageTitle":"Merge pull request #46 from samuelory/Samuel-Checkstylemain","messageBody":"Fixed check style violations","fileTypesAndContributionMap":{}},{"hash":"0ac9792d5a24a57e80a7ab3c8dae7528a8bf87b2","isMergeCommit":false,"messageTitle":"Fixed UI","messageBody":"","fileTypesAndContributionMap":{"functional-code":{"insertions":0,"deletions":3},"docs":{"insertions":0,"deletions":1}}},{"hash":"45b2485986dd661c5aae39cb277efc71805b539c","isMergeCommit":true,"messageTitle":"Merge pull request #48 from IanFH/ui-minor-change","messageBody":"Fixed UI","tags":["v1.0"],"fileTypesAndContributionMap":{}}]},{"date":"2024-03-21","commitResults":[{"hash":"7985fd27a033fbfe0b8c6b94a81435e3fab28f7c","isMergeCommit":true,"messageTitle":"Merge pull request #49 from samuelory/Samuel-fixedCI","messageBody":"Fixed CI bug","fileTypesAndContributionMap":{}},{"hash":"6a01524f230b5661402b094c91aae6a0e9663765","isMergeCommit":false,"messageTitle":"Added logger on AddFlowerCommand","messageBody":"","fileTypesAndContributionMap":{"functional-code":{"insertions":6,"deletions":1},"other":{"insertions":1,"deletions":1}}},{"hash":"5d05a5457d3b764a0b9bf349b9ecc0b84bf01430","isMergeCommit":false,"messageTitle":"Log works, but can\u0027t find the filehandler","messageBody":"","fileTypesAndContributionMap":{"functional-code":{"insertions":38,"deletions":5}}}]},{"date":"2024-03-22","commitResults":[{"hash":"1540d5a2fcf6c15aba4a1196f875a9193099f662","isMergeCommit":false,"messageTitle":"loggin works in console, have not configured file handler","messageBody":"","fileTypesAndContributionMap":{"functional-code":{"insertions":32,"deletions":12}}},{"hash":"6971586b2b79410a8c4157ef147e063d6c0b5316","isMergeCommit":false,"messageTitle":"semicolon missing","messageBody":"","fileTypesAndContributionMap":{"functional-code":{"insertions":1,"deletions":1}}},{"hash":"28bde770d7f480f10ebe33cbcb3a448ec72092df","isMergeCommit":false,"messageTitle":"commented out debugging lines","messageBody":"","fileTypesAndContributionMap":{"functional-code":{"insertions":2,"deletions":2}}},{"hash":"38a7b5566e275177c66e888389527ccc8e29d00e","isMergeCommit":true,"messageTitle":"Merge pull request #50 from IanFH/assertion-logging","messageBody":"Assertion logging","fileTypesAndContributionMap":{}},{"hash":"3270256ca0826e2da73052c3b01f8f2b4c602a16","isMergeCommit":false,"messageTitle":"Successfully set up file handler. Florizz.xml file will appear if for Florizz main class logger","messageBody":"","fileTypesAndContributionMap":{"functional-code":{"insertions":58,"deletions":5},"other":{"insertions":8,"deletions":0}}},{"hash":"5672f2ab1e64b6500d75234b3fd76f72620f9b96","isMergeCommit":false,"messageTitle":"fixed checkStyle issue","messageBody":"","fileTypesAndContributionMap":{"functional-code":{"insertions":0,"deletions":2},"other":{"insertions":1,"deletions":8}}}]},{"date":"2024-03-24","commitResults":[{"hash":"776b4005c5be1865e71912a91565266fe76b8f3e","isMergeCommit":true,"messageTitle":"Merge pull request #56 from samuelory/Samuel-Asserts","messageBody":"Added asserts for own components","fileTypesAndContributionMap":{}}]}],"Ijaaz01":[{"date":"2024-03-07","commitResults":[{"hash":"402a7e3d83e31c2f79187937f5c8623ad55d4a15","isMergeCommit":false,"messageTitle":"Update README.md","messageBody":"","fileTypesAndContributionMap":{"docs":{"insertions":2,"deletions":2}}},{"hash":"d13cdfca9c9ce9ac915668964d68f9c8cac9210c","isMergeCommit":false,"messageTitle":"ijaaz aboutus","messageBody":"","fileTypesAndContributionMap":{"docs":{"insertions":7,"deletions":7}}},{"hash":"7471905bf09947923850b61a7be15a252cd33556","isMergeCommit":true,"messageTitle":"Merge pull request #3 from Ijaaz01/MohamedIjaaz-AboutUs","messageBody":"ijaaz aboutus","fileTypesAndContributionMap":{}}]},{"date":"2024-03-14","commitResults":[{"hash":"e2fd56ad450346566cf8a5d603921324f5ae2b55","isMergeCommit":false,"messageTitle":"Add flower class","messageBody":"","fileTypesAndContributionMap":{"functional-code":{"insertions":22,"deletions":0}}},{"hash":"e99dee7abd4ea85ce775901251ecd38a60316f50","isMergeCommit":true,"messageTitle":"Merge pull request #12 from Ijaaz01/MohamedIjaaz-flowers","messageBody":"Add flower class","fileTypesAndContributionMap":{}},{"hash":"bec2d1e80bdd8b2ceb470e5f225c5303489923c1","isMergeCommit":false,"messageTitle":"Add junit testing for flower class","messageBody":"","fileTypesAndContributionMap":{"test-code":{"insertions":20,"deletions":12}}},{"hash":"3406f851d63983188e8a1a42b53e57e3b694dab4","isMergeCommit":true,"messageTitle":"Merge pull request #13 from Ijaaz01/MohamedIjaaz-Add-JUnit","messageBody":"Add junit testing for flower class","fileTypesAndContributionMap":{}}]},{"date":"2024-03-17","commitResults":[{"hash":"bed65cc9d8f724823adf655a7f0d95e408a03683","isMergeCommit":false,"messageTitle":"Add flower command and flower dictionary","messageBody":"","fileTypesAndContributionMap":{"functional-code":{"insertions":107,"deletions":0}}},{"hash":"b58691676cc910606828773e7d5c21f04b719781","isMergeCommit":true,"messageTitle":"Merge pull request #19 from Ijaaz01/MohamedIjaaz-FlowerCommand","messageBody":"Add flower command and flower dictionary","fileTypesAndContributionMap":{}}]},{"date":"2024-03-18","commitResults":[{"hash":"ab2f0665cc33caed2ef5baaf8aee26b2a6f30c4f","isMergeCommit":false,"messageTitle":"Add info command class","messageBody":"","fileTypesAndContributionMap":{"functional-code":{"insertions":46,"deletions":2}}},{"hash":"085d92f693c3695d6aeebb142b730c54bcc68452","isMergeCommit":true,"messageTitle":"Merge branch \u0027master\u0027 into MohamedIjaaz-InfoCommand","messageBody":"","fileTypesAndContributionMap":{}},{"hash":"cd49c1cd5f699c0c0a0442d45471bea2966c939d","isMergeCommit":true,"messageTitle":"Merge pull request #27 from Ijaaz01/MohamedIjaaz-InfoCommand","messageBody":"Add info command class","fileTypesAndContributionMap":{}}]},{"date":"2024-03-20","commitResults":[{"hash":"5a8f26d955b38b708e04f8d2820dfdc6f4c74b74","isMergeCommit":false,"messageTitle":"Fix format of help message and add assert to info command parser","messageBody":"","fileTypesAndContributionMap":{"functional-code":{"insertions":13,"deletions":6},"other":{"insertions":1,"deletions":0}}},{"hash":"2dd437eb128a021a4b3d42da22278c27b12f2dab","isMergeCommit":true,"messageTitle":"Merge pull request #34 from Ijaaz01/MohamedIjaaz-Assert","messageBody":"Fix format of help message and add assert to info command parser","fileTypesAndContributionMap":{}},{"hash":"b79d69063296c81537290012827b6ba7bd5c131d","isMergeCommit":true,"messageTitle":"Merge pull request #38 from IanFH/add-flowers","messageBody":"Add flowers","fileTypesAndContributionMap":{}},{"hash":"d2935f915c37300dcf6db64d5793f1ca77fb91eb","isMergeCommit":false,"messageTitle":"Fix bug for add and remove flower command","messageBody":"","fileTypesAndContributionMap":{"functional-code":{"insertions":11,"deletions":12}}},{"hash":"e7ef6959a32f9d08a33e317e790aa93c1ba91744","isMergeCommit":true,"messageTitle":"Merge pull request #42 from IanFH/userguide-adjusment-1","messageBody":"Updated UserGuide.md","fileTypesAndContributionMap":{}},{"hash":"330f8e80023a7ec754bf79bc959f0ec92cf52431","isMergeCommit":false,"messageTitle":"Change successful removal message","messageBody":"","fileTypesAndContributionMap":{"functional-code":{"insertions":1,"deletions":1}}},{"hash":"73f4ed5b0f83caca024695f61263f3cb53b2dd4c","isMergeCommit":false,"messageTitle":"Fix flowertest","messageBody":"","fileTypesAndContributionMap":{"test-code":{"insertions":0,"deletions":5}}}]},{"date":"2024-03-22","commitResults":[{"hash":"e52825d81b594f389fbc0a76fafccb39856fcf2a","isMergeCommit":false,"messageTitle":"Add logging for infocommand class","messageBody":"","fileTypesAndContributionMap":{"functional-code":{"insertions":9,"deletions":2}}},{"hash":"c750a56e3bd3b23664d8802551ad301334392063","isMergeCommit":false,"messageTitle":"Update logger name","messageBody":"","fileTypesAndContributionMap":{"functional-code":{"insertions":1,"deletions":1}}},{"hash":"ff6b6f906f3af6d9e3dd9affe926bd86f8a7f0b0","isMergeCommit":true,"messageTitle":"Merge pull request #51 from Ijaaz01/MohamedIjaaz-Logging","messageBody":"Add logging for InfoCommand class","fileTypesAndContributionMap":{}},{"hash":"ba7fa63b6e7feb02cf87e0e1443dc7338c0fdb91","isMergeCommit":true,"messageTitle":"Merge pull request #52 from JeffinsonDarmawan/master","messageBody":"Added assert","fileTypesAndContributionMap":{}}]}]},"authorFileTypeContributionMap":{"samuelory":{"docs":1,"functional-code":264,"test-code":88,"other":2},"JeffinsonDarmawan":{"docs":2,"functional-code":86,"test-code":16},"IanFH":{"docs":138,"functional-code":492,"test-code":18,"other":1},"Ijaaz01":{"docs":3,"functional-code":192,"test-code":15}},"authorContributionVariance":{"samuelory":3035.9844,"JeffinsonDarmawan":362.83038,"IanFH":11562.527,"Ijaaz01":546.74506},"authorDisplayNameMap":{"samuelory":"CS2113-T11-3 ONG ..MUEL","JeffinsonDarmawan":"CS2113-T11-3 JEFF..AWAN","IanFH":"CS2113-T11-3 IAN ..ANTO","Ijaaz01":"CS2113-T11-3 MOHA..MAIL"}}
