{"authorDailyContributionsMap":{"dtaywd":[{"date":"2024-03-07","commitResults":[{"hash":"4cbe4b373a8e60417fe6418cf15221df8fa1fbae","isMergeCommit":false,"messageTitle":"edit about us","messageBody":"changed john doe to my name\n","fileTypesAndContributionMap":{"docs":{"insertions":7,"deletions":7}}}]},{"date":"2024-03-12","commitResults":[{"hash":"1f4226aa3110fbbb6a16aac2378928ec2353ac66","isMergeCommit":true,"messageTitle":"Merge pull request #23 from awesomesjh/add-list-feature","messageBody":"Add basic functionality for new command and list command","fileTypesAndContributionMap":{}},{"hash":"f6de3e7017a59e57e930f1693e647065268b7704","isMergeCommit":true,"messageTitle":"Merge pull request #27 from TimothyLKM/Branch--Add-UI-lines","messageBody":"Clean up UI","fileTypesAndContributionMap":{}},{"hash":"735b0c96161eab214a76de9756ffdb60e9454cc9","isMergeCommit":false,"messageTitle":"Add Update quantity and Price feature","messageBody":"refactored new command code a bit as there was quite a bit of shared code in the parser\n","fileTypesAndContributionMap":{"functional-code":{"insertions":117,"deletions":12}}},{"hash":"95e5d456554ed5a1385e8f4e3160dce7982a9cdc","isMergeCommit":false,"messageTitle":"Adhere to checkstylemain guidelines","messageBody":"","fileTypesAndContributionMap":{"functional-code":{"insertions":8,"deletions":5}}}]},{"date":"2024-03-15","commitResults":[{"hash":"8bed28376e8997384e267bf2ac2d32a1bfb10da9","isMergeCommit":false,"messageTitle":"add junit test case","messageBody":"","fileTypesAndContributionMap":{"test-code":{"insertions":2,"deletions":0}}},{"hash":"d0e67e2848eae95f2e928e14e96f8453f7c1d011","isMergeCommit":false,"messageTitle":"add UpdateCOmmandTest","messageBody":"","fileTypesAndContributionMap":{"test-code":{"insertions":31,"deletions":1}}}]},{"date":"2024-03-18","commitResults":[{"hash":"6e19e6771f2029298a96c069433c54bd470faff6","isMergeCommit":false,"messageTitle":"Update updateCommand to be able to update values to 0","messageBody":"","fileTypesAndContributionMap":{"functional-code":{"insertions":4,"deletions":4}}},{"hash":"a5c0beedf0dce215148f800ff37499af6755992f","isMergeCommit":false,"messageTitle":"Update updateCommand J unit tests","messageBody":"includes checking for exception from invalid inputs, empty params and item not in list\n","fileTypesAndContributionMap":{"test-code":{"insertions":42,"deletions":0}}},{"hash":"14824fa1d9e4ee3872c63933b7979eba95239d25","isMergeCommit":false,"messageTitle":"Add assertions for updateCommand","messageBody":"asserted that the item updated price and quantity is non negative\n","fileTypesAndContributionMap":{"functional-code":{"insertions":2,"deletions":0}}},{"hash":"21a1f86c0edd7f4b7b3394b9722c1e46276928d1","isMergeCommit":true,"messageTitle":"Merge pull request #40 from awesomesjh/modify-parser","messageBody":"Add more error checking conditions","fileTypesAndContributionMap":{}}]},{"date":"2024-03-24","commitResults":[{"hash":"471999b31bde53bf543461d95742d41db806d5f5","isMergeCommit":false,"messageTitle":"Add Report Command","messageBody":"","fileTypesAndContributionMap":{"functional-code":{"insertions":118,"deletions":4}}},{"hash":"b5feee04a92b362d1f4e6d0ad5a4b7ee41080b59","isMergeCommit":true,"messageTitle":"Merge pull request #71 from awesomesjh/test-list-command","messageBody":"Add JUnit tests for list command","fileTypesAndContributionMap":{}},{"hash":"01de410a0229ed590cb6a4f0cad70ccb8ea22519","isMergeCommit":true,"messageTitle":"Merge pull request #72 from awesomesjh/modify-dg","messageBody":"Fix formatting issue","fileTypesAndContributionMap":{}}]},{"date":"2024-03-25","commitResults":[{"hash":"27e9c8a45ec1258d0e213f227d372118e1b5013b","isMergeCommit":false,"messageTitle":"add UML diagram and sequence diagram","messageBody":"","fileTypesAndContributionMap":{"docs":{"insertions":93,"deletions":1}}},{"hash":"5dcb0b52b7480bf10fa3471027d27732f6d3f10f","isMergeCommit":false,"messageTitle":"Update NewCommand sequence diagram","messageBody":"","fileTypesAndContributionMap":{"docs":{"insertions":1,"deletions":1}}},{"hash":"6e60bd8abf72da5e54e1d8a93e2c5e2d9d3f81a8","isMergeCommit":false,"messageTitle":"Update sequence diagram for UpdateCommand","messageBody":"","fileTypesAndContributionMap":{"docs":{"insertions":3,"deletions":4}}}]},{"date":"2024-03-26","commitResults":[{"hash":"5a9916db86077a2357103c44eea83b03ad7342ba","isMergeCommit":false,"messageTitle":"Update Developer guide to reflect newly added UpdateCommand UML","messageBody":"","fileTypesAndContributionMap":{"docs":{"insertions":29,"deletions":3}}},{"hash":"8201ea55de877cc27df929fb1b4658900a93adde","isMergeCommit":true,"messageTitle":"Merge remote-tracking branch \u0027upstream/master\u0027 into DG-update-command","messageBody":"# Conflicts:\n#\tdocs/uml-diagrams/NewCommandClass.png\n#\tdocs/uml-diagrams/NewCommandSequence.png\n","fileTypesAndContributionMap":{}}]}],"TimothyLKM":[{"date":"2024-03-07","commitResults":[{"hash":"bac30d2330f135a958179b5f6f28367aa5388000","isMergeCommit":false,"messageTitle":"Change john doe to timothy lau","messageBody":"","fileTypesAndContributionMap":{"docs":{"insertions":7,"deletions":7}}}]},{"date":"2024-03-12","commitResults":[{"hash":"92a9025910481d2db98ec7f4eb40239f6ee7eff3","isMergeCommit":false,"messageTitle":"Edit UI Clean up UI class","messageBody":"","fileTypesAndContributionMap":{"functional-code":{"insertions":33,"deletions":11}}},{"hash":"e57cc6da804053edec3b843a1db7defa6e6c1e49","isMergeCommit":false,"messageTitle":"Remove some static variables","messageBody":"","fileTypesAndContributionMap":{"functional-code":{"insertions":4,"deletions":6}}},{"hash":"a81b95ed6823a5348a4cd1d1ca666b024c5d3d26","isMergeCommit":false,"messageTitle":"Change farewell message","messageBody":"","fileTypesAndContributionMap":{"functional-code":{"insertions":1,"deletions":1}}}]},{"date":"2024-03-15","commitResults":[{"hash":"0d3025c1e0c980fabbb05cd8cec39901fc1859e3","isMergeCommit":true,"messageTitle":"Merge pull request #31 from rismm/parser-improvement","messageBody":"Parser improvement","fileTypesAndContributionMap":{}}]},{"date":"2024-03-17","commitResults":[{"hash":"7b982ce5b51e5153a314d08782ae572dfaf970a0","isMergeCommit":false,"messageTitle":"Add JUint to Ui","messageBody":"","fileTypesAndContributionMap":{"test-code":{"insertions":23,"deletions":0}}}]},{"date":"2024-03-19","commitResults":[{"hash":"d205153799d4bbb8b8ceedec1212b9b6b8395294","isMergeCommit":true,"messageTitle":"Merge branch \u0027master\u0027 into Branch-Junits","messageBody":"","fileTypesAndContributionMap":{}},{"hash":"e455e0b5d235a1e5106240287bb1ded8779be96f","isMergeCommit":false,"messageTitle":"no message","messageBody":"","fileTypesAndContributionMap":{"functional-code":{"insertions":2,"deletions":0},"test-code":{"insertions":0,"deletions":23}}},{"hash":"d47a590c9311619c5333f51c61de4b21469c7b12","isMergeCommit":true,"messageTitle":"Merge pull request #46 from vimalapugazhan/Vimal-Assert","messageBody":"Vimal assert","fileTypesAndContributionMap":{}},{"hash":"19ededd88915cdb10c427b1d7878ecfadc5c9e9e","isMergeCommit":false,"messageTitle":"add JUnit to ParserTest","messageBody":"","fileTypesAndContributionMap":{"test-code":{"insertions":10,"deletions":5}}},{"hash":"0607d32dc94af7905784aa90c72b710215cc05f8","isMergeCommit":false,"messageTitle":"Remove .* import","messageBody":"","fileTypesAndContributionMap":{"test-code":{"insertions":5,"deletions":1}}}]},{"date":"2024-03-22","commitResults":[{"hash":"b1833e4cc6c9e057d2c35e980bcfd5665229c0de","isMergeCommit":false,"messageTitle":"Add Find command","messageBody":"","fileTypesAndContributionMap":{"functional-code":{"insertions":78,"deletions":9}}},{"hash":"689e61207a97477b0f5f3f1443208ada65e626b9","isMergeCommit":false,"messageTitle":"Remove \u0027.*\u0027 form of import","messageBody":"","fileTypesAndContributionMap":{"functional-code":{"insertions":10,"deletions":1}}}]},{"date":"2024-03-23","commitResults":[{"hash":"d0fbe586a0f8c6b6c126104980f470b8eac14228","isMergeCommit":false,"messageTitle":"Remove bugs in FindCommand","messageBody":"","fileTypesAndContributionMap":{"functional-code":{"insertions":12,"deletions":5}}}]},{"date":"2024-03-24","commitResults":[{"hash":"a87922cad3db026a87f482f0ba0ec1339644591e","isMergeCommit":true,"messageTitle":"Merge pull request #70 from awesomesjh/modify-dg","messageBody":"Documentation is well written. Thank you!","fileTypesAndContributionMap":{}}]},{"date":"2024-03-26","commitResults":[{"hash":"f4fd264730a214f0f59bd724c1b6124f65bfd01b","isMergeCommit":true,"messageTitle":"Merge pull request #77 from rismm/file-saving","messageBody":"File saving looks good, thank you!","fileTypesAndContributionMap":{}}]}],"rismm":[{"date":"2024-03-07","commitResults":[{"hash":"b0315a5c77ce743b6e28fdf6b1ddfdb56d2bfc4b","isMergeCommit":false,"messageTitle":"Update AboutUs.md","messageBody":"","fileTypesAndContributionMap":{"docs":{"insertions":7,"deletions":7}}},{"hash":"6ebbe0b19ef2d4e885655ddeecccc84cb552cd1d","isMergeCommit":true,"messageTitle":"Merge pull request #1 from rismm/branch-aboutus","messageBody":"Update AboutUs.md","fileTypesAndContributionMap":{}},{"hash":"2064ba3ac96510d1eea98a16221a82aff0384ed8","isMergeCommit":true,"messageTitle":"Merge branch \u0027master\u0027 into change-about-us","messageBody":"","fileTypesAndContributionMap":{}},{"hash":"e0bb8ca37ab8e1583406a3e2a87ed4b3677ccf4a","isMergeCommit":true,"messageTitle":"Merge pull request #2 from dtaywd/change-about-us","messageBody":"edit about us","fileTypesAndContributionMap":{}},{"hash":"abbde352bf4cc576b2d188a8883bf62799f396b0","isMergeCommit":true,"messageTitle":"Merge branch \u0027master\u0027 into week7tutorial","messageBody":"","fileTypesAndContributionMap":{}},{"hash":"2c9b5a3f4306a8af1b371382d02a5a2bcd60e873","isMergeCommit":true,"messageTitle":"Merge pull request #3 from TimothyLKM/week7tutorial","messageBody":"Change john doe to timothy lau","fileTypesAndContributionMap":{}},{"hash":"fa923a26f257489a06ffc221aadd4274e6c5714f","isMergeCommit":true,"messageTitle":"Merge branch \u0027master\u0027 into simJunHong-AboutUs","messageBody":"","fileTypesAndContributionMap":{}},{"hash":"771b9d2370a0ed00d9fcad679e7391f72cd5efd5","isMergeCommit":true,"messageTitle":"Merge pull request #4 from awesomesjh/simJunHong-AboutUs","messageBody":"Update AboutUs.md","fileTypesAndContributionMap":{}}]},{"date":"2024-03-09","commitResults":[{"hash":"37788e10f223c996bc1469f9d17cc0f29b11702d","isMergeCommit":false,"messageTitle":"Add command classes","messageBody":"All command classes will implement the Command interface\n","fileTypesAndContributionMap":{"functional-code":{"insertions":32,"deletions":0}}},{"hash":"dd550f4ff467400d12c9050f676bb8b6c87d85b1","isMergeCommit":false,"messageTitle":"Add basic io handling","messageBody":"","fileTypesAndContributionMap":{"functional-code":{"insertions":76,"deletions":21},"other":{"insertions":2,"deletions":2}}},{"hash":"0afebbbcb6b2238bd36d584839129a6cce1a03e6","isMergeCommit":false,"messageTitle":"Update commands","messageBody":"","fileTypesAndContributionMap":{"functional-code":{"insertions":3,"deletions":5}}},{"hash":"a569fd97cf17be56290fafea84b175229b812a50","isMergeCommit":false,"messageTitle":"Update gradle build settings","messageBody":"Change main class to supertracker.SuperTracker\n","fileTypesAndContributionMap":{"other":{"insertions":3,"deletions":3}}},{"hash":"4ca7c6983b61027225b010857ab6c5baff14b99f","isMergeCommit":true,"messageTitle":"Merge pull request #21 from rismm/add-base","messageBody":"Add base code","fileTypesAndContributionMap":{}}]},{"date":"2024-03-10","commitResults":[{"hash":"05acf68480470928e7eb17c4a0e06499f0dc574c","isMergeCommit":false,"messageTitle":"Add item class","messageBody":"","fileTypesAndContributionMap":{"functional-code":{"insertions":37,"deletions":1}}}]},{"date":"2024-03-12","commitResults":[{"hash":"d767f8ec0c1e89b583a951b4163b76572e2e7fa3","isMergeCommit":true,"messageTitle":"Merge pull request #28 from dtaywd/update-item","messageBody":"Update item","fileTypesAndContributionMap":{}}]},{"date":"2024-03-15","commitResults":[{"hash":"63a99238db7b0603a98002634bcaf0255fbad700","isMergeCommit":false,"messageTitle":"Update parser","messageBody":"Add pattern matching for inputs using regex\n","fileTypesAndContributionMap":{"functional-code":{"insertions":58,"deletions":26},"other":{"insertions":1,"deletions":1}}},{"hash":"04fe15c468c3ec03a0c4af4b4650f1584a265b48","isMergeCommit":false,"messageTitle":"Update Parser","messageBody":"","fileTypesAndContributionMap":{"functional-code":{"insertions":3,"deletions":11}}},{"hash":"f488b5da73e978c3eaf9cce3c6f37dcddbea39df","isMergeCommit":true,"messageTitle":"Merge branch \u0027master\u0027 into parser-improvement","messageBody":"","fileTypesAndContributionMap":{}},{"hash":"cb9ae28fe482c703e83c11be7ecb52b105222026","isMergeCommit":false,"messageTitle":"Add JUnit test for Parser","messageBody":"","fileTypesAndContributionMap":{"functional-code":{"insertions":1,"deletions":1},"test-code":{"insertions":30,"deletions":0}}}]},{"date":"2024-03-16","commitResults":[{"hash":"935b4f82bcceb39ae2ef3286c64dca848ad0411e","isMergeCommit":false,"messageTitle":"Update Parser class","messageBody":"Add regex pattern matching support for list and update commands\n","fileTypesAndContributionMap":{"functional-code":{"insertions":86,"deletions":103},"test-code":{"insertions":27,"deletions":0}}}]},{"date":"2024-03-17","commitResults":[{"hash":"03eaa69e76df87b686989e7dfa787b2aa36af6ff","isMergeCommit":false,"messageTitle":"Fix checkstyle","messageBody":"","fileTypesAndContributionMap":{"functional-code":{"insertions":3,"deletions":3}}},{"hash":"66ba3d7f51930a537d5960536835a006b0d87b98","isMergeCommit":true,"messageTitle":"Merge pull request #34 from vimalapugazhan/Vimal-Delete-feature","messageBody":"Vimal delete feature","fileTypesAndContributionMap":{}},{"hash":"a68c716335a59916af0a2c79cfcc874f5350521f","isMergeCommit":false,"messageTitle":"Add basic exception","messageBody":"","fileTypesAndContributionMap":{"functional-code":{"insertions":8,"deletions":0}}},{"hash":"95e130c90202710e318c6052665fbbb26e029822","isMergeCommit":false,"messageTitle":"Add exception handling","messageBody":"Add exception handling for new, update and list commands\n","fileTypesAndContributionMap":{"functional-code":{"insertions":31,"deletions":17},"test-code":{"insertions":4,"deletions":3}}},{"hash":"55282be1dd468624c031c76d17d73e992c0ac779","isMergeCommit":false,"messageTitle":"Add assertions","messageBody":"","fileTypesAndContributionMap":{"functional-code":{"insertions":4,"deletions":0},"other":{"insertions":1,"deletions":0}}},{"hash":"6f7a1babb07960f19733fc69e3053dfbb39b5fd8","isMergeCommit":true,"messageTitle":"Merge pull request #35 from vimalapugazhan/delete-by-name","messageBody":"Change delete function to use n/ regex","fileTypesAndContributionMap":{}},{"hash":"4353dbb84a47858a94435fc827e5bb352a1afa3a","isMergeCommit":true,"messageTitle":"Merge branch \u0027master\u0027 into add-exceptions","messageBody":"","fileTypesAndContributionMap":{}},{"hash":"c80a652c6a18ac01e1424c999e31288191927a77","isMergeCommit":false,"messageTitle":"Add basic error handling","messageBody":"Add class for string constants with error messages\n\nUpdate text-ui-test\n","fileTypesAndContributionMap":{"functional-code":{"insertions":34,"deletions":21}}},{"hash":"868d16b8f58ae9cfe3e3d8ba21145526b3189b7f","isMergeCommit":true,"messageTitle":"Merge pull request #37 from vimalapugazhan/Vimal-JUnit","messageBody":"Vimal j unit","fileTypesAndContributionMap":{}}]},{"date":"2024-03-20","commitResults":[{"hash":"d8948c8df3a6b5c66b66430e2bb6ce1286781017","isMergeCommit":false,"messageTitle":"Refactor code","messageBody":"Remove unused code and unneccessary operations\n\nAdd logging support for thrown exceptions and successful commands\n","fileTypesAndContributionMap":{"functional-code":{"insertions":8,"deletions":4},"test-code":{"insertions":1,"deletions":0}}},{"hash":"b1cc8b97ddbec64e5b03c00bd9201a2169608003","isMergeCommit":false,"messageTitle":"Fix checkstyle","messageBody":"","fileTypesAndContributionMap":{"functional-code":{"insertions":4,"deletions":5}}},{"hash":"53b22608fe4e75f242ce0a0be8b228f1a723e823","isMergeCommit":true,"messageTitle":"Merge pull request #48 from rismm/minor-refactoring","messageBody":"Refactor code","tags":["v1.0"],"fileTypesAndContributionMap":{}}]},{"date":"2024-03-22","commitResults":[{"hash":"4f549180f07c6faf96802cfee6f9c892e91d3ba6","isMergeCommit":true,"messageTitle":"Merge pull request #49 from TimothyLKM/Branch-FindCommand","messageBody":"Add Find command","fileTypesAndContributionMap":{}}]},{"date":"2024-03-23","commitResults":[{"hash":"a42f43bf7678b581e6cfa3204b039578e852e2b9","isMergeCommit":false,"messageTitle":"Add DG for parser","messageBody":"","fileTypesAndContributionMap":{"docs":{"insertions":56,"deletions":1}}},{"hash":"1370bc4ad337974c67953dc3e6a6111869bb258b","isMergeCommit":true,"messageTitle":"Merge pull request #54 from TimothyLKM/Branch-FixFind","messageBody":"Remove bugs in FindCommand","fileTypesAndContributionMap":{}}]},{"date":"2024-03-24","commitResults":[{"hash":"79bd0e49b10f22ebb35ca1e86e03cd5fe16d47c9","isMergeCommit":true,"messageTitle":"Merge pull request #56 from awesomesjh/add-sort-feature","messageBody":"Add sort feature","fileTypesAndContributionMap":{}},{"hash":"7316de645fcdf3e11e253f8d95d63d0242922826","isMergeCommit":false,"messageTitle":"Update DG","messageBody":"DG details implementation of the Parser class\nAdd UML diagrams using the PlantUML pluggin\n","fileTypesAndContributionMap":{"docs":{"insertions":85,"deletions":28}}},{"hash":"c4aa03ce0f9d0fb8ab3d4ec9107dc39094196791","isMergeCommit":true,"messageTitle":"Merge branch \u0027master\u0027 into documentation","messageBody":"","fileTypesAndContributionMap":{}},{"hash":"724d1670f0e1a5ad9c635ca49793602f33c3ada5","isMergeCommit":false,"messageTitle":"Update Parser","messageBody":"Add input parser support for multiple character parameter flags\n","fileTypesAndContributionMap":{"functional-code":{"insertions":6,"deletions":4}}},{"hash":"3a4a13f78b63b054814e8d0e9aac30bbeddacb3a","isMergeCommit":false,"messageTitle":"Add saving","messageBody":"Add saving of item data to the hard disk\n","fileTypesAndContributionMap":{"functional-code":{"insertions":69,"deletions":0}}}]},{"date":"2024-03-25","commitResults":[{"hash":"75fbf2060eb469e25520727ccd6306675991088e","isMergeCommit":true,"messageTitle":"Merge pull request #73 from vimalapugazhan/Vimal-ExpiryDate","messageBody":"Vimal expiry date","fileTypesAndContributionMap":{}}]},{"date":"2024-03-26","commitResults":[{"hash":"5db64db7785c009fcc89766d99e6dae3cb24d5d7","isMergeCommit":true,"messageTitle":"Merge branch \u0027master\u0027 into file-saving","messageBody":"","fileTypesAndContributionMap":{}},{"hash":"191c008786bff538adcf52c724540c52dd6fa6ce","isMergeCommit":false,"messageTitle":"Add data loading","messageBody":"","fileTypesAndContributionMap":{"functional-code":{"insertions":105,"deletions":8}}},{"hash":"21cb93f7caa573a058a427121d06d19a6112d0b3","isMergeCommit":false,"messageTitle":"Update file saving","messageBody":"Add automatic saving whenever there is a change to the list\n","fileTypesAndContributionMap":{"functional-code":{"insertions":49,"deletions":6}}},{"hash":"73a4667dc26c9cf5d82c0b54a7e40a6cd03620b3","isMergeCommit":false,"messageTitle":"Fix command input bugs","messageBody":"Input command: new n/new apple works as intended now\n","fileTypesAndContributionMap":{"functional-code":{"insertions":8,"deletions":1}}},{"hash":"9d3dd855d8f1a149d2b371e95b0e928281febcc5","isMergeCommit":false,"messageTitle":"Update DG","messageBody":"Update DG to show dependencies on new FileManager class for file saving in the NewCommand implementation.\nChange Inventory.items() method to Inventory.getItem() to better reflect what the method does\n","fileTypesAndContributionMap":{"functional-code":{"insertions":5,"deletions":5},"docs":{"insertions":22,"deletions":8}}},{"hash":"9df280c0f5baa9ba70a4f7b5e5e44fe1ab225d24","isMergeCommit":true,"messageTitle":"Merge pull request #75 from dtaywd/DG-update-command","messageBody":"Dg update command","fileTypesAndContributionMap":{}}]}],"vimalapugazhan":[{"date":"2024-03-08","commitResults":[{"hash":"63d5a1696c0f5b885d137141468f27fe08977607","isMergeCommit":false,"messageTitle":"Add info onto about us","messageBody":"","fileTypesAndContributionMap":{"docs":{"insertions":7,"deletions":7}}},{"hash":"c9e9fbd18c1217d83629e65aead0060d4bdfe38a","isMergeCommit":true,"messageTitle":"Merge branch \u0027master\u0027 into Vimal-AboutUs","messageBody":"","fileTypesAndContributionMap":{}},{"hash":"62f32c8fce1da9989fd7576753d5fd00db6ac16e","isMergeCommit":true,"messageTitle":"Merge pull request #5 from vimalapugazhan/Vimal-AboutUs","messageBody":"Add info onto about us","fileTypesAndContributionMap":{}}]},{"date":"2024-03-11","commitResults":[{"hash":"14dda0650fda5e6198b3d91bf14d1bce11e802e9","isMergeCommit":true,"messageTitle":"Merge pull request #22 from rismm/add-item-class","messageBody":"Add item class","fileTypesAndContributionMap":{}}]},{"date":"2024-03-17","commitResults":[{"hash":"5cfaae8a3d12c83798ec773b98d516c4c9197cb0","isMergeCommit":false,"messageTitle":"Add remove element to inventory hashmap and implement DeleteCommand class.","messageBody":"","fileTypesAndContributionMap":{"functional-code":{"insertions":26,"deletions":0}}},{"hash":"eeb442bb518cf3ea55a379a98e26fa52e345fa6e","isMergeCommit":false,"messageTitle":"Implement delete class","messageBody":"","fileTypesAndContributionMap":{"functional-code":{"insertions":10,"deletions":0}}},{"hash":"07713b0f58ee93462487c99e0db60c58e4ed2244","isMergeCommit":false,"messageTitle":"Add message for DeleteCommand","messageBody":"","fileTypesAndContributionMap":{"functional-code":{"insertions":18,"deletions":0}}},{"hash":"51432689f0e9d3889b4fe2706340ecb5cbbdd384","isMergeCommit":true,"messageTitle":"Merge pull request #32 from rismm/parser-improvement","messageBody":"Update Parser class","fileTypesAndContributionMap":{}},{"hash":"24c324ea50bffc59bb8ec16832e1763e29bf4619","isMergeCommit":true,"messageTitle":"Merge branch \u0027master\u0027 into Vimal-Delete-feature","messageBody":"# Conflicts:\n#\tsrc/main/java/supertracker/parser/Parser.java\n","fileTypesAndContributionMap":{}},{"hash":"71c845b2550f03ff3d14b9cb3d6f0142e0ec3ed7","isMergeCommit":false,"messageTitle":"Change delete function to use n/ regex","messageBody":"","fileTypesAndContributionMap":{"functional-code":{"insertions":21,"deletions":3}}},{"hash":"bb69f679f92988629bba64b1fd8aa6d1ab01d46f","isMergeCommit":false,"messageTitle":"remove unused import","messageBody":"","fileTypesAndContributionMap":{"functional-code":{"insertions":0,"deletions":2}}},{"hash":"8c1fac7f8af0fa1b4e99620e7fc81385cad1f7e1","isMergeCommit":true,"messageTitle":"Merge branch \u0027master\u0027 into Vimal-JUnit","messageBody":"","fileTypesAndContributionMap":{}},{"hash":"0d8267a2a822dd4840be42c61f984f876777c5cd","isMergeCommit":false,"messageTitle":"implement JUnit for parseDeleteCommand method","messageBody":"","fileTypesAndContributionMap":{"test-code":{"insertions":13,"deletions":2}}},{"hash":"22dc2dd1991ff07555d9e9e5e4790af1fe10519e","isMergeCommit":true,"messageTitle":"Merge pull request #36 from rismm/add-exceptions","messageBody":"Add exceptions","fileTypesAndContributionMap":{}},{"hash":"0023e2d747534a38f18c4559df5391c72b782560","isMergeCommit":true,"messageTitle":"Merge branch \u0027master\u0027 into Vimal-JUnit","messageBody":"# Conflicts:\n#\tsrc/test/java/supertracker/parser/ParserTest.java\n","fileTypesAndContributionMap":{}},{"hash":"c92739fd59bedb7b5f9f7bc58e7d0725f79d31d2","isMergeCommit":false,"messageTitle":"Edit imports for ParserTest","messageBody":"","fileTypesAndContributionMap":{"test-code":{"insertions":3,"deletions":1}}}]},{"date":"2024-03-19","commitResults":[{"hash":"8bc9f5b6825199643204e24906f13ac92f3af2fb","isMergeCommit":true,"messageTitle":"Merge pull request #44 from awesomesjh/add-remove-feature","messageBody":"Add remove feature","fileTypesAndContributionMap":{}},{"hash":"d999ac476fca127b5af9b13b9d55c5c5a2b07699","isMergeCommit":false,"messageTitle":"assert in UI and exception","messageBody":"","fileTypesAndContributionMap":{"functional-code":{"insertions":3,"deletions":0}}},{"hash":"327b4d50fd4fca9d147460b1512d4603328cd096","isMergeCommit":true,"messageTitle":"Merge pull request #45 from TimothyLKM/Branch-Assertions","messageBody":"Branch assertions","fileTypesAndContributionMap":{}},{"hash":"68dcaafe5f45ae832078858f643e23899b151d70","isMergeCommit":true,"messageTitle":"Merge branch \u0027master\u0027 into Vimal-Assert","messageBody":"","fileTypesAndContributionMap":{}},{"hash":"d42af6165878117ce4386fb3012bf0b998fd5c52","isMergeCommit":false,"messageTitle":"remove import","messageBody":"","fileTypesAndContributionMap":{"functional-code":{"insertions":0,"deletions":1}}},{"hash":"b377376cb054ee1d7633dfbf17c4afd576ae1e73","isMergeCommit":true,"messageTitle":"Merge pull request #47 from TimothyLKM/Branch-JUnit","messageBody":"Timothy JUnit","fileTypesAndContributionMap":{}}]},{"date":"2024-03-24","commitResults":[{"hash":"4cbaa6d39f08b3a17b3942f1b732f474845d979f","isMergeCommit":false,"messageTitle":"Add basic expiry date","messageBody":"","fileTypesAndContributionMap":{"functional-code":{"insertions":40,"deletions":10}}},{"hash":"7d8c1f886433d83f03f0461d3baa6f82a2dc584b","isMergeCommit":false,"messageTitle":"Made expiry date optional for items and done format for input and output to be follow \"dd/mm/yyyy\"","messageBody":"","fileTypesAndContributionMap":{"functional-code":{"insertions":12,"deletions":4}}},{"hash":"803f214e6b7cf73eda4eed00dd1be7c5014bb86f","isMergeCommit":false,"messageTitle":"exception handling for invalid date","messageBody":"","fileTypesAndContributionMap":{"functional-code":{"insertions":13,"deletions":4}}},{"hash":"c0bd51cafb2715fac6865f38acd9bad99efe1282","isMergeCommit":true,"messageTitle":"Merge branch \u0027master\u0027 into Vimal-ExpiryDate","messageBody":"# Conflicts:\n#\tsrc/main/java/supertracker/item/Item.java\n#\tsrc/main/java/supertracker/parser/Parser.java\n#\tsrc/main/java/supertracker/ui/ErrorMessage.java\n#\tsrc/main/java/supertracker/ui/Ui.java\n","fileTypesAndContributionMap":{}},{"hash":"c1191185de113b2c7a2c1ed77397a3fc977cfb38","isMergeCommit":false,"messageTitle":"Edit JUnits that threw error due to changes when implementing expiry date","messageBody":"","fileTypesAndContributionMap":{"test-code":{"insertions":76,"deletions":15}}}]},{"date":"2024-03-25","commitResults":[{"hash":"3f8a63739a927fe3e86ae955335429a8d24ef390","isMergeCommit":false,"messageTitle":"Fix checkstyle errors","messageBody":"","fileTypesAndContributionMap":{"functional-code":{"insertions":2,"deletions":2},"test-code":{"insertions":2,"deletions":2}}},{"hash":"2dbd8c68f69fadea2a62539fc438bcb2611ef989","isMergeCommit":false,"messageTitle":"Change input date format and add author tag","messageBody":"","fileTypesAndContributionMap":{"functional-code":{"insertions":4,"deletions":3}}},{"hash":"1ba2f9b3ebd0f2c7b879e6d9962ea962c7e8b8b1","isMergeCommit":false,"messageTitle":"Fix expiry date format in JUnit ParserTest","messageBody":"","fileTypesAndContributionMap":{"test-code":{"insertions":2,"deletions":2}}},{"hash":"ccdfe8515bcf7af11704c751bc26cd7b0e362ffb","isMergeCommit":false,"messageTitle":"Update src/main/java/supertracker/parser/Parser.java","messageBody":"Co-authored-by: rismm \u003c110659916+rismm@users.noreply.github.com\u003e","fileTypesAndContributionMap":{"functional-code":{"insertions":1,"deletions":1}}}]}],"awesomesjh":[{"date":"2024-03-07","commitResults":[{"hash":"71feab2f6df02c91e6d0353fc26a3950af50c392","isMergeCommit":false,"messageTitle":"Update AboutUs.md","messageBody":"","fileTypesAndContributionMap":{"docs":{"insertions":7,"deletions":7}}}]},{"date":"2024-03-12","commitResults":[{"hash":"c71cb91d6b589b47d21e7cfff5ac5a7746031a2b","isMergeCommit":false,"messageTitle":"Implement basic functionality of new command","messageBody":"","fileTypesAndContributionMap":{"functional-code":{"insertions":191,"deletions":39}}},{"hash":"2b7a702728e29656663f59af42e5a601e8510d78","isMergeCommit":false,"messageTitle":"Implement basic functionality of list command","messageBody":"","fileTypesAndContributionMap":{"functional-code":{"insertions":96,"deletions":6}}},{"hash":"2134f0529b677e8866241e45accf17ffeeac7f94","isMergeCommit":false,"messageTitle":"Add JUnit test case for NewCommand","messageBody":"","fileTypesAndContributionMap":{"functional-code":{"insertions":4,"deletions":0},"test-code":{"insertions":28,"deletions":0}}}]},{"date":"2024-03-15","commitResults":[{"hash":"ad7d61a8b49aa9677df90b24efaafd3854801c74","isMergeCommit":true,"messageTitle":"Merge pull request #30 from dtaywd/J-unit-test","messageBody":"J unit test","fileTypesAndContributionMap":{}}]},{"date":"2024-03-18","commitResults":[{"hash":"11abda0085f12aac0bd46e43f59195801cb7dd33","isMergeCommit":true,"messageTitle":"Merge pull request #38 from dtaywd/update-item-week9","messageBody":"Update item week9","fileTypesAndContributionMap":{}},{"hash":"b2703ae98f76dd8e697a7cb53d04e29c17265638","isMergeCommit":false,"messageTitle":"Add more error checking conditions","messageBody":"","fileTypesAndContributionMap":{"functional-code":{"insertions":69,"deletions":33}}},{"hash":"5db17e083628839d6ec443465c9502aa81add4f7","isMergeCommit":false,"messageTitle":"Move error message to new line","messageBody":"","fileTypesAndContributionMap":{"functional-code":{"insertions":4,"deletions":2}}},{"hash":"11d07c4026365eeac094263682aa267d65bbf13d","isMergeCommit":false,"messageTitle":"Remove unused import","messageBody":"","fileTypesAndContributionMap":{"functional-code":{"insertions":0,"deletions":7}}},{"hash":"efc14d3f108a8703d5d4e727d5ac2ac993fd4171","isMergeCommit":false,"messageTitle":"Fix assertion error","messageBody":"","fileTypesAndContributionMap":{"functional-code":{"insertions":7,"deletions":0}}},{"hash":"96ee341ddd97729be86fdff82327122e0dcec59a","isMergeCommit":false,"messageTitle":"Update regex","messageBody":"","fileTypesAndContributionMap":{"functional-code":{"insertions":4,"deletions":4}}}]},{"date":"2024-03-19","commitResults":[{"hash":"bf109d9cb0c9e265e6fe521506ec0ba81b71e716","isMergeCommit":false,"messageTitle":"Implement add and remove commands","messageBody":"","fileTypesAndContributionMap":{"functional-code":{"insertions":183,"deletions":20},"other":{"insertions":1,"deletions":1}}},{"hash":"b34a5cc003cdcde0564a754ad2560a063f050fcc","isMergeCommit":false,"messageTitle":"Add JUnit tests for commands","messageBody":"","fileTypesAndContributionMap":{"functional-code":{"insertions":4,"deletions":0},"test-code":{"insertions":267,"deletions":6}}},{"hash":"7055ee900a0d36fc2cc0c88f72ca311328aec761","isMergeCommit":false,"messageTitle":"Add assertions for commands","messageBody":"","fileTypesAndContributionMap":{"functional-code":{"insertions":16,"deletions":0}}},{"hash":"d5b14b5195f1e29efa261b3686c4fa01e90fcec0","isMergeCommit":false,"messageTitle":"Setup logger","messageBody":"","fileTypesAndContributionMap":{"functional-code":{"insertions":24,"deletions":0}}},{"hash":"540a933b23d197f82681c3a8091b5c96cd226924","isMergeCommit":false,"messageTitle":"Remove * imports","messageBody":"","fileTypesAndContributionMap":{"functional-code":{"insertions":4,"deletions":1},"test-code":{"insertions":8,"deletions":3}}},{"hash":"343fe420cc0230592a872c8893ad1900de41a051","isMergeCommit":false,"messageTitle":"Remove * import for NewCommandTest","messageBody":"","fileTypesAndContributionMap":{"test-code":{"insertions":3,"deletions":1}}}]},{"date":"2024-03-24","commitResults":[{"hash":"5477830d0d2e5ec2035c0fdea254fc4dd99b8d8f","isMergeCommit":false,"messageTitle":"Add sort functionality for list command","messageBody":"List command now has 6 sorting modes:\n- Alphabetical, A-Z\n- Alphabetical, Z-A\n- Quantity, Ascending\n- Quantity, Descending\n- Price, Ascending\n- Price, Descending\n","fileTypesAndContributionMap":{"functional-code":{"insertions":80,"deletions":12}}},{"hash":"d356f4c93560881bde66c2b5277f027a5b144fed","isMergeCommit":true,"messageTitle":"Merge branch \u0027master\u0027 of https://github.com/AY2324S2-CS2113-T13-4/tp into add-sort-feature","messageBody":"# Conflicts:\n#\tsrc/main/java/supertracker/command/FindCommand.java\n","fileTypesAndContributionMap":{}},{"hash":"6239efe5372a2c1f89c9e9e3b898df334f7b4ff1","isMergeCommit":true,"messageTitle":"Merge pull request #64 from rismm/documentation","messageBody":"Update DG","fileTypesAndContributionMap":{}},{"hash":"49e21ce16bee77f1cb9b3909c18ebaecac4550b0","isMergeCommit":true,"messageTitle":"Merge pull request #65 from rismm/better-parser-support","messageBody":"Add input parser support for multiple character parameter flags","fileTypesAndContributionMap":{}},{"hash":"436664c166f95126099de1212130850584c024c1","isMergeCommit":false,"messageTitle":"Add UML diagrams for new command","messageBody":"","fileTypesAndContributionMap":{"docs":{"insertions":77,"deletions":0}}},{"hash":"ab991b99751ec55ad90ac04c8c079a208ef4043f","isMergeCommit":true,"messageTitle":"Merge pull request #66 from dtaywd/report-command","messageBody":"Add Report Command","fileTypesAndContributionMap":{}},{"hash":"a84470c4e8cfad32c6e5f479b9670da87eadef90","isMergeCommit":true,"messageTitle":"Merge branch \u0027master\u0027 of https://github.com/AY2324S2-CS2113-T13-4/tp into modify-dg","messageBody":"","fileTypesAndContributionMap":{}},{"hash":"77d1fc042f536201d0b3577b044d89ea4a36d751","isMergeCommit":false,"messageTitle":"Add developer guide info for new command","messageBody":"","fileTypesAndContributionMap":{"docs":{"insertions":29,"deletions":9}}},{"hash":"6f2abb2343fb82c14dd978c0d553f73179dae908","isMergeCommit":false,"messageTitle":"Fix typo in DeveloperGuide.md","messageBody":"Co-authored-by: rismm \u003c110659916+rismm@users.noreply.github.com\u003e","fileTypesAndContributionMap":{"docs":{"insertions":1,"deletions":1}}},{"hash":"235b65d5edc9024cc75c5d4daaace35f08efe4b6","isMergeCommit":false,"messageTitle":"Add JUnit tests for list command","messageBody":"","fileTypesAndContributionMap":{"functional-code":{"insertions":14,"deletions":0},"test-code":{"insertions":161,"deletions":0}}},{"hash":"16c40b465aaa8161bb4c00600f41ee98a288ab7c","isMergeCommit":false,"messageTitle":"Change \\r\\n to System.lineSeparator()","messageBody":"","fileTypesAndContributionMap":{"test-code":{"insertions":1,"deletions":2}}},{"hash":"b3a9ac9bddcd27a49d2443232e3b32e80edb6620","isMergeCommit":false,"messageTitle":"Rename test cases","messageBody":"","fileTypesAndContributionMap":{"test-code":{"insertions":8,"deletions":8}}},{"hash":"80c26700c9809cabb736628050a40be3d068f126","isMergeCommit":false,"messageTitle":"Fix formatting issue","messageBody":"","fileTypesAndContributionMap":{"docs":{"insertions":2,"deletions":0}}}]}]},"authorFileTypeContributionMap":{"dtaywd":{"docs":122,"functional-code":169,"test-code":69},"TimothyLKM":{"docs":0,"functional-code":120,"test-code":14},"rismm":{"docs":136,"functional-code":482,"test-code":55,"other":3},"vimalapugazhan":{"docs":3,"functional-code":100,"test-code":91},"awesomesjh":{"docs":89,"functional-code":565,"test-code":446}},"authorContributionVariance":{"dtaywd":1308.8336,"TimothyLKM":421.6657,"rismm":4563.592,"vimalapugazhan":1144.8539,"awesomesjh":16461.475},"authorDisplayNameMap":{"dtaywd":"CS2113-T13-4 TAY ..AVID","TimothyLKM":"CS2113-T13-4 TIMO..MING","rismm":"CS2113-T13-4 SIM ..RYAN","vimalapugazhan":"CS2113-T13-4 VIMA..AMAN","awesomesjh":"CS2113-T13-4 SIM ..HONG"}}
