{"authorDailyContributionsMap":{"dtaywd":[{"date":"2024-03-07","commitResults":[{"hash":"4cbe4b373a8e60417fe6418cf15221df8fa1fbae","isMergeCommit":false,"messageTitle":"edit about us","messageBody":"changed john doe to my name\n","fileTypesAndContributionMap":{"docs":{"insertions":7,"deletions":7}}}]},{"date":"2024-03-12","commitResults":[{"hash":"1f4226aa3110fbbb6a16aac2378928ec2353ac66","isMergeCommit":true,"messageTitle":"Merge pull request #23 from awesomesjh/add-list-feature","messageBody":"Add basic functionality for new command and list command","fileTypesAndContributionMap":{}},{"hash":"f6de3e7017a59e57e930f1693e647065268b7704","isMergeCommit":true,"messageTitle":"Merge pull request #27 from TimothyLKM/Branch--Add-UI-lines","messageBody":"Clean up UI","fileTypesAndContributionMap":{}},{"hash":"735b0c96161eab214a76de9756ffdb60e9454cc9","isMergeCommit":false,"messageTitle":"Add Update quantity and Price feature","messageBody":"refactored new command code a bit as there was quite a bit of shared code in the parser\n","fileTypesAndContributionMap":{"functional-code":{"insertions":117,"deletions":12}}},{"hash":"95e5d456554ed5a1385e8f4e3160dce7982a9cdc","isMergeCommit":false,"messageTitle":"Adhere to checkstylemain guidelines","messageBody":"","fileTypesAndContributionMap":{"functional-code":{"insertions":8,"deletions":5}}}]},{"date":"2024-03-15","commitResults":[{"hash":"8bed28376e8997384e267bf2ac2d32a1bfb10da9","isMergeCommit":false,"messageTitle":"add junit test case","messageBody":"","fileTypesAndContributionMap":{"test-code":{"insertions":2,"deletions":0}}},{"hash":"d0e67e2848eae95f2e928e14e96f8453f7c1d011","isMergeCommit":false,"messageTitle":"add UpdateCOmmandTest","messageBody":"","fileTypesAndContributionMap":{"test-code":{"insertions":31,"deletions":1}}}]},{"date":"2024-03-18","commitResults":[{"hash":"6e19e6771f2029298a96c069433c54bd470faff6","isMergeCommit":false,"messageTitle":"Update updateCommand to be able to update values to 0","messageBody":"","fileTypesAndContributionMap":{"functional-code":{"insertions":4,"deletions":4}}},{"hash":"a5c0beedf0dce215148f800ff37499af6755992f","isMergeCommit":false,"messageTitle":"Update updateCommand J unit tests","messageBody":"includes checking for exception from invalid inputs, empty params and item not in list\n","fileTypesAndContributionMap":{"test-code":{"insertions":42,"deletions":0}}},{"hash":"14824fa1d9e4ee3872c63933b7979eba95239d25","isMergeCommit":false,"messageTitle":"Add assertions for updateCommand","messageBody":"asserted that the item updated price and quantity is non negative\n","fileTypesAndContributionMap":{"functional-code":{"insertions":2,"deletions":0}}},{"hash":"21a1f86c0edd7f4b7b3394b9722c1e46276928d1","isMergeCommit":true,"messageTitle":"Merge pull request #40 from awesomesjh/modify-parser","messageBody":"Add more error checking conditions","fileTypesAndContributionMap":{}}]},{"date":"2024-03-24","commitResults":[{"hash":"471999b31bde53bf543461d95742d41db806d5f5","isMergeCommit":false,"messageTitle":"Add Report Command","messageBody":"","fileTypesAndContributionMap":{"functional-code":{"insertions":118,"deletions":4}}},{"hash":"b5feee04a92b362d1f4e6d0ad5a4b7ee41080b59","isMergeCommit":true,"messageTitle":"Merge pull request #71 from awesomesjh/test-list-command","messageBody":"Add JUnit tests for list command","fileTypesAndContributionMap":{}},{"hash":"01de410a0229ed590cb6a4f0cad70ccb8ea22519","isMergeCommit":true,"messageTitle":"Merge pull request #72 from awesomesjh/modify-dg","messageBody":"Fix formatting issue","fileTypesAndContributionMap":{}}]},{"date":"2024-03-25","commitResults":[{"hash":"27e9c8a45ec1258d0e213f227d372118e1b5013b","isMergeCommit":false,"messageTitle":"add UML diagram and sequence diagram","messageBody":"","fileTypesAndContributionMap":{"docs":{"insertions":93,"deletions":1}}},{"hash":"5dcb0b52b7480bf10fa3471027d27732f6d3f10f","isMergeCommit":false,"messageTitle":"Update NewCommand sequence diagram","messageBody":"","fileTypesAndContributionMap":{"docs":{"insertions":1,"deletions":1}}},{"hash":"6e60bd8abf72da5e54e1d8a93e2c5e2d9d3f81a8","isMergeCommit":false,"messageTitle":"Update sequence diagram for UpdateCommand","messageBody":"","fileTypesAndContributionMap":{"docs":{"insertions":3,"deletions":4}}}]},{"date":"2024-03-26","commitResults":[{"hash":"5a9916db86077a2357103c44eea83b03ad7342ba","isMergeCommit":false,"messageTitle":"Update Developer guide to reflect newly added UpdateCommand UML","messageBody":"","fileTypesAndContributionMap":{"docs":{"insertions":29,"deletions":3}}},{"hash":"8201ea55de877cc27df929fb1b4658900a93adde","isMergeCommit":true,"messageTitle":"Merge remote-tracking branch \u0027upstream/master\u0027 into DG-update-command","messageBody":"# Conflicts:\n#\tdocs/uml-diagrams/NewCommandClass.png\n#\tdocs/uml-diagrams/NewCommandSequence.png\n","fileTypesAndContributionMap":{}}]},{"date":"2024-03-29","commitResults":[{"hash":"403e8ba62b27caf64964c2d8c8f00f6cd74fe99b","isMergeCommit":true,"messageTitle":"Merge pull request #85 from awesomesjh/modify-dg","messageBody":"Add list command to developer guide","fileTypesAndContributionMap":{}},{"hash":"b46d83a590bed1ca8d08e368e8f09d046f38fa53","isMergeCommit":false,"messageTitle":"Update Report Command to include expiry type report","messageBody":"","fileTypesAndContributionMap":{"functional-code":{"insertions":62,"deletions":23}}},{"hash":"cff18c9d7d5840e6c4ed5ee66378618490865f57","isMergeCommit":false,"messageTitle":"Update to follow checkstylemain guidelines","messageBody":"","fileTypesAndContributionMap":{"functional-code":{"insertions":2,"deletions":4}}},{"hash":"bfbc797b130bbc15c6084adde9d6220e68f80d5c","isMergeCommit":false,"messageTitle":"Add J unit test for Report Command","messageBody":"","fileTypesAndContributionMap":{"test-code":{"insertions":100,"deletions":0}}},{"hash":"766aa2e3c3555b45d7bec1bfe08d5c87a5fd433f","isMergeCommit":false,"messageTitle":"Refactored code to follow comments from code review","messageBody":"","fileTypesAndContributionMap":{"functional-code":{"insertions":39,"deletions":24}}}]},{"date":"2024-04-02","commitResults":[{"hash":"b95a2e6d16166e727c52eef6726d6d0eb620c37c","isMergeCommit":false,"messageTitle":"update user guide to include report command and reformatted the summary table","messageBody":"","fileTypesAndContributionMap":{"docs":{"insertions":42,"deletions":9}}}]},{"date":"2024-04-03","commitResults":[{"hash":"0b5da2236ca92bc3d94860a2510455e61f330478","isMergeCommit":false,"messageTitle":"update user guide","messageBody":"","fileTypesAndContributionMap":{"docs":{"insertions":1,"deletions":0}}},{"hash":"739f3ca57da1cbae128a94c7306f5b3a48ba5250","isMergeCommit":true,"messageTitle":"Merge pull request #113 from rismm/bug-fix","messageBody":"Bug fix in add/remove/update commands","fileTypesAndContributionMap":{}}]},{"date":"2024-04-07","commitResults":[{"hash":"42426f9810a66422a59ab51a6dee353531e2f5a2","isMergeCommit":false,"messageTitle":"Updated report command to differentitate between items close to expiry and items that are expired","messageBody":"","fileTypesAndContributionMap":{"functional-code":{"insertions":72,"deletions":25}}},{"hash":"a6916a801ea38e6d1650b0e6535dd713a70ee457","isMergeCommit":false,"messageTitle":"Updated report command","messageBody":"It outputs different messages if the inventory is empty and User guide for report command has also been updated\n","fileTypesAndContributionMap":{"functional-code":{"insertions":14,"deletions":0},"docs":{"insertions":11,"deletions":9}}},{"hash":"e7d9080870a15f639fc35641e2681484fc198e1a","isMergeCommit":false,"messageTitle":"Updated checkstyle and junit tests for report command","messageBody":"","fileTypesAndContributionMap":{"functional-code":{"insertions":3,"deletions":0},"test-code":{"insertions":5,"deletions":4}}},{"hash":"914746607d1d6d325021368647449fb6724d0222","isMergeCommit":false,"messageTitle":"fixed typo in report command ui","messageBody":"","fileTypesAndContributionMap":{"functional-code":{"insertions":1,"deletions":1}}},{"hash":"1c15d7ed4e81f26e86ff78c04d5fdd2b5c0c1be3","isMergeCommit":false,"messageTitle":"fix typo in ui","messageBody":"","fileTypesAndContributionMap":{"functional-code":{"insertions":2,"deletions":2}}},{"hash":"14ee6cd1b5bc78db5b6a9ee744f58e3c8c57ef58","isMergeCommit":true,"messageTitle":"Merge pull request #187 from awesomesjh/modify-ug","messageBody":"Update user guide","fileTypesAndContributionMap":{}},{"hash":"31795702973ea8a0b35b59185452e165356ac37d","isMergeCommit":false,"messageTitle":"update transaction","messageBody":"","fileTypesAndContributionMap":{"functional-code":{"insertions":26,"deletions":6}}},{"hash":"47a6a7bf158a6f18ff68e9404d6ef4e0ecec9fb9","isMergeCommit":false,"messageTitle":"bug fix","messageBody":"","fileTypesAndContributionMap":{"functional-code":{"insertions":7,"deletions":9}}},{"hash":"b0132fde4242f93fe9d8208cae3fb8bd7bce6ca7","isMergeCommit":false,"messageTitle":"formatting","messageBody":"","fileTypesAndContributionMap":{"other":{"insertions":1,"deletions":1}}},{"hash":"baf940a9b0408e0f6fd5663329f59ef6c69cd3ee","isMergeCommit":false,"messageTitle":"expenditure command parser and command","messageBody":"","fileTypesAndContributionMap":{"functional-code":{"insertions":127,"deletions":2}}},{"hash":"d775d85f9548a7ce3d067fa17dce1cdc72e7c9e2","isMergeCommit":true,"messageTitle":"Merge pull request #199 from vimalapugazhan/Vimal-RevenueCommand","messageBody":"Vimal revenue command","fileTypesAndContributionMap":{}},{"hash":"27d8b4b649778b564e1375c9a66c47fa612944dd","isMergeCommit":true,"messageTitle":"Merge remote-tracking branch \u0027upstream/master\u0027 into Expenditure-command","messageBody":"# Conflicts:\n#\tsrc/main/java/supertracker/parser/Parser.java\n","fileTypesAndContributionMap":{}},{"hash":"d0ee75c98967532e4c88d64ee7284274eab8bb0c","isMergeCommit":true,"messageTitle":"Merge remote-tracking branch \u0027upstream/master\u0027 into Expenditure-command","messageBody":"# Conflicts:\n#\tsrc/main/java/supertracker/item/TransactionList.java\n#\tsrc/main/java/supertracker/parser/Parser.java\n","fileTypesAndContributionMap":{}},{"hash":"3dec0f894daa5ebf90656dcd203b6fc34e924855","isMergeCommit":false,"messageTitle":"Expenditure command unified with revenue command","messageBody":"","fileTypesAndContributionMap":{"functional-code":{"insertions":31,"deletions":34}}},{"hash":"f91fca4f6ef3d7930b6af722a4492addc14f6195","isMergeCommit":false,"messageTitle":"Cleaned up code for expenditure and revenue.","messageBody":"Updated user guide, aligned date format with the other functions, unified functions between expenditure and revenue, updated ui output as well to more closely align with other functions\n","fileTypesAndContributionMap":{"functional-code":{"insertions":100,"deletions":13},"docs":{"insertions":34,"deletions":0}}},{"hash":"0e9721ee330ab8189541f8768e5a32dfa4c6efdb","isMergeCommit":true,"messageTitle":"Merge remote-tracking branch \u0027upstream/master\u0027 into Expenditure-command","messageBody":"","fileTypesAndContributionMap":{}},{"hash":"12366c93d5ce10bf094dce85f9488dd414e1a912","isMergeCommit":false,"messageTitle":"edited userguide","messageBody":"","fileTypesAndContributionMap":{"functional-code":{"insertions":7,"deletions":1},"docs":{"insertions":2,"deletions":1}}}]},{"date":"2024-04-08","commitResults":[{"hash":"aeddd787ff78aab26d2e7a9d4e741b5245c7fffa","isMergeCommit":true,"messageTitle":"Merge pull request #206 from awesomesjh/modify-ug","messageBody":"Update user guide for buy and sell commands","fileTypesAndContributionMap":{}},{"hash":"2894008f6b5ed4ae65c9e0d46a314cd18935e715","isMergeCommit":false,"messageTitle":"update user guide","messageBody":"","fileTypesAndContributionMap":{"docs":{"insertions":15,"deletions":13}}},{"hash":"8c35dd39d7b2edc6460c4dd58de1b8137200d4b2","isMergeCommit":false,"messageTitle":"add handling for negative revenue and expenditure","messageBody":"","fileTypesAndContributionMap":{"functional-code":{"insertions":37,"deletions":3}}},{"hash":"1309f040b953f77a0fbd615d6540f2e904e748b0","isMergeCommit":false,"messageTitle":"change error message","messageBody":"","fileTypesAndContributionMap":{"functional-code":{"insertions":3,"deletions":2}}},{"hash":"467a3979c60bc4dad54e399dd6c483d99e3bc366","isMergeCommit":false,"messageTitle":"addhere to checkstyle","messageBody":"","fileTypesAndContributionMap":{"functional-code":{"insertions":2,"deletions":2}}},{"hash":"4fc411b12a26b8a7f3b8f3936dd1cebe9ab9e4a2","isMergeCommit":false,"messageTitle":"change error message","messageBody":"","fileTypesAndContributionMap":{"functional-code":{"insertions":14,"deletions":11}}},{"hash":"02642f171e4f4ef03a8a3818b2c8b60f27317cd2","isMergeCommit":true,"messageTitle":"Merge pull request #209 from awesomesjh/modify-ug","messageBody":"Update exp and rev commands","fileTypesAndContributionMap":{}},{"hash":"fdd0ce465d80828cf120030fe049a39ec6af865c","isMergeCommit":true,"messageTitle":"Merge remote-tracking branch \u0027upstream/master\u0027 into expenditure-command-bug-fix2","messageBody":"# Conflicts:\n#\tsrc/main/java/supertracker/command/ExpenditureCommand.java\n#\tsrc/main/java/supertracker/command/RevenueCommand.java\n#\tsrc/main/java/supertracker/ui/ErrorMessage.java\n","fileTypesAndContributionMap":{}},{"hash":"bfc3db0a39533c219c746daac415f056be8e8cd8","isMergeCommit":false,"messageTitle":"author tag","messageBody":"","fileTypesAndContributionMap":{"functional-code":{"insertions":1,"deletions":0}}},{"hash":"beb459e176ea94d0854ee33571ad48b32a3fd9f8","isMergeCommit":false,"messageTitle":"solve merge conflict","messageBody":"","fileTypesAndContributionMap":{"functional-code":{"insertions":0,"deletions":7}}},{"hash":"c0c3719d3ca1d00f2b8f1bc3adcbb57129aaceda","isMergeCommit":false,"messageTitle":"edit blank line","messageBody":"","fileTypesAndContributionMap":{"functional-code":{"insertions":0,"deletions":1}}}]},{"date":"2024-04-09","commitResults":[{"hash":"75fbb3467345b7ec14448ba52331046b83805c36","isMergeCommit":false,"messageTitle":"handle new error","messageBody":"created ways of handling empty date param and empty task type and created new error messages for expenditure and revenue\n","fileTypesAndContributionMap":{"functional-code":{"insertions":83,"deletions":21}}},{"hash":"9387a912e4a201c04f3206a73d1c286e220fc614","isMergeCommit":false,"messageTitle":"corrected incorrect handling of expenditure and revenue command","messageBody":"","fileTypesAndContributionMap":{"functional-code":{"insertions":29,"deletions":36}}},{"hash":"7f293857d72d0ea31a2ea7aa7dd5ad355a6c793a","isMergeCommit":true,"messageTitle":"Merge remote-tracking branch \u0027upstream/master\u0027 into expenditure-command-incorrect-error-handling","messageBody":"","fileTypesAndContributionMap":{}}]}],"TimothyLKM":[{"date":"2024-03-07","commitResults":[{"hash":"bac30d2330f135a958179b5f6f28367aa5388000","isMergeCommit":false,"messageTitle":"Change john doe to timothy lau","messageBody":"","fileTypesAndContributionMap":{"docs":{"insertions":7,"deletions":7}}}]},{"date":"2024-03-12","commitResults":[{"hash":"92a9025910481d2db98ec7f4eb40239f6ee7eff3","isMergeCommit":false,"messageTitle":"Edit UI Clean up UI class","messageBody":"","fileTypesAndContributionMap":{"functional-code":{"insertions":33,"deletions":11}}},{"hash":"e57cc6da804053edec3b843a1db7defa6e6c1e49","isMergeCommit":false,"messageTitle":"Remove some static variables","messageBody":"","fileTypesAndContributionMap":{"functional-code":{"insertions":4,"deletions":6}}},{"hash":"a81b95ed6823a5348a4cd1d1ca666b024c5d3d26","isMergeCommit":false,"messageTitle":"Change farewell message","messageBody":"","fileTypesAndContributionMap":{"functional-code":{"insertions":1,"deletions":1}}}]},{"date":"2024-03-15","commitResults":[{"hash":"0d3025c1e0c980fabbb05cd8cec39901fc1859e3","isMergeCommit":true,"messageTitle":"Merge pull request #31 from rismm/parser-improvement","messageBody":"Parser improvement","fileTypesAndContributionMap":{}}]},{"date":"2024-03-17","commitResults":[{"hash":"7b982ce5b51e5153a314d08782ae572dfaf970a0","isMergeCommit":false,"messageTitle":"Add JUint to Ui","messageBody":"","fileTypesAndContributionMap":{"test-code":{"insertions":23,"deletions":0}}}]},{"date":"2024-03-19","commitResults":[{"hash":"d205153799d4bbb8b8ceedec1212b9b6b8395294","isMergeCommit":true,"messageTitle":"Merge branch \u0027master\u0027 into Branch-Junits","messageBody":"","fileTypesAndContributionMap":{}},{"hash":"e455e0b5d235a1e5106240287bb1ded8779be96f","isMergeCommit":false,"messageTitle":"no message","messageBody":"","fileTypesAndContributionMap":{"functional-code":{"insertions":2,"deletions":0},"test-code":{"insertions":0,"deletions":23}}},{"hash":"d47a590c9311619c5333f51c61de4b21469c7b12","isMergeCommit":true,"messageTitle":"Merge pull request #46 from vimalapugazhan/Vimal-Assert","messageBody":"Vimal assert","fileTypesAndContributionMap":{}},{"hash":"19ededd88915cdb10c427b1d7878ecfadc5c9e9e","isMergeCommit":false,"messageTitle":"add JUnit to ParserTest","messageBody":"","fileTypesAndContributionMap":{"test-code":{"insertions":10,"deletions":5}}},{"hash":"0607d32dc94af7905784aa90c72b710215cc05f8","isMergeCommit":false,"messageTitle":"Remove .* import","messageBody":"","fileTypesAndContributionMap":{"test-code":{"insertions":5,"deletions":1}}}]},{"date":"2024-03-22","commitResults":[{"hash":"b1833e4cc6c9e057d2c35e980bcfd5665229c0de","isMergeCommit":false,"messageTitle":"Add Find command","messageBody":"","fileTypesAndContributionMap":{"functional-code":{"insertions":78,"deletions":9}}},{"hash":"689e61207a97477b0f5f3f1443208ada65e626b9","isMergeCommit":false,"messageTitle":"Remove \u0027.*\u0027 form of import","messageBody":"","fileTypesAndContributionMap":{"functional-code":{"insertions":10,"deletions":1}}}]},{"date":"2024-03-23","commitResults":[{"hash":"d0fbe586a0f8c6b6c126104980f470b8eac14228","isMergeCommit":false,"messageTitle":"Remove bugs in FindCommand","messageBody":"","fileTypesAndContributionMap":{"functional-code":{"insertions":12,"deletions":5}}}]},{"date":"2024-03-24","commitResults":[{"hash":"a87922cad3db026a87f482f0ba0ec1339644591e","isMergeCommit":true,"messageTitle":"Merge pull request #70 from awesomesjh/modify-dg","messageBody":"Documentation is well written. Thank you!","fileTypesAndContributionMap":{}}]},{"date":"2024-03-26","commitResults":[{"hash":"f4fd264730a214f0f59bd724c1b6124f65bfd01b","isMergeCommit":true,"messageTitle":"Merge pull request #77 from rismm/file-saving","messageBody":"File saving looks good, thank you!","fileTypesAndContributionMap":{}},{"hash":"5bd31251081d1fb4a40c94405f012fc94fb1a4c5","isMergeCommit":false,"messageTitle":"Create 2 UML diagrams FindCommandSequence and FindCommandClass","messageBody":"","fileTypesAndContributionMap":{"functional-code":{"insertions":2,"deletions":2},"docs":{"insertions":90,"deletions":0}}},{"hash":"400cb48fc7fc3c85f2b682e9d7bbb2128903b4b1","isMergeCommit":true,"messageTitle":"Merge branch \u0027master\u0027 into Branch-updateDGforFind","messageBody":"","fileTypesAndContributionMap":{}},{"hash":"be820071285adeea94de6e7375a0342a9b313773","isMergeCommit":false,"messageTitle":"Update DG with FindCommand","messageBody":"","fileTypesAndContributionMap":{"docs":{"insertions":27,"deletions":15}}}]},{"date":"2024-03-27","commitResults":[{"hash":"f6c3bc9aa713538457f6624809a699c6343601d2","isMergeCommit":true,"messageTitle":"Merge branch \u0027master\u0027 into Branch-updateDGforFind","messageBody":"","fileTypesAndContributionMap":{}},{"hash":"77925200085edf7010a6747f7fbeaa6cf3038b4d","isMergeCommit":false,"messageTitle":"Update docs/DeveloperGuide.md","messageBody":"Co-authored-by: rismm \u003c110659916+rismm@users.noreply.github.com\u003e","fileTypesAndContributionMap":{"docs":{"insertions":1,"deletions":1}}},{"hash":"e98a3c9532b293571e46dc3da0ad7a69a632cbdd","isMergeCommit":false,"messageTitle":"Update docs/uml-diagrams/FindCommand.puml","messageBody":"Co-authored-by: rismm \u003c110659916+rismm@users.noreply.github.com\u003e","fileTypesAndContributionMap":{"docs":{"insertions":1,"deletions":1}}},{"hash":"3ecaa56b73289e28cb3b6346038f5ec6b12af799","isMergeCommit":false,"messageTitle":"no message","messageBody":"","fileTypesAndContributionMap":{"docs":{"insertions":3,"deletions":7}}},{"hash":"c1fa7186b8d8de95a046bc5e984a31620a724890","isMergeCommit":true,"messageTitle":"Merge branch \u0027Branch-updateDGforFind\u0027 of https://github.com/TimothyLKM/tp into Branch-updateDGforFind","messageBody":"","fileTypesAndContributionMap":{}},{"hash":"f36444fd0c7e480ba0d0871306b7b379d38cb60d","isMergeCommit":false,"messageTitle":"Edit sequence diagram","messageBody":"","fileTypesAndContributionMap":{"docs":{"insertions":1,"deletions":2}}}]},{"date":"2024-04-01","commitResults":[{"hash":"852102f4e073a352d8c468d26436c462d612c8cc","isMergeCommit":false,"messageTitle":"Change method names Fix bug in findcommand","messageBody":"","fileTypesAndContributionMap":{"functional-code":{"insertions":17,"deletions":17}}}]},{"date":"2024-04-03","commitResults":[{"hash":"5e2cb37ede1aa4dcb77e000a25c6d1666979eea2","isMergeCommit":false,"messageTitle":"Add UG descriptions for findCommand","messageBody":"","fileTypesAndContributionMap":{"docs":{"insertions":23,"deletions":1}}}]},{"date":"2024-04-07","commitResults":[{"hash":"a4488fc835916419a57223309623b0341f7746e2","isMergeCommit":false,"messageTitle":"JUnit for FindCommand and some typo changes","messageBody":"","fileTypesAndContributionMap":{"test-code":{"insertions":89,"deletions":2}}},{"hash":"0e6c268c7d215f473d56ef50307ff66c271cf883","isMergeCommit":true,"messageTitle":"Merge pull request #203 from vimalapugazhan/Vimal-UG-RevenueCommand","messageBody":"Vimal UG RevenueCommand","fileTypesAndContributionMap":{}}]},{"date":"2024-04-08","commitResults":[{"hash":"9b2a2d5fd7c08ad66615008232656da717c073a9","isMergeCommit":false,"messageTitle":"Add rename command edit FindCommand sequence","messageBody":"","fileTypesAndContributionMap":{"functional-code":{"insertions":99,"deletions":6},"test-code":{"insertions":1,"deletions":2}}}]},{"date":"2024-04-09","commitResults":[{"hash":"1f449f3980b2f1b956dca696bffca4a082fd0e3f","isMergeCommit":true,"messageTitle":"Resolve conflicts","messageBody":"# Conflicts:\n#\tsrc/main/java/supertracker/parser/Parser.java\n#\tsrc/main/java/supertracker/ui/ErrorMessage.java\n","fileTypesAndContributionMap":{}},{"hash":"f6bc52a93e3b4503b5db4c7c1519970cfe5358c0","isMergeCommit":false,"messageTitle":"Update src/main/java/supertracker/ui/Ui.java","messageBody":"Co-authored-by: awesomesjh \u003c89649663+awesomesjh@users.noreply.github.com\u003e","fileTypesAndContributionMap":{"functional-code":{"insertions":1,"deletions":1}}},{"hash":"3f7d4393c82de5b6a43df4e410a1bd0be476eee3","isMergeCommit":false,"messageTitle":"Update src/main/java/supertracker/parser/Parser.java","messageBody":"Co-authored-by: awesomesjh \u003c89649663+awesomesjh@users.noreply.github.com\u003e","fileTypesAndContributionMap":{"functional-code":{"insertions":3,"deletions":3}}},{"hash":"46e13320fa848b17d1c5287e2919b2cc87faf06c","isMergeCommit":false,"messageTitle":"add basic help features","messageBody":"","fileTypesAndContributionMap":{"functional-code":{"insertions":25,"deletions":0}}},{"hash":"f9a04cebbd53e09a0c6cd68e32cc7cfd1558e601","isMergeCommit":true,"messageTitle":"Merge branch \u0027master\u0027 into Help-Command","messageBody":"","fileTypesAndContributionMap":{}},{"hash":"3aa4a6046bdb79a8f17b42577647c8115a6cad27","isMergeCommit":false,"messageTitle":"Add help command","messageBody":"","fileTypesAndContributionMap":{"functional-code":{"insertions":184,"deletions":3}}},{"hash":"ba959cef012aa77f2dedf4e027ad7839fced6ffa","isMergeCommit":true,"messageTitle":"Merge pull request #220 from awesomesjh/update-help","messageBody":"Refactor help command","fileTypesAndContributionMap":{}}]},{"date":"2024-04-10","commitResults":[{"hash":"b04d4c793f1dcf9b9759acbe39b49b593b17f99d","isMergeCommit":false,"messageTitle":"Authortags","messageBody":"","fileTypesAndContributionMap":{"functional-code":{"insertions":5,"deletions":0}}}]}],"rismm":[{"date":"2024-03-07","commitResults":[{"hash":"b0315a5c77ce743b6e28fdf6b1ddfdb56d2bfc4b","isMergeCommit":false,"messageTitle":"Update AboutUs.md","messageBody":"","fileTypesAndContributionMap":{"docs":{"insertions":7,"deletions":7}}},{"hash":"6ebbe0b19ef2d4e885655ddeecccc84cb552cd1d","isMergeCommit":true,"messageTitle":"Merge pull request #1 from rismm/branch-aboutus","messageBody":"Update AboutUs.md","fileTypesAndContributionMap":{}},{"hash":"2064ba3ac96510d1eea98a16221a82aff0384ed8","isMergeCommit":true,"messageTitle":"Merge branch \u0027master\u0027 into change-about-us","messageBody":"","fileTypesAndContributionMap":{}},{"hash":"e0bb8ca37ab8e1583406a3e2a87ed4b3677ccf4a","isMergeCommit":true,"messageTitle":"Merge pull request #2 from dtaywd/change-about-us","messageBody":"edit about us","fileTypesAndContributionMap":{}},{"hash":"abbde352bf4cc576b2d188a8883bf62799f396b0","isMergeCommit":true,"messageTitle":"Merge branch \u0027master\u0027 into week7tutorial","messageBody":"","fileTypesAndContributionMap":{}},{"hash":"2c9b5a3f4306a8af1b371382d02a5a2bcd60e873","isMergeCommit":true,"messageTitle":"Merge pull request #3 from TimothyLKM/week7tutorial","messageBody":"Change john doe to timothy lau","fileTypesAndContributionMap":{}},{"hash":"fa923a26f257489a06ffc221aadd4274e6c5714f","isMergeCommit":true,"messageTitle":"Merge branch \u0027master\u0027 into simJunHong-AboutUs","messageBody":"","fileTypesAndContributionMap":{}},{"hash":"771b9d2370a0ed00d9fcad679e7391f72cd5efd5","isMergeCommit":true,"messageTitle":"Merge pull request #4 from awesomesjh/simJunHong-AboutUs","messageBody":"Update AboutUs.md","fileTypesAndContributionMap":{}}]},{"date":"2024-03-09","commitResults":[{"hash":"37788e10f223c996bc1469f9d17cc0f29b11702d","isMergeCommit":false,"messageTitle":"Add command classes","messageBody":"All command classes will implement the Command interface\n","fileTypesAndContributionMap":{"functional-code":{"insertions":32,"deletions":0}}},{"hash":"dd550f4ff467400d12c9050f676bb8b6c87d85b1","isMergeCommit":false,"messageTitle":"Add basic io handling","messageBody":"","fileTypesAndContributionMap":{"functional-code":{"insertions":76,"deletions":21},"other":{"insertions":2,"deletions":2}}},{"hash":"0afebbbcb6b2238bd36d584839129a6cce1a03e6","isMergeCommit":false,"messageTitle":"Update commands","messageBody":"","fileTypesAndContributionMap":{"functional-code":{"insertions":3,"deletions":5}}},{"hash":"a569fd97cf17be56290fafea84b175229b812a50","isMergeCommit":false,"messageTitle":"Update gradle build settings","messageBody":"Change main class to supertracker.SuperTracker\n","fileTypesAndContributionMap":{"other":{"insertions":3,"deletions":3}}},{"hash":"4ca7c6983b61027225b010857ab6c5baff14b99f","isMergeCommit":true,"messageTitle":"Merge pull request #21 from rismm/add-base","messageBody":"Add base code","fileTypesAndContributionMap":{}}]},{"date":"2024-03-10","commitResults":[{"hash":"05acf68480470928e7eb17c4a0e06499f0dc574c","isMergeCommit":false,"messageTitle":"Add item class","messageBody":"","fileTypesAndContributionMap":{"functional-code":{"insertions":37,"deletions":1}}}]},{"date":"2024-03-12","commitResults":[{"hash":"d767f8ec0c1e89b583a951b4163b76572e2e7fa3","isMergeCommit":true,"messageTitle":"Merge pull request #28 from dtaywd/update-item","messageBody":"Update item","fileTypesAndContributionMap":{}}]},{"date":"2024-03-15","commitResults":[{"hash":"63a99238db7b0603a98002634bcaf0255fbad700","isMergeCommit":false,"messageTitle":"Update parser","messageBody":"Add pattern matching for inputs using regex\n","fileTypesAndContributionMap":{"functional-code":{"insertions":58,"deletions":26},"other":{"insertions":1,"deletions":1}}},{"hash":"04fe15c468c3ec03a0c4af4b4650f1584a265b48","isMergeCommit":false,"messageTitle":"Update Parser","messageBody":"","fileTypesAndContributionMap":{"functional-code":{"insertions":3,"deletions":11}}},{"hash":"f488b5da73e978c3eaf9cce3c6f37dcddbea39df","isMergeCommit":true,"messageTitle":"Merge branch \u0027master\u0027 into parser-improvement","messageBody":"","fileTypesAndContributionMap":{}},{"hash":"cb9ae28fe482c703e83c11be7ecb52b105222026","isMergeCommit":false,"messageTitle":"Add JUnit test for Parser","messageBody":"","fileTypesAndContributionMap":{"functional-code":{"insertions":1,"deletions":1},"test-code":{"insertions":30,"deletions":0}}}]},{"date":"2024-03-16","commitResults":[{"hash":"935b4f82bcceb39ae2ef3286c64dca848ad0411e","isMergeCommit":false,"messageTitle":"Update Parser class","messageBody":"Add regex pattern matching support for list and update commands\n","fileTypesAndContributionMap":{"functional-code":{"insertions":86,"deletions":103},"test-code":{"insertions":27,"deletions":0}}}]},{"date":"2024-03-17","commitResults":[{"hash":"03eaa69e76df87b686989e7dfa787b2aa36af6ff","isMergeCommit":false,"messageTitle":"Fix checkstyle","messageBody":"","fileTypesAndContributionMap":{"functional-code":{"insertions":3,"deletions":3}}},{"hash":"66ba3d7f51930a537d5960536835a006b0d87b98","isMergeCommit":true,"messageTitle":"Merge pull request #34 from vimalapugazhan/Vimal-Delete-feature","messageBody":"Vimal delete feature","fileTypesAndContributionMap":{}},{"hash":"a68c716335a59916af0a2c79cfcc874f5350521f","isMergeCommit":false,"messageTitle":"Add basic exception","messageBody":"","fileTypesAndContributionMap":{"functional-code":{"insertions":8,"deletions":0}}},{"hash":"95e130c90202710e318c6052665fbbb26e029822","isMergeCommit":false,"messageTitle":"Add exception handling","messageBody":"Add exception handling for new, update and list commands\n","fileTypesAndContributionMap":{"functional-code":{"insertions":31,"deletions":17},"test-code":{"insertions":4,"deletions":3}}},{"hash":"55282be1dd468624c031c76d17d73e992c0ac779","isMergeCommit":false,"messageTitle":"Add assertions","messageBody":"","fileTypesAndContributionMap":{"functional-code":{"insertions":4,"deletions":0},"other":{"insertions":1,"deletions":0}}},{"hash":"6f7a1babb07960f19733fc69e3053dfbb39b5fd8","isMergeCommit":true,"messageTitle":"Merge pull request #35 from vimalapugazhan/delete-by-name","messageBody":"Change delete function to use n/ regex","fileTypesAndContributionMap":{}},{"hash":"4353dbb84a47858a94435fc827e5bb352a1afa3a","isMergeCommit":true,"messageTitle":"Merge branch \u0027master\u0027 into add-exceptions","messageBody":"","fileTypesAndContributionMap":{}},{"hash":"c80a652c6a18ac01e1424c999e31288191927a77","isMergeCommit":false,"messageTitle":"Add basic error handling","messageBody":"Add class for string constants with error messages\n\nUpdate text-ui-test\n","fileTypesAndContributionMap":{"functional-code":{"insertions":34,"deletions":21}}},{"hash":"868d16b8f58ae9cfe3e3d8ba21145526b3189b7f","isMergeCommit":true,"messageTitle":"Merge pull request #37 from vimalapugazhan/Vimal-JUnit","messageBody":"Vimal j unit","fileTypesAndContributionMap":{}}]},{"date":"2024-03-20","commitResults":[{"hash":"d8948c8df3a6b5c66b66430e2bb6ce1286781017","isMergeCommit":false,"messageTitle":"Refactor code","messageBody":"Remove unused code and unneccessary operations\n\nAdd logging support for thrown exceptions and successful commands\n","fileTypesAndContributionMap":{"functional-code":{"insertions":8,"deletions":4},"test-code":{"insertions":1,"deletions":0}}},{"hash":"b1cc8b97ddbec64e5b03c00bd9201a2169608003","isMergeCommit":false,"messageTitle":"Fix checkstyle","messageBody":"","fileTypesAndContributionMap":{"functional-code":{"insertions":4,"deletions":5}}},{"hash":"53b22608fe4e75f242ce0a0be8b228f1a723e823","isMergeCommit":true,"messageTitle":"Merge pull request #48 from rismm/minor-refactoring","messageBody":"Refactor code","tags":["v1.0"],"fileTypesAndContributionMap":{}}]},{"date":"2024-03-22","commitResults":[{"hash":"4f549180f07c6faf96802cfee6f9c892e91d3ba6","isMergeCommit":true,"messageTitle":"Merge pull request #49 from TimothyLKM/Branch-FindCommand","messageBody":"Add Find command","fileTypesAndContributionMap":{}}]},{"date":"2024-03-23","commitResults":[{"hash":"a42f43bf7678b581e6cfa3204b039578e852e2b9","isMergeCommit":false,"messageTitle":"Add DG for parser","messageBody":"","fileTypesAndContributionMap":{"docs":{"insertions":56,"deletions":1}}},{"hash":"1370bc4ad337974c67953dc3e6a6111869bb258b","isMergeCommit":true,"messageTitle":"Merge pull request #54 from TimothyLKM/Branch-FixFind","messageBody":"Remove bugs in FindCommand","fileTypesAndContributionMap":{}}]},{"date":"2024-03-24","commitResults":[{"hash":"79bd0e49b10f22ebb35ca1e86e03cd5fe16d47c9","isMergeCommit":true,"messageTitle":"Merge pull request #56 from awesomesjh/add-sort-feature","messageBody":"Add sort feature","fileTypesAndContributionMap":{}},{"hash":"7316de645fcdf3e11e253f8d95d63d0242922826","isMergeCommit":false,"messageTitle":"Update DG","messageBody":"DG details implementation of the Parser class\nAdd UML diagrams using the PlantUML pluggin\n","fileTypesAndContributionMap":{"docs":{"insertions":85,"deletions":28}}},{"hash":"c4aa03ce0f9d0fb8ab3d4ec9107dc39094196791","isMergeCommit":true,"messageTitle":"Merge branch \u0027master\u0027 into documentation","messageBody":"","fileTypesAndContributionMap":{}},{"hash":"724d1670f0e1a5ad9c635ca49793602f33c3ada5","isMergeCommit":false,"messageTitle":"Update Parser","messageBody":"Add input parser support for multiple character parameter flags\n","fileTypesAndContributionMap":{"functional-code":{"insertions":6,"deletions":4}}},{"hash":"3a4a13f78b63b054814e8d0e9aac30bbeddacb3a","isMergeCommit":false,"messageTitle":"Add saving","messageBody":"Add saving of item data to the hard disk\n","fileTypesAndContributionMap":{"functional-code":{"insertions":69,"deletions":0}}}]},{"date":"2024-03-25","commitResults":[{"hash":"75fbf2060eb469e25520727ccd6306675991088e","isMergeCommit":true,"messageTitle":"Merge pull request #73 from vimalapugazhan/Vimal-ExpiryDate","messageBody":"Vimal expiry date","fileTypesAndContributionMap":{}}]},{"date":"2024-03-26","commitResults":[{"hash":"5db64db7785c009fcc89766d99e6dae3cb24d5d7","isMergeCommit":true,"messageTitle":"Merge branch \u0027master\u0027 into file-saving","messageBody":"","fileTypesAndContributionMap":{}},{"hash":"191c008786bff538adcf52c724540c52dd6fa6ce","isMergeCommit":false,"messageTitle":"Add data loading","messageBody":"","fileTypesAndContributionMap":{"functional-code":{"insertions":105,"deletions":8}}},{"hash":"21cb93f7caa573a058a427121d06d19a6112d0b3","isMergeCommit":false,"messageTitle":"Update file saving","messageBody":"Add automatic saving whenever there is a change to the list\n","fileTypesAndContributionMap":{"functional-code":{"insertions":49,"deletions":6}}},{"hash":"73a4667dc26c9cf5d82c0b54a7e40a6cd03620b3","isMergeCommit":false,"messageTitle":"Fix command input bugs","messageBody":"Input command: new n/new apple works as intended now\n","fileTypesAndContributionMap":{"functional-code":{"insertions":8,"deletions":1}}},{"hash":"9d3dd855d8f1a149d2b371e95b0e928281febcc5","isMergeCommit":false,"messageTitle":"Update DG","messageBody":"Update DG to show dependencies on new FileManager class for file saving in the NewCommand implementation.\nChange Inventory.items() method to Inventory.getItem() to better reflect what the method does\n","fileTypesAndContributionMap":{"functional-code":{"insertions":5,"deletions":5},"docs":{"insertions":22,"deletions":8}}},{"hash":"9df280c0f5baa9ba70a4f7b5e5e44fe1ab225d24","isMergeCommit":true,"messageTitle":"Merge pull request #75 from dtaywd/DG-update-command","messageBody":"Dg update command","fileTypesAndContributionMap":{}}]},{"date":"2024-03-27","commitResults":[{"hash":"b9a06d86557f41c0af640b1bdabc6333619580ab","isMergeCommit":true,"messageTitle":"Merge pull request #78 from TimothyLKM/Branch-updateDGforFind","messageBody":"Update DG with findCommand","fileTypesAndContributionMap":{}},{"hash":"39ae2a611d85f50405b0d07cfbd8190b84a0b783","isMergeCommit":false,"messageTitle":"Update DG","messageBody":"","fileTypesAndContributionMap":{"docs":{"insertions":23,"deletions":2}}},{"hash":"3b990e02d4a70f1b2c5e9f3b661f1a440418de40","isMergeCommit":true,"messageTitle":"Merge branch \u0027master\u0027 into documentation","messageBody":"","fileTypesAndContributionMap":{}},{"hash":"48407672f6a343413e2f67a60ff23457692d17a2","isMergeCommit":false,"messageTitle":"Update DG for saving","messageBody":"","fileTypesAndContributionMap":{"docs":{"insertions":68,"deletions":5}}},{"hash":"ef4988893dea2296ce2a53fc3d23463c30c79b86","isMergeCommit":true,"messageTitle":"Merge pull request #79 from TimothyLKM/Branch-updateSeqDiagram","messageBody":"Edit sequence diagram","fileTypesAndContributionMap":{}}]},{"date":"2024-03-30","commitResults":[{"hash":"abc3cbd336fa468ed02b3974a507669b5fada139","isMergeCommit":false,"messageTitle":"Refactor FileManager","messageBody":"","fileTypesAndContributionMap":{"functional-code":{"insertions":7,"deletions":7}}},{"hash":"8e4677f02c5583f2b5ad074ab3ca8eaaa6e2e866","isMergeCommit":false,"messageTitle":"Add comments","messageBody":"Add comments for regex related methods\n","fileTypesAndContributionMap":{"functional-code":{"insertions":20,"deletions":1}}},{"hash":"dffcb15e2e1ff7907f77354e6284c767711f0aa0","isMergeCommit":false,"messageTitle":"Update JUnit tests","messageBody":"Change string date output formats in UI for consistency\n","fileTypesAndContributionMap":{"functional-code":{"insertions":5,"deletions":5},"test-code":{"insertions":7,"deletions":2}}}]},{"date":"2024-04-01","commitResults":[{"hash":"18fd7361e9655325a242b68ba6e1d1e89f9004b2","isMergeCommit":true,"messageTitle":"Merge pull request #99 from awesomesjh/sort-alphabet-bugfix","messageBody":"Modify the comparator such that sorting by alphabet is case-insensitive","fileTypesAndContributionMap":{}},{"hash":"3e98f2f5f2d5dff95a38eb886a13c77c08cad109","isMergeCommit":true,"messageTitle":"Merge pull request #98 from awesomesjh/modify-ug","messageBody":"Setup user guide","fileTypesAndContributionMap":{}},{"hash":"cbeab44d9cd63c3c2f89712a07eadf3cf8c4973d","isMergeCommit":true,"messageTitle":"Merge pull request #101 from vimalapugazhan/Vimal-Expiry2","messageBody":"Add sorting and updating of expiry dates","fileTypesAndContributionMap":{}},{"hash":"d5c1d9fb289ca013d0decf2795bbcc4ceef0bf66","isMergeCommit":true,"messageTitle":"Merge branch \u0027master\u0027 into Branch-fix-bugs","messageBody":"","fileTypesAndContributionMap":{}},{"hash":"467601523af63b25591eb67014c461628a27e7df","isMergeCommit":true,"messageTitle":"Merge pull request #102 from TimothyLKM/Branch-fix-bugs","messageBody":"Fix bug in Findcommand","fileTypesAndContributionMap":{}}]},{"date":"2024-04-02","commitResults":[{"hash":"2f0fa5ab4c7d6a85e41092a8210fe89f35d71b20","isMergeCommit":false,"messageTitle":"Update user guide","messageBody":"","fileTypesAndContributionMap":{"docs":{"insertions":25,"deletions":1},"test-code":{"insertions":57,"deletions":0}}},{"hash":"f7c9e0c471a1a2bff2489b01a9955e53016327e2","isMergeCommit":false,"messageTitle":"Fix checkstyle","messageBody":"","fileTypesAndContributionMap":{"test-code":{"insertions":12,"deletions":14}}},{"hash":"4f80704c4fbb28b20155fa6586d61eabba224bb1","isMergeCommit":false,"messageTitle":"Update src/test/java/supertracker/storage/FileManagerTest.java","messageBody":"Co-authored-by: awesomesjh \u003c89649663+awesomesjh@users.noreply.github.com\u003e","fileTypesAndContributionMap":{"test-code":{"insertions":1,"deletions":0}}},{"hash":"cb137665173ddd2bd6f971dc4a0f62073e21b6a1","isMergeCommit":false,"messageTitle":"Update src/test/java/supertracker/storage/FileManagerTest.java","messageBody":"Co-authored-by: awesomesjh \u003c89649663+awesomesjh@users.noreply.github.com\u003e","fileTypesAndContributionMap":{"test-code":{"insertions":2,"deletions":1}}},{"hash":"4e568a6ad0670418ddf5986a12fbdb29a310b670","isMergeCommit":false,"messageTitle":"Update src/test/java/supertracker/storage/FileManagerTest.java","messageBody":"Co-authored-by: awesomesjh \u003c89649663+awesomesjh@users.noreply.github.com\u003e","fileTypesAndContributionMap":{"test-code":{"insertions":2,"deletions":1}}},{"hash":"672c813391f39ca92baa76b8dd5a997c17280ee8","isMergeCommit":true,"messageTitle":"Merge pull request #105 from dtaywd/user-guide-report-command","messageBody":"update user guide to include report command ","fileTypesAndContributionMap":{}},{"hash":"20bc7f32ef54cd089de62b0ceade07c74b35519e","isMergeCommit":true,"messageTitle":"Merge pull request #106 from vimalapugazhan/Vimal-DG\u0026UG","messageBody":"Add DG documentation for DeleteCommand and Expiry Dates into UG","fileTypesAndContributionMap":{}}]},{"date":"2024-04-03","commitResults":[{"hash":"05968e7f9c760f56832f663a78b1fbe2128e0044","isMergeCommit":true,"messageTitle":"Merge pull request #107 from vimalapugazhan/Vimal-SolveIssue","messageBody":"Edit UML for DeleteCommand Sequence and add comment for static command regex","fileTypesAndContributionMap":{}},{"hash":"635f8c073edb8e2f69c44fe74ffc8392e9272a65","isMergeCommit":false,"messageTitle":"Update README","messageBody":"","fileTypesAndContributionMap":{"docs":{"insertions":3,"deletions":2}}},{"hash":"cab491949d98bd73c61f88889817a0969c1628fb","isMergeCommit":true,"messageTitle":"Merge pull request #111 from vimalapugazhan/Vimal-RemoveExpiry","messageBody":"Vimal remove expiry","fileTypesAndContributionMap":{}},{"hash":"eb35942ae21f1fba86e07a7971fcad97fe4e3a97","isMergeCommit":false,"messageTitle":"Fix bug in add/remove/update","messageBody":"","fileTypesAndContributionMap":{"functional-code":{"insertions":3,"deletions":3}}},{"hash":"234d66dc3922dd34ba44b23285c9547445b072d7","isMergeCommit":false,"messageTitle":"Add expiry date output to find","messageBody":"Rename dummy date constant for when an item does not have an expiry date\n","fileTypesAndContributionMap":{"functional-code":{"insertions":13,"deletions":10}}},{"hash":"1feb4c5f520cdabf426b23453d286ac94f0efe47","isMergeCommit":false,"messageTitle":"Fix report output format","messageBody":"","fileTypesAndContributionMap":{"functional-code":{"insertions":1,"deletions":2}}},{"hash":"d031b04c39fd2bfd6f1ed39a905e97d54503d3b2","isMergeCommit":false,"messageTitle":"Fix JUnit","messageBody":"","fileTypesAndContributionMap":{"test-code":{"insertions":1,"deletions":1}}},{"hash":"6e4f644457f4cf7afd7de816b5db61d053889a14","isMergeCommit":true,"messageTitle":"Merge pull request #116 from awesomesjh/modify-ug","messageBody":"Modify ug","fileTypesAndContributionMap":{}},{"hash":"bf1c2fbfbf15d31c71f92762dd91c1a5c6ee1cbc","isMergeCommit":true,"messageTitle":"Merge pull request #120 from awesomesjh/modify-dg","messageBody":"Update developer guide for list command","fileTypesAndContributionMap":{}},{"hash":"22b09479816997ace14a179313812c83a6e76097","isMergeCommit":true,"messageTitle":"Merge pull request #121 from awesomesjh/modify-dg","messageBody":"Add missing quotation","fileTypesAndContributionMap":{}}]},{"date":"2024-04-06","commitResults":[{"hash":"420ca19f4989aafdffbdb99b6a242df3885d3806","isMergeCommit":true,"messageTitle":"Merge pull request #175 from awesomesjh/fix-integer-overflow","messageBody":"Fix integer overflow","fileTypesAndContributionMap":{}},{"hash":"997ddde6e190370d18ae92936fc968f70fc35e8a","isMergeCommit":false,"messageTitle":"Update separator characters in text file","messageBody":"","fileTypesAndContributionMap":{"functional-code":{"insertions":2,"deletions":2}}},{"hash":"e9c0c10e21358355f5c3b7bcdfb5782b1c0f424d","isMergeCommit":true,"messageTitle":"Merge branch \u0027master\u0027 into fix-file-save-bugs","messageBody":"","fileTypesAndContributionMap":{}},{"hash":"f0db1399893575085bf15409666c20ca05a6b5dd","isMergeCommit":true,"messageTitle":"Merge pull request #177 from awesomesjh/fix-features-link","messageBody":"Fix features link","fileTypesAndContributionMap":{}},{"hash":"27a8d2d4b483a048b96737835ff6d53c21e22f14","isMergeCommit":false,"messageTitle":"Update JUnit tests","messageBody":"","fileTypesAndContributionMap":{"test-code":{"insertions":8,"deletions":2}}},{"hash":"2f8aa7cd55a42f52e818960d75a1d40e5e62bd23","isMergeCommit":false,"messageTitle":"Fix incomplete description","messageBody":"","fileTypesAndContributionMap":{"docs":{"insertions":1,"deletions":1}}}]},{"date":"2024-04-07","commitResults":[{"hash":"e7110e5a64f8496a99e5baae67786b749ba881e9","isMergeCommit":false,"messageTitle":"Remove corrupted data on load","messageBody":"Loaded item data that is corrupted will be removed from the save file after loading completes\n","fileTypesAndContributionMap":{"functional-code":{"insertions":6,"deletions":3}}},{"hash":"7de0f61ceda94c0f2b61e27790dda138c7d7af29","isMergeCommit":false,"messageTitle":"Add new item name limitations","messageBody":"Item names cannot contain the program\u0027s file delimiter\n","fileTypesAndContributionMap":{"functional-code":{"insertions":36,"deletions":9}}},{"hash":"603e3371744f37f992877573d81a934958496651","isMergeCommit":false,"messageTitle":"Update docs","messageBody":"","fileTypesAndContributionMap":{"functional-code":{"insertions":2,"deletions":1},"docs":{"insertions":12,"deletions":6}}},{"hash":"d2a1eb0d86a6badf2c342d3c07c3fe159550c3ae","isMergeCommit":true,"messageTitle":"Merge pull request #200 from TimothyLKM/JUnit-FindCommand","messageBody":"JUnit for FindCommand and some typo changes","fileTypesAndContributionMap":{}}]},{"date":"2024-04-09","commitResults":[{"hash":"812c9c0490d476b6b12029abfe19e6fadd9dd31b","isMergeCommit":true,"messageTitle":"Merge pull request #213 from awesomesjh/modify-dg","messageBody":"Update developer guide and UML diagrams","fileTypesAndContributionMap":{}},{"hash":"00a760872bb066104ec6fc51b9e511843020a383","isMergeCommit":true,"messageTitle":"Merge pull request #212 from TimothyLKM/renameCommand","messageBody":"Rename command","fileTypesAndContributionMap":{}},{"hash":"090edba39369b28fe1c2c190f3bbbc5512b68ebc","isMergeCommit":false,"messageTitle":"Add transaction list saving","messageBody":"","fileTypesAndContributionMap":{"functional-code":{"insertions":104,"deletions":28},"test-code":{"insertions":1,"deletions":1}}},{"hash":"77c8f616995bbc928562a8502c5954bcfbf200c2","isMergeCommit":false,"messageTitle":"Refactor storage methods","messageBody":"Separate file saving into two different classes that inherit FileManager\n","fileTypesAndContributionMap":{"functional-code":{"insertions":220,"deletions":172},"other":{"insertions":4,"deletions":4}}},{"hash":"d52d5f9d72767a11dc180596a395abd29e30d384","isMergeCommit":false,"messageTitle":"Add transaction loading","messageBody":"","fileTypesAndContributionMap":{"functional-code":{"insertions":121,"deletions":31}}},{"hash":"d1949e08c93b21d375e9388f5d102de3e25b7834","isMergeCommit":true,"messageTitle":"Merge branch \u0027master\u0027 into transaction-saving","messageBody":"","fileTypesAndContributionMap":{}},{"hash":"11908f3ab5bffb0bf4c78e33846eccb488b81ee3","isMergeCommit":false,"messageTitle":"Update file loading","messageBody":"","fileTypesAndContributionMap":{"functional-code":{"insertions":2,"deletions":2}}},{"hash":"924a88de05527086d921dfb333602fb4df6741a1","isMergeCommit":true,"messageTitle":"Merge pull request #222 from dtaywd/expenditure-command-incorrect-error-handling","messageBody":"Expenditure command incorrect error handling","fileTypesAndContributionMap":{}}]},{"date":"2024-04-10","commitResults":[{"hash":"f8fda858a2d21bb4b8d68b4a28eabf7b232f235c","isMergeCommit":true,"messageTitle":"Merge pull request #223 from TimothyLKM/master","messageBody":"Author tags","fileTypesAndContributionMap":{}},{"hash":"240ab63e0c74e8de7f525a03ddb91969c44ab3a0","isMergeCommit":false,"messageTitle":"Add PPP","messageBody":"Edit UG for file saving\n","fileTypesAndContributionMap":{"docs":{"insertions":54,"deletions":6}}},{"hash":"ebd09664058cff9483b9b201fd7ae76efa6d2d32","isMergeCommit":false,"messageTitle":"Update UG","messageBody":"","fileTypesAndContributionMap":{"docs":{"insertions":195,"deletions":28}}}]}],"vimalapugazhan":[{"date":"2024-03-08","commitResults":[{"hash":"63d5a1696c0f5b885d137141468f27fe08977607","isMergeCommit":false,"messageTitle":"Add info onto about us","messageBody":"","fileTypesAndContributionMap":{"docs":{"insertions":7,"deletions":7}}},{"hash":"c9e9fbd18c1217d83629e65aead0060d4bdfe38a","isMergeCommit":true,"messageTitle":"Merge branch \u0027master\u0027 into Vimal-AboutUs","messageBody":"","fileTypesAndContributionMap":{}},{"hash":"62f32c8fce1da9989fd7576753d5fd00db6ac16e","isMergeCommit":true,"messageTitle":"Merge pull request #5 from vimalapugazhan/Vimal-AboutUs","messageBody":"Add info onto about us","fileTypesAndContributionMap":{}}]},{"date":"2024-03-11","commitResults":[{"hash":"14dda0650fda5e6198b3d91bf14d1bce11e802e9","isMergeCommit":true,"messageTitle":"Merge pull request #22 from rismm/add-item-class","messageBody":"Add item class","fileTypesAndContributionMap":{}}]},{"date":"2024-03-17","commitResults":[{"hash":"5cfaae8a3d12c83798ec773b98d516c4c9197cb0","isMergeCommit":false,"messageTitle":"Add remove element to inventory hashmap and implement DeleteCommand class.","messageBody":"","fileTypesAndContributionMap":{"functional-code":{"insertions":26,"deletions":0}}},{"hash":"eeb442bb518cf3ea55a379a98e26fa52e345fa6e","isMergeCommit":false,"messageTitle":"Implement delete class","messageBody":"","fileTypesAndContributionMap":{"functional-code":{"insertions":10,"deletions":0}}},{"hash":"07713b0f58ee93462487c99e0db60c58e4ed2244","isMergeCommit":false,"messageTitle":"Add message for DeleteCommand","messageBody":"","fileTypesAndContributionMap":{"functional-code":{"insertions":18,"deletions":0}}},{"hash":"51432689f0e9d3889b4fe2706340ecb5cbbdd384","isMergeCommit":true,"messageTitle":"Merge pull request #32 from rismm/parser-improvement","messageBody":"Update Parser class","fileTypesAndContributionMap":{}},{"hash":"24c324ea50bffc59bb8ec16832e1763e29bf4619","isMergeCommit":true,"messageTitle":"Merge branch \u0027master\u0027 into Vimal-Delete-feature","messageBody":"# Conflicts:\n#\tsrc/main/java/supertracker/parser/Parser.java\n","fileTypesAndContributionMap":{}},{"hash":"71c845b2550f03ff3d14b9cb3d6f0142e0ec3ed7","isMergeCommit":false,"messageTitle":"Change delete function to use n/ regex","messageBody":"","fileTypesAndContributionMap":{"functional-code":{"insertions":21,"deletions":3}}},{"hash":"bb69f679f92988629bba64b1fd8aa6d1ab01d46f","isMergeCommit":false,"messageTitle":"remove unused import","messageBody":"","fileTypesAndContributionMap":{"functional-code":{"insertions":0,"deletions":2}}},{"hash":"8c1fac7f8af0fa1b4e99620e7fc81385cad1f7e1","isMergeCommit":true,"messageTitle":"Merge branch \u0027master\u0027 into Vimal-JUnit","messageBody":"","fileTypesAndContributionMap":{}},{"hash":"0d8267a2a822dd4840be42c61f984f876777c5cd","isMergeCommit":false,"messageTitle":"implement JUnit for parseDeleteCommand method","messageBody":"","fileTypesAndContributionMap":{"test-code":{"insertions":13,"deletions":2}}},{"hash":"22dc2dd1991ff07555d9e9e5e4790af1fe10519e","isMergeCommit":true,"messageTitle":"Merge pull request #36 from rismm/add-exceptions","messageBody":"Add exceptions","fileTypesAndContributionMap":{}},{"hash":"0023e2d747534a38f18c4559df5391c72b782560","isMergeCommit":true,"messageTitle":"Merge branch \u0027master\u0027 into Vimal-JUnit","messageBody":"# Conflicts:\n#\tsrc/test/java/supertracker/parser/ParserTest.java\n","fileTypesAndContributionMap":{}},{"hash":"c92739fd59bedb7b5f9f7bc58e7d0725f79d31d2","isMergeCommit":false,"messageTitle":"Edit imports for ParserTest","messageBody":"","fileTypesAndContributionMap":{"test-code":{"insertions":3,"deletions":1}}}]},{"date":"2024-03-19","commitResults":[{"hash":"8bc9f5b6825199643204e24906f13ac92f3af2fb","isMergeCommit":true,"messageTitle":"Merge pull request #44 from awesomesjh/add-remove-feature","messageBody":"Add remove feature","fileTypesAndContributionMap":{}},{"hash":"d999ac476fca127b5af9b13b9d55c5c5a2b07699","isMergeCommit":false,"messageTitle":"assert in UI and exception","messageBody":"","fileTypesAndContributionMap":{"functional-code":{"insertions":3,"deletions":0}}},{"hash":"327b4d50fd4fca9d147460b1512d4603328cd096","isMergeCommit":true,"messageTitle":"Merge pull request #45 from TimothyLKM/Branch-Assertions","messageBody":"Branch assertions","fileTypesAndContributionMap":{}},{"hash":"68dcaafe5f45ae832078858f643e23899b151d70","isMergeCommit":true,"messageTitle":"Merge branch \u0027master\u0027 into Vimal-Assert","messageBody":"","fileTypesAndContributionMap":{}},{"hash":"d42af6165878117ce4386fb3012bf0b998fd5c52","isMergeCommit":false,"messageTitle":"remove import","messageBody":"","fileTypesAndContributionMap":{"functional-code":{"insertions":0,"deletions":1}}},{"hash":"b377376cb054ee1d7633dfbf17c4afd576ae1e73","isMergeCommit":true,"messageTitle":"Merge pull request #47 from TimothyLKM/Branch-JUnit","messageBody":"Timothy JUnit","fileTypesAndContributionMap":{}}]},{"date":"2024-03-24","commitResults":[{"hash":"4cbaa6d39f08b3a17b3942f1b732f474845d979f","isMergeCommit":false,"messageTitle":"Add basic expiry date","messageBody":"","fileTypesAndContributionMap":{"functional-code":{"insertions":40,"deletions":10}}},{"hash":"7d8c1f886433d83f03f0461d3baa6f82a2dc584b","isMergeCommit":false,"messageTitle":"Made expiry date optional for items and done format for input and output to be follow \"dd/mm/yyyy\"","messageBody":"","fileTypesAndContributionMap":{"functional-code":{"insertions":12,"deletions":4}}},{"hash":"803f214e6b7cf73eda4eed00dd1be7c5014bb86f","isMergeCommit":false,"messageTitle":"exception handling for invalid date","messageBody":"","fileTypesAndContributionMap":{"functional-code":{"insertions":13,"deletions":4}}},{"hash":"c0bd51cafb2715fac6865f38acd9bad99efe1282","isMergeCommit":true,"messageTitle":"Merge branch \u0027master\u0027 into Vimal-ExpiryDate","messageBody":"# Conflicts:\n#\tsrc/main/java/supertracker/item/Item.java\n#\tsrc/main/java/supertracker/parser/Parser.java\n#\tsrc/main/java/supertracker/ui/ErrorMessage.java\n#\tsrc/main/java/supertracker/ui/Ui.java\n","fileTypesAndContributionMap":{}},{"hash":"c1191185de113b2c7a2c1ed77397a3fc977cfb38","isMergeCommit":false,"messageTitle":"Edit JUnits that threw error due to changes when implementing expiry date","messageBody":"","fileTypesAndContributionMap":{"test-code":{"insertions":76,"deletions":15}}}]},{"date":"2024-03-25","commitResults":[{"hash":"3f8a63739a927fe3e86ae955335429a8d24ef390","isMergeCommit":false,"messageTitle":"Fix checkstyle errors","messageBody":"","fileTypesAndContributionMap":{"functional-code":{"insertions":2,"deletions":2},"test-code":{"insertions":2,"deletions":2}}},{"hash":"2dbd8c68f69fadea2a62539fc438bcb2611ef989","isMergeCommit":false,"messageTitle":"Change input date format and add author tag","messageBody":"","fileTypesAndContributionMap":{"functional-code":{"insertions":4,"deletions":3}}},{"hash":"1ba2f9b3ebd0f2c7b879e6d9962ea962c7e8b8b1","isMergeCommit":false,"messageTitle":"Fix expiry date format in JUnit ParserTest","messageBody":"","fileTypesAndContributionMap":{"test-code":{"insertions":2,"deletions":2}}},{"hash":"ccdfe8515bcf7af11704c751bc26cd7b0e362ffb","isMergeCommit":false,"messageTitle":"Update src/main/java/supertracker/parser/Parser.java","messageBody":"Co-authored-by: rismm \u003c110659916+rismm@users.noreply.github.com\u003e","fileTypesAndContributionMap":{"functional-code":{"insertions":1,"deletions":1}}},{"hash":"cef50a944ccc07e76e29dd9c97f84a79e2540144","isMergeCommit":false,"messageTitle":"change invalid date to null","messageBody":"","fileTypesAndContributionMap":{"functional-code":{"insertions":9,"deletions":7},"test-code":{"insertions":1,"deletions":2}}}]},{"date":"2024-03-28","commitResults":[{"hash":"6e875ea8dbf503a75ff265f6095fb5f534dd3f98","isMergeCommit":false,"messageTitle":"Add deleteCommand preliminary documentation to DG","messageBody":"","fileTypesAndContributionMap":{"docs":{"insertions":10,"deletions":0}}},{"hash":"144d34afc5f31205f20162625f3b3ef4e1b5538d","isMergeCommit":true,"messageTitle":"Merge pull request #82 from rismm/documentation","messageBody":"Update DG for file saving","fileTypesAndContributionMap":{}},{"hash":"afda8d7b7e1aa6eac4985b5d118d2d83079802da","isMergeCommit":true,"messageTitle":"Merge branch \u0027master\u0027 into Vimal-DeveloperGuide","messageBody":"","fileTypesAndContributionMap":{}},{"hash":"eb4d8d218cae24fb6be9d7895a53c619f8ad36dd","isMergeCommit":false,"messageTitle":"Update docs/DeveloperGuide.md","messageBody":"Co-authored-by: awesomesjh \u003c89649663+awesomesjh@users.noreply.github.com\u003e","fileTypesAndContributionMap":{"docs":{"insertions":1,"deletions":1}}}]},{"date":"2024-03-29","commitResults":[{"hash":"a1ddfa8287ff791843003d26caed469003c92ebf","isMergeCommit":false,"messageTitle":"expiry","messageBody":"","fileTypesAndContributionMap":{"functional-code":{"insertions":4,"deletions":2}}},{"hash":"4e7d30f5e1b966768dedd79efd217dd6123a62c2","isMergeCommit":true,"messageTitle":"Merge branch \u0027master\u0027 into Vimal-Expiry2","messageBody":"","fileTypesAndContributionMap":{}},{"hash":"391acccec9932109ce1976eb8249f16e566fd6d6","isMergeCommit":false,"messageTitle":"Improve consistency in format and implement updating of expiry date","messageBody":"","fileTypesAndContributionMap":{"functional-code":{"insertions":35,"deletions":9},"docs":{"insertions":6,"deletions":0},"test-code":{"insertions":36,"deletions":13}}},{"hash":"fcb8b72ec8552475ac1275fbfc7d548af03caef5","isMergeCommit":true,"messageTitle":"Merge pull request #88 from dtaywd/Report-expiry-command","messageBody":"Report expiry command","fileTypesAndContributionMap":{}},{"hash":"703696665256b28cac57df4dfcfbb619d8eef474","isMergeCommit":false,"messageTitle":"Display expiry dates of items when list is called","messageBody":"","fileTypesAndContributionMap":{"functional-code":{"insertions":116,"deletions":18},"test-code":{"insertions":44,"deletions":15}}},{"hash":"514322648d5af41ed465427bbb10d26709df2e84","isMergeCommit":true,"messageTitle":"Merge pull request #92 from awesomesjh/refactor-code","messageBody":"Refactor code","fileTypesAndContributionMap":{}},{"hash":"b8f4ae03615f420e1d30e022456a93544155dc63","isMergeCommit":true,"messageTitle":"Merge pull request #94 from awesomesjh/modify-dg","messageBody":"Update developer guide for list command","fileTypesAndContributionMap":{}}]},{"date":"2024-04-01","commitResults":[{"hash":"6c4018314de6ba02b25873aa2fabe615c669ce57","isMergeCommit":false,"messageTitle":"Add sort by expiry","messageBody":"","fileTypesAndContributionMap":{"functional-code":{"insertions":67,"deletions":38},"test-code":{"insertions":43,"deletions":5}}},{"hash":"74f74254ec538a7aab0cc6850396a4df1ce868bc","isMergeCommit":true,"messageTitle":"Merge branch \u0027master\u0027 into Vimal-Expiry2","messageBody":"# Conflicts:\n#\tsrc/main/java/supertracker/command/ListCommand.java\n#\tsrc/main/java/supertracker/parser/Parser.java\n#\tsrc/main/java/supertracker/ui/Ui.java\n","fileTypesAndContributionMap":{}},{"hash":"844ba86f26ff0af8aa858943b428263b5820c084","isMergeCommit":true,"messageTitle":"Merge pull request #100 from awesomesjh/sort-alphabet-bugfix","messageBody":"Fix formatting issue","fileTypesAndContributionMap":{}},{"hash":"49f84d952998ee3f47dfa773a909b02f306fd611","isMergeCommit":false,"messageTitle":"Remove expiry print message for removing expiry date for item.","messageBody":"","fileTypesAndContributionMap":{"functional-code":{"insertions":4,"deletions":2}}},{"hash":"897d7d54f37588a6850f53aaa27055b953c9406e","isMergeCommit":false,"messageTitle":"Remove unwanted comments and fix line length","messageBody":"","fileTypesAndContributionMap":{"functional-code":{"insertions":2,"deletions":59}}},{"hash":"0e34f5f3f9f49de466508454986f2af1a323867b","isMergeCommit":false,"messageTitle":"Fix checkstyle","messageBody":"","fileTypesAndContributionMap":{"functional-code":{"insertions":5,"deletions":7},"test-code":{"insertions":1,"deletions":1}}}]},{"date":"2024-04-02","commitResults":[{"hash":"e3ced0633f358b83b9620088737493271ba63dce","isMergeCommit":false,"messageTitle":"update UpdateCommand UMLs","messageBody":"","fileTypesAndContributionMap":{"docs":{"insertions":9,"deletions":1}}},{"hash":"9151542f40adbde8ab07ffafee5db9056c711b24","isMergeCommit":false,"messageTitle":"Add DeleteCommand UML and edit ListCommand, NewCommand UML","messageBody":"","fileTypesAndContributionMap":{"docs":{"insertions":103,"deletions":5}}},{"hash":"6442eab38152e479562a4311c3fb12f02532ef8c","isMergeCommit":false,"messageTitle":"add UML form DeleteCommand in DG","messageBody":"","fileTypesAndContributionMap":{"docs":{"insertions":18,"deletions":11}}},{"hash":"56961630d1bc7012d3af875402fb65f879085175","isMergeCommit":false,"messageTitle":"Add expiry date information into UG","messageBody":"","fileTypesAndContributionMap":{"docs":{"insertions":41,"deletions":21}}},{"hash":"1253563257d3c8c2af93985dfd6813dd11b5ec43","isMergeCommit":false,"messageTitle":"Edit UML for DeleteCommand Sequence and add comment for static command regex","messageBody":"","fileTypesAndContributionMap":{"functional-code":{"insertions":2,"deletions":0},"docs":{"insertions":3,"deletions":3}}}]},{"date":"2024-04-03","commitResults":[{"hash":"5dad270bc47ce7f19d9610a72ddc5ecf7d0e7d8d","isMergeCommit":false,"messageTitle":"Fix my face","messageBody":"","fileTypesAndContributionMap":{"docs":{"insertions":1,"deletions":1}}},{"hash":"98807559c9167f37396a7acecd66837231e83bd4","isMergeCommit":true,"messageTitle":"Merge pull request #108 from rismm/documentation","messageBody":"Update README","fileTypesAndContributionMap":{}},{"hash":"c2f437a8bb38c9a615f05484ec988a5b11a426d5","isMergeCommit":true,"messageTitle":"Merge pull request #109 from vimalapugazhan/Vimal-FixFace","messageBody":"Fix my face","fileTypesAndContributionMap":{}},{"hash":"c78708b351fbcb3fbfd85a6eb8babd75e7a2d2a4","isMergeCommit":false,"messageTitle":"include instruction for removing expiry date in update command","messageBody":"","fileTypesAndContributionMap":{"docs":{"insertions":8,"deletions":4}}},{"hash":"dda89e90c8b40a6d5f31d5fcd6718e9c31ccfc62","isMergeCommit":false,"messageTitle":"Revert \"include instruction for removing expiry date in update command\"","messageBody":"This reverts commit c78708b351fbcb3fbfd85a6eb8babd75e7a2d2a4.\n","fileTypesAndContributionMap":{"docs":{"insertions":4,"deletions":8}}},{"hash":"c610776efc2be1cb8ebc33a5322fbf6b4ad1aec1","isMergeCommit":true,"messageTitle":"Merge pull request #110 from dtaywd/update-user-guide-report-command","messageBody":"update user guide","fileTypesAndContributionMap":{}},{"hash":"3bd694238e0b3ce027c59f8da3c669794f740f04","isMergeCommit":true,"messageTitle":"Merge branch \u0027master\u0027 of https://github.com/AY2324S2-CS2113-T13-4/tp","messageBody":"","fileTypesAndContributionMap":{}},{"hash":"921e0b64f671e9e78a9a1f55750347154d0e1b16","isMergeCommit":false,"messageTitle":"Include removal of expiry date in UG for","messageBody":"","fileTypesAndContributionMap":{"docs":{"insertions":7,"deletions":2}}},{"hash":"d2d9b9ea933c5aafc645a78734ce76dc70049414","isMergeCommit":true,"messageTitle":"Merge branch \u0027master\u0027 of https://github.com/AY2324S2-CS2113-T13-4/tp","messageBody":"","fileTypesAndContributionMap":{}},{"hash":"27ed87ac6ee168c9973a225f2d3483570bfdaee9","isMergeCommit":true,"messageTitle":"Merge pull request #115 from rismm/bug-fix","messageBody":"Fix issues in report output format","fileTypesAndContributionMap":{}},{"hash":"2a15b66e7ad39d5029d8dfed353e26a0cc803f5e","isMergeCommit":true,"messageTitle":"Merge branch \u0027master\u0027 of https://github.com/AY2324S2-CS2113-T13-4/tp","messageBody":"","fileTypesAndContributionMap":{}},{"hash":"4aa5afa3cc76fb67ed9f46a6d46d5f35106b8dfa","isMergeCommit":false,"messageTitle":"edit ListCommand to list items without expiry date alphabatically when sorted by expiry","messageBody":"","fileTypesAndContributionMap":{"functional-code":{"insertions":46,"deletions":20}}},{"hash":"9227c6d76caa1eaedd321a6f49d74ded8c69a926","isMergeCommit":true,"messageTitle":"Merge pull request #117 from awesomesjh/modify-dg","messageBody":"Update developer guide","fileTypesAndContributionMap":{}},{"hash":"67e36102e8d90f33b5cf30e8b8496b70a07b5882","isMergeCommit":false,"messageTitle":"remove global import and fix checkstyle","messageBody":"","fileTypesAndContributionMap":{"functional-code":{"insertions":9,"deletions":6}}},{"hash":"342aea09447962fee095cf0f55d9b76b3783585a","isMergeCommit":true,"messageTitle":"Merge pull request #119 from awesomesjh/update-list-command","messageBody":"Update list command","tags":["v2.0"],"fileTypesAndContributionMap":{}}]},{"date":"2024-04-06","commitResults":[{"hash":"05abb8e65344554f8a50ab320ecc619051cb4b70","isMergeCommit":false,"messageTitle":"Fix UG error as stated in issue #135","messageBody":"","fileTypesAndContributionMap":{"docs":{"insertions":1,"deletions":1}}},{"hash":"0ad8576098adc9befe62dfbda2b504a89196d9cb","isMergeCommit":false,"messageTitle":"ug low stock update","messageBody":"","fileTypesAndContributionMap":{"docs":{"insertions":6,"deletions":4}}},{"hash":"8dc0dfa931e59121677706103de233b0dcff6bb8","isMergeCommit":true,"messageTitle":"Merge branch \u0027master\u0027 into Vimal-FixBug1","messageBody":"# Conflicts:\n#\tdocs/UserGuide.md\n","fileTypesAndContributionMap":{}},{"hash":"4fd11d1641d902e3ff635a5d32554d2b1cf52ddb","isMergeCommit":true,"messageTitle":"Merge pull request #178 from awesomesjh/fix-issue-135","messageBody":"Fix issue #135","fileTypesAndContributionMap":{}},{"hash":"1dbff7deac60738884fd45751df860b168b7733b","isMergeCommit":true,"messageTitle":"Merge branch \u0027master\u0027 into Vimal-FixBug1","messageBody":"# Conflicts:\n#\tdocs/UserGuide.md\n","fileTypesAndContributionMap":{}},{"hash":"018e454ae4d0fc11a7acff672fc4b03ecf7252b1","isMergeCommit":false,"messageTitle":"Update docs/UserGuide.md","messageBody":"Co-authored-by: awesomesjh \u003c89649663+awesomesjh@users.noreply.github.com\u003e","fileTypesAndContributionMap":{"docs":{"insertions":1,"deletions":1}}},{"hash":"ac65f4e589ce1f618e58f84b709e149c2d1f915b","isMergeCommit":false,"messageTitle":"Update docs/UserGuide.md","messageBody":"Co-authored-by: awesomesjh \u003c89649663+awesomesjh@users.noreply.github.com\u003e","fileTypesAndContributionMap":{"docs":{"insertions":1,"deletions":1}}}]},{"date":"2024-04-07","commitResults":[{"hash":"b4cdad3d43d75744bc021acc15fce71b6ce20542","isMergeCommit":true,"messageTitle":"Merge pull request #183 from awesomesjh/add-stable-sorting","messageBody":"Add stable sorting","fileTypesAndContributionMap":{}},{"hash":"bb7c86bcffaf8d2e3694334680edcef7a5137ab0","isMergeCommit":false,"messageTitle":"Add author tags and addd validateexpiry method","messageBody":"","fileTypesAndContributionMap":{"functional-code":{"insertions":15,"deletions":0}}},{"hash":"743c0c21ef888c0515575c9090fffb169cb539e8","isMergeCommit":true,"messageTitle":"Merge pull request #188 from dtaywd/issue-148","messageBody":"Issue 148","fileTypesAndContributionMap":{}},{"hash":"158b201811a79d9ffc644b4a142664c95654ccb9","isMergeCommit":true,"messageTitle":"Merge pull request #193 from awesomesjh/add-transactions","messageBody":"Add buy and sell commands","fileTypesAndContributionMap":{}},{"hash":"57dbf6a5fd6bcaf9ec0a7cb4ac822616160b25c8","isMergeCommit":false,"messageTitle":"Start of RevenueCommand","messageBody":"","fileTypesAndContributionMap":{"functional-code":{"insertions":84,"deletions":3}}},{"hash":"ef32fce1cdb72f4452a92948d3e38b0f554b171f","isMergeCommit":true,"messageTitle":"Merge pull request #198 from rismm/fix-file-save-bugs","messageBody":"Fix file save bugs","fileTypesAndContributionMap":{}},{"hash":"e4e949cbe2e4e513b5821012e26c76205853c588","isMergeCommit":false,"messageTitle":"Declare ParserRevenueCommand","messageBody":"","fileTypesAndContributionMap":{"functional-code":{"insertions":34,"deletions":14}}},{"hash":"7c99f93b50d8aadf8e6668b92bdb16813e31500a","isMergeCommit":true,"messageTitle":"Merge branch \u0027master\u0027 into Vimal-RevenueCommand","messageBody":"# Conflicts:\n#\tsrc/main/java/supertracker/item/TransactionList.java\n","fileTypesAndContributionMap":{}},{"hash":"5342cb1551e30ebf65186899155a98d1c1fea9fd","isMergeCommit":false,"messageTitle":"Finish up Revenue Command. Add print for revenue command","messageBody":"","fileTypesAndContributionMap":{"functional-code":{"insertions":137,"deletions":42}}},{"hash":"20ccea3cddccb6e12f71b5763e4a47bb8e7a65eb","isMergeCommit":false,"messageTitle":"Fix checkstyle","messageBody":"","fileTypesAndContributionMap":{"functional-code":{"insertions":5,"deletions":5}}},{"hash":"3b66ed02eb9ccd02a4a0743a5b07813d5dc50ce0","isMergeCommit":true,"messageTitle":"Merge pull request #201 from dtaywd/Expenditure-command","messageBody":"Expenditure command","fileTypesAndContributionMap":{}},{"hash":"4480d004d89eaf47dda0a97dc0075a8097e3d9f3","isMergeCommit":false,"messageTitle":"Fix Author Tags","messageBody":"","fileTypesAndContributionMap":{"functional-code":{"insertions":13,"deletions":13}}},{"hash":"e86e5737d84461168aa0fbbe563ff2363502c014","isMergeCommit":false,"messageTitle":"Fix Tags 2","messageBody":"","fileTypesAndContributionMap":{"functional-code":{"insertions":11,"deletions":6}}},{"hash":"3f05a1d811fc9fc5f550b7e236181b8fa636609e","isMergeCommit":false,"messageTitle":"Fix Tags 3","messageBody":"","fileTypesAndContributionMap":{"functional-code":{"insertions":1,"deletions":0}}},{"hash":"7bb083e1a21f3f34432aff63d08af15628378679","isMergeCommit":false,"messageTitle":"Add revenue command entry to UG","messageBody":"","fileTypesAndContributionMap":{"docs":{"insertions":34,"deletions":0}}},{"hash":"2b505b5629329d5f75eb3d8883a5e728ed6efb0b","isMergeCommit":false,"messageTitle":"Add UG links to expeditureCommand and revenue report sections","messageBody":"","fileTypesAndContributionMap":{"docs":{"insertions":4,"deletions":2}}},{"hash":"6a3bcdf15a3a167b29575ad4c09d4a1710a28711","isMergeCommit":false,"messageTitle":"Edit printing for printRevenueExpenditure to print money to 2dp","messageBody":"","fileTypesAndContributionMap":{"functional-code":{"insertions":5,"deletions":6}}}]}],"awesomesjh":[{"date":"2024-03-07","commitResults":[{"hash":"71feab2f6df02c91e6d0353fc26a3950af50c392","isMergeCommit":false,"messageTitle":"Update AboutUs.md","messageBody":"","fileTypesAndContributionMap":{"docs":{"insertions":7,"deletions":7}}}]},{"date":"2024-03-12","commitResults":[{"hash":"c71cb91d6b589b47d21e7cfff5ac5a7746031a2b","isMergeCommit":false,"messageTitle":"Implement basic functionality of new command","messageBody":"","fileTypesAndContributionMap":{"functional-code":{"insertions":191,"deletions":39}}},{"hash":"2b7a702728e29656663f59af42e5a601e8510d78","isMergeCommit":false,"messageTitle":"Implement basic functionality of list command","messageBody":"","fileTypesAndContributionMap":{"functional-code":{"insertions":96,"deletions":6}}},{"hash":"2134f0529b677e8866241e45accf17ffeeac7f94","isMergeCommit":false,"messageTitle":"Add JUnit test case for NewCommand","messageBody":"","fileTypesAndContributionMap":{"functional-code":{"insertions":4,"deletions":0},"test-code":{"insertions":28,"deletions":0}}}]},{"date":"2024-03-15","commitResults":[{"hash":"ad7d61a8b49aa9677df90b24efaafd3854801c74","isMergeCommit":true,"messageTitle":"Merge pull request #30 from dtaywd/J-unit-test","messageBody":"J unit test","fileTypesAndContributionMap":{}}]},{"date":"2024-03-18","commitResults":[{"hash":"11abda0085f12aac0bd46e43f59195801cb7dd33","isMergeCommit":true,"messageTitle":"Merge pull request #38 from dtaywd/update-item-week9","messageBody":"Update item week9","fileTypesAndContributionMap":{}},{"hash":"b2703ae98f76dd8e697a7cb53d04e29c17265638","isMergeCommit":false,"messageTitle":"Add more error checking conditions","messageBody":"","fileTypesAndContributionMap":{"functional-code":{"insertions":69,"deletions":33}}},{"hash":"5db17e083628839d6ec443465c9502aa81add4f7","isMergeCommit":false,"messageTitle":"Move error message to new line","messageBody":"","fileTypesAndContributionMap":{"functional-code":{"insertions":4,"deletions":2}}},{"hash":"11d07c4026365eeac094263682aa267d65bbf13d","isMergeCommit":false,"messageTitle":"Remove unused import","messageBody":"","fileTypesAndContributionMap":{"functional-code":{"insertions":0,"deletions":7}}},{"hash":"efc14d3f108a8703d5d4e727d5ac2ac993fd4171","isMergeCommit":false,"messageTitle":"Fix assertion error","messageBody":"","fileTypesAndContributionMap":{"functional-code":{"insertions":7,"deletions":0}}},{"hash":"96ee341ddd97729be86fdff82327122e0dcec59a","isMergeCommit":false,"messageTitle":"Update regex","messageBody":"","fileTypesAndContributionMap":{"functional-code":{"insertions":4,"deletions":4}}}]},{"date":"2024-03-19","commitResults":[{"hash":"bf109d9cb0c9e265e6fe521506ec0ba81b71e716","isMergeCommit":false,"messageTitle":"Implement add and remove commands","messageBody":"","fileTypesAndContributionMap":{"functional-code":{"insertions":183,"deletions":20},"other":{"insertions":1,"deletions":1}}},{"hash":"b34a5cc003cdcde0564a754ad2560a063f050fcc","isMergeCommit":false,"messageTitle":"Add JUnit tests for commands","messageBody":"","fileTypesAndContributionMap":{"functional-code":{"insertions":4,"deletions":0},"test-code":{"insertions":267,"deletions":6}}},{"hash":"7055ee900a0d36fc2cc0c88f72ca311328aec761","isMergeCommit":false,"messageTitle":"Add assertions for commands","messageBody":"","fileTypesAndContributionMap":{"functional-code":{"insertions":16,"deletions":0}}},{"hash":"d5b14b5195f1e29efa261b3686c4fa01e90fcec0","isMergeCommit":false,"messageTitle":"Setup logger","messageBody":"","fileTypesAndContributionMap":{"functional-code":{"insertions":24,"deletions":0}}},{"hash":"540a933b23d197f82681c3a8091b5c96cd226924","isMergeCommit":false,"messageTitle":"Remove * imports","messageBody":"","fileTypesAndContributionMap":{"functional-code":{"insertions":4,"deletions":1},"test-code":{"insertions":8,"deletions":3}}},{"hash":"343fe420cc0230592a872c8893ad1900de41a051","isMergeCommit":false,"messageTitle":"Remove * import for NewCommandTest","messageBody":"","fileTypesAndContributionMap":{"test-code":{"insertions":3,"deletions":1}}}]},{"date":"2024-03-24","commitResults":[{"hash":"5477830d0d2e5ec2035c0fdea254fc4dd99b8d8f","isMergeCommit":false,"messageTitle":"Add sort functionality for list command","messageBody":"List command now has 6 sorting modes:\n- Alphabetical, A-Z\n- Alphabetical, Z-A\n- Quantity, Ascending\n- Quantity, Descending\n- Price, Ascending\n- Price, Descending\n","fileTypesAndContributionMap":{"functional-code":{"insertions":80,"deletions":12}}},{"hash":"d356f4c93560881bde66c2b5277f027a5b144fed","isMergeCommit":true,"messageTitle":"Merge branch \u0027master\u0027 of https://github.com/AY2324S2-CS2113-T13-4/tp into add-sort-feature","messageBody":"# Conflicts:\n#\tsrc/main/java/supertracker/command/FindCommand.java\n","fileTypesAndContributionMap":{}},{"hash":"6239efe5372a2c1f89c9e9e3b898df334f7b4ff1","isMergeCommit":true,"messageTitle":"Merge pull request #64 from rismm/documentation","messageBody":"Update DG","fileTypesAndContributionMap":{}},{"hash":"49e21ce16bee77f1cb9b3909c18ebaecac4550b0","isMergeCommit":true,"messageTitle":"Merge pull request #65 from rismm/better-parser-support","messageBody":"Add input parser support for multiple character parameter flags","fileTypesAndContributionMap":{}},{"hash":"436664c166f95126099de1212130850584c024c1","isMergeCommit":false,"messageTitle":"Add UML diagrams for new command","messageBody":"","fileTypesAndContributionMap":{"docs":{"insertions":77,"deletions":0}}},{"hash":"ab991b99751ec55ad90ac04c8c079a208ef4043f","isMergeCommit":true,"messageTitle":"Merge pull request #66 from dtaywd/report-command","messageBody":"Add Report Command","fileTypesAndContributionMap":{}},{"hash":"a84470c4e8cfad32c6e5f479b9670da87eadef90","isMergeCommit":true,"messageTitle":"Merge branch \u0027master\u0027 of https://github.com/AY2324S2-CS2113-T13-4/tp into modify-dg","messageBody":"","fileTypesAndContributionMap":{}},{"hash":"77d1fc042f536201d0b3577b044d89ea4a36d751","isMergeCommit":false,"messageTitle":"Add developer guide info for new command","messageBody":"","fileTypesAndContributionMap":{"docs":{"insertions":29,"deletions":9}}},{"hash":"6f2abb2343fb82c14dd978c0d553f73179dae908","isMergeCommit":false,"messageTitle":"Fix typo in DeveloperGuide.md","messageBody":"Co-authored-by: rismm \u003c110659916+rismm@users.noreply.github.com\u003e","fileTypesAndContributionMap":{"docs":{"insertions":1,"deletions":1}}},{"hash":"235b65d5edc9024cc75c5d4daaace35f08efe4b6","isMergeCommit":false,"messageTitle":"Add JUnit tests for list command","messageBody":"","fileTypesAndContributionMap":{"functional-code":{"insertions":14,"deletions":0},"test-code":{"insertions":161,"deletions":0}}},{"hash":"16c40b465aaa8161bb4c00600f41ee98a288ab7c","isMergeCommit":false,"messageTitle":"Change \\r\\n to System.lineSeparator()","messageBody":"","fileTypesAndContributionMap":{"test-code":{"insertions":1,"deletions":2}}},{"hash":"b3a9ac9bddcd27a49d2443232e3b32e80edb6620","isMergeCommit":false,"messageTitle":"Rename test cases","messageBody":"","fileTypesAndContributionMap":{"test-code":{"insertions":8,"deletions":8}}},{"hash":"80c26700c9809cabb736628050a40be3d068f126","isMergeCommit":false,"messageTitle":"Fix formatting issue","messageBody":"","fileTypesAndContributionMap":{"docs":{"insertions":2,"deletions":0}}}]},{"date":"2024-03-28","commitResults":[{"hash":"d40b8ee97d5c7be97b6d3f37fb964257627d7b0f","isMergeCommit":true,"messageTitle":"Merge pull request #84 from vimalapugazhan/Vimal-DeveloperGuide","messageBody":"Vimal developer guide 1","fileTypesAndContributionMap":{}},{"hash":"dc62378ca934e27ffee68ac94a71a083685bfa6c","isMergeCommit":false,"messageTitle":"Update developer guide","messageBody":"","fileTypesAndContributionMap":{"functional-code":{"insertions":1,"deletions":1},"docs":{"insertions":21,"deletions":6}}},{"hash":"fad11e31d0b7eca45fbadf8c93aa4223dc9746b1","isMergeCommit":true,"messageTitle":"Merge branch \u0027master\u0027 of https://github.com/AY2324S2-CS2113-T13-4/tp into modify-dg","messageBody":"","fileTypesAndContributionMap":{}}]},{"date":"2024-03-29","commitResults":[{"hash":"60017a183d6aa1ab6acdc77721a7c9d565fb5ab3","isMergeCommit":false,"messageTitle":"Add list command to developer guide","messageBody":"","fileTypesAndContributionMap":{"functional-code":{"insertions":8,"deletions":3},"docs":{"insertions":189,"deletions":6}}},{"hash":"a265317214a58a2541978f806d1a33c89ef9a443","isMergeCommit":false,"messageTitle":"Refactor code in Parser","messageBody":"","fileTypesAndContributionMap":{"functional-code":{"insertions":123,"deletions":137}}},{"hash":"6e72463a164a5ddf0bd771e8e01f731c09b790c8","isMergeCommit":false,"messageTitle":"Change variable name of boolean reverse to isReverse","messageBody":"","fileTypesAndContributionMap":{"functional-code":{"insertions":4,"deletions":4}}},{"hash":"f77a35676c9269a85aee13ef30a8ce3e5321f61e","isMergeCommit":true,"messageTitle":"Merge branch \u0027master\u0027 of https://github.com/AY2324S2-CS2113-T13-4/tp into refactor-code","messageBody":"# Conflicts:\n#\tsrc/main/java/supertracker/parser/Parser.java\n","fileTypesAndContributionMap":{}},{"hash":"9a468aad4265d18b41532918460371d6c6fa7858","isMergeCommit":false,"messageTitle":"Add line wrapping","messageBody":"","fileTypesAndContributionMap":{"functional-code":{"insertions":4,"deletions":2}}},{"hash":"a7c662a99716fac562880b17a2930afbe7703a00","isMergeCommit":false,"messageTitle":"Update developer guide for list command","messageBody":"","fileTypesAndContributionMap":{"docs":{"insertions":22,"deletions":19}}},{"hash":"d45fc47a2e086c3f033b296533b71f89f61952d5","isMergeCommit":false,"messageTitle":"Rename reverse to isReverse in parseListCommand","messageBody":"","fileTypesAndContributionMap":{"functional-code":{"insertions":2,"deletions":2}}},{"hash":"b6024303de51992151693c216ff6823100cce3ec","isMergeCommit":true,"messageTitle":"Merge pull request #96 from dtaywd/Refactor-code-review","messageBody":"Refactored code to follow comments from code review","fileTypesAndContributionMap":{}}]},{"date":"2024-03-31","commitResults":[{"hash":"837212a3e6ae458c47b148f8ca350c2992eb98b9","isMergeCommit":true,"messageTitle":"Merge pull request #97 from rismm/fix-issues","messageBody":"Fix issues","fileTypesAndContributionMap":{}},{"hash":"2b5e3d5fe0a289e491a404a4db474a987e855cc4","isMergeCommit":false,"messageTitle":"Setup user guide","messageBody":"","fileTypesAndContributionMap":{"docs":{"insertions":182,"deletions":24}}}]},{"date":"2024-04-01","commitResults":[{"hash":"0a7c0ee152f1b484f5d05642be2db90a8f08304d","isMergeCommit":false,"messageTitle":"Modify the comparator such that sorting by alphabet is case-insensitive","messageBody":"","fileTypesAndContributionMap":{"functional-code":{"insertions":1,"deletions":1}}},{"hash":"606a677f6d7351bd76ccfdd41e46a4ca4f13166e","isMergeCommit":false,"messageTitle":"Fix formatting issue","messageBody":"","fileTypesAndContributionMap":{"functional-code":{"insertions":1,"deletions":1}}}]},{"date":"2024-04-02","commitResults":[{"hash":"c9dcf63b041533794f4e4d2fa4c920d970dbd9eb","isMergeCommit":true,"messageTitle":"Merge pull request #104 from rismm/documentation","messageBody":"Update user guide","fileTypesAndContributionMap":{}}]},{"date":"2024-04-03","commitResults":[{"hash":"359d4ee1651c4a33f7d2b8ba582175f00dd1681c","isMergeCommit":true,"messageTitle":"Merge pull request #114 from TimothyLKM/Branch-UGfindCommand","messageBody":"Add UG descriptions for findCommand","fileTypesAndContributionMap":{}},{"hash":"2aeacd3dd513d63b4fe44492826840fd2bfd5c48","isMergeCommit":false,"messageTitle":"Update user guide","messageBody":"","fileTypesAndContributionMap":{"docs":{"insertions":46,"deletions":39}}},{"hash":"ed8c866050eafe747652db9603b867bdd8749359","isMergeCommit":false,"messageTitle":"Update report command","messageBody":"","fileTypesAndContributionMap":{"functional-code":{"insertions":3,"deletions":1}}},{"hash":"afc69d8146b6ac278fd4e9f2847d280c2c435895","isMergeCommit":false,"messageTitle":"Update JUnit tests for report command","messageBody":"","fileTypesAndContributionMap":{"docs":{"insertions":1,"deletions":1},"test-code":{"insertions":5,"deletions":5}}},{"hash":"199e0dc898387e312149c18ba11af4dc642e1655","isMergeCommit":false,"messageTitle":"Update developer guide","messageBody":"","fileTypesAndContributionMap":{"docs":{"insertions":27,"deletions":20}}},{"hash":"544c1a192ab678670cdf22744600f5cf4e27df09","isMergeCommit":false,"messageTitle":"Update user guide","messageBody":"","fileTypesAndContributionMap":{"docs":{"insertions":1,"deletions":1}}},{"hash":"d24e81800d99b50c7cc07358709aef4e447092bc","isMergeCommit":false,"messageTitle":"Update Javadoc for list command","messageBody":"","fileTypesAndContributionMap":{"functional-code":{"insertions":1,"deletions":1}}},{"hash":"7dc7b1e72e52643d6986b691e2d01bc54e2ce244","isMergeCommit":true,"messageTitle":"Merge pull request #118 from vimalapugazhan/Vimal-ListExpirySort","messageBody":"Vimal list expiry sort","fileTypesAndContributionMap":{}},{"hash":"eb65d3b8d2b73bf463d2733a0f4eea53486dc264","isMergeCommit":false,"messageTitle":"Update list command","messageBody":"","fileTypesAndContributionMap":{"functional-code":{"insertions":31,"deletions":36}}},{"hash":"5b83babad07b22753ccdf3e3c925aefb17d6c68a","isMergeCommit":false,"messageTitle":"Add method to reset items.txt after running FileManagerTest","messageBody":"","fileTypesAndContributionMap":{"test-code":{"insertions":18,"deletions":0}}},{"hash":"3ed87e0a18ac471bcc99baf80e5143a08feccb3a","isMergeCommit":false,"messageTitle":"Update UML diagrams for list command","messageBody":"","fileTypesAndContributionMap":{"docs":{"insertions":32,"deletions":4}}},{"hash":"b3d4d5d6eb95065afb4e54a1b5d3a667b75c3fab","isMergeCommit":false,"messageTitle":"Update developer guide for list command","messageBody":"","fileTypesAndContributionMap":{"docs":{"insertions":9,"deletions":5}}},{"hash":"ec3c9e3062db61195cd683a02531bdbb9e11b83e","isMergeCommit":false,"messageTitle":"Add missing quotation","messageBody":"","fileTypesAndContributionMap":{"docs":{"insertions":1,"deletions":1}}}]},{"date":"2024-04-06","commitResults":[{"hash":"aabffec009956096b78774e62754fbfa3569f347","isMergeCommit":false,"messageTitle":"Fix integer overflow","messageBody":"","fileTypesAndContributionMap":{"functional-code":{"insertions":14,"deletions":0},"test-code":{"insertions":27,"deletions":18}}},{"hash":"5ed5004f98ed2b5afed356ccb790ea31b7349880","isMergeCommit":false,"messageTitle":"Remove extra line","messageBody":"","fileTypesAndContributionMap":{"functional-code":{"insertions":0,"deletions":1}}},{"hash":"55d77e3e8f31cc503f736a47a1bde1e23662c7c4","isMergeCommit":false,"messageTitle":"Fix issue #173","messageBody":"","fileTypesAndContributionMap":{"docs":{"insertions":1,"deletions":1}}},{"hash":"ff7770adb97f84343a1a904e007536ac4d15b451","isMergeCommit":false,"messageTitle":"Update features link","messageBody":"","fileTypesAndContributionMap":{"docs":{"insertions":3,"deletions":3}}},{"hash":"e38bea55915d270752fd5a7052b55d5a94aa2549","isMergeCommit":false,"messageTitle":"Fix issue #135","messageBody":"","fileTypesAndContributionMap":{"docs":{"insertions":1,"deletions":1}}},{"hash":"88abdf7136447e09a31485c2e3f59a31b5bcfe85","isMergeCommit":true,"messageTitle":"Merge pull request #179 from vimalapugazhan/Vimal-FixBug1","messageBody":"Vimal fix bug1","fileTypesAndContributionMap":{}},{"hash":"793d00b47c62a4d19f1b9f7ce598a3dcad00165c","isMergeCommit":true,"messageTitle":"Merge pull request #180 from rismm/fix-file-save-bugs","messageBody":"Fix file save bugs involving file delimiters","fileTypesAndContributionMap":{}},{"hash":"c6b651d2ddf64e1fc16309ecc9d235320f50a75a","isMergeCommit":true,"messageTitle":"Merge pull request #181 from rismm/fix-file-save-bugs","messageBody":"Fix incomplete description","fileTypesAndContributionMap":{}},{"hash":"48cb940ef81c07fafa91826dddd217d28d29679f","isMergeCommit":false,"messageTitle":"Add stable sorting","messageBody":"e.g. list sp/ sq/ will first sort the least according to ascending quantity, followed by ascending price\n","fileTypesAndContributionMap":{"functional-code":{"insertions":50,"deletions":38}}},{"hash":"a03bfd60a98dab51584906ce7b512d268aa866eb","isMergeCommit":false,"messageTitle":"Refactor code for listing items","messageBody":"","fileTypesAndContributionMap":{"functional-code":{"insertions":63,"deletions":145}}},{"hash":"9f6cad434ddf3de0f1ee957c0f4aba04a18735db","isMergeCommit":false,"messageTitle":"Refactor Ui code","messageBody":"","fileTypesAndContributionMap":{"functional-code":{"insertions":9,"deletions":13}}},{"hash":"b97ec06874fb7646915b3933f6016a037eb0a8cf","isMergeCommit":false,"messageTitle":"Remove extra space from find command output","messageBody":"","fileTypesAndContributionMap":{"functional-code":{"insertions":3,"deletions":3},"docs":{"insertions":4,"deletions":4}}},{"hash":"d98662b92e5fa8088c38994925a269b5c10a6949","isMergeCommit":false,"messageTitle":"Fix checkstyle","messageBody":"","fileTypesAndContributionMap":{"functional-code":{"insertions":33,"deletions":8}}},{"hash":"723639e59d9ed386ef232af8ddf66bea3b92a3d5","isMergeCommit":false,"messageTitle":"Fix bug","messageBody":"","fileTypesAndContributionMap":{"functional-code":{"insertions":3,"deletions":0}}}]},{"date":"2024-04-07","commitResults":[{"hash":"4cfc510793bcb97c598a72519a108c4611b68587","isMergeCommit":true,"messageTitle":"Merge pull request #185 from vimalapugazhan/Vimal-ExpiryDateValidity","messageBody":"Add author tags and add validateexpiry method","fileTypesAndContributionMap":{}},{"hash":"3653d71ac3ad5ceba95fcebdeefeb14e00602943","isMergeCommit":false,"messageTitle":"Fix table formatting","messageBody":"","fileTypesAndContributionMap":{"docs":{"insertions":11,"deletions":11}}},{"hash":"011f8c1ff03aae24a5e68a4acb8985f007ede057","isMergeCommit":false,"messageTitle":"Add new question to FAQ","messageBody":"","fileTypesAndContributionMap":{"docs":{"insertions":6,"deletions":1}}},{"hash":"07417c24b0bebd471237cbe6de59229a9a5ccac9","isMergeCommit":false,"messageTitle":"Update user guide for list command","messageBody":"","fileTypesAndContributionMap":{"docs":{"insertions":4,"deletions":3}}},{"hash":"ea5392f6768aa4e9652fdf4070621e711b6abca2","isMergeCommit":false,"messageTitle":"Update user guide to include price and quantity limits","messageBody":"","fileTypesAndContributionMap":{"docs":{"insertions":8,"deletions":7}}},{"hash":"81e5a932497b2c5033a61343aecf0b8273bedea5","isMergeCommit":false,"messageTitle":"Add specific error checking for large values","messageBody":"","fileTypesAndContributionMap":{"functional-code":{"insertions":30,"deletions":4},"docs":{"insertions":6,"deletions":6}}},{"hash":"3982d33a64178f69974781ead0633d75e4c4487f","isMergeCommit":false,"messageTitle":"Update user guide to address issue #141","messageBody":"","fileTypesAndContributionMap":{"docs":{"insertions":2,"deletions":1}}},{"hash":"c025261a456f8077b6795066bec97b75726f5a03","isMergeCommit":false,"messageTitle":"Add buy and sell commands","messageBody":"","fileTypesAndContributionMap":{"functional-code":{"insertions":167,"deletions":13}}},{"hash":"75ad46fd3cf1ef35b3b12ae659db90a42bbe4ebc","isMergeCommit":true,"messageTitle":"Merge pull request #196 from dtaywd/transaction-bug-fix","messageBody":"Transaction bug fix","fileTypesAndContributionMap":{}}]},{"date":"2024-04-08","commitResults":[{"hash":"dff335a46744ee89e9c9f4740eafb9cebb015eae","isMergeCommit":false,"messageTitle":"Update user guide for buy and sell commands","messageBody":"","fileTypesAndContributionMap":{"docs":{"insertions":55,"deletions":2}}},{"hash":"b18682e2cf6e4ecb613f5661ca0df59eee57e691","isMergeCommit":false,"messageTitle":"Add proper output for buy and sell commands","messageBody":"","fileTypesAndContributionMap":{"functional-code":{"insertions":63,"deletions":18}}},{"hash":"f88a1b854851d0b16811c7e1910479db27ed79e5","isMergeCommit":false,"messageTitle":"Update feature list","messageBody":"","fileTypesAndContributionMap":{"docs":{"insertions":2,"deletions":0}}},{"hash":"a7df7c9cf664efdbe66ced1031e55e59a5957622","isMergeCommit":true,"messageTitle":"Merge pull request #207 from dtaywd/expenditure-command-bug-fix","messageBody":"Expenditure command bug fix","fileTypesAndContributionMap":{}},{"hash":"3734ea259484fd7fb0b687ccf9ea5dac640375d1","isMergeCommit":false,"messageTitle":"Change format of rev and exp to caps","messageBody":"","fileTypesAndContributionMap":{"functional-code":{"insertions":4,"deletions":1},"docs":{"insertions":2,"deletions":2}}},{"hash":"8f2f0b0c62f6e2a4a2964a2e60e747c7e3811933","isMergeCommit":true,"messageTitle":"Merge branch \u0027master\u0027 into modify-ug","messageBody":"","fileTypesAndContributionMap":{}},{"hash":"f607cf92df9b2e2fd68a502652177f7549780e49","isMergeCommit":false,"messageTitle":"Reformat table","messageBody":"","fileTypesAndContributionMap":{"docs":{"insertions":2,"deletions":2}}},{"hash":"23372642221e3caeabf7a64cb26eedafb1b8fc3f","isMergeCommit":false,"messageTitle":"Fix error messages","messageBody":"","fileTypesAndContributionMap":{"functional-code":{"insertions":37,"deletions":40}}},{"hash":"521263d63a8171f5142af2fb86e29e4e8305f7ee","isMergeCommit":false,"messageTitle":"Fix alignment for revenue command","messageBody":"","fileTypesAndContributionMap":{"docs":{"insertions":6,"deletions":6}}},{"hash":"e9ffe533260d158f10bfd025dd4b7a30ecd7ee9c","isMergeCommit":false,"messageTitle":"Fix overflow for total exp and rev","messageBody":"","fileTypesAndContributionMap":{"functional-code":{"insertions":28,"deletions":58}}},{"hash":"e93d6e55e802c344d7a0bfdcbd1d2aa411a5bcb7","isMergeCommit":false,"messageTitle":"Update exp and rev commands","messageBody":"","fileTypesAndContributionMap":{"functional-code":{"insertions":12,"deletions":11},"docs":{"insertions":32,"deletions":30}}},{"hash":"d6e8661ea7bf413c88f0600c4d17555c90e180df","isMergeCommit":true,"messageTitle":"Merge pull request #208 from dtaywd/expenditure-command-bug-fix2","messageBody":"change error message","fileTypesAndContributionMap":{}},{"hash":"9cdd6894a83c332ee5f04aa88bc339ceadb18492","isMergeCommit":false,"messageTitle":"Fix formatting in ErrorMessage","messageBody":"","fileTypesAndContributionMap":{"functional-code":{"insertions":1,"deletions":2}}},{"hash":"05a7b3056968a6039a17d077c593a9b5d98e0d28","isMergeCommit":false,"messageTitle":"Update about us","messageBody":"","fileTypesAndContributionMap":{"docs":{"insertions":7,"deletions":7}}},{"hash":"f3d12240cc2ba136898f2f4a27dc9657610c38e9","isMergeCommit":false,"messageTitle":"Update description for buy and sell commands","messageBody":"","fileTypesAndContributionMap":{"docs":{"insertions":4,"deletions":2}}},{"hash":"822d793491559774aeee1e0e0f1bb71cb61d13a5","isMergeCommit":true,"messageTitle":"Merge pull request #210 from awesomesjh/modify-dg","messageBody":"Small updates to documentation","fileTypesAndContributionMap":{}},{"hash":"ff3360336190544a5393dd36d42d4edbedb29181","isMergeCommit":false,"messageTitle":"Update user guide FAQ","messageBody":"","fileTypesAndContributionMap":{"docs":{"insertions":5,"deletions":0}}},{"hash":"32c18c2ebd7ac36471b87e31b4cc80458502d296","isMergeCommit":false,"messageTitle":"Update FAQ for expiry date","messageBody":"","fileTypesAndContributionMap":{"docs":{"insertions":6,"deletions":0}}},{"hash":"29090a5be85ba1c2311b4ce4f90f44e4532cb23e","isMergeCommit":true,"messageTitle":"Merge pull request #211 from awesomesjh/modify-ug","messageBody":"Update user guide FAQ","fileTypesAndContributionMap":{}}]},{"date":"2024-04-09","commitResults":[{"hash":"814f3352eeebf0e4aa839ed127f9520b5d54f263","isMergeCommit":false,"messageTitle":"Update UML diagrams","messageBody":"","fileTypesAndContributionMap":{"docs":{"insertions":38,"deletions":20}}},{"hash":"6713cd438ad5adf76a0f1416e3334b4f269b99bb","isMergeCommit":false,"messageTitle":"Update UML diagrams for list command","messageBody":"","fileTypesAndContributionMap":{"docs":{"insertions":29,"deletions":76}}},{"hash":"522ada4cfe227bae0de9bebb2316567e7ef6573e","isMergeCommit":false,"messageTitle":"Update class diagrams","messageBody":"","fileTypesAndContributionMap":{"docs":{"insertions":2,"deletions":2}}},{"hash":"191285f351488b69d196d098f89f55af03bcd697","isMergeCommit":false,"messageTitle":"Simplify description for list command","messageBody":"","fileTypesAndContributionMap":{"docs":{"insertions":31,"deletions":43}}},{"hash":"5e74b33c92f142d8346c43e0fff0332bfc0ab69b","isMergeCommit":false,"messageTitle":"Update src/main/java/supertracker/command/HelpCommand.java","messageBody":"","fileTypesAndContributionMap":{"functional-code":{"insertions":3,"deletions":1}}},{"hash":"60672d64bf0921c9d5247e5b487b88fb6ab1a2c0","isMergeCommit":false,"messageTitle":"Update src/main/java/supertracker/command/HelpCommand.java","messageBody":"","fileTypesAndContributionMap":{"functional-code":{"insertions":2,"deletions":1}}},{"hash":"760be88cba59a2b1797218056084e8ccba96efae","isMergeCommit":true,"messageTitle":"Merge pull request #218 from TimothyLKM/Help-Command","messageBody":"Help command","fileTypesAndContributionMap":{}},{"hash":"b61d7db516be8dcbe3867093c64a463659ecd767","isMergeCommit":false,"messageTitle":"Refactor help command","messageBody":"","fileTypesAndContributionMap":{"functional-code":{"insertions":76,"deletions":69}}},{"hash":"137a94564da5fb6f08cff087ea1f4642d478e869","isMergeCommit":false,"messageTitle":"Fix code indentation","messageBody":"","fileTypesAndContributionMap":{"functional-code":{"insertions":11,"deletions":11}}},{"hash":"07767ee6240148d5ebb7ef7ea699e7aac6c6a8b1","isMergeCommit":false,"messageTitle":"Refactor code","messageBody":"","fileTypesAndContributionMap":{"functional-code":{"insertions":13,"deletions":12}}},{"hash":"105fa9a9aa497ea483b8c31a9b15a3889811e598","isMergeCommit":false,"messageTitle":"Fix checkstyle","messageBody":"","fileTypesAndContributionMap":{"functional-code":{"insertions":11,"deletions":11}}},{"hash":"10ed14fe6e4839fb22352c17cd8b733c3bae69c2","isMergeCommit":true,"messageTitle":"Merge pull request #219 from dtaywd/expenditure-error-message","messageBody":"handle new error","fileTypesAndContributionMap":{}},{"hash":"db737182caeb5122859f65460e2f40ce195639d2","isMergeCommit":true,"messageTitle":"Merge pull request #221 from rismm/transaction-saving","messageBody":"Add transaction saving and loading","fileTypesAndContributionMap":{}}]},{"date":"2024-04-10","commitResults":[{"hash":"4092687fb6c195935d480d8558d78ee20cd5195d","isMergeCommit":true,"messageTitle":"Merge pull request #225 from rismm/documentation","messageBody":"Update docs","fileTypesAndContributionMap":{}}]}]},"authorFileTypeContributionMap":{"dtaywd":{"docs":150,"functional-code":498,"test-code":168},"TimothyLKM":{"docs":103,"functional-code":411,"test-code":34},"rismm":{"docs":459,"functional-code":701,"test-code":124,"other":3},"vimalapugazhan":{"docs":166,"functional-code":402,"test-code":176},"awesomesjh":{"docs":645,"functional-code":881,"test-code":477}},"authorContributionVariance":{"dtaywd":8470.368,"TimothyLKM":1839.4161,"rismm":13486.317,"vimalapugazhan":7864.1646,"awesomesjh":27974.93},"authorDisplayNameMap":{"dtaywd":"CS2113-T13-4 TAY ..AVID","TimothyLKM":"CS2113-T13-4 TIMO..MING","rismm":"CS2113-T13-4 SIM ..RYAN","vimalapugazhan":"CS2113-T13-4 VIMA..AMAN","awesomesjh":"CS2113-T13-4 SIM ..HONG"}}
