[{"path":"build.gradle","fileType":"other","lines":[{"lineNumber":1,"author":{"gitId":"-"},"content":"plugins {","lastModifiedDate":"2020-05-25"},{"lineNumber":2,"author":{"gitId":"-"},"content":"    id \u0027java\u0027","lastModifiedDate":"2020-05-25"},{"lineNumber":3,"author":{"gitId":"-"},"content":"    id \u0027application\u0027","lastModifiedDate":"2020-05-25"},{"lineNumber":4,"author":{"gitId":"-"},"content":"    id \u0027checkstyle\u0027","lastModifiedDate":"2020-05-25"},{"lineNumber":5,"author":{"gitId":"-"},"content":"    id \u0027com.github.johnrengelman.shadow\u0027 version \u00277.1.2\u0027","lastModifiedDate":"2022-06-17"},{"lineNumber":6,"author":{"gitId":"-"},"content":"}","lastModifiedDate":"2020-05-25"},{"lineNumber":7,"author":{"gitId":"-"},"content":"","lastModifiedDate":"2020-05-25"},{"lineNumber":8,"author":{"gitId":"-"},"content":"repositories {","lastModifiedDate":"2020-05-25"},{"lineNumber":9,"author":{"gitId":"-"},"content":"    mavenCentral()","lastModifiedDate":"2020-05-25"},{"lineNumber":10,"author":{"gitId":"-"},"content":"}","lastModifiedDate":"2020-05-25"},{"lineNumber":11,"author":{"gitId":"-"},"content":"","lastModifiedDate":"2020-05-25"},{"lineNumber":12,"author":{"gitId":"-"},"content":"dependencies {","lastModifiedDate":"2020-05-25"},{"lineNumber":13,"author":{"gitId":"-"},"content":"    testImplementation group: \u0027org.junit.jupiter\u0027, name: \u0027junit-jupiter-api\u0027, version: \u00275.10.0\u0027","lastModifiedDate":"2023-08-05"},{"lineNumber":14,"author":{"gitId":"-"},"content":"    testRuntimeOnly group: \u0027org.junit.jupiter\u0027, name: \u0027junit-jupiter-engine\u0027, version: \u00275.10.0\u0027","lastModifiedDate":"2023-08-05"},{"lineNumber":15,"author":{"gitId":"-"},"content":"}","lastModifiedDate":"2020-05-25"},{"lineNumber":16,"author":{"gitId":"-"},"content":"","lastModifiedDate":"2020-05-25"},{"lineNumber":17,"author":{"gitId":"-"},"content":"test {","lastModifiedDate":"2020-05-25"},{"lineNumber":18,"author":{"gitId":"-"},"content":"    useJUnitPlatform()","lastModifiedDate":"2020-05-25"},{"lineNumber":19,"author":{"gitId":"-"},"content":"","lastModifiedDate":"2020-05-25"},{"lineNumber":20,"author":{"gitId":"-"},"content":"    testLogging {","lastModifiedDate":"2020-05-25"},{"lineNumber":21,"author":{"gitId":"-"},"content":"        events \"passed\", \"skipped\", \"failed\"","lastModifiedDate":"2020-05-25"},{"lineNumber":22,"author":{"gitId":"-"},"content":"","lastModifiedDate":"2020-05-25"},{"lineNumber":23,"author":{"gitId":"-"},"content":"        showExceptions true","lastModifiedDate":"2020-05-25"},{"lineNumber":24,"author":{"gitId":"-"},"content":"        exceptionFormat \"full\"","lastModifiedDate":"2020-05-25"},{"lineNumber":25,"author":{"gitId":"-"},"content":"        showCauses true","lastModifiedDate":"2020-05-25"},{"lineNumber":26,"author":{"gitId":"-"},"content":"        showStackTraces true","lastModifiedDate":"2020-05-25"},{"lineNumber":27,"author":{"gitId":"-"},"content":"        showStandardStreams \u003d false","lastModifiedDate":"2020-05-25"},{"lineNumber":28,"author":{"gitId":"-"},"content":"    }","lastModifiedDate":"2020-05-25"},{"lineNumber":29,"author":{"gitId":"-"},"content":"}","lastModifiedDate":"2020-05-25"},{"lineNumber":30,"author":{"gitId":"-"},"content":"","lastModifiedDate":"2020-05-25"},{"lineNumber":31,"author":{"gitId":"-"},"content":"application {","lastModifiedDate":"2020-05-25"},{"lineNumber":32,"author":{"gitId":"Elyovs"},"content":"    mainClass.set(\"bookmarked.BookMarked\")","lastModifiedDate":"2024-03-19"},{"lineNumber":33,"author":{"gitId":"-"},"content":"}","lastModifiedDate":"2020-05-25"},{"lineNumber":34,"author":{"gitId":"-"},"content":"","lastModifiedDate":"2020-05-25"},{"lineNumber":35,"author":{"gitId":"-"},"content":"shadowJar {","lastModifiedDate":"2020-05-25"},{"lineNumber":36,"author":{"gitId":"Elyovs"},"content":"    archiveBaseName.set(\"BookMarked\")","lastModifiedDate":"2024-03-14"},{"lineNumber":37,"author":{"gitId":"-"},"content":"    archiveClassifier.set(\"\")","lastModifiedDate":"2023-09-24"},{"lineNumber":38,"author":{"gitId":"Elyovs"},"content":"    archiveFileName \u003d \u0027bookmarked.jar\u0027","lastModifiedDate":"2024-03-19"},{"lineNumber":39,"author":{"gitId":"-"},"content":"}","lastModifiedDate":"2020-05-25"},{"lineNumber":40,"author":{"gitId":"-"},"content":"","lastModifiedDate":"2020-05-25"},{"lineNumber":41,"author":{"gitId":"-"},"content":"checkstyle {","lastModifiedDate":"2020-05-25"},{"lineNumber":42,"author":{"gitId":"-"},"content":"    toolVersion \u003d \u002710.2\u0027","lastModifiedDate":"2022-04-29"},{"lineNumber":43,"author":{"gitId":"-"},"content":"}","lastModifiedDate":"2020-05-25"},{"lineNumber":44,"author":{"gitId":"-"},"content":"","lastModifiedDate":"2020-05-25"},{"lineNumber":45,"author":{"gitId":"-"},"content":"run{","lastModifiedDate":"2020-05-25"},{"lineNumber":46,"author":{"gitId":"-"},"content":"    standardInput \u003d System.in","lastModifiedDate":"2020-05-25"},{"lineNumber":47,"author":{"gitId":"-"},"content":"}","lastModifiedDate":"2020-05-25"}],"authorContributionMap":{"-":44,"Elyovs":3}},{"path":"docs/AboutUs.md","fileType":"docs","lines":[{"lineNumber":1,"author":{"gitId":"-"},"content":"# About us","lastModifiedDate":"2020-05-24"},{"lineNumber":2,"author":{"gitId":"-"},"content":"","lastModifiedDate":"2020-05-24"},{"lineNumber":3,"author":{"gitId":"-"},"content":"Display |     Name      |              Github Profile               | Portfolio ","lastModifiedDate":"2020-05-24"},{"lineNumber":4,"author":{"gitId":"kirangeofran"},"content":"--------|:-------------:|:-----------------------------------------:|:---------:","lastModifiedDate":"2024-03-06"},{"lineNumber":5,"author":{"gitId":"eliztan"},"content":"![](https://via.placeholder.com/100.png?text\u003dPhoto) | Elizabeth Tan |   [Github](https://github.com/eliztan)    | [Portfolio](docs/team/johndoe.md)","lastModifiedDate":"2024-03-06"},{"lineNumber":6,"author":{"gitId":"kirangeofran"},"content":"![](https://via.placeholder.com/100.png?text\u003dPhoto) | Kiran Geofran | [Github](https://github.com/kirangeofran) | [Portfolio](docs/team/johndoe.md)","lastModifiedDate":"2024-03-06"},{"lineNumber":7,"author":{"gitId":"cayennegoh"},"content":"![](https://via.placeholder.com/100.png?text\u003dPhoto) |   Cayenne Goh    |       [Github](https://github.com/cayennegoh)       | [Portfolio](docs/team/johndoe.md)","lastModifiedDate":"2024-03-06"},{"lineNumber":8,"author":{"gitId":"Elyovs"},"content":"![](https://via.placeholder.com/100.png?text\u003dPhoto) | Ella Yovita Suwibowo | [Github](https://github.com/Elyovs) | [Portfolio](docs/team/johndoe.md)","lastModifiedDate":"2024-03-06"},{"lineNumber":9,"author":{"gitId":"cayennegoh"},"content":"","lastModifiedDate":"2024-03-06"}],"authorContributionMap":{"kirangeofran":2,"eliztan":1,"-":3,"cayennegoh":2,"Elyovs":1}},{"path":"src/main/java/bookmarked/Book.java","fileType":"functional-code","lines":[{"lineNumber":1,"author":{"gitId":"Elyovs"},"content":"package bookmarked;","lastModifiedDate":"2024-03-18"},{"lineNumber":2,"author":{"gitId":"eliztan"},"content":"","lastModifiedDate":"2024-03-14"},{"lineNumber":3,"author":{"gitId":"eliztan"},"content":"public class Book {","lastModifiedDate":"2024-03-14"},{"lineNumber":4,"author":{"gitId":"eliztan"},"content":"    protected String description;","lastModifiedDate":"2024-03-14"},{"lineNumber":5,"author":{"gitId":"eliztan"},"content":"    protected boolean isBorrowed;","lastModifiedDate":"2024-03-14"},{"lineNumber":6,"author":{"gitId":"eliztan"},"content":"","lastModifiedDate":"2024-03-14"},{"lineNumber":7,"author":{"gitId":"eliztan"},"content":"    public Book(String description) {","lastModifiedDate":"2024-03-14"},{"lineNumber":8,"author":{"gitId":"eliztan"},"content":"        this.description \u003d description;","lastModifiedDate":"2024-03-14"},{"lineNumber":9,"author":{"gitId":"eliztan"},"content":"        this.isBorrowed \u003d false;","lastModifiedDate":"2024-03-14"},{"lineNumber":10,"author":{"gitId":"eliztan"},"content":"    }","lastModifiedDate":"2024-03-14"},{"lineNumber":11,"author":{"gitId":"eliztan"},"content":"","lastModifiedDate":"2024-03-14"},{"lineNumber":12,"author":{"gitId":"kirangeofran"},"content":"    public String getName() {","lastModifiedDate":"2024-03-19"},{"lineNumber":13,"author":{"gitId":"kirangeofran"},"content":"        return this.description;","lastModifiedDate":"2024-03-19"},{"lineNumber":14,"author":{"gitId":"kirangeofran"},"content":"    }","lastModifiedDate":"2024-03-19"},{"lineNumber":15,"author":{"gitId":"eliztan"},"content":"    public String getBorrowedStatus() {","lastModifiedDate":"2024-03-14"},{"lineNumber":16,"author":{"gitId":"eliztan"},"content":"        return (isBorrowed ? \", borrowed\" : \" \"); // mark done task with X","lastModifiedDate":"2024-03-14"},{"lineNumber":17,"author":{"gitId":"eliztan"},"content":"    }","lastModifiedDate":"2024-03-14"},{"lineNumber":18,"author":{"gitId":"eliztan"},"content":"","lastModifiedDate":"2024-03-14"},{"lineNumber":19,"author":{"gitId":"Elyovs"},"content":"    public void setBorrowed() {","lastModifiedDate":"2024-03-23"},{"lineNumber":20,"author":{"gitId":"Elyovs"},"content":"        this.isBorrowed \u003d true;","lastModifiedDate":"2024-03-18"},{"lineNumber":21,"author":{"gitId":"Elyovs"},"content":"    }","lastModifiedDate":"2024-03-18"},{"lineNumber":22,"author":{"gitId":"Elyovs"},"content":"","lastModifiedDate":"2024-03-18"},{"lineNumber":23,"author":{"gitId":"Elyovs"},"content":"    public void setReturned() {","lastModifiedDate":"2024-03-18"},{"lineNumber":24,"author":{"gitId":"Elyovs"},"content":"        this.isBorrowed \u003d false;","lastModifiedDate":"2024-03-18"},{"lineNumber":25,"author":{"gitId":"Elyovs"},"content":"    }","lastModifiedDate":"2024-03-18"},{"lineNumber":26,"author":{"gitId":"Elyovs"},"content":"","lastModifiedDate":"2024-03-18"},{"lineNumber":27,"author":{"gitId":"eliztan"},"content":"    @Override","lastModifiedDate":"2024-03-14"},{"lineNumber":28,"author":{"gitId":"eliztan"},"content":"    public String toString() {","lastModifiedDate":"2024-03-14"},{"lineNumber":29,"author":{"gitId":"eliztan"},"content":"        return (this.description + getBorrowedStatus());","lastModifiedDate":"2024-03-14"},{"lineNumber":30,"author":{"gitId":"eliztan"},"content":"    }","lastModifiedDate":"2024-03-14"},{"lineNumber":31,"author":{"gitId":"eliztan"},"content":"","lastModifiedDate":"2024-03-14"},{"lineNumber":32,"author":{"gitId":"eliztan"},"content":"}","lastModifiedDate":"2024-03-14"},{"lineNumber":33,"author":{"gitId":"eliztan"},"content":"","lastModifiedDate":"2024-03-14"},{"lineNumber":34,"author":{"gitId":"kirangeofran"},"content":"","lastModifiedDate":"2024-03-19"},{"lineNumber":35,"author":{"gitId":"kirangeofran"},"content":"","lastModifiedDate":"2024-03-19"},{"lineNumber":36,"author":{"gitId":"kirangeofran"},"content":"","lastModifiedDate":"2024-03-19"}],"authorContributionMap":{"kirangeofran":6,"eliztan":21,"Elyovs":9}},{"path":"src/main/java/bookmarked/BookMarked.java","fileType":"functional-code","lines":[{"lineNumber":1,"author":{"gitId":"Elyovs"},"content":"package bookmarked;","lastModifiedDate":"2024-03-18"},{"lineNumber":2,"author":{"gitId":"Elyovs"},"content":"","lastModifiedDate":"2024-03-18"},{"lineNumber":3,"author":{"gitId":"Elyovs"},"content":"import bookmarked.parser.Parser;","lastModifiedDate":"2024-03-18"},{"lineNumber":4,"author":{"gitId":"Elyovs"},"content":"import bookmarked.ui.Ui;","lastModifiedDate":"2024-03-18"},{"lineNumber":5,"author":{"gitId":"Elyovs"},"content":"import bookmarked.storage.BookStorage;","lastModifiedDate":"2024-03-24"},{"lineNumber":6,"author":{"gitId":"eliztan"},"content":"","lastModifiedDate":"2024-03-14"},{"lineNumber":7,"author":{"gitId":"Elyovs"},"content":"import java.io.File;","lastModifiedDate":"2024-03-24"},{"lineNumber":8,"author":{"gitId":"eliztan"},"content":"import java.util.Scanner;","lastModifiedDate":"2024-03-14"},{"lineNumber":9,"author":{"gitId":"eliztan"},"content":"import java.util.ArrayList;","lastModifiedDate":"2024-03-14"},{"lineNumber":10,"author":{"gitId":"eliztan"},"content":"","lastModifiedDate":"2024-03-14"},{"lineNumber":11,"author":{"gitId":"eliztan"},"content":"public class BookMarked {","lastModifiedDate":"2024-03-14"},{"lineNumber":12,"author":{"gitId":"eliztan"},"content":"    public static ArrayList\u003cBook\u003e listOfBooks \u003d new ArrayList\u003c\u003e();","lastModifiedDate":"2024-03-14"},{"lineNumber":13,"author":{"gitId":"eliztan"},"content":"    public static int numberOfBooks \u003d 0;","lastModifiedDate":"2024-03-14"},{"lineNumber":14,"author":{"gitId":"Elyovs"},"content":"    private static final String BOOK_FILE_PATH \u003d \"./book.txt\";","lastModifiedDate":"2024-03-24"},{"lineNumber":15,"author":{"gitId":"eliztan"},"content":"","lastModifiedDate":"2024-03-14"},{"lineNumber":16,"author":{"gitId":"eliztan"},"content":"    public static void main(String[] args) {","lastModifiedDate":"2024-03-14"},{"lineNumber":17,"author":{"gitId":"Elyovs"},"content":"        Ui.greetings();","lastModifiedDate":"2024-03-18"},{"lineNumber":18,"author":{"gitId":"eliztan"},"content":"","lastModifiedDate":"2024-03-14"},{"lineNumber":19,"author":{"gitId":"Elyovs"},"content":"        File bookDataFile \u003d BookStorage.createFile(BOOK_FILE_PATH);","lastModifiedDate":"2024-03-24"},{"lineNumber":20,"author":{"gitId":"Elyovs"},"content":"        listOfBooks \u003d BookStorage.readFileStorage(bookDataFile);","lastModifiedDate":"2024-03-24"},{"lineNumber":21,"author":{"gitId":"Elyovs"},"content":"","lastModifiedDate":"2024-03-24"},{"lineNumber":22,"author":{"gitId":"eliztan"},"content":"        Scanner in \u003d new Scanner(System.in);","lastModifiedDate":"2024-03-14"},{"lineNumber":23,"author":{"gitId":"eliztan"},"content":"        String newItem \u003d in.nextLine();","lastModifiedDate":"2024-03-14"},{"lineNumber":24,"author":{"gitId":"eliztan"},"content":"","lastModifiedDate":"2024-03-14"},{"lineNumber":25,"author":{"gitId":"Elyovs"},"content":"        Parser.runCommand(newItem, in, listOfBooks, bookDataFile);","lastModifiedDate":"2024-03-24"},{"lineNumber":26,"author":{"gitId":"eliztan"},"content":"    }","lastModifiedDate":"2024-03-14"},{"lineNumber":27,"author":{"gitId":"eliztan"},"content":"}","lastModifiedDate":"2024-03-14"}],"authorContributionMap":{"eliztan":15,"Elyovs":12}},{"path":"src/main/java/bookmarked/command/AddCommand.java","fileType":"functional-code","lines":[{"lineNumber":1,"author":{"gitId":"Elyovs"},"content":"package bookmarked.command;","lastModifiedDate":"2024-03-18"},{"lineNumber":2,"author":{"gitId":"Elyovs"},"content":"","lastModifiedDate":"2024-03-18"},{"lineNumber":3,"author":{"gitId":"Elyovs"},"content":"import bookmarked.Book;","lastModifiedDate":"2024-03-18"},{"lineNumber":4,"author":{"gitId":"eliztan"},"content":"import bookmarked.exceptions.emptyArgumentsException;","lastModifiedDate":"2024-03-20"},{"lineNumber":5,"author":{"gitId":"Elyovs"},"content":"import bookmarked.storage.BookStorage;","lastModifiedDate":"2024-03-24"},{"lineNumber":6,"author":{"gitId":"eliztan"},"content":"import bookmarked.ui.Ui;","lastModifiedDate":"2024-03-20"},{"lineNumber":7,"author":{"gitId":"Elyovs"},"content":"","lastModifiedDate":"2024-03-18"},{"lineNumber":8,"author":{"gitId":"Elyovs"},"content":"import java.io.File;","lastModifiedDate":"2024-03-24"},{"lineNumber":9,"author":{"gitId":"Elyovs"},"content":"import java.util.ArrayList;","lastModifiedDate":"2024-03-18"},{"lineNumber":10,"author":{"gitId":"Elyovs"},"content":"","lastModifiedDate":"2024-03-18"},{"lineNumber":11,"author":{"gitId":"Elyovs"},"content":"public class AddCommand extends Command {","lastModifiedDate":"2024-03-18"},{"lineNumber":12,"author":{"gitId":"Elyovs"},"content":"    private String newItem;","lastModifiedDate":"2024-03-18"},{"lineNumber":13,"author":{"gitId":"Elyovs"},"content":"    private ArrayList\u003cBook\u003e listOfBooks;","lastModifiedDate":"2024-03-18"},{"lineNumber":14,"author":{"gitId":"Elyovs"},"content":"    private String[] splitItem;","lastModifiedDate":"2024-03-18"},{"lineNumber":15,"author":{"gitId":"Elyovs"},"content":"    private File bookDataFile;","lastModifiedDate":"2024-03-24"},{"lineNumber":16,"author":{"gitId":"Elyovs"},"content":"    public AddCommand(String newItem, ArrayList\u003cBook\u003e listOfBooks, String[] splitItem, File bookDataFile){","lastModifiedDate":"2024-03-24"},{"lineNumber":17,"author":{"gitId":"Elyovs"},"content":"        this.newItem \u003d newItem;","lastModifiedDate":"2024-03-18"},{"lineNumber":18,"author":{"gitId":"Elyovs"},"content":"        this.listOfBooks \u003d listOfBooks;","lastModifiedDate":"2024-03-18"},{"lineNumber":19,"author":{"gitId":"Elyovs"},"content":"        this.splitItem \u003d splitItem;","lastModifiedDate":"2024-03-18"},{"lineNumber":20,"author":{"gitId":"Elyovs"},"content":"        this.bookDataFile \u003d bookDataFile;","lastModifiedDate":"2024-03-24"},{"lineNumber":21,"author":{"gitId":"Elyovs"},"content":"    }","lastModifiedDate":"2024-03-18"},{"lineNumber":22,"author":{"gitId":"Elyovs"},"content":"","lastModifiedDate":"2024-03-18"},{"lineNumber":23,"author":{"gitId":"Elyovs"},"content":"    @Override","lastModifiedDate":"2024-03-18"},{"lineNumber":24,"author":{"gitId":"Elyovs"},"content":"    public void handleCommand() {","lastModifiedDate":"2024-03-18"},{"lineNumber":25,"author":{"gitId":"cayennegoh"},"content":"        assert newItem !\u003d null : \"Item should not be null\";","lastModifiedDate":"2024-03-22"},{"lineNumber":26,"author":{"gitId":"Elyovs"},"content":"        String[] newSplitBook \u003d this.newItem.split(\"add\");","lastModifiedDate":"2024-03-18"},{"lineNumber":27,"author":{"gitId":"eliztan"},"content":"        try {","lastModifiedDate":"2024-03-20"},{"lineNumber":28,"author":{"gitId":"eliztan"},"content":"            processAddCommand(newSplitBook, listOfBooks);","lastModifiedDate":"2024-03-20"},{"lineNumber":29,"author":{"gitId":"eliztan"},"content":"            assert newSplitBook.length \u003e\u003d 1 : \"There should be an argument to the command\";","lastModifiedDate":"2024-03-20"},{"lineNumber":30,"author":{"gitId":"eliztan"},"content":"            assert !this.listOfBooks.isEmpty() : \"The current list of books should not be empty\";","lastModifiedDate":"2024-03-20"},{"lineNumber":31,"author":{"gitId":"Elyovs"},"content":"            BookStorage.writeBookToTxt(this.bookDataFile, listOfBooks);","lastModifiedDate":"2024-03-24"},{"lineNumber":32,"author":{"gitId":"eliztan"},"content":"        } catch (emptyArgumentsException e) {","lastModifiedDate":"2024-03-20"},{"lineNumber":33,"author":{"gitId":"eliztan"},"content":"            Ui.printEmptyArgumentsMessage();","lastModifiedDate":"2024-03-20"},{"lineNumber":34,"author":{"gitId":"eliztan"},"content":"        }","lastModifiedDate":"2024-03-20"},{"lineNumber":35,"author":{"gitId":"eliztan"},"content":"    }","lastModifiedDate":"2024-03-20"},{"lineNumber":36,"author":{"gitId":"eliztan"},"content":"","lastModifiedDate":"2024-03-20"},{"lineNumber":37,"author":{"gitId":"eliztan"},"content":"    public void processAddCommand(String[] newSplitBook, ArrayList\u003cBook\u003e listOfBooks)","lastModifiedDate":"2024-03-20"},{"lineNumber":38,"author":{"gitId":"eliztan"},"content":"            throws emptyArgumentsException {","lastModifiedDate":"2024-03-20"},{"lineNumber":39,"author":{"gitId":"eliztan"},"content":"        // checks if newSplitBook contains only the word \"add\" or if there are only white spaces after it","lastModifiedDate":"2024-03-20"},{"lineNumber":40,"author":{"gitId":"eliztan"},"content":"        if (newSplitBook.length \u003c 1 || newSplitBook[1].isBlank()) {","lastModifiedDate":"2024-03-20"},{"lineNumber":41,"author":{"gitId":"eliztan"},"content":"            throw new emptyArgumentsException();","lastModifiedDate":"2024-03-20"},{"lineNumber":42,"author":{"gitId":"eliztan"},"content":"        }","lastModifiedDate":"2024-03-20"},{"lineNumber":43,"author":{"gitId":"cayennegoh"},"content":"        Book bookName \u003d new Book(newSplitBook[1].trim());","lastModifiedDate":"2024-03-22"},{"lineNumber":44,"author":{"gitId":"cayennegoh"},"content":"        this.listOfBooks.add(bookName);","lastModifiedDate":"2024-03-22"},{"lineNumber":45,"author":{"gitId":"cayennegoh"},"content":"        System.out.println(\"Added \" + bookName + \"!\");","lastModifiedDate":"2024-03-22"},{"lineNumber":46,"author":{"gitId":"Elyovs"},"content":"    }","lastModifiedDate":"2024-03-18"},{"lineNumber":47,"author":{"gitId":"Elyovs"},"content":"}","lastModifiedDate":"2024-03-18"}],"authorContributionMap":{"eliztan":17,"Elyovs":26,"cayennegoh":4}},{"path":"src/main/java/bookmarked/command/BorrowCommand.java","fileType":"functional-code","lines":[{"lineNumber":1,"author":{"gitId":"Elyovs"},"content":"package bookmarked.command;","lastModifiedDate":"2024-03-19"},{"lineNumber":2,"author":{"gitId":"Elyovs"},"content":"","lastModifiedDate":"2024-03-19"},{"lineNumber":3,"author":{"gitId":"Elyovs"},"content":"import bookmarked.Book;","lastModifiedDate":"2024-03-19"},{"lineNumber":4,"author":{"gitId":"eliztan"},"content":"import bookmarked.exceptions.emptyListException;","lastModifiedDate":"2024-03-20"},{"lineNumber":5,"author":{"gitId":"Elyovs"},"content":"import bookmarked.storage.BookStorage;","lastModifiedDate":"2024-03-24"},{"lineNumber":6,"author":{"gitId":"eliztan"},"content":"import bookmarked.ui.Ui;","lastModifiedDate":"2024-03-20"},{"lineNumber":7,"author":{"gitId":"eliztan"},"content":"","lastModifiedDate":"2024-03-20"},{"lineNumber":8,"author":{"gitId":"Elyovs"},"content":"import java.io.File;","lastModifiedDate":"2024-03-24"},{"lineNumber":9,"author":{"gitId":"Elyovs"},"content":"import java.util.ArrayList;","lastModifiedDate":"2024-03-19"},{"lineNumber":10,"author":{"gitId":"kirangeofran"},"content":"import java.util.List;","lastModifiedDate":"2024-03-19"},{"lineNumber":11,"author":{"gitId":"kirangeofran"},"content":"import java.util.stream.Collectors;","lastModifiedDate":"2024-03-19"},{"lineNumber":12,"author":{"gitId":"Elyovs"},"content":"","lastModifiedDate":"2024-03-19"},{"lineNumber":13,"author":{"gitId":"Elyovs"},"content":"public class BorrowCommand extends Command {","lastModifiedDate":"2024-03-19"},{"lineNumber":14,"author":{"gitId":"Elyovs"},"content":"    private String bookName;","lastModifiedDate":"2024-03-24"},{"lineNumber":15,"author":{"gitId":"Elyovs"},"content":"    private ArrayList\u003cBook\u003e listOfBooks;","lastModifiedDate":"2024-03-24"},{"lineNumber":16,"author":{"gitId":"Elyovs"},"content":"    private File bookDataFile;","lastModifiedDate":"2024-03-24"},{"lineNumber":17,"author":{"gitId":"Elyovs"},"content":"","lastModifiedDate":"2024-03-24"},{"lineNumber":18,"author":{"gitId":"Elyovs"},"content":"    public BorrowCommand(String[] commandParts, ArrayList\u003cBook\u003e listOfBooks, File bookDataFile) {","lastModifiedDate":"2024-03-24"},{"lineNumber":19,"author":{"gitId":"kirangeofran"},"content":"        assert commandParts !\u003d null : \"commandParts should not be null\";","lastModifiedDate":"2024-03-19"},{"lineNumber":20,"author":{"gitId":"kirangeofran"},"content":"        assert commandParts.length \u003e 1 : \"commandParts should contain at least two elements\";","lastModifiedDate":"2024-03-19"},{"lineNumber":21,"author":{"gitId":"kirangeofran"},"content":"        this.bookName \u003d String.join(\" \", List.of(commandParts).subList(1, commandParts.length));","lastModifiedDate":"2024-03-19"},{"lineNumber":22,"author":{"gitId":"kirangeofran"},"content":"        assert listOfBooks !\u003d null : \"listOfBooks should not be null\";","lastModifiedDate":"2024-03-19"},{"lineNumber":23,"author":{"gitId":"Elyovs"},"content":"        this.listOfBooks \u003d listOfBooks;","lastModifiedDate":"2024-03-19"},{"lineNumber":24,"author":{"gitId":"Elyovs"},"content":"        this.bookDataFile \u003d bookDataFile;","lastModifiedDate":"2024-03-24"},{"lineNumber":25,"author":{"gitId":"Elyovs"},"content":"    }","lastModifiedDate":"2024-03-19"},{"lineNumber":26,"author":{"gitId":"Elyovs"},"content":"","lastModifiedDate":"2024-03-19"},{"lineNumber":27,"author":{"gitId":"Elyovs"},"content":"    @Override","lastModifiedDate":"2024-03-19"},{"lineNumber":28,"author":{"gitId":"Elyovs"},"content":"    public void handleCommand() {","lastModifiedDate":"2024-03-19"},{"lineNumber":29,"author":{"gitId":"kirangeofran"},"content":"        // Find the book with the matching name","lastModifiedDate":"2024-03-19"},{"lineNumber":30,"author":{"gitId":"kirangeofran"},"content":"        List\u003cBook\u003e foundBooks \u003d listOfBooks.stream()","lastModifiedDate":"2024-03-19"},{"lineNumber":31,"author":{"gitId":"kirangeofran"},"content":"                .filter(book -\u003e book.getName().equalsIgnoreCase(bookName))","lastModifiedDate":"2024-03-19"},{"lineNumber":32,"author":{"gitId":"kirangeofran"},"content":"                .collect(Collectors.toList());","lastModifiedDate":"2024-03-19"},{"lineNumber":33,"author":{"gitId":"eliztan"},"content":"        try {","lastModifiedDate":"2024-03-20"},{"lineNumber":34,"author":{"gitId":"eliztan"},"content":"            runBorrowCommand(foundBooks);","lastModifiedDate":"2024-03-20"},{"lineNumber":35,"author":{"gitId":"Elyovs"},"content":"            BookStorage.writeBookToTxt(bookDataFile, listOfBooks);","lastModifiedDate":"2024-03-24"},{"lineNumber":36,"author":{"gitId":"eliztan"},"content":"        } catch (emptyListException e) {","lastModifiedDate":"2024-03-20"},{"lineNumber":37,"author":{"gitId":"eliztan"},"content":"            Ui.printEmptyListMessage();","lastModifiedDate":"2024-03-20"},{"lineNumber":38,"author":{"gitId":"eliztan"},"content":"        }","lastModifiedDate":"2024-03-20"},{"lineNumber":39,"author":{"gitId":"eliztan"},"content":"    }","lastModifiedDate":"2024-03-20"},{"lineNumber":40,"author":{"gitId":"eliztan"},"content":"","lastModifiedDate":"2024-03-20"},{"lineNumber":41,"author":{"gitId":"eliztan"},"content":"    public void runBorrowCommand(List\u003cBook\u003e foundBooks) throws emptyListException {","lastModifiedDate":"2024-03-20"},{"lineNumber":42,"author":{"gitId":"eliztan"},"content":"        if (this.listOfBooks.isEmpty()) {","lastModifiedDate":"2024-03-20"},{"lineNumber":43,"author":{"gitId":"eliztan"},"content":"            throw new emptyListException();","lastModifiedDate":"2024-03-20"},{"lineNumber":44,"author":{"gitId":"eliztan"},"content":"        }","lastModifiedDate":"2024-03-20"},{"lineNumber":45,"author":{"gitId":"kirangeofran"},"content":"","lastModifiedDate":"2024-03-19"},{"lineNumber":46,"author":{"gitId":"kirangeofran"},"content":"        if (!foundBooks.isEmpty()) {","lastModifiedDate":"2024-03-19"},{"lineNumber":47,"author":{"gitId":"kirangeofran"},"content":"            // Assuming that there can be multiple books with the same name,","lastModifiedDate":"2024-03-19"},{"lineNumber":48,"author":{"gitId":"kirangeofran"},"content":"            // and we mark all copies as borrowed","lastModifiedDate":"2024-03-19"},{"lineNumber":49,"author":{"gitId":"kirangeofran"},"content":"            foundBooks.forEach(book -\u003e {","lastModifiedDate":"2024-03-19"},{"lineNumber":50,"author":{"gitId":"kirangeofran"},"content":"                //assert !book.isBorrowed() : \"Book is already borrowed: \" + book.getName();","lastModifiedDate":"2024-03-19"},{"lineNumber":51,"author":{"gitId":"Elyovs"},"content":"                book.setBorrowed();","lastModifiedDate":"2024-03-23"},{"lineNumber":52,"author":{"gitId":"kirangeofran"},"content":"                System.out.println(\"Borrowed \" + book.getName() + \"!\");","lastModifiedDate":"2024-03-19"},{"lineNumber":53,"author":{"gitId":"kirangeofran"},"content":"            });","lastModifiedDate":"2024-03-19"},{"lineNumber":54,"author":{"gitId":"kirangeofran"},"content":"        } else {","lastModifiedDate":"2024-03-19"},{"lineNumber":55,"author":{"gitId":"kirangeofran"},"content":"            System.out.println(\"Book not found: \" + bookName);","lastModifiedDate":"2024-03-19"},{"lineNumber":56,"author":{"gitId":"kirangeofran"},"content":"        }","lastModifiedDate":"2024-03-19"},{"lineNumber":57,"author":{"gitId":"Elyovs"},"content":"    }","lastModifiedDate":"2024-03-19"},{"lineNumber":58,"author":{"gitId":"Elyovs"},"content":"}","lastModifiedDate":"2024-03-19"}],"authorContributionMap":{"kirangeofran":21,"eliztan":14,"Elyovs":23}},{"path":"src/main/java/bookmarked/command/Command.java","fileType":"functional-code","lines":[{"lineNumber":1,"author":{"gitId":"Elyovs"},"content":"package bookmarked.command;","lastModifiedDate":"2024-03-18"},{"lineNumber":2,"author":{"gitId":"Elyovs"},"content":"","lastModifiedDate":"2024-03-18"},{"lineNumber":3,"author":{"gitId":"Elyovs"},"content":"public abstract class Command {","lastModifiedDate":"2024-03-18"},{"lineNumber":4,"author":{"gitId":"Elyovs"},"content":"    public abstract void handleCommand();","lastModifiedDate":"2024-03-18"},{"lineNumber":5,"author":{"gitId":"Elyovs"},"content":"}","lastModifiedDate":"2024-03-18"}],"authorContributionMap":{"Elyovs":5}},{"path":"src/main/java/bookmarked/command/DeleteCommand.java","fileType":"functional-code","lines":[{"lineNumber":1,"author":{"gitId":"Elyovs"},"content":"package bookmarked.command;","lastModifiedDate":"2024-03-19"},{"lineNumber":2,"author":{"gitId":"Elyovs"},"content":"","lastModifiedDate":"2024-03-19"},{"lineNumber":3,"author":{"gitId":"Elyovs"},"content":"import bookmarked.Book;","lastModifiedDate":"2024-03-19"},{"lineNumber":4,"author":{"gitId":"eliztan"},"content":"import bookmarked.exceptions.emptyArgumentsException;","lastModifiedDate":"2024-03-20"},{"lineNumber":5,"author":{"gitId":"eliztan"},"content":"import bookmarked.exceptions.emptyListException;","lastModifiedDate":"2024-03-20"},{"lineNumber":6,"author":{"gitId":"eliztan"},"content":"import bookmarked.exceptions.indexOutOfListBounds;","lastModifiedDate":"2024-03-20"},{"lineNumber":7,"author":{"gitId":"Elyovs"},"content":"import bookmarked.storage.BookStorage;","lastModifiedDate":"2024-03-24"},{"lineNumber":8,"author":{"gitId":"eliztan"},"content":"import bookmarked.ui.Ui;","lastModifiedDate":"2024-03-20"},{"lineNumber":9,"author":{"gitId":"Elyovs"},"content":"","lastModifiedDate":"2024-03-19"},{"lineNumber":10,"author":{"gitId":"Elyovs"},"content":"import java.io.File;","lastModifiedDate":"2024-03-24"},{"lineNumber":11,"author":{"gitId":"Elyovs"},"content":"import java.util.ArrayList;","lastModifiedDate":"2024-03-19"},{"lineNumber":12,"author":{"gitId":"Elyovs"},"content":"","lastModifiedDate":"2024-03-19"},{"lineNumber":13,"author":{"gitId":"Elyovs"},"content":"public class DeleteCommand extends Command {","lastModifiedDate":"2024-03-19"},{"lineNumber":14,"author":{"gitId":"Elyovs"},"content":"    private String[] bookToDelete;","lastModifiedDate":"2024-03-24"},{"lineNumber":15,"author":{"gitId":"Elyovs"},"content":"    private ArrayList\u003cBook\u003e listOfBooks;","lastModifiedDate":"2024-03-24"},{"lineNumber":16,"author":{"gitId":"Elyovs"},"content":"    private File bookDataFile;","lastModifiedDate":"2024-03-24"},{"lineNumber":17,"author":{"gitId":"Elyovs"},"content":"    public DeleteCommand(String[] bookToDelete, ArrayList\u003cBook\u003e listOfBooks, File bookDataFile) {","lastModifiedDate":"2024-03-24"},{"lineNumber":18,"author":{"gitId":"Elyovs"},"content":"        this.bookToDelete \u003d bookToDelete;","lastModifiedDate":"2024-03-19"},{"lineNumber":19,"author":{"gitId":"Elyovs"},"content":"        this.listOfBooks \u003d listOfBooks;","lastModifiedDate":"2024-03-19"},{"lineNumber":20,"author":{"gitId":"Elyovs"},"content":"        this.bookDataFile \u003d bookDataFile;","lastModifiedDate":"2024-03-24"},{"lineNumber":21,"author":{"gitId":"Elyovs"},"content":"    }","lastModifiedDate":"2024-03-19"},{"lineNumber":22,"author":{"gitId":"Elyovs"},"content":"","lastModifiedDate":"2024-03-19"},{"lineNumber":23,"author":{"gitId":"Elyovs"},"content":"    @Override","lastModifiedDate":"2024-03-19"},{"lineNumber":24,"author":{"gitId":"Elyovs"},"content":"    public void handleCommand() {","lastModifiedDate":"2024-03-19"},{"lineNumber":25,"author":{"gitId":"eliztan"},"content":"        try {","lastModifiedDate":"2024-03-20"},{"lineNumber":26,"author":{"gitId":"eliztan"},"content":"            processDeleteCommand(listOfBooks);","lastModifiedDate":"2024-03-20"},{"lineNumber":27,"author":{"gitId":"eliztan"},"content":"            assert this.bookToDelete.length \u003e\u003d 1 : \"There should be an argument to the command\";","lastModifiedDate":"2024-03-20"},{"lineNumber":28,"author":{"gitId":"eliztan"},"content":"            assert !this.listOfBooks.isEmpty() : \"The current list of books should not be empty\";","lastModifiedDate":"2024-03-20"},{"lineNumber":29,"author":{"gitId":"Elyovs"},"content":"            BookStorage.writeBookToTxt(bookDataFile, listOfBooks);","lastModifiedDate":"2024-03-24"},{"lineNumber":30,"author":{"gitId":"eliztan"},"content":"        } catch (emptyListException e) {","lastModifiedDate":"2024-03-20"},{"lineNumber":31,"author":{"gitId":"eliztan"},"content":"            Ui.printEmptyListMessage();","lastModifiedDate":"2024-03-20"},{"lineNumber":32,"author":{"gitId":"eliztan"},"content":"        } catch (emptyArgumentsException e) {","lastModifiedDate":"2024-03-20"},{"lineNumber":33,"author":{"gitId":"eliztan"},"content":"            Ui.printEmptyArgumentsMessage();","lastModifiedDate":"2024-03-20"},{"lineNumber":34,"author":{"gitId":"eliztan"},"content":"        } catch (indexOutOfListBounds e) {","lastModifiedDate":"2024-03-20"},{"lineNumber":35,"author":{"gitId":"eliztan"},"content":"            Ui.printOutOfBoundsMessage();","lastModifiedDate":"2024-03-20"},{"lineNumber":36,"author":{"gitId":"eliztan"},"content":"        } catch (NumberFormatException e) {","lastModifiedDate":"2024-03-20"},{"lineNumber":37,"author":{"gitId":"eliztan"},"content":"            Ui.printNotNumberMessage();","lastModifiedDate":"2024-03-20"},{"lineNumber":38,"author":{"gitId":"eliztan"},"content":"        }","lastModifiedDate":"2024-03-20"},{"lineNumber":39,"author":{"gitId":"eliztan"},"content":"    }","lastModifiedDate":"2024-03-20"},{"lineNumber":40,"author":{"gitId":"eliztan"},"content":"","lastModifiedDate":"2024-03-20"},{"lineNumber":41,"author":{"gitId":"eliztan"},"content":"    public void processDeleteCommand(ArrayList\u003cBook\u003e listOfBooks)","lastModifiedDate":"2024-03-20"},{"lineNumber":42,"author":{"gitId":"eliztan"},"content":"            throws emptyListException, emptyArgumentsException, indexOutOfListBounds {","lastModifiedDate":"2024-03-20"},{"lineNumber":43,"author":{"gitId":"eliztan"},"content":"        if (listOfBooks.isEmpty()) {","lastModifiedDate":"2024-03-20"},{"lineNumber":44,"author":{"gitId":"eliztan"},"content":"            throw new emptyListException();","lastModifiedDate":"2024-03-20"},{"lineNumber":45,"author":{"gitId":"eliztan"},"content":"        }","lastModifiedDate":"2024-03-20"},{"lineNumber":46,"author":{"gitId":"eliztan"},"content":"","lastModifiedDate":"2024-03-20"},{"lineNumber":47,"author":{"gitId":"eliztan"},"content":"        // checks if bookToDelete contains only the word \"delete\" or if there are only white spaces after it","lastModifiedDate":"2024-03-20"},{"lineNumber":48,"author":{"gitId":"eliztan"},"content":"        if (this.bookToDelete.length \u003c 1 || this.bookToDelete[1].isBlank()) {","lastModifiedDate":"2024-03-20"},{"lineNumber":49,"author":{"gitId":"eliztan"},"content":"            throw new emptyArgumentsException();","lastModifiedDate":"2024-03-20"},{"lineNumber":50,"author":{"gitId":"eliztan"},"content":"        }","lastModifiedDate":"2024-03-20"},{"lineNumber":51,"author":{"gitId":"eliztan"},"content":"","lastModifiedDate":"2024-03-20"},{"lineNumber":52,"author":{"gitId":"Elyovs"},"content":"        int inputtedIndex \u003d Integer.parseInt(this.bookToDelete[1]);","lastModifiedDate":"2024-03-19"},{"lineNumber":53,"author":{"gitId":"eliztan"},"content":"        if (inputtedIndex \u003c\u003d 0 || inputtedIndex \u003e listOfBooks.size()) {","lastModifiedDate":"2024-03-20"},{"lineNumber":54,"author":{"gitId":"eliztan"},"content":"            throw new indexOutOfListBounds();","lastModifiedDate":"2024-03-20"},{"lineNumber":55,"author":{"gitId":"eliztan"},"content":"        }","lastModifiedDate":"2024-03-20"},{"lineNumber":56,"author":{"gitId":"eliztan"},"content":"","lastModifiedDate":"2024-03-20"},{"lineNumber":57,"author":{"gitId":"Elyovs"},"content":"        int listNumberIndex \u003d (inputtedIndex - 1);","lastModifiedDate":"2024-03-19"},{"lineNumber":58,"author":{"gitId":"cayennegoh"},"content":"        Book bookName \u003d listOfBooks.get(listNumberIndex);","lastModifiedDate":"2024-03-22"},{"lineNumber":59,"author":{"gitId":"cayennegoh"},"content":"        System.out.println(\"Deleted \" + bookName + \"!\");","lastModifiedDate":"2024-03-22"},{"lineNumber":60,"author":{"gitId":"Elyovs"},"content":"        this.listOfBooks.remove(listNumberIndex);","lastModifiedDate":"2024-03-19"},{"lineNumber":61,"author":{"gitId":"Elyovs"},"content":"    }","lastModifiedDate":"2024-03-19"},{"lineNumber":62,"author":{"gitId":"eliztan"},"content":"","lastModifiedDate":"2024-03-20"},{"lineNumber":63,"author":{"gitId":"Elyovs"},"content":"}","lastModifiedDate":"2024-03-19"}],"authorContributionMap":{"eliztan":35,"Elyovs":26,"cayennegoh":2}},{"path":"src/main/java/bookmarked/command/ExitCommand.java","fileType":"functional-code","lines":[{"lineNumber":1,"author":{"gitId":"Elyovs"},"content":"package bookmarked.command;","lastModifiedDate":"2024-03-19"},{"lineNumber":2,"author":{"gitId":"Elyovs"},"content":"","lastModifiedDate":"2024-03-19"},{"lineNumber":3,"author":{"gitId":"Elyovs"},"content":"import bookmarked.ui.Ui;","lastModifiedDate":"2024-03-19"},{"lineNumber":4,"author":{"gitId":"Elyovs"},"content":"","lastModifiedDate":"2024-03-19"},{"lineNumber":5,"author":{"gitId":"Elyovs"},"content":"public class ExitCommand extends Command {","lastModifiedDate":"2024-03-19"},{"lineNumber":6,"author":{"gitId":"Elyovs"},"content":"    public ExitCommand() {","lastModifiedDate":"2024-03-19"},{"lineNumber":7,"author":{"gitId":"Elyovs"},"content":"","lastModifiedDate":"2024-03-19"},{"lineNumber":8,"author":{"gitId":"Elyovs"},"content":"    }","lastModifiedDate":"2024-03-19"},{"lineNumber":9,"author":{"gitId":"Elyovs"},"content":"","lastModifiedDate":"2024-03-19"},{"lineNumber":10,"author":{"gitId":"Elyovs"},"content":"    @Override","lastModifiedDate":"2024-03-19"},{"lineNumber":11,"author":{"gitId":"Elyovs"},"content":"    public void handleCommand() {","lastModifiedDate":"2024-03-19"},{"lineNumber":12,"author":{"gitId":"Elyovs"},"content":"        Ui.exitProgramme();","lastModifiedDate":"2024-03-19"},{"lineNumber":13,"author":{"gitId":"Elyovs"},"content":"    }","lastModifiedDate":"2024-03-19"},{"lineNumber":14,"author":{"gitId":"Elyovs"},"content":"}","lastModifiedDate":"2024-03-19"}],"authorContributionMap":{"Elyovs":14}},{"path":"src/main/java/bookmarked/command/FindCommand.java","fileType":"functional-code","lines":[{"lineNumber":1,"author":{"gitId":"Elyovs"},"content":"package bookmarked.command;","lastModifiedDate":"2024-03-19"},{"lineNumber":2,"author":{"gitId":"Elyovs"},"content":"","lastModifiedDate":"2024-03-19"},{"lineNumber":3,"author":{"gitId":"Elyovs"},"content":"import bookmarked.Book;","lastModifiedDate":"2024-03-19"},{"lineNumber":4,"author":{"gitId":"eliztan"},"content":"import bookmarked.exceptions.emptyListException;","lastModifiedDate":"2024-03-20"},{"lineNumber":5,"author":{"gitId":"eliztan"},"content":"import bookmarked.ui.Ui;","lastModifiedDate":"2024-03-20"},{"lineNumber":6,"author":{"gitId":"Elyovs"},"content":"","lastModifiedDate":"2024-03-19"},{"lineNumber":7,"author":{"gitId":"Elyovs"},"content":"import java.util.ArrayList;","lastModifiedDate":"2024-03-19"},{"lineNumber":8,"author":{"gitId":"Elyovs"},"content":"import java.util.logging.Logger;","lastModifiedDate":"2024-03-19"},{"lineNumber":9,"author":{"gitId":"Elyovs"},"content":"import java.util.logging.Level;","lastModifiedDate":"2024-03-19"},{"lineNumber":10,"author":{"gitId":"Elyovs"},"content":"","lastModifiedDate":"2024-03-19"},{"lineNumber":11,"author":{"gitId":"Elyovs"},"content":"public class FindCommand extends Command {","lastModifiedDate":"2024-03-19"},{"lineNumber":12,"author":{"gitId":"Elyovs"},"content":"    public static final int FIND_KEYWORD_START_INDEX \u003d 5;","lastModifiedDate":"2024-03-19"},{"lineNumber":13,"author":{"gitId":"Elyovs"},"content":"    private static Logger logger \u003d Logger.getLogger(\"Find Command Logger\");","lastModifiedDate":"2024-03-19"},{"lineNumber":14,"author":{"gitId":"Elyovs"},"content":"    private String newItem;","lastModifiedDate":"2024-03-19"},{"lineNumber":15,"author":{"gitId":"Elyovs"},"content":"    private ArrayList\u003cBook\u003e listOfBooks;","lastModifiedDate":"2024-03-19"},{"lineNumber":16,"author":{"gitId":"Elyovs"},"content":"    public FindCommand(String newItem, ArrayList\u003cBook\u003e listOfBooks) {","lastModifiedDate":"2024-03-19"},{"lineNumber":17,"author":{"gitId":"Elyovs"},"content":"        this.newItem \u003d newItem;","lastModifiedDate":"2024-03-19"},{"lineNumber":18,"author":{"gitId":"Elyovs"},"content":"        this.listOfBooks \u003d listOfBooks;","lastModifiedDate":"2024-03-19"},{"lineNumber":19,"author":{"gitId":"Elyovs"},"content":"    }","lastModifiedDate":"2024-03-19"},{"lineNumber":20,"author":{"gitId":"Elyovs"},"content":"","lastModifiedDate":"2024-03-19"},{"lineNumber":21,"author":{"gitId":"Elyovs"},"content":"    @Override","lastModifiedDate":"2024-03-19"},{"lineNumber":22,"author":{"gitId":"Elyovs"},"content":"    public void handleCommand() {","lastModifiedDate":"2024-03-19"},{"lineNumber":23,"author":{"gitId":"cayennegoh"},"content":"        assert listOfBooks !\u003d null : \"list of books should not be empty\";","lastModifiedDate":"2024-03-22"},{"lineNumber":24,"author":{"gitId":"Elyovs"},"content":"        String keyword;","lastModifiedDate":"2024-03-19"},{"lineNumber":25,"author":{"gitId":"Elyovs"},"content":"        logger.log(Level.INFO, \"going to start processing find command\");","lastModifiedDate":"2024-03-19"},{"lineNumber":26,"author":{"gitId":"Elyovs"},"content":"        try {","lastModifiedDate":"2024-03-19"},{"lineNumber":27,"author":{"gitId":"Elyovs"},"content":"            keyword \u003d this.newItem.substring(FIND_KEYWORD_START_INDEX);","lastModifiedDate":"2024-03-19"},{"lineNumber":28,"author":{"gitId":"Elyovs"},"content":"            if (keyword.isBlank()) {","lastModifiedDate":"2024-03-19"},{"lineNumber":29,"author":{"gitId":"Elyovs"},"content":"                throw new StringIndexOutOfBoundsException();","lastModifiedDate":"2024-03-19"},{"lineNumber":30,"author":{"gitId":"Elyovs"},"content":"            }","lastModifiedDate":"2024-03-19"},{"lineNumber":31,"author":{"gitId":"Elyovs"},"content":"        } catch (StringIndexOutOfBoundsException e) {","lastModifiedDate":"2024-03-19"},{"lineNumber":32,"author":{"gitId":"Elyovs"},"content":"            logger.log(Level.WARNING, \"processing error for empty keyword\");","lastModifiedDate":"2024-03-19"},{"lineNumber":33,"author":{"gitId":"Elyovs"},"content":"            System.out.println(\"Find keyword cannot be empty!\");","lastModifiedDate":"2024-03-19"},{"lineNumber":34,"author":{"gitId":"Elyovs"},"content":"            return;","lastModifiedDate":"2024-03-19"},{"lineNumber":35,"author":{"gitId":"Elyovs"},"content":"        }","lastModifiedDate":"2024-03-19"},{"lineNumber":36,"author":{"gitId":"eliztan"},"content":"","lastModifiedDate":"2024-03-20"},{"lineNumber":37,"author":{"gitId":"eliztan"},"content":"        try {","lastModifiedDate":"2024-03-20"},{"lineNumber":38,"author":{"gitId":"Elyovs"},"content":"            processFind(keyword);","lastModifiedDate":"2024-03-19"},{"lineNumber":39,"author":{"gitId":"eliztan"},"content":"        } catch (emptyListException e) {","lastModifiedDate":"2024-03-20"},{"lineNumber":40,"author":{"gitId":"eliztan"},"content":"            Ui.printEmptyListMessage();","lastModifiedDate":"2024-03-20"},{"lineNumber":41,"author":{"gitId":"eliztan"},"content":"        }","lastModifiedDate":"2024-03-20"},{"lineNumber":42,"author":{"gitId":"eliztan"},"content":"    }","lastModifiedDate":"2024-03-20"},{"lineNumber":43,"author":{"gitId":"eliztan"},"content":"","lastModifiedDate":"2024-03-20"},{"lineNumber":44,"author":{"gitId":"eliztan"},"content":"    private void processFind(String keyword) throws emptyListException {","lastModifiedDate":"2024-03-20"},{"lineNumber":45,"author":{"gitId":"eliztan"},"content":"        if (this.listOfBooks.isEmpty()) {","lastModifiedDate":"2024-03-20"},{"lineNumber":46,"author":{"gitId":"eliztan"},"content":"            throw new emptyListException();","lastModifiedDate":"2024-03-20"},{"lineNumber":47,"author":{"gitId":"Elyovs"},"content":"        }","lastModifiedDate":"2024-03-19"},{"lineNumber":48,"author":{"gitId":"Elyovs"},"content":"","lastModifiedDate":"2024-03-19"},{"lineNumber":49,"author":{"gitId":"Elyovs"},"content":"        logger.log(Level.INFO, \"processing find books based on keyword\");","lastModifiedDate":"2024-03-19"},{"lineNumber":50,"author":{"gitId":"Elyovs"},"content":"        assert keyword !\u003d null : \"keyword should not be empty\";","lastModifiedDate":"2024-03-19"},{"lineNumber":51,"author":{"gitId":"Elyovs"},"content":"        int numberOfBookFound \u003d 0;","lastModifiedDate":"2024-03-19"},{"lineNumber":52,"author":{"gitId":"Elyovs"},"content":"        ArrayList\u003cBook\u003e bookFound \u003d new ArrayList\u003c\u003e();","lastModifiedDate":"2024-03-19"},{"lineNumber":53,"author":{"gitId":"Elyovs"},"content":"","lastModifiedDate":"2024-03-19"},{"lineNumber":54,"author":{"gitId":"Elyovs"},"content":"        // filter books based on keyword","lastModifiedDate":"2024-03-19"},{"lineNumber":55,"author":{"gitId":"Elyovs"},"content":"        for (Book currentBook : this.listOfBooks) {","lastModifiedDate":"2024-03-19"},{"lineNumber":56,"author":{"gitId":"Elyovs"},"content":"            if (!(currentBook.getName().contains(keyword))) {","lastModifiedDate":"2024-03-24"},{"lineNumber":57,"author":{"gitId":"Elyovs"},"content":"                continue;","lastModifiedDate":"2024-03-19"},{"lineNumber":58,"author":{"gitId":"Elyovs"},"content":"            }","lastModifiedDate":"2024-03-19"},{"lineNumber":59,"author":{"gitId":"Elyovs"},"content":"            assert currentBook.getName().contains(keyword) : \"current book should contain the keyword\";","lastModifiedDate":"2024-03-24"},{"lineNumber":60,"author":{"gitId":"Elyovs"},"content":"            numberOfBookFound \u003d+ 1;","lastModifiedDate":"2024-03-19"},{"lineNumber":61,"author":{"gitId":"Elyovs"},"content":"            bookFound.add(currentBook);","lastModifiedDate":"2024-03-19"},{"lineNumber":62,"author":{"gitId":"Elyovs"},"content":"        }","lastModifiedDate":"2024-03-19"},{"lineNumber":63,"author":{"gitId":"Elyovs"},"content":"","lastModifiedDate":"2024-03-19"},{"lineNumber":64,"author":{"gitId":"Elyovs"},"content":"        if (numberOfBookFound \u003d\u003d 0) {","lastModifiedDate":"2024-03-19"},{"lineNumber":65,"author":{"gitId":"Elyovs"},"content":"            logger.log(Level.INFO, \"giving no matching book found warning\");","lastModifiedDate":"2024-03-19"},{"lineNumber":66,"author":{"gitId":"Elyovs"},"content":"            System.out.println(\"Sorry, no book with matching keyword: \" + keyword);","lastModifiedDate":"2024-03-19"},{"lineNumber":67,"author":{"gitId":"Elyovs"},"content":"            return;","lastModifiedDate":"2024-03-19"},{"lineNumber":68,"author":{"gitId":"Elyovs"},"content":"        }","lastModifiedDate":"2024-03-19"},{"lineNumber":69,"author":{"gitId":"Elyovs"},"content":"","lastModifiedDate":"2024-03-19"},{"lineNumber":70,"author":{"gitId":"Elyovs"},"content":"        logger.log(Level.INFO, \"processing print of matching book lists\");","lastModifiedDate":"2024-03-19"},{"lineNumber":71,"author":{"gitId":"Elyovs"},"content":"        System.out.println(\"Here\u0027s the list of matching books in your library:\");","lastModifiedDate":"2024-03-19"},{"lineNumber":72,"author":{"gitId":"Elyovs"},"content":"        for (int i \u003d 0; i \u003c bookFound.size(); i +\u003d 1) {","lastModifiedDate":"2024-03-19"},{"lineNumber":73,"author":{"gitId":"Elyovs"},"content":"            String currentBookTitle \u003d bookFound.get(i).getName();","lastModifiedDate":"2024-03-24"},{"lineNumber":74,"author":{"gitId":"Elyovs"},"content":"            System.out.println(\" \" + (i + 1) + \". \" + currentBookTitle);","lastModifiedDate":"2024-03-19"},{"lineNumber":75,"author":{"gitId":"Elyovs"},"content":"        }","lastModifiedDate":"2024-03-19"},{"lineNumber":76,"author":{"gitId":"Elyovs"},"content":"        logger.log(Level.INFO, \"end processing\");","lastModifiedDate":"2024-03-19"},{"lineNumber":77,"author":{"gitId":"Elyovs"},"content":"    }","lastModifiedDate":"2024-03-19"},{"lineNumber":78,"author":{"gitId":"Elyovs"},"content":"}","lastModifiedDate":"2024-03-19"}],"authorContributionMap":{"eliztan":12,"Elyovs":65,"cayennegoh":1}},{"path":"src/main/java/bookmarked/command/HelpCommand.java","fileType":"functional-code","lines":[{"lineNumber":1,"author":{"gitId":"Elyovs"},"content":"package bookmarked.command;","lastModifiedDate":"2024-03-18"},{"lineNumber":2,"author":{"gitId":"Elyovs"},"content":"","lastModifiedDate":"2024-03-18"},{"lineNumber":3,"author":{"gitId":"Elyovs"},"content":"import bookmarked.ui.Ui;","lastModifiedDate":"2024-03-18"},{"lineNumber":4,"author":{"gitId":"Elyovs"},"content":"","lastModifiedDate":"2024-03-18"},{"lineNumber":5,"author":{"gitId":"Elyovs"},"content":"public class HelpCommand extends Command {","lastModifiedDate":"2024-03-18"},{"lineNumber":6,"author":{"gitId":"Elyovs"},"content":"    public HelpCommand() {","lastModifiedDate":"2024-03-18"},{"lineNumber":7,"author":{"gitId":"Elyovs"},"content":"","lastModifiedDate":"2024-03-18"},{"lineNumber":8,"author":{"gitId":"Elyovs"},"content":"    }","lastModifiedDate":"2024-03-18"},{"lineNumber":9,"author":{"gitId":"Elyovs"},"content":"","lastModifiedDate":"2024-03-18"},{"lineNumber":10,"author":{"gitId":"Elyovs"},"content":"    @Override","lastModifiedDate":"2024-03-18"},{"lineNumber":11,"author":{"gitId":"Elyovs"},"content":"    public void handleCommand() {","lastModifiedDate":"2024-03-18"},{"lineNumber":12,"author":{"gitId":"Elyovs"},"content":"        Ui.printHelpMessage();","lastModifiedDate":"2024-03-18"},{"lineNumber":13,"author":{"gitId":"Elyovs"},"content":"    }","lastModifiedDate":"2024-03-18"},{"lineNumber":14,"author":{"gitId":"Elyovs"},"content":"}","lastModifiedDate":"2024-03-18"}],"authorContributionMap":{"Elyovs":14}},{"path":"src/main/java/bookmarked/command/ListCommand.java","fileType":"functional-code","lines":[{"lineNumber":1,"author":{"gitId":"Elyovs"},"content":"package bookmarked.command;","lastModifiedDate":"2024-03-19"},{"lineNumber":2,"author":{"gitId":"Elyovs"},"content":"","lastModifiedDate":"2024-03-19"},{"lineNumber":3,"author":{"gitId":"Elyovs"},"content":"import bookmarked.Book;","lastModifiedDate":"2024-03-19"},{"lineNumber":4,"author":{"gitId":"eliztan"},"content":"import bookmarked.exceptions.emptyListException;","lastModifiedDate":"2024-03-20"},{"lineNumber":5,"author":{"gitId":"eliztan"},"content":"import bookmarked.ui.Ui;","lastModifiedDate":"2024-03-20"},{"lineNumber":6,"author":{"gitId":"Elyovs"},"content":"","lastModifiedDate":"2024-03-19"},{"lineNumber":7,"author":{"gitId":"Elyovs"},"content":"import java.util.ArrayList;","lastModifiedDate":"2024-03-19"},{"lineNumber":8,"author":{"gitId":"Elyovs"},"content":"","lastModifiedDate":"2024-03-19"},{"lineNumber":9,"author":{"gitId":"Elyovs"},"content":"public class ListCommand extends Command {","lastModifiedDate":"2024-03-19"},{"lineNumber":10,"author":{"gitId":"Elyovs"},"content":"    ArrayList\u003cBook\u003e listOfBooks;","lastModifiedDate":"2024-03-19"},{"lineNumber":11,"author":{"gitId":"Elyovs"},"content":"    public ListCommand(ArrayList\u003cBook\u003e listOfBooks) {","lastModifiedDate":"2024-03-19"},{"lineNumber":12,"author":{"gitId":"Elyovs"},"content":"        this.listOfBooks \u003d listOfBooks;","lastModifiedDate":"2024-03-19"},{"lineNumber":13,"author":{"gitId":"Elyovs"},"content":"    }","lastModifiedDate":"2024-03-19"},{"lineNumber":14,"author":{"gitId":"Elyovs"},"content":"","lastModifiedDate":"2024-03-19"},{"lineNumber":15,"author":{"gitId":"Elyovs"},"content":"    @Override","lastModifiedDate":"2024-03-19"},{"lineNumber":16,"author":{"gitId":"Elyovs"},"content":"    public void handleCommand() {","lastModifiedDate":"2024-03-19"},{"lineNumber":17,"author":{"gitId":"eliztan"},"content":"        try {","lastModifiedDate":"2024-03-20"},{"lineNumber":18,"author":{"gitId":"eliztan"},"content":"            runListCommand();","lastModifiedDate":"2024-03-20"},{"lineNumber":19,"author":{"gitId":"eliztan"},"content":"        } catch (emptyListException e) {","lastModifiedDate":"2024-03-20"},{"lineNumber":20,"author":{"gitId":"eliztan"},"content":"            Ui.printEmptyListMessage();","lastModifiedDate":"2024-03-20"},{"lineNumber":21,"author":{"gitId":"eliztan"},"content":"        }","lastModifiedDate":"2024-03-20"},{"lineNumber":22,"author":{"gitId":"eliztan"},"content":"    }","lastModifiedDate":"2024-03-20"},{"lineNumber":23,"author":{"gitId":"eliztan"},"content":"","lastModifiedDate":"2024-03-20"},{"lineNumber":24,"author":{"gitId":"eliztan"},"content":"    public void runListCommand() throws emptyListException {","lastModifiedDate":"2024-03-20"},{"lineNumber":25,"author":{"gitId":"eliztan"},"content":"        if (this.listOfBooks.isEmpty()) {","lastModifiedDate":"2024-03-20"},{"lineNumber":26,"author":{"gitId":"eliztan"},"content":"            throw new emptyListException();","lastModifiedDate":"2024-03-20"},{"lineNumber":27,"author":{"gitId":"eliztan"},"content":"        }","lastModifiedDate":"2024-03-20"},{"lineNumber":28,"author":{"gitId":"eliztan"},"content":"","lastModifiedDate":"2024-03-20"},{"lineNumber":29,"author":{"gitId":"Elyovs"},"content":"        int numberOfBooks \u003d this.listOfBooks.size();","lastModifiedDate":"2024-03-19"},{"lineNumber":30,"author":{"gitId":"Elyovs"},"content":"        System.out.println(\"Here are your list items!\");","lastModifiedDate":"2024-03-19"},{"lineNumber":31,"author":{"gitId":"Elyovs"},"content":"        for (int i \u003d 0; i \u003c numberOfBooks; i++) {","lastModifiedDate":"2024-03-19"},{"lineNumber":32,"author":{"gitId":"Elyovs"},"content":"            System.out.println((i + 1) + \". \" + this.listOfBooks.get(i).toString());","lastModifiedDate":"2024-03-19"},{"lineNumber":33,"author":{"gitId":"Elyovs"},"content":"        }","lastModifiedDate":"2024-03-19"},{"lineNumber":34,"author":{"gitId":"Elyovs"},"content":"    }","lastModifiedDate":"2024-03-19"},{"lineNumber":35,"author":{"gitId":"Elyovs"},"content":"}","lastModifiedDate":"2024-03-19"}],"authorContributionMap":{"eliztan":14,"Elyovs":21}},{"path":"src/main/java/bookmarked/command/ReturnCommand.java","fileType":"functional-code","lines":[{"lineNumber":1,"author":{"gitId":"Elyovs"},"content":"package bookmarked.command;","lastModifiedDate":"2024-03-19"},{"lineNumber":2,"author":{"gitId":"Elyovs"},"content":"","lastModifiedDate":"2024-03-19"},{"lineNumber":3,"author":{"gitId":"Elyovs"},"content":"import bookmarked.Book;","lastModifiedDate":"2024-03-19"},{"lineNumber":4,"author":{"gitId":"eliztan"},"content":"import bookmarked.exceptions.emptyListException;","lastModifiedDate":"2024-03-20"},{"lineNumber":5,"author":{"gitId":"Elyovs"},"content":"import bookmarked.storage.BookStorage;","lastModifiedDate":"2024-03-24"},{"lineNumber":6,"author":{"gitId":"eliztan"},"content":"import bookmarked.ui.Ui;","lastModifiedDate":"2024-03-20"},{"lineNumber":7,"author":{"gitId":"eliztan"},"content":"","lastModifiedDate":"2024-03-20"},{"lineNumber":8,"author":{"gitId":"Elyovs"},"content":"import java.io.File;","lastModifiedDate":"2024-03-24"},{"lineNumber":9,"author":{"gitId":"Elyovs"},"content":"import java.util.ArrayList;","lastModifiedDate":"2024-03-19"},{"lineNumber":10,"author":{"gitId":"kirangeofran"},"content":"import java.util.List;","lastModifiedDate":"2024-03-19"},{"lineNumber":11,"author":{"gitId":"kirangeofran"},"content":"import java.util.stream.Collectors;","lastModifiedDate":"2024-03-19"},{"lineNumber":12,"author":{"gitId":"Elyovs"},"content":"","lastModifiedDate":"2024-03-19"},{"lineNumber":13,"author":{"gitId":"Elyovs"},"content":"public class ReturnCommand extends Command {","lastModifiedDate":"2024-03-19"},{"lineNumber":14,"author":{"gitId":"kirangeofran"},"content":"    private String bookName;","lastModifiedDate":"2024-03-19"},{"lineNumber":15,"author":{"gitId":"kirangeofran"},"content":"    private ArrayList\u003cBook\u003e listOfBooks;","lastModifiedDate":"2024-03-19"},{"lineNumber":16,"author":{"gitId":"Elyovs"},"content":"    private File bookDataFile;","lastModifiedDate":"2024-03-24"},{"lineNumber":17,"author":{"gitId":"Elyovs"},"content":"    public ReturnCommand(String[] commandParts, ArrayList\u003cBook\u003e listOfBooks, File bookDataFile) {","lastModifiedDate":"2024-03-24"},{"lineNumber":18,"author":{"gitId":"cayennegoh"},"content":"        assert listOfBooks !\u003d null : \"list of books should not be empty\";","lastModifiedDate":"2024-03-22"},{"lineNumber":19,"author":{"gitId":"kirangeofran"},"content":"        assert commandParts !\u003d null : \"commandParts should not be null\";","lastModifiedDate":"2024-03-19"},{"lineNumber":20,"author":{"gitId":"kirangeofran"},"content":"        assert commandParts.length \u003e 1 : \"commandParts should contain at least the command and the book name\";","lastModifiedDate":"2024-03-19"},{"lineNumber":21,"author":{"gitId":"kirangeofran"},"content":"        this.bookName \u003d  String.join(\" \", List.of(commandParts).subList(1, commandParts.length));","lastModifiedDate":"2024-03-19"},{"lineNumber":22,"author":{"gitId":"Elyovs"},"content":"        this.listOfBooks \u003d listOfBooks;","lastModifiedDate":"2024-03-19"},{"lineNumber":23,"author":{"gitId":"Elyovs"},"content":"        this.bookDataFile \u003d bookDataFile;","lastModifiedDate":"2024-03-24"},{"lineNumber":24,"author":{"gitId":"Elyovs"},"content":"    }","lastModifiedDate":"2024-03-19"},{"lineNumber":25,"author":{"gitId":"Elyovs"},"content":"","lastModifiedDate":"2024-03-19"},{"lineNumber":26,"author":{"gitId":"Elyovs"},"content":"    @Override","lastModifiedDate":"2024-03-19"},{"lineNumber":27,"author":{"gitId":"Elyovs"},"content":"    public void handleCommand() {","lastModifiedDate":"2024-03-19"},{"lineNumber":28,"author":{"gitId":"kirangeofran"},"content":"        // Filter the list for books that match the name","lastModifiedDate":"2024-03-19"},{"lineNumber":29,"author":{"gitId":"kirangeofran"},"content":"        List\u003cBook\u003e foundBooks \u003d listOfBooks.stream()","lastModifiedDate":"2024-03-19"},{"lineNumber":30,"author":{"gitId":"kirangeofran"},"content":"                .filter(book -\u003e book.getName().equalsIgnoreCase(bookName))","lastModifiedDate":"2024-03-19"},{"lineNumber":31,"author":{"gitId":"kirangeofran"},"content":"                .collect(Collectors.toList());","lastModifiedDate":"2024-03-19"},{"lineNumber":32,"author":{"gitId":"kirangeofran"},"content":"        assert !foundBooks.isEmpty() : \"Book should exist to return\";","lastModifiedDate":"2024-03-19"},{"lineNumber":33,"author":{"gitId":"kirangeofran"},"content":"","lastModifiedDate":"2024-03-19"},{"lineNumber":34,"author":{"gitId":"eliztan"},"content":"        try {","lastModifiedDate":"2024-03-20"},{"lineNumber":35,"author":{"gitId":"eliztan"},"content":"            runReturnCommand(foundBooks);","lastModifiedDate":"2024-03-20"},{"lineNumber":36,"author":{"gitId":"Elyovs"},"content":"            BookStorage.writeBookToTxt(bookDataFile, listOfBooks);","lastModifiedDate":"2024-03-24"},{"lineNumber":37,"author":{"gitId":"eliztan"},"content":"        } catch (emptyListException e) {","lastModifiedDate":"2024-03-20"},{"lineNumber":38,"author":{"gitId":"eliztan"},"content":"            Ui.printEmptyListMessage();","lastModifiedDate":"2024-03-20"},{"lineNumber":39,"author":{"gitId":"eliztan"},"content":"        }","lastModifiedDate":"2024-03-20"},{"lineNumber":40,"author":{"gitId":"eliztan"},"content":"    }","lastModifiedDate":"2024-03-20"},{"lineNumber":41,"author":{"gitId":"eliztan"},"content":"","lastModifiedDate":"2024-03-20"},{"lineNumber":42,"author":{"gitId":"eliztan"},"content":"    public void runReturnCommand(List\u003cBook\u003e foundBooks) throws emptyListException {","lastModifiedDate":"2024-03-20"},{"lineNumber":43,"author":{"gitId":"eliztan"},"content":"        if (this.listOfBooks.isEmpty()) {","lastModifiedDate":"2024-03-20"},{"lineNumber":44,"author":{"gitId":"eliztan"},"content":"            throw new emptyListException();","lastModifiedDate":"2024-03-20"},{"lineNumber":45,"author":{"gitId":"eliztan"},"content":"        }","lastModifiedDate":"2024-03-20"},{"lineNumber":46,"author":{"gitId":"eliztan"},"content":"","lastModifiedDate":"2024-03-20"},{"lineNumber":47,"author":{"gitId":"kirangeofran"},"content":"        if (!foundBooks.isEmpty()) {","lastModifiedDate":"2024-03-19"},{"lineNumber":48,"author":{"gitId":"kirangeofran"},"content":"            // It\u0027s possible there are multiple copies of the book, so mark all as returned","lastModifiedDate":"2024-03-19"},{"lineNumber":49,"author":{"gitId":"kirangeofran"},"content":"            foundBooks.forEach(book -\u003e {","lastModifiedDate":"2024-03-19"},{"lineNumber":50,"author":{"gitId":"kirangeofran"},"content":"                //assert book.isBorrowed() : \"Book should be borrowed to return\";","lastModifiedDate":"2024-03-19"},{"lineNumber":51,"author":{"gitId":"kirangeofran"},"content":"                book.setReturned();","lastModifiedDate":"2024-03-19"},{"lineNumber":52,"author":{"gitId":"kirangeofran"},"content":"                System.out.println(\"Returned \" + book.getName() + \"!\");","lastModifiedDate":"2024-03-19"},{"lineNumber":53,"author":{"gitId":"kirangeofran"},"content":"            });","lastModifiedDate":"2024-03-19"},{"lineNumber":54,"author":{"gitId":"kirangeofran"},"content":"        } else {","lastModifiedDate":"2024-03-19"},{"lineNumber":55,"author":{"gitId":"kirangeofran"},"content":"            System.out.println(\"Book not found: \" + bookName);","lastModifiedDate":"2024-03-19"},{"lineNumber":56,"author":{"gitId":"kirangeofran"},"content":"        }","lastModifiedDate":"2024-03-19"},{"lineNumber":57,"author":{"gitId":"Elyovs"},"content":"    }","lastModifiedDate":"2024-03-19"},{"lineNumber":58,"author":{"gitId":"Elyovs"},"content":"}","lastModifiedDate":"2024-03-19"}],"authorContributionMap":{"kirangeofran":23,"eliztan":15,"Elyovs":19,"cayennegoh":1}},{"path":"src/main/java/bookmarked/exceptions/bookMarkedException.java","fileType":"functional-code","lines":[{"lineNumber":1,"author":{"gitId":"eliztan"},"content":"package bookmarked.exceptions;","lastModifiedDate":"2024-03-20"},{"lineNumber":2,"author":{"gitId":"eliztan"},"content":"","lastModifiedDate":"2024-03-20"},{"lineNumber":3,"author":{"gitId":"eliztan"},"content":"public class bookMarkedException extends Exception {","lastModifiedDate":"2024-03-20"},{"lineNumber":4,"author":{"gitId":"eliztan"},"content":"}","lastModifiedDate":"2024-03-20"}],"authorContributionMap":{"eliztan":4}},{"path":"src/main/java/bookmarked/exceptions/emptyArgumentsException.java","fileType":"functional-code","lines":[{"lineNumber":1,"author":{"gitId":"eliztan"},"content":"package bookmarked.exceptions;","lastModifiedDate":"2024-03-20"},{"lineNumber":2,"author":{"gitId":"eliztan"},"content":"","lastModifiedDate":"2024-03-20"},{"lineNumber":3,"author":{"gitId":"eliztan"},"content":"public class emptyArgumentsException extends Exception {","lastModifiedDate":"2024-03-20"},{"lineNumber":4,"author":{"gitId":"eliztan"},"content":"}","lastModifiedDate":"2024-03-20"}],"authorContributionMap":{"eliztan":4}},{"path":"src/main/java/bookmarked/exceptions/emptyListException.java","fileType":"functional-code","lines":[{"lineNumber":1,"author":{"gitId":"eliztan"},"content":"package bookmarked.exceptions;","lastModifiedDate":"2024-03-20"},{"lineNumber":2,"author":{"gitId":"eliztan"},"content":"","lastModifiedDate":"2024-03-20"},{"lineNumber":3,"author":{"gitId":"eliztan"},"content":"public class emptyListException extends Exception {","lastModifiedDate":"2024-03-20"},{"lineNumber":4,"author":{"gitId":"eliztan"},"content":"}","lastModifiedDate":"2024-03-20"}],"authorContributionMap":{"eliztan":4}},{"path":"src/main/java/bookmarked/exceptions/indexOutOfListBounds.java","fileType":"functional-code","lines":[{"lineNumber":1,"author":{"gitId":"eliztan"},"content":"package bookmarked.exceptions;","lastModifiedDate":"2024-03-20"},{"lineNumber":2,"author":{"gitId":"eliztan"},"content":"","lastModifiedDate":"2024-03-20"},{"lineNumber":3,"author":{"gitId":"eliztan"},"content":"public class indexOutOfListBounds extends Exception {","lastModifiedDate":"2024-03-20"},{"lineNumber":4,"author":{"gitId":"eliztan"},"content":"}","lastModifiedDate":"2024-03-20"}],"authorContributionMap":{"eliztan":4}},{"path":"src/main/java/bookmarked/parser/Parser.java","fileType":"functional-code","lines":[{"lineNumber":1,"author":{"gitId":"Elyovs"},"content":"package bookmarked.parser;","lastModifiedDate":"2024-03-18"},{"lineNumber":2,"author":{"gitId":"Elyovs"},"content":"","lastModifiedDate":"2024-03-18"},{"lineNumber":3,"author":{"gitId":"Elyovs"},"content":"import bookmarked.Book;","lastModifiedDate":"2024-03-18"},{"lineNumber":4,"author":{"gitId":"Elyovs"},"content":"import bookmarked.command.ExitCommand;","lastModifiedDate":"2024-03-19"},{"lineNumber":5,"author":{"gitId":"Elyovs"},"content":"import bookmarked.command.FindCommand;","lastModifiedDate":"2024-03-19"},{"lineNumber":6,"author":{"gitId":"Elyovs"},"content":"import bookmarked.ui.Ui;","lastModifiedDate":"2024-03-18"},{"lineNumber":7,"author":{"gitId":"Elyovs"},"content":"import bookmarked.command.Command;","lastModifiedDate":"2024-03-19"},{"lineNumber":8,"author":{"gitId":"Elyovs"},"content":"import bookmarked.command.ReturnCommand;","lastModifiedDate":"2024-03-19"},{"lineNumber":9,"author":{"gitId":"Elyovs"},"content":"import bookmarked.command.AddCommand;","lastModifiedDate":"2024-03-19"},{"lineNumber":10,"author":{"gitId":"Elyovs"},"content":"import bookmarked.command.DeleteCommand;","lastModifiedDate":"2024-03-19"},{"lineNumber":11,"author":{"gitId":"Elyovs"},"content":"import bookmarked.command.BorrowCommand;","lastModifiedDate":"2024-03-19"},{"lineNumber":12,"author":{"gitId":"Elyovs"},"content":"import bookmarked.command.HelpCommand;","lastModifiedDate":"2024-03-19"},{"lineNumber":13,"author":{"gitId":"Elyovs"},"content":"import bookmarked.command.ListCommand;","lastModifiedDate":"2024-03-19"},{"lineNumber":14,"author":{"gitId":"Elyovs"},"content":"","lastModifiedDate":"2024-03-18"},{"lineNumber":15,"author":{"gitId":"Elyovs"},"content":"import java.io.File;","lastModifiedDate":"2024-03-24"},{"lineNumber":16,"author":{"gitId":"Elyovs"},"content":"import java.util.ArrayList;","lastModifiedDate":"2024-03-18"},{"lineNumber":17,"author":{"gitId":"Elyovs"},"content":"import java.util.Scanner;","lastModifiedDate":"2024-03-18"},{"lineNumber":18,"author":{"gitId":"Elyovs"},"content":"","lastModifiedDate":"2024-03-18"},{"lineNumber":19,"author":{"gitId":"Elyovs"},"content":"public class Parser {","lastModifiedDate":"2024-03-18"},{"lineNumber":20,"author":{"gitId":"Elyovs"},"content":"    public static void runCommand(String newItem, Scanner in, ArrayList\u003cBook\u003e listOfBooks, File bookDataFile) {","lastModifiedDate":"2024-03-24"},{"lineNumber":21,"author":{"gitId":"Elyovs"},"content":"        Command userCommand \u003d new ListCommand(listOfBooks);","lastModifiedDate":"2024-03-19"},{"lineNumber":22,"author":{"gitId":"Elyovs"},"content":"        while (!newItem.equalsIgnoreCase(\"bye\")) {","lastModifiedDate":"2024-03-18"},{"lineNumber":23,"author":{"gitId":"Elyovs"},"content":"            String[] splitItem \u003d newItem.split(\" \");","lastModifiedDate":"2024-03-18"},{"lineNumber":24,"author":{"gitId":"Elyovs"},"content":"            if (splitItem[0].matches(\"/help\")) {","lastModifiedDate":"2024-03-18"},{"lineNumber":25,"author":{"gitId":"Elyovs"},"content":"                userCommand \u003d new HelpCommand();","lastModifiedDate":"2024-03-19"},{"lineNumber":26,"author":{"gitId":"Elyovs"},"content":"            } else if (splitItem[0].matches(\"list\")) {","lastModifiedDate":"2024-03-18"},{"lineNumber":27,"author":{"gitId":"Elyovs"},"content":"                userCommand \u003d new ListCommand(listOfBooks);","lastModifiedDate":"2024-03-19"},{"lineNumber":28,"author":{"gitId":"Elyovs"},"content":"            } else if (splitItem[0].matches(\"add\")) {","lastModifiedDate":"2024-03-18"},{"lineNumber":29,"author":{"gitId":"Elyovs"},"content":"                userCommand \u003d new AddCommand(newItem, listOfBooks, splitItem, bookDataFile);","lastModifiedDate":"2024-03-24"},{"lineNumber":30,"author":{"gitId":"Elyovs"},"content":"            } else if (splitItem[0].matches(\"delete\")) {","lastModifiedDate":"2024-03-18"},{"lineNumber":31,"author":{"gitId":"Elyovs"},"content":"                userCommand \u003d new DeleteCommand(splitItem, listOfBooks, bookDataFile);","lastModifiedDate":"2024-03-24"},{"lineNumber":32,"author":{"gitId":"Elyovs"},"content":"            } else if (splitItem[0].matches(\"borrow\")) {","lastModifiedDate":"2024-03-18"},{"lineNumber":33,"author":{"gitId":"Elyovs"},"content":"                userCommand \u003d new BorrowCommand(splitItem, listOfBooks, bookDataFile);","lastModifiedDate":"2024-03-24"},{"lineNumber":34,"author":{"gitId":"Elyovs"},"content":"            } else if (splitItem[0].matches(\"return\")) {","lastModifiedDate":"2024-03-18"},{"lineNumber":35,"author":{"gitId":"Elyovs"},"content":"                userCommand \u003d new ReturnCommand(splitItem, listOfBooks, bookDataFile);","lastModifiedDate":"2024-03-24"},{"lineNumber":36,"author":{"gitId":"Elyovs"},"content":"            } else if (splitItem[0].matches(\"find\")) {","lastModifiedDate":"2024-03-19"},{"lineNumber":37,"author":{"gitId":"Elyovs"},"content":"                userCommand \u003d new FindCommand(newItem, listOfBooks);","lastModifiedDate":"2024-03-19"},{"lineNumber":38,"author":{"gitId":"eliztan"},"content":"            } else {","lastModifiedDate":"2024-03-20"},{"lineNumber":39,"author":{"gitId":"eliztan"},"content":"                Ui.printUnknownCommand();","lastModifiedDate":"2024-03-20"},{"lineNumber":40,"author":{"gitId":"eliztan"},"content":"                Ui.separateNextInput();","lastModifiedDate":"2024-03-20"},{"lineNumber":41,"author":{"gitId":"eliztan"},"content":"                newItem \u003d in.nextLine();","lastModifiedDate":"2024-03-20"},{"lineNumber":42,"author":{"gitId":"eliztan"},"content":"                continue;","lastModifiedDate":"2024-03-20"},{"lineNumber":43,"author":{"gitId":"Elyovs"},"content":"            }","lastModifiedDate":"2024-03-18"},{"lineNumber":44,"author":{"gitId":"Elyovs"},"content":"            userCommand.handleCommand();","lastModifiedDate":"2024-03-19"},{"lineNumber":45,"author":{"gitId":"Elyovs"},"content":"            Ui.separateNextInput();","lastModifiedDate":"2024-03-18"},{"lineNumber":46,"author":{"gitId":"Elyovs"},"content":"            newItem \u003d in.nextLine();","lastModifiedDate":"2024-03-18"},{"lineNumber":47,"author":{"gitId":"Elyovs"},"content":"        }","lastModifiedDate":"2024-03-18"},{"lineNumber":48,"author":{"gitId":"Elyovs"},"content":"        userCommand \u003d new ExitCommand();","lastModifiedDate":"2024-03-19"},{"lineNumber":49,"author":{"gitId":"Elyovs"},"content":"        userCommand.handleCommand();","lastModifiedDate":"2024-03-19"},{"lineNumber":50,"author":{"gitId":"Elyovs"},"content":"    }","lastModifiedDate":"2024-03-18"},{"lineNumber":51,"author":{"gitId":"Elyovs"},"content":"}","lastModifiedDate":"2024-03-18"}],"authorContributionMap":{"eliztan":5,"Elyovs":46}},{"path":"src/main/java/bookmarked/storage/BookStorage.java","fileType":"functional-code","lines":[{"lineNumber":1,"author":{"gitId":"Elyovs"},"content":"package bookmarked.storage;","lastModifiedDate":"2024-03-23"},{"lineNumber":2,"author":{"gitId":"Elyovs"},"content":"","lastModifiedDate":"2024-03-23"},{"lineNumber":3,"author":{"gitId":"Elyovs"},"content":"import bookmarked.Book;","lastModifiedDate":"2024-03-23"},{"lineNumber":4,"author":{"gitId":"Elyovs"},"content":"","lastModifiedDate":"2024-03-23"},{"lineNumber":5,"author":{"gitId":"Elyovs"},"content":"import java.util.ArrayList;","lastModifiedDate":"2024-03-23"},{"lineNumber":6,"author":{"gitId":"Elyovs"},"content":"import java.io.File;","lastModifiedDate":"2024-03-23"},{"lineNumber":7,"author":{"gitId":"Elyovs"},"content":"import java.io.IOException;","lastModifiedDate":"2024-03-23"},{"lineNumber":8,"author":{"gitId":"Elyovs"},"content":"import java.io.FileReader;","lastModifiedDate":"2024-03-23"},{"lineNumber":9,"author":{"gitId":"Elyovs"},"content":"import java.io.BufferedReader;","lastModifiedDate":"2024-03-23"},{"lineNumber":10,"author":{"gitId":"Elyovs"},"content":"import java.io.FileWriter;","lastModifiedDate":"2024-03-23"},{"lineNumber":11,"author":{"gitId":"Elyovs"},"content":"import java.io.BufferedWriter;","lastModifiedDate":"2024-03-23"},{"lineNumber":12,"author":{"gitId":"Elyovs"},"content":"import java.io.FileNotFoundException;","lastModifiedDate":"2024-03-23"},{"lineNumber":13,"author":{"gitId":"Elyovs"},"content":"","lastModifiedDate":"2024-03-23"},{"lineNumber":14,"author":{"gitId":"Elyovs"},"content":"public class BookStorage {","lastModifiedDate":"2024-03-23"},{"lineNumber":15,"author":{"gitId":"Elyovs"},"content":"    public static ArrayList\u003cBook\u003e listOfBooks \u003d new ArrayList\u003c\u003e();","lastModifiedDate":"2024-03-24"},{"lineNumber":16,"author":{"gitId":"Elyovs"},"content":"    public static File createFile(String bookDataPath) {","lastModifiedDate":"2024-03-24"},{"lineNumber":17,"author":{"gitId":"Elyovs"},"content":"        File bookDataFile \u003d new File(bookDataPath);","lastModifiedDate":"2024-03-24"},{"lineNumber":18,"author":{"gitId":"Elyovs"},"content":"        try {","lastModifiedDate":"2024-03-23"},{"lineNumber":19,"author":{"gitId":"Elyovs"},"content":"            boolean isFileCreated \u003d bookDataFile.createNewFile();","lastModifiedDate":"2024-03-23"},{"lineNumber":20,"author":{"gitId":"Elyovs"},"content":"","lastModifiedDate":"2024-03-23"},{"lineNumber":21,"author":{"gitId":"Elyovs"},"content":"            if (isFileCreated) {","lastModifiedDate":"2024-03-23"},{"lineNumber":22,"author":{"gitId":"Elyovs"},"content":"                System.out.println(\"Successfully create a storage file for books\");","lastModifiedDate":"2024-03-23"},{"lineNumber":23,"author":{"gitId":"Elyovs"},"content":"            } else {","lastModifiedDate":"2024-03-23"},{"lineNumber":24,"author":{"gitId":"Elyovs"},"content":"                System.out.println(\"Sorry, something\u0027s wrong, file is not created\");","lastModifiedDate":"2024-03-23"},{"lineNumber":25,"author":{"gitId":"Elyovs"},"content":"            }","lastModifiedDate":"2024-03-23"},{"lineNumber":26,"author":{"gitId":"Elyovs"},"content":"        } catch (IOException e) {","lastModifiedDate":"2024-03-23"},{"lineNumber":27,"author":{"gitId":"Elyovs"},"content":"            System.out.println(\"Sorry, something\u0027s wrong, file is not created\");","lastModifiedDate":"2024-03-23"},{"lineNumber":28,"author":{"gitId":"Elyovs"},"content":"        }","lastModifiedDate":"2024-03-23"},{"lineNumber":29,"author":{"gitId":"Elyovs"},"content":"        return bookDataFile;","lastModifiedDate":"2024-03-23"},{"lineNumber":30,"author":{"gitId":"Elyovs"},"content":"    }","lastModifiedDate":"2024-03-23"},{"lineNumber":31,"author":{"gitId":"Elyovs"},"content":"","lastModifiedDate":"2024-03-23"},{"lineNumber":32,"author":{"gitId":"Elyovs"},"content":"    public static ArrayList\u003cBook\u003e readFileStorage (File bookDataFile) {","lastModifiedDate":"2024-03-24"},{"lineNumber":33,"author":{"gitId":"Elyovs"},"content":"        try {","lastModifiedDate":"2024-03-23"},{"lineNumber":34,"author":{"gitId":"Elyovs"},"content":"            BufferedReader fileReader \u003d new BufferedReader(new FileReader(bookDataFile));","lastModifiedDate":"2024-03-23"},{"lineNumber":35,"author":{"gitId":"Elyovs"},"content":"            String currentTextLine \u003d fileReader.readLine();","lastModifiedDate":"2024-03-23"},{"lineNumber":36,"author":{"gitId":"Elyovs"},"content":"            int bookCount \u003d 0;","lastModifiedDate":"2024-03-23"},{"lineNumber":37,"author":{"gitId":"Elyovs"},"content":"","lastModifiedDate":"2024-03-23"},{"lineNumber":38,"author":{"gitId":"Elyovs"},"content":"            while (currentTextLine !\u003d null) {","lastModifiedDate":"2024-03-23"},{"lineNumber":39,"author":{"gitId":"Elyovs"},"content":"                addToArrayList(currentTextLine, bookCount, listOfBooks);","lastModifiedDate":"2024-03-24"},{"lineNumber":40,"author":{"gitId":"Elyovs"},"content":"                bookCount +\u003d 1;","lastModifiedDate":"2024-03-23"},{"lineNumber":41,"author":{"gitId":"Elyovs"},"content":"                currentTextLine \u003d fileReader.readLine();","lastModifiedDate":"2024-03-23"},{"lineNumber":42,"author":{"gitId":"Elyovs"},"content":"            }","lastModifiedDate":"2024-03-23"},{"lineNumber":43,"author":{"gitId":"Elyovs"},"content":"","lastModifiedDate":"2024-03-23"},{"lineNumber":44,"author":{"gitId":"Elyovs"},"content":"            fileReader.close();","lastModifiedDate":"2024-03-23"},{"lineNumber":45,"author":{"gitId":"Elyovs"},"content":"        } catch (FileNotFoundException e) {","lastModifiedDate":"2024-03-23"},{"lineNumber":46,"author":{"gitId":"Elyovs"},"content":"            System.out.println(\"File not found!\");","lastModifiedDate":"2024-03-23"},{"lineNumber":47,"author":{"gitId":"Elyovs"},"content":"        } catch (IOException e) {","lastModifiedDate":"2024-03-23"},{"lineNumber":48,"author":{"gitId":"Elyovs"},"content":"            System.out.println(\"Access to file is interrupted\");","lastModifiedDate":"2024-03-23"},{"lineNumber":49,"author":{"gitId":"Elyovs"},"content":"        }","lastModifiedDate":"2024-03-23"},{"lineNumber":50,"author":{"gitId":"Elyovs"},"content":"","lastModifiedDate":"2024-03-23"},{"lineNumber":51,"author":{"gitId":"Elyovs"},"content":"        return listOfBooks;","lastModifiedDate":"2024-03-24"},{"lineNumber":52,"author":{"gitId":"Elyovs"},"content":"    }","lastModifiedDate":"2024-03-24"},{"lineNumber":53,"author":{"gitId":"Elyovs"},"content":"","lastModifiedDate":"2024-03-24"},{"lineNumber":54,"author":{"gitId":"Elyovs"},"content":"    public static void writeBookToTxt(File bookDataFile, ArrayList\u003cBook\u003e listOfBooks) {","lastModifiedDate":"2024-03-24"},{"lineNumber":55,"author":{"gitId":"Elyovs"},"content":"        try {","lastModifiedDate":"2024-03-24"},{"lineNumber":56,"author":{"gitId":"Elyovs"},"content":"            BufferedWriter fileWriter \u003d new BufferedWriter(new FileWriter(bookDataFile, false));","lastModifiedDate":"2024-03-24"},{"lineNumber":57,"author":{"gitId":"Elyovs"},"content":"            int bookCount \u003d listOfBooks.size();","lastModifiedDate":"2024-03-24"},{"lineNumber":58,"author":{"gitId":"Elyovs"},"content":"            for (int i \u003d 0; i \u003c bookCount; i +\u003d 1) {","lastModifiedDate":"2024-03-24"},{"lineNumber":59,"author":{"gitId":"Elyovs"},"content":"                writeFormattedString(i, fileWriter, listOfBooks);","lastModifiedDate":"2024-03-24"},{"lineNumber":60,"author":{"gitId":"Elyovs"},"content":"            }","lastModifiedDate":"2024-03-24"},{"lineNumber":61,"author":{"gitId":"Elyovs"},"content":"            fileWriter.close();","lastModifiedDate":"2024-03-24"},{"lineNumber":62,"author":{"gitId":"Elyovs"},"content":"        } catch (FileNotFoundException e) {","lastModifiedDate":"2024-03-24"},{"lineNumber":63,"author":{"gitId":"Elyovs"},"content":"            System.out.println(\"FILE NOT FOUND!!!\");","lastModifiedDate":"2024-03-24"},{"lineNumber":64,"author":{"gitId":"Elyovs"},"content":"        } catch (IOException e) {","lastModifiedDate":"2024-03-24"},{"lineNumber":65,"author":{"gitId":"Elyovs"},"content":"            System.out.println(\"Failed to write to file\");","lastModifiedDate":"2024-03-24"},{"lineNumber":66,"author":{"gitId":"Elyovs"},"content":"        }","lastModifiedDate":"2024-03-24"},{"lineNumber":67,"author":{"gitId":"Elyovs"},"content":"    }","lastModifiedDate":"2024-03-24"},{"lineNumber":68,"author":{"gitId":"Elyovs"},"content":"","lastModifiedDate":"2024-03-24"},{"lineNumber":69,"author":{"gitId":"Elyovs"},"content":"    private static void writeFormattedString(int bookIndex, BufferedWriter fileWriter, ArrayList\u003cBook\u003e listOfBooks)","lastModifiedDate":"2024-03-24"},{"lineNumber":70,"author":{"gitId":"Elyovs"},"content":"            throws IOException {","lastModifiedDate":"2024-03-24"},{"lineNumber":71,"author":{"gitId":"Elyovs"},"content":"        Book currentBook \u003d listOfBooks.get(bookIndex);","lastModifiedDate":"2024-03-24"},{"lineNumber":72,"author":{"gitId":"Elyovs"},"content":"        String bookTitle \u003d currentBook.getName();","lastModifiedDate":"2024-03-24"},{"lineNumber":73,"author":{"gitId":"Elyovs"},"content":"        String bookBorrowStatus \u003d currentBook.getBorrowedStatus().equals(\", borrowed\") ? \"True\" : \"False\";","lastModifiedDate":"2024-03-24"},{"lineNumber":74,"author":{"gitId":"Elyovs"},"content":"        fileWriter.write(bookTitle + \" | \" + bookBorrowStatus);","lastModifiedDate":"2024-03-24"},{"lineNumber":75,"author":{"gitId":"Elyovs"},"content":"    }","lastModifiedDate":"2024-03-23"},{"lineNumber":76,"author":{"gitId":"Elyovs"},"content":"","lastModifiedDate":"2024-03-23"},{"lineNumber":77,"author":{"gitId":"Elyovs"},"content":"    private static void addToArrayList(String currentTextLine, int bookCount, ArrayList\u003cBook\u003e listOfBooks) {","lastModifiedDate":"2024-03-24"},{"lineNumber":78,"author":{"gitId":"Elyovs"},"content":"        String[] splitTextLine;","lastModifiedDate":"2024-03-23"},{"lineNumber":79,"author":{"gitId":"Elyovs"},"content":"        splitTextLine \u003d currentTextLine.split(\"//|\");","lastModifiedDate":"2024-03-23"},{"lineNumber":80,"author":{"gitId":"Elyovs"},"content":"        listOfBooks.add(new Book(splitTextLine[0]));","lastModifiedDate":"2024-03-24"},{"lineNumber":81,"author":{"gitId":"Elyovs"},"content":"","lastModifiedDate":"2024-03-23"},{"lineNumber":82,"author":{"gitId":"Elyovs"},"content":"        // Update borrow status in array list","lastModifiedDate":"2024-03-23"},{"lineNumber":83,"author":{"gitId":"Elyovs"},"content":"        if (splitTextLine[1].equalsIgnoreCase(\"Yes\")) {","lastModifiedDate":"2024-03-23"},{"lineNumber":84,"author":{"gitId":"Elyovs"},"content":"            Book currentBook \u003d listOfBooks.get(bookCount);","lastModifiedDate":"2024-03-24"},{"lineNumber":85,"author":{"gitId":"Elyovs"},"content":"            currentBook.setBorrowed();","lastModifiedDate":"2024-03-23"},{"lineNumber":86,"author":{"gitId":"Elyovs"},"content":"        }","lastModifiedDate":"2024-03-23"},{"lineNumber":87,"author":{"gitId":"Elyovs"},"content":"    }","lastModifiedDate":"2024-03-23"},{"lineNumber":88,"author":{"gitId":"Elyovs"},"content":"}","lastModifiedDate":"2024-03-23"}],"authorContributionMap":{"Elyovs":88}},{"path":"src/main/java/bookmarked/ui/Ui.java","fileType":"functional-code","lines":[{"lineNumber":1,"author":{"gitId":"Elyovs"},"content":"package bookmarked.ui;","lastModifiedDate":"2024-03-18"},{"lineNumber":2,"author":{"gitId":"Elyovs"},"content":"","lastModifiedDate":"2024-03-18"},{"lineNumber":3,"author":{"gitId":"Elyovs"},"content":"public class Ui {","lastModifiedDate":"2024-03-18"},{"lineNumber":4,"author":{"gitId":"Elyovs"},"content":"","lastModifiedDate":"2024-03-18"},{"lineNumber":5,"author":{"gitId":"Elyovs"},"content":"    public static void greetings() {","lastModifiedDate":"2024-03-18"},{"lineNumber":6,"author":{"gitId":"Elyovs"},"content":"        System.out.println(\"Welcome to BookMarked, a one-stop app for all your librarian needs!\");","lastModifiedDate":"2024-03-18"},{"lineNumber":7,"author":{"gitId":"Elyovs"},"content":"        System.out.println(\"Type /help to see a list of commands!\");","lastModifiedDate":"2024-03-18"},{"lineNumber":8,"author":{"gitId":"Elyovs"},"content":"    }","lastModifiedDate":"2024-03-18"},{"lineNumber":9,"author":{"gitId":"Elyovs"},"content":"","lastModifiedDate":"2024-03-18"},{"lineNumber":10,"author":{"gitId":"Elyovs"},"content":"    public static void printHelpMessage() {","lastModifiedDate":"2024-03-18"},{"lineNumber":11,"author":{"gitId":"Elyovs"},"content":"        System.out.println(\"These are the current available features and the format that you need\");","lastModifiedDate":"2024-03-18"},{"lineNumber":12,"author":{"gitId":"Elyovs"},"content":"        System.out.println(\"to follow to use it in using this software:\");","lastModifiedDate":"2024-03-18"},{"lineNumber":13,"author":{"gitId":"Elyovs"},"content":"        System.out.println(\"1. To add books\");","lastModifiedDate":"2024-03-18"},{"lineNumber":14,"author":{"gitId":"Elyovs"},"content":"        System.out.println(\"   add NAME_OF_BOOK\");","lastModifiedDate":"2024-03-18"},{"lineNumber":15,"author":{"gitId":"Elyovs"},"content":"        System.out.println(\"2. To delete current existing book\");","lastModifiedDate":"2024-03-18"},{"lineNumber":16,"author":{"gitId":"Elyovs"},"content":"        System.out.println(\"   delete NUMBER_ACCORDING_TO_LIST\");","lastModifiedDate":"2024-03-18"},{"lineNumber":17,"author":{"gitId":"Elyovs"},"content":"        System.out.println(\"3. To mark book as borrowed\");","lastModifiedDate":"2024-03-18"},{"lineNumber":18,"author":{"gitId":"eliztan"},"content":"        System.out.println(\"   borrow NAME_OF_BOOK\");","lastModifiedDate":"2024-03-20"},{"lineNumber":19,"author":{"gitId":"Elyovs"},"content":"        System.out.println(\"4. To unmark book as returned\");","lastModifiedDate":"2024-03-18"},{"lineNumber":20,"author":{"gitId":"eliztan"},"content":"        System.out.println(\"   return NAME_OF_BOOK\");","lastModifiedDate":"2024-03-20"},{"lineNumber":21,"author":{"gitId":"Elyovs"},"content":"        System.out.println(\"5. To list all the books added\");","lastModifiedDate":"2024-03-18"},{"lineNumber":22,"author":{"gitId":"Elyovs"},"content":"        System.out.println(\"   list\");","lastModifiedDate":"2024-03-18"},{"lineNumber":23,"author":{"gitId":"Elyovs"},"content":"    }","lastModifiedDate":"2024-03-18"},{"lineNumber":24,"author":{"gitId":"Elyovs"},"content":"","lastModifiedDate":"2024-03-18"},{"lineNumber":25,"author":{"gitId":"Elyovs"},"content":"    public static void separateNextInput() {","lastModifiedDate":"2024-03-18"},{"lineNumber":26,"author":{"gitId":"Elyovs"},"content":"        System.out.println(\"__________\");","lastModifiedDate":"2024-03-18"},{"lineNumber":27,"author":{"gitId":"Elyovs"},"content":"    }","lastModifiedDate":"2024-03-18"},{"lineNumber":28,"author":{"gitId":"Elyovs"},"content":"","lastModifiedDate":"2024-03-18"},{"lineNumber":29,"author":{"gitId":"eliztan"},"content":"    public static void printUnknownCommand() {","lastModifiedDate":"2024-03-20"},{"lineNumber":30,"author":{"gitId":"eliztan"},"content":"        System.out.println(\"Unknown command; please type /help to see what commands you can use.\");","lastModifiedDate":"2024-03-20"},{"lineNumber":31,"author":{"gitId":"eliztan"},"content":"    }","lastModifiedDate":"2024-03-20"},{"lineNumber":32,"author":{"gitId":"eliztan"},"content":"","lastModifiedDate":"2024-03-20"},{"lineNumber":33,"author":{"gitId":"eliztan"},"content":"    public static void printEmptyListMessage() {","lastModifiedDate":"2024-03-20"},{"lineNumber":34,"author":{"gitId":"eliztan"},"content":"        System.out.println(\"The list is empty, try adding a book first.\");","lastModifiedDate":"2024-03-20"},{"lineNumber":35,"author":{"gitId":"eliztan"},"content":"    }","lastModifiedDate":"2024-03-20"},{"lineNumber":36,"author":{"gitId":"eliztan"},"content":"","lastModifiedDate":"2024-03-20"},{"lineNumber":37,"author":{"gitId":"eliztan"},"content":"    public static void printEmptyArgumentsMessage() {","lastModifiedDate":"2024-03-20"},{"lineNumber":38,"author":{"gitId":"eliztan"},"content":"        System.out.println(\"Please type in the correct arguments.\");","lastModifiedDate":"2024-03-20"},{"lineNumber":39,"author":{"gitId":"eliztan"},"content":"    }","lastModifiedDate":"2024-03-20"},{"lineNumber":40,"author":{"gitId":"eliztan"},"content":"","lastModifiedDate":"2024-03-20"},{"lineNumber":41,"author":{"gitId":"eliztan"},"content":"    public static void printOutOfBoundsMessage() {","lastModifiedDate":"2024-03-20"},{"lineNumber":42,"author":{"gitId":"eliztan"},"content":"        System.out.println(\"Please enter a book index that exists on the current list.\");","lastModifiedDate":"2024-03-20"},{"lineNumber":43,"author":{"gitId":"eliztan"},"content":"    }","lastModifiedDate":"2024-03-20"},{"lineNumber":44,"author":{"gitId":"eliztan"},"content":"","lastModifiedDate":"2024-03-20"},{"lineNumber":45,"author":{"gitId":"eliztan"},"content":"    public static void printNotNumberMessage() {","lastModifiedDate":"2024-03-20"},{"lineNumber":46,"author":{"gitId":"eliztan"},"content":"        System.out.println(\"Please enter the number index of the book.\");","lastModifiedDate":"2024-03-20"},{"lineNumber":47,"author":{"gitId":"eliztan"},"content":"    }","lastModifiedDate":"2024-03-20"},{"lineNumber":48,"author":{"gitId":"eliztan"},"content":"","lastModifiedDate":"2024-03-20"},{"lineNumber":49,"author":{"gitId":"Elyovs"},"content":"    public static void exitProgramme() {","lastModifiedDate":"2024-03-18"},{"lineNumber":50,"author":{"gitId":"Elyovs"},"content":"        System.out.println(\"Bye!\");","lastModifiedDate":"2024-03-18"},{"lineNumber":51,"author":{"gitId":"Elyovs"},"content":"    }","lastModifiedDate":"2024-03-18"},{"lineNumber":52,"author":{"gitId":"Elyovs"},"content":"}","lastModifiedDate":"2024-03-18"}],"authorContributionMap":{"eliztan":22,"Elyovs":30}},{"path":"src/test/java/bookmarked/BookTest.java","fileType":"test-code","lines":[{"lineNumber":1,"author":{"gitId":"Elyovs"},"content":"package bookmarked;","lastModifiedDate":"2024-03-18"},{"lineNumber":2,"author":{"gitId":"Elyovs"},"content":"","lastModifiedDate":"2024-03-14"},{"lineNumber":3,"author":{"gitId":"Elyovs"},"content":"import org.junit.jupiter.api.Test;","lastModifiedDate":"2024-03-14"},{"lineNumber":4,"author":{"gitId":"Elyovs"},"content":"import static org.junit.jupiter.api.Assertions.assertEquals;","lastModifiedDate":"2024-03-14"},{"lineNumber":5,"author":{"gitId":"Elyovs"},"content":"","lastModifiedDate":"2024-03-14"},{"lineNumber":6,"author":{"gitId":"Elyovs"},"content":"public class BookTest {","lastModifiedDate":"2024-03-14"},{"lineNumber":7,"author":{"gitId":"cayennegoh"},"content":"    @Test","lastModifiedDate":"2024-03-22"},{"lineNumber":8,"author":{"gitId":"cayennegoh"},"content":"    public void getBookDescription_returnsBookDescription() {","lastModifiedDate":"2024-03-22"},{"lineNumber":9,"author":{"gitId":"cayennegoh"},"content":"        Book testBook \u003d new Book (\"Test\");","lastModifiedDate":"2024-03-22"},{"lineNumber":10,"author":{"gitId":"Elyovs"},"content":"        assertEquals(\"Test\", testBook.getName());","lastModifiedDate":"2024-03-24"},{"lineNumber":11,"author":{"gitId":"cayennegoh"},"content":"    }","lastModifiedDate":"2024-03-22"},{"lineNumber":12,"author":{"gitId":"Elyovs"},"content":"    @Test","lastModifiedDate":"2024-03-14"},{"lineNumber":13,"author":{"gitId":"Elyovs"},"content":"    public void getBorrowedStatus_unBorrowed_returnsSpace() {","lastModifiedDate":"2024-03-14"},{"lineNumber":14,"author":{"gitId":"Elyovs"},"content":"        Book testBook \u003d new Book(\"Test Book\");","lastModifiedDate":"2024-03-14"},{"lineNumber":15,"author":{"gitId":"Elyovs"},"content":"        assertEquals(\" \", testBook.getBorrowedStatus());","lastModifiedDate":"2024-03-14"},{"lineNumber":16,"author":{"gitId":"Elyovs"},"content":"    }","lastModifiedDate":"2024-03-14"},{"lineNumber":17,"author":{"gitId":"Elyovs"},"content":"","lastModifiedDate":"2024-03-14"},{"lineNumber":18,"author":{"gitId":"Elyovs"},"content":"    @Test","lastModifiedDate":"2024-03-14"},{"lineNumber":19,"author":{"gitId":"eliztan"},"content":"    public void getBorrowedStatus_borrowed_returnFormattedString() {","lastModifiedDate":"2024-03-15"},{"lineNumber":20,"author":{"gitId":"Elyovs"},"content":"        Book testBook \u003d new Book(\"Test Book\");","lastModifiedDate":"2024-03-14"},{"lineNumber":21,"author":{"gitId":"Elyovs"},"content":"        testBook.isBorrowed \u003d true;","lastModifiedDate":"2024-03-14"},{"lineNumber":22,"author":{"gitId":"Elyovs"},"content":"        assertEquals(\", borrowed\", testBook.getBorrowedStatus());","lastModifiedDate":"2024-03-14"},{"lineNumber":23,"author":{"gitId":"Elyovs"},"content":"    }","lastModifiedDate":"2024-03-14"},{"lineNumber":24,"author":{"gitId":"eliztan"},"content":"","lastModifiedDate":"2024-03-15"},{"lineNumber":25,"author":{"gitId":"eliztan"},"content":"    @Test","lastModifiedDate":"2024-03-15"},{"lineNumber":26,"author":{"gitId":"eliztan"},"content":"    public void toString_descriptionAndBorrowed_returnFormattedString() {","lastModifiedDate":"2024-03-15"},{"lineNumber":27,"author":{"gitId":"eliztan"},"content":"        Book testBook \u003d new Book(\"The Book Thief\");","lastModifiedDate":"2024-03-15"},{"lineNumber":28,"author":{"gitId":"eliztan"},"content":"        testBook.isBorrowed \u003d true;","lastModifiedDate":"2024-03-15"},{"lineNumber":29,"author":{"gitId":"eliztan"},"content":"        assertEquals(\"The Book Thief, borrowed\", testBook.toString());","lastModifiedDate":"2024-03-15"},{"lineNumber":30,"author":{"gitId":"eliztan"},"content":"    }","lastModifiedDate":"2024-03-15"},{"lineNumber":31,"author":{"gitId":"kirangeofran"},"content":"","lastModifiedDate":"2024-03-15"},{"lineNumber":32,"author":{"gitId":"kirangeofran"},"content":"    @Test","lastModifiedDate":"2024-03-15"},{"lineNumber":33,"author":{"gitId":"kirangeofran"},"content":"    public void toString_descriptionAndReturned_returnNonFormattedString() {","lastModifiedDate":"2024-03-15"},{"lineNumber":34,"author":{"gitId":"kirangeofran"},"content":"        Book testBook \u003d new Book(\"The Book Thief\");","lastModifiedDate":"2024-03-15"},{"lineNumber":35,"author":{"gitId":"kirangeofran"},"content":"","lastModifiedDate":"2024-03-15"},{"lineNumber":36,"author":{"gitId":"kirangeofran"},"content":"        // Borrow the book","lastModifiedDate":"2024-03-15"},{"lineNumber":37,"author":{"gitId":"kirangeofran"},"content":"        testBook.isBorrowed \u003d true;","lastModifiedDate":"2024-03-15"},{"lineNumber":38,"author":{"gitId":"kirangeofran"},"content":"        assertEquals(\"The Book Thief, borrowed\", testBook.toString()); // Check the borrowed status","lastModifiedDate":"2024-03-15"},{"lineNumber":39,"author":{"gitId":"kirangeofran"},"content":"","lastModifiedDate":"2024-03-15"},{"lineNumber":40,"author":{"gitId":"kirangeofran"},"content":"        // Return the book","lastModifiedDate":"2024-03-15"},{"lineNumber":41,"author":{"gitId":"kirangeofran"},"content":"        testBook.isBorrowed \u003d false;","lastModifiedDate":"2024-03-15"},{"lineNumber":42,"author":{"gitId":"kirangeofran"},"content":"        assertEquals(\"The Book Thief \", testBook.toString()); // Check the returned status","lastModifiedDate":"2024-03-15"},{"lineNumber":43,"author":{"gitId":"kirangeofran"},"content":"    }","lastModifiedDate":"2024-03-15"},{"lineNumber":44,"author":{"gitId":"kirangeofran"},"content":"","lastModifiedDate":"2024-03-15"},{"lineNumber":45,"author":{"gitId":"Elyovs"},"content":"}","lastModifiedDate":"2024-03-14"}],"authorContributionMap":{"kirangeofran":14,"eliztan":8,"Elyovs":19,"cayennegoh":4}},{"path":"src/test/java/seedu/duke/DukeTest.java","fileType":"test-code","lines":[{"lineNumber":1,"author":{"gitId":"-"},"content":"package seedu.duke;","lastModifiedDate":"2020-05-24"},{"lineNumber":2,"author":{"gitId":"-"},"content":"","lastModifiedDate":"2020-05-24"},{"lineNumber":3,"author":{"gitId":"-"},"content":"import static org.junit.jupiter.api.Assertions.assertTrue;","lastModifiedDate":"2020-05-24"},{"lineNumber":4,"author":{"gitId":"-"},"content":"","lastModifiedDate":"2020-05-24"},{"lineNumber":5,"author":{"gitId":"-"},"content":"import org.junit.jupiter.api.Test;","lastModifiedDate":"2020-05-24"},{"lineNumber":6,"author":{"gitId":"-"},"content":"","lastModifiedDate":"2020-05-24"},{"lineNumber":7,"author":{"gitId":"-"},"content":"class DukeTest {","lastModifiedDate":"2020-05-24"},{"lineNumber":8,"author":{"gitId":"-"},"content":"    @Test","lastModifiedDate":"2020-05-24"},{"lineNumber":9,"author":{"gitId":"-"},"content":"    public void sampleTest() {","lastModifiedDate":"2020-05-24"},{"lineNumber":10,"author":{"gitId":"-"},"content":"        assertTrue(true);","lastModifiedDate":"2020-05-24"},{"lineNumber":11,"author":{"gitId":"-"},"content":"    }","lastModifiedDate":"2020-05-24"},{"lineNumber":12,"author":{"gitId":"-"},"content":"}","lastModifiedDate":"2020-05-24"},{"lineNumber":13,"author":{"gitId":"Elyovs"},"content":"","lastModifiedDate":"2024-03-14"}],"authorContributionMap":{"-":12,"Elyovs":1}}]
