{"authorDailyContributionsMap":{"kirangeofran":[{"date":"2024-03-06","commitResults":[{"hash":"1f0c24dcedd496270b74a35edc85efd2a825d43e","isMergeCommit":false,"messageTitle":"kiran\u0027s details update","messageBody":"","fileTypesAndContributionMap":{"docs":{"insertions":4,"deletions":7}}},{"hash":"b06319a4b23d9125511958f878f8cffd179f4a3d","isMergeCommit":false,"messageTitle":"kiran\u0027s details update","messageBody":"","fileTypesAndContributionMap":{"docs":{"insertions":1,"deletions":1}}},{"hash":"cca199930595d5752b4cbda666e5ef106c380e83","isMergeCommit":true,"messageTitle":"kiran\u0027s details update","messageBody":"","fileTypesAndContributionMap":{}},{"hash":"3d2d806fea2fe9467eb66fb3d47d573291b82202","isMergeCommit":true,"messageTitle":"Merge pull request #1 from kirangeofran/tutorial","messageBody":"kiran\u0027s details update","fileTypesAndContributionMap":{}}]},{"date":"2024-03-15","commitResults":[{"hash":"1132ed70b03084adfa8fbe795692e40e1af6d568","isMergeCommit":false,"messageTitle":"JUnit testcase for returned status","messageBody":"","fileTypesAndContributionMap":{"test-code":{"insertions":14,"deletions":0}}},{"hash":"83ddd0087e15a2b044ac7dc486760f3bdef9b24c","isMergeCommit":true,"messageTitle":"Merge pull request #19 from kirangeofran/master","messageBody":"JUnit testcase for returned status","fileTypesAndContributionMap":{}}]},{"date":"2024-03-19","commitResults":[{"hash":"4221a9ed3371181aca6c0aa6c3f5e2bca4986efc","isMergeCommit":false,"messageTitle":"Updated borrow and return commands to take in name of book as an input.","messageBody":"","fileTypesAndContributionMap":{"functional-code":{"insertions":55,"deletions":18}}}]},{"date":"2024-03-20","commitResults":[{"hash":"469be5316f0e621a850c514819c92fa18a49d309","isMergeCommit":true,"messageTitle":"Merge pull request #23 from kirangeofran/borrow/return","messageBody":"Updated borrow and return commands to take in name of book as an input.","fileTypesAndContributionMap":{}}]}],"eliztan":[{"date":"2024-03-06","commitResults":[{"hash":"a6c5f18060cf5e08cecef17e3e2ec9e22e2d12c4","isMergeCommit":false,"messageTitle":"Add personal AboutUs","messageBody":"","fileTypesAndContributionMap":{"docs":{"insertions":7,"deletions":7}}},{"hash":"619513294aed6e8be2fbe8cbdf692dd4af38be0f","isMergeCommit":false,"messageTitle":"Revert \"Add personal AboutUs\"","messageBody":"This reverts commit a6c5f18060cf5e08cecef17e3e2ec9e22e2d12c4.\n","fileTypesAndContributionMap":{"docs":{"insertions":7,"deletions":7}}},{"hash":"dafe30a01f34ecd51c3a21da4e5f769c70fc281d","isMergeCommit":false,"messageTitle":"`Add personal about us","messageBody":"","fileTypesAndContributionMap":{"docs":{"insertions":7,"deletions":7}}},{"hash":"8f06e2ac1b92931a7adcdc60f8587708497bb9b6","isMergeCommit":true,"messageTitle":"Merge pull request #3 from eliztan/branch-AboutUsPage","messageBody":"Branch about us page","fileTypesAndContributionMap":{}}]},{"date":"2024-03-14","commitResults":[{"hash":"c3b2766c3e609e228e5cc39c182aa235602ddf59","isMergeCommit":false,"messageTitle":"Add code for basic testing for v0.1","messageBody":"","fileTypesAndContributionMap":{"functional-code":{"insertions":106,"deletions":1}}},{"hash":"169dd2ee996c076ddbca874f67b85af855ad9b46","isMergeCommit":true,"messageTitle":"Merge pull request #13 from eliztan/branch-HomePage","messageBody":"Add code for basic testing for v0.1","fileTypesAndContributionMap":{}}]},{"date":"2024-03-15","commitResults":[{"hash":"2e5641f6a05065e51e685b4f06e4dad2391867b6","isMergeCommit":false,"messageTitle":"Add JUnit test for description and status","messageBody":"","fileTypesAndContributionMap":{"test-code":{"insertions":7,"deletions":0}}},{"hash":"88eb37a336166afa31d540b6b2e9aef38b6cbcad","isMergeCommit":true,"messageTitle":"Merge pull request #17 from eliztan/branch-jUnit","messageBody":"Add JUnit test for description and status","fileTypesAndContributionMap":{}},{"hash":"aaf2138276e10cc963c588e0e4454a8c1adcfab9","isMergeCommit":false,"messageTitle":"Changed JUnit method name to adhere to checkstyle + changed NAME to INDEX of book for /help","messageBody":"","fileTypesAndContributionMap":{"functional-code":{"insertions":3,"deletions":3},"test-code":{"insertions":1,"deletions":1}}},{"hash":"fbb010040f98404b74693ce5602f4be3c9e6baa4","isMergeCommit":true,"messageTitle":"Merge pull request #18 from eliztan/master","messageBody":"Changed JUnit method name to adhere to checkstyle + changed NAME to I…","fileTypesAndContributionMap":{}}]},{"date":"2024-03-20","commitResults":[{"hash":"63570933dafd447ecc141c2a3b115e5141dbcb04","isMergeCommit":false,"messageTitle":"Added a default message for unknown commands","messageBody":"","fileTypesAndContributionMap":{"functional-code":{"insertions":6,"deletions":0}}},{"hash":"ddcb714dac562facd781825aa9957b7ca8252340","isMergeCommit":false,"messageTitle":"Add exception classes","messageBody":"","fileTypesAndContributionMap":{"functional-code":{"insertions":16,"deletions":0}}},{"hash":"dfe0e4dadf3e85ba62f3cfed5a4c7d11bfa17c6d","isMergeCommit":false,"messageTitle":"Add exception mesages in Ui","messageBody":"","fileTypesAndContributionMap":{"functional-code":{"insertions":18,"deletions":2}}},{"hash":"92c36b9a1175a475c043f461437b7ad49a54063a","isMergeCommit":false,"messageTitle":"Fix bug in parser class for wrong input","messageBody":"","fileTypesAndContributionMap":{"functional-code":{"insertions":5,"deletions":0}}},{"hash":"2d203939efcd8bd46de4b8a02ef74a3a3e85badf","isMergeCommit":false,"messageTitle":"Add exceptions to command classes","messageBody":"","fileTypesAndContributionMap":{"functional-code":{"insertions":112,"deletions":3}}},{"hash":"fd920b2de5057ebe15520e3113697427a26c526c","isMergeCommit":false,"messageTitle":"Removed unused import exception statements","messageBody":"","fileTypesAndContributionMap":{"functional-code":{"insertions":0,"deletions":4}}},{"hash":"1b2d0d07810504c700419c60e70b28848825c000","isMergeCommit":true,"messageTitle":"Merge pull request #30 from eliztan/branch-Exceptions","messageBody":"Branch exceptions","tags":["tp-jar"],"fileTypesAndContributionMap":{}}]}],"cayennegoh":[{"date":"2024-03-06","commitResults":[{"hash":"12c2c7805e8d33476d2c01c19bda4529a0b3c843","isMergeCommit":false,"messageTitle":"Profile","messageBody":"","fileTypesAndContributionMap":{"docs":{"insertions":7,"deletions":7}}},{"hash":"0ae86ffa4f672589b795c6f51ee174181e87d348","isMergeCommit":true,"messageTitle":"Merge branch \u0027master\u0027 into master","messageBody":"","fileTypesAndContributionMap":{}},{"hash":"870989cf9c2519a10055f5895d1c0be9f617c68d","isMergeCommit":true,"messageTitle":"Merge pull request #5 from cayennegoh/master","messageBody":"Profile","fileTypesAndContributionMap":{}}]}],"Elyovs":[{"date":"2024-03-06","commitResults":[{"hash":"321a948c0bf5a241f2388ff86e968d17ea0b64df","isMergeCommit":false,"messageTitle":"Modify personal detail","messageBody":"","fileTypesAndContributionMap":{"docs":{"insertions":3,"deletions":7}}},{"hash":"24761dd6325516c02d63e8c2a0edf639890fe0f8","isMergeCommit":true,"messageTitle":"Merge branch \u0027master\u0027 into branch-AboutUS","messageBody":"# Conflicts:\n#\tdocs/AboutUs.md\n","fileTypesAndContributionMap":{}},{"hash":"346a5eb050e5fc787e105e39efc95326faab6f2b","isMergeCommit":true,"messageTitle":"Merge pull request #4 from Elyovs/branch-AboutUS","messageBody":"Modify personal detail Ella","fileTypesAndContributionMap":{}}]},{"date":"2024-03-14","commitResults":[{"hash":"d5629f3bd96d5aced218cd8fdb32162dc62908aa","isMergeCommit":false,"messageTitle":"Add help message as a function","messageBody":"","fileTypesAndContributionMap":{"functional-code":{"insertions":15,"deletions":0}}},{"hash":"22be616e204de317aae364a5138ddbcffbdd00a6","isMergeCommit":true,"messageTitle":"Merge branch \u0027master\u0027 into branch-help","messageBody":"","fileTypesAndContributionMap":{}},{"hash":"44745582f4e82723fedc6d457fa56295f3391154","isMergeCommit":false,"messageTitle":"Merge main, factor out help message print","messageBody":"","fileTypesAndContributionMap":{"functional-code":{"insertions":15,"deletions":45},"test-code":{"insertions":1,"deletions":0}}},{"hash":"1c1791705144a76959bd4fd243144e2907fa7521","isMergeCommit":true,"messageTitle":"Merge pull request #12 from Elyovs/branch-help","messageBody":"Add help message as a function","fileTypesAndContributionMap":{}},{"hash":"3fec149c13d035e3161955cd5eb9fb199fe1bd63","isMergeCommit":true,"messageTitle":"Merge branch \u0027master\u0027 of https://github.com/Elyovs/tp","messageBody":"","fileTypesAndContributionMap":{}},{"hash":"69399ef1b326c18205b8da2ce0e2f3029cf7e614","isMergeCommit":false,"messageTitle":"Add JUnit test cases for Book Class","messageBody":"","fileTypesAndContributionMap":{"test-code":{"insertions":19,"deletions":0}}},{"hash":"bbe84b033f8d7623a47c35440e218143e4df9bdf","isMergeCommit":true,"messageTitle":"Merge pull request #14 from Elyovs/branch-FirstJUnitTest","messageBody":"Branch first JUnit test","fileTypesAndContributionMap":{}},{"hash":"8375f0a79ff6237c30c081f7f5566bef8af13e5b","isMergeCommit":true,"messageTitle":"Merge branch \u0027master\u0027 of https://github.com/Elyovs/tp","messageBody":"","fileTypesAndContributionMap":{}},{"hash":"a3cb5c52ea83df6c318d3ebfe6ea9fee0235ceb5","isMergeCommit":false,"messageTitle":"Update gradle from \"Duke\" to \"BookMarked\"","messageBody":"","fileTypesAndContributionMap":{"other":{"insertions":2,"deletions":2}}},{"hash":"ee661f02325c8438bb9875c8963eb2bba15d61f8","isMergeCommit":true,"messageTitle":"Merge pull request #15 from Elyovs/master","messageBody":"Gradle Update","fileTypesAndContributionMap":{}}]},{"date":"2024-03-18","commitResults":[{"hash":"cfd237aaa435ee7c6e2750e285174ef92075dce6","isMergeCommit":true,"messageTitle":"Merge branch \u0027master\u0027 of https://github.com/Elyovs/tp","messageBody":"* \u0027master\u0027 of https://github.com/Elyovs/tp:\n  JUnit testcase for returned status\n  Changed JUnit method name to adhere to checkstyle + changed NAME to INDEX of book for /help\n  Add JUnit test for description and status\n","fileTypesAndContributionMap":{}},{"hash":"4d07faae6f1595296d5f8108e54a34a90fd0b14f","isMergeCommit":false,"messageTitle":"Move files from seedu.duke into bookmarked","messageBody":"","fileTypesAndContributionMap":{"other":{"insertions":6,"deletions":3}}},{"hash":"78055d7aff0ac0c0d9eeac97fd33011a6e9b4446","isMergeCommit":false,"messageTitle":"factor out greetings from main to ui","messageBody":"","fileTypesAndContributionMap":{"functional-code":{"insertions":13,"deletions":2}}},{"hash":"701237de07ab9bbaac7f7e42d0e91e65663a2fed","isMergeCommit":false,"messageTitle":"factor out help message from main into ui","messageBody":"","fileTypesAndContributionMap":{"functional-code":{"insertions":16,"deletions":15}}},{"hash":"35a8a00d78fe932393b2098e19ef94eca8f7f30c","isMergeCommit":false,"messageTitle":"Factor out exit and seperator message from main to ui","messageBody":"","fileTypesAndContributionMap":{"functional-code":{"insertions":11,"deletions":3}}},{"hash":"2d82f56723e803fecda6a431a3aa4526b4cb138f","isMergeCommit":false,"messageTitle":"Add Parser class","messageBody":"","fileTypesAndContributionMap":{"functional-code":{"insertions":2,"deletions":0}}},{"hash":"cabd26b4d27523b8e19266eaf1aaddb013a3c482","isMergeCommit":false,"messageTitle":"Add abstract class Command and class HelpCommand","messageBody":"","fileTypesAndContributionMap":{"functional-code":{"insertions":19,"deletions":0}}},{"hash":"1cf8609155a18c57572274da0b194d69b48b45e6","isMergeCommit":false,"messageTitle":"Add class for adding command","messageBody":"","fileTypesAndContributionMap":{"functional-code":{"insertions":23,"deletions":0}}},{"hash":"a04fe08f95f067b1256907cbd9db5d58cb01ca6e","isMergeCommit":false,"messageTitle":"Add setBorrowed and setReturned methods to modify isBorrowed","messageBody":"","fileTypesAndContributionMap":{"functional-code":{"insertions":8,"deletions":0}}},{"hash":"26fdad1f73d079acc4b69fb52f763f5035561bf8","isMergeCommit":false,"messageTitle":"Factor out code from main to Parser class","messageBody":"","fileTypesAndContributionMap":{"functional-code":{"insertions":73,"deletions":55}}}]},{"date":"2024-03-19","commitResults":[{"hash":"d189959ef44090c3a5c4c6f93cf632919ac673f1","isMergeCommit":false,"messageTitle":"Add class for mark as borrow command","messageBody":"","fileTypesAndContributionMap":{"functional-code":{"insertions":23,"deletions":0}}},{"hash":"d143313603450e64ede66beb1db7782d1fa84070","isMergeCommit":false,"messageTitle":"Add class for delete command","messageBody":"","fileTypesAndContributionMap":{"functional-code":{"insertions":22,"deletions":0}}},{"hash":"b929bf35663f539525f5b4f803e5001c11669703","isMergeCommit":false,"messageTitle":"Add class for return command","messageBody":"","fileTypesAndContributionMap":{"functional-code":{"insertions":22,"deletions":0}}},{"hash":"8c3aebb33481e3f2ef8ab98b5af6b8101536ac3c","isMergeCommit":false,"messageTitle":"Add class for List Command","messageBody":"","fileTypesAndContributionMap":{"functional-code":{"insertions":21,"deletions":0}}},{"hash":"2af61d145eaed8397a1d0b92b8370183e5a27bbb","isMergeCommit":false,"messageTitle":"Add class for exit command","messageBody":"","fileTypesAndContributionMap":{"functional-code":{"insertions":14,"deletions":0}}},{"hash":"649f92b4c1748e9a7aa19ebd0a798b678e043eeb","isMergeCommit":false,"messageTitle":"Modify Parser and BookMarked for OOP","messageBody":"","fileTypesAndContributionMap":{"functional-code":{"insertions":19,"deletions":52}}},{"hash":"8a3ed3ee124781bbc22162348d8667c9284f3fea","isMergeCommit":false,"messageTitle":"Fix style, removing unused imports","messageBody":"","fileTypesAndContributionMap":{"functional-code":{"insertions":0,"deletions":3}}},{"hash":"cf7f4f99c850f5b6016fd47bda989d72bd4ea96b","isMergeCommit":false,"messageTitle":"Fix github PR error gradle build","messageBody":"","fileTypesAndContributionMap":{"other":{"insertions":2,"deletions":1}}},{"hash":"bbf54fd2841ce89f81f4f3a891ed2cb4aa59a304","isMergeCommit":false,"messageTitle":"Fix style for test on redundant import","messageBody":"","fileTypesAndContributionMap":{"test-code":{"insertions":0,"deletions":1}}},{"hash":"595b6b9f378d98dbea1205c150d6dafb5b446020","isMergeCommit":true,"messageTitle":"Merge pull request #20 from Elyovs/branch-MoreOOP","messageBody":"Branch more oop","fileTypesAndContributionMap":{}},{"hash":"b4bf0aa644beb85ff6cf17f4a882a2a46cc9445e","isMergeCommit":true,"messageTitle":"Merge branch \u0027master\u0027 of https://github.com/Elyovs/tp","messageBody":"* \u0027master\u0027 of https://github.com/Elyovs/tp:\n  Fix style for test on redundant import\n  Fix github PR error gradle build\n  Fix style, removing unused imports\n  Modify Parser and BookMarked for OOP\n  Add class for exit command\n  Add class for List Command\n  Add class for return command\n  Add class for delete command\n  Add class for mark as borrow command\n  Factor out code from main to Parser class\n  Add setBorrowed and setReturned methods to modify isBorrowed\n  Add class for adding command\n  Add abstract class Command and class HelpCommand\n  Add Parser class\n  Factor out exit and seperator message from main to ui\n  factor out help message from main into ui\n  factor out greetings from main to ui\n  Move files from seedu.duke into bookmarked\n","fileTypesAndContributionMap":{}},{"hash":"db02c529bad586a7e061b9395d8e1c20b9682782","isMergeCommit":false,"messageTitle":"Add find command","messageBody":"","fileTypesAndContributionMap":{"functional-code":{"insertions":64,"deletions":0}}},{"hash":"b887ae511bf3da08f251ec392f1a63041e2e3919","isMergeCommit":false,"messageTitle":"Revert \"Add find command\"","messageBody":"This reverts commit db02c529bad586a7e061b9395d8e1c20b9682782.\n","fileTypesAndContributionMap":{"functional-code":{"insertions":0,"deletions":64}}},{"hash":"8b199eddd84ffbb04384c4c1bc1bd8aee50f3f6a","isMergeCommit":false,"messageTitle":"add find command","messageBody":"","fileTypesAndContributionMap":{"functional-code":{"insertions":64,"deletions":0}}},{"hash":"c41c06dc20ca449c0919664112c1891d0b5629cc","isMergeCommit":false,"messageTitle":"Add logger","messageBody":"","fileTypesAndContributionMap":{"functional-code":{"insertions":9,"deletions":0}}}]},{"date":"2024-03-20","commitResults":[{"hash":"8faf9a8e858eb0466fba46225db68a61e568aadb","isMergeCommit":true,"messageTitle":"Merge branch \u0027AY2324S2-CS2113-W13-4:master\u0027 into master","messageBody":"","fileTypesAndContributionMap":{}},{"hash":"da5a7826871141484a621e442ec5229ab7e128e2","isMergeCommit":true,"messageTitle":"Merge branch \u0027master\u0027 of https://github.com/Elyovs/tp","messageBody":"* \u0027master\u0027 of https://github.com/Elyovs/tp:\n  Updated borrow and return commands to take in name of book as an input.\n","fileTypesAndContributionMap":{}},{"hash":"aa17a486f786b2fc9e40582850d2f1f0cc23a9dc","isMergeCommit":true,"messageTitle":"Merge branch \u0027master\u0027 into branch-FindCommand","messageBody":"","fileTypesAndContributionMap":{}},{"hash":"8372aa1833d9bf85a3e660858ffdd7ef2b2ac350","isMergeCommit":true,"messageTitle":"Merge pull request #24 from Elyovs/branch-FindCommand","messageBody":"Branch find command","fileTypesAndContributionMap":{}},{"hash":"a3e4e218ec3c5d9643326264a58e386fa26259d5","isMergeCommit":true,"messageTitle":"Merge branch \u0027master\u0027 of https://github.com/Elyovs/tp","messageBody":"* \u0027master\u0027 of https://github.com/Elyovs/tp:\n  Add logger\n  add find command\n","fileTypesAndContributionMap":{}}]}]},"authorFileTypeContributionMap":{"kirangeofran":{"docs":2,"functional-code":55,"test-code":14},"eliztan":{"docs":1,"functional-code":189,"test-code":8},"cayennegoh":{"docs":2,"functional-code":0,"test-code":0},"Elyovs":{"docs":1,"functional-code":283,"test-code":19,"other":3}},"authorContributionVariance":{"kirangeofran":197.17146,"eliztan":1368.9135,"cayennegoh":6.990397,"Elyovs":7290.2334},"authorDisplayNameMap":{"kirangeofran":"CS2113-W13-4 KIRA..ARAN","eliztan":"CS2113-W13-4 TAN ..BETH","cayennegoh":"CS2113-W13-4 GOH ..ENNE","Elyovs":"CS2113-W13-4 ELLA..BOWO"}}
