{"authorDailyContributionsMap":{"kirangeofran":[{"date":"2024-03-06","commitResults":[{"hash":"1f0c24dcedd496270b74a35edc85efd2a825d43e","isMergeCommit":false,"messageTitle":"kiran\u0027s details update","messageBody":"","fileTypesAndContributionMap":{"docs":{"insertions":4,"deletions":7}}},{"hash":"b06319a4b23d9125511958f878f8cffd179f4a3d","isMergeCommit":false,"messageTitle":"kiran\u0027s details update","messageBody":"","fileTypesAndContributionMap":{"docs":{"insertions":1,"deletions":1}}},{"hash":"cca199930595d5752b4cbda666e5ef106c380e83","isMergeCommit":true,"messageTitle":"kiran\u0027s details update","messageBody":"","fileTypesAndContributionMap":{}},{"hash":"3d2d806fea2fe9467eb66fb3d47d573291b82202","isMergeCommit":true,"messageTitle":"Merge pull request #1 from kirangeofran/tutorial","messageBody":"kiran\u0027s details update","fileTypesAndContributionMap":{}}]},{"date":"2024-03-15","commitResults":[{"hash":"1132ed70b03084adfa8fbe795692e40e1af6d568","isMergeCommit":false,"messageTitle":"JUnit testcase for returned status","messageBody":"","fileTypesAndContributionMap":{"test-code":{"insertions":14,"deletions":0}}},{"hash":"83ddd0087e15a2b044ac7dc486760f3bdef9b24c","isMergeCommit":true,"messageTitle":"Merge pull request #19 from kirangeofran/master","messageBody":"JUnit testcase for returned status","fileTypesAndContributionMap":{}}]},{"date":"2024-03-19","commitResults":[{"hash":"4221a9ed3371181aca6c0aa6c3f5e2bca4986efc","isMergeCommit":false,"messageTitle":"Updated borrow and return commands to take in name of book as an input.","messageBody":"","fileTypesAndContributionMap":{"functional-code":{"insertions":55,"deletions":18}}}]},{"date":"2024-03-20","commitResults":[{"hash":"469be5316f0e621a850c514819c92fa18a49d309","isMergeCommit":true,"messageTitle":"Merge pull request #23 from kirangeofran/borrow/return","messageBody":"Updated borrow and return commands to take in name of book as an input.","fileTypesAndContributionMap":{}}]},{"date":"2024-03-29","commitResults":[{"hash":"d56d928cf3f8a9d6e26d9b61b7e93b82e325cd99","isMergeCommit":false,"messageTitle":"BorrowCommand DG Update","messageBody":"","fileTypesAndContributionMap":{"docs":{"insertions":26,"deletions":1}}},{"hash":"64f61b6de245cd8954c6392aa2717e8bff0ddb5e","isMergeCommit":false,"messageTitle":"Update DeveloperGuide.md","messageBody":"","fileTypesAndContributionMap":{"docs":{"insertions":5,"deletions":5}}},{"hash":"eba7f909c45802b34120525f52dd959fe19ce177","isMergeCommit":true,"messageTitle":"Merge pull request #46 from kirangeofran/master","messageBody":"BorrowCommand DG update ","fileTypesAndContributionMap":{}},{"hash":"0cd44b3464896694964f45737d41b67d729cd9bb","isMergeCommit":false,"messageTitle":"BorrowCommand DG Update","messageBody":"","fileTypesAndContributionMap":{"docs":{"insertions":3,"deletions":3}}},{"hash":"5fdab438dd68d7354a988c3ff30c94b65c9a3ade","isMergeCommit":true,"messageTitle":"Merge pull request #47 from kirangeofran/master","messageBody":"BorrowCommand DG Update","fileTypesAndContributionMap":{}},{"hash":"ff8197ea6b8474925507cb642b24e536163508cd","isMergeCommit":false,"messageTitle":"Updates to BorrowCommand (expected return date, availability)","messageBody":"","fileTypesAndContributionMap":{"functional-code":{"insertions":119,"deletions":44},"test-code":{"insertions":21,"deletions":14}}}]},{"date":"2024-03-30","commitResults":[{"hash":"7c21fde194d134b42c1af8963547f47226318f64","isMergeCommit":false,"messageTitle":"Updates to BorrowCommand (expected return date, availability)","messageBody":"","fileTypesAndContributionMap":{"functional-code":{"insertions":2,"deletions":2}}},{"hash":"a7e04f1cf8d9b78fd3a2fdc50ef58ab2e8fcd888","isMergeCommit":true,"messageTitle":"Merge pull request #1 from kirangeofran/borrowupdate","messageBody":"Borrowupdate","fileTypesAndContributionMap":{}},{"hash":"910129a070ec2421c4a4fde44dc7859edebf351e","isMergeCommit":true,"messageTitle":"Merge pull request #51 from kirangeofran/borrowupdate","messageBody":"Updates to BorrowCommand (expected return date, availability)","fileTypesAndContributionMap":{}},{"hash":"a6fcf9cd98955fcc811ba32b2a47427bd98cb55f","isMergeCommit":false,"messageTitle":"Added ExtendCommand Class","messageBody":"","fileTypesAndContributionMap":{"functional-code":{"insertions":58,"deletions":3},"test-code":{"insertions":29,"deletions":1}}},{"hash":"3ff36ec211a286a5abca94c6f77febaf5048a144","isMergeCommit":true,"messageTitle":"Merge remote-tracking branch \u0027origin/master\u0027","messageBody":"","fileTypesAndContributionMap":{}}]},{"date":"2024-03-31","commitResults":[{"hash":"5660a5271422e4784e8a794c742241228ca0d11a","isMergeCommit":false,"messageTitle":"Updated named constants","messageBody":"","fileTypesAndContributionMap":{"functional-code":{"insertions":3,"deletions":2}}},{"hash":"b4646d540c5be2a363e69e2b8229c96db1dfda2f","isMergeCommit":true,"messageTitle":"Merge pull request #57 from kirangeofran/master","messageBody":"Added ExtendCommand  Class","fileTypesAndContributionMap":{}},{"hash":"4a4f38efa243f6cbfd00152eca4579abbd705f0c","isMergeCommit":false,"messageTitle":"Updated named constants","messageBody":"","fileTypesAndContributionMap":{"functional-code":{"insertions":4,"deletions":4}}},{"hash":"01e23642195a68ba4b03c7eb79ecd4d433dd49da","isMergeCommit":true,"messageTitle":"Merge pull request #69 from kirangeofran/master","messageBody":"Updated named constants","fileTypesAndContributionMap":{}}]},{"date":"2024-04-01","commitResults":[{"hash":"cf7fe0c488757498fa31ab61d67536e2ba0efcf6","isMergeCommit":false,"messageTitle":"Updated BookStorage to make code more readable","messageBody":"","fileTypesAndContributionMap":{"functional-code":{"insertions":43,"deletions":39}}},{"hash":"d606ca4c3c1290cac4916d8e2d2b377d9695fcfa","isMergeCommit":false,"messageTitle":"Updated BookStorage to make code more readable and added javadocs","messageBody":"","fileTypesAndContributionMap":{"functional-code":{"insertions":62,"deletions":9}}},{"hash":"98799c74ffc1c902bf828a4ddb8ddce6194c307c","isMergeCommit":true,"messageTitle":"Merge pull request #74 from kirangeofran/master","messageBody":"Updated BookStorage to make code more readable","fileTypesAndContributionMap":{}}]},{"date":"2024-04-02","commitResults":[{"hash":"e02325c8b53f6a3f90469836ab36c69d360202f1","isMergeCommit":false,"messageTitle":"Changed extend command to be more readable + added javadocs for Borrow,Extend,Return","messageBody":"","fileTypesAndContributionMap":{"functional-code":{"insertions":133,"deletions":19},"test-code":{"insertions":12,"deletions":5}}},{"hash":"29b0c0391fe392060d144a0167bf24dcbb8950b6","isMergeCommit":false,"messageTitle":"Changed extend command to be more readable + added javadocs for Borrow,Extend,Return","messageBody":"","fileTypesAndContributionMap":{"functional-code":{"insertions":7,"deletions":7}}},{"hash":"238961c09d66262ce755d26f9f2e56422a0f2852","isMergeCommit":false,"messageTitle":"junit testing for BorrowCommand, ExtendCommand, ReturnCommand","messageBody":"","fileTypesAndContributionMap":{"functional-code":{"insertions":11,"deletions":6},"test-code":{"insertions":232,"deletions":0}}},{"hash":"1fa17157bb2994723c1d09c6d9a99f42b661fb29","isMergeCommit":false,"messageTitle":"junit testing for BorrowCommand, ExtendCommand, ReturnCommand","messageBody":"","fileTypesAndContributionMap":{"test-code":{"insertions":49,"deletions":21}}},{"hash":"87b791a746e46e176320262187eaa19723023317","isMergeCommit":true,"messageTitle":"Merge pull request #80 from kirangeofran/master","messageBody":"Changed extend command to be more readable + added javadocs for Borro…","fileTypesAndContributionMap":{}},{"hash":"af7501ff6525b5af5708386f3d9f58d000165689","isMergeCommit":false,"messageTitle":"Updated UG","messageBody":"","fileTypesAndContributionMap":{"docs":{"insertions":78,"deletions":1}}},{"hash":"2d3a66d468274c6c810ea0f74d6e90b317ac1e00","isMergeCommit":false,"messageTitle":"Updated UG","messageBody":"","fileTypesAndContributionMap":{"docs":{"insertions":1,"deletions":1}}},{"hash":"6c377dbab442ecce89a8ac6a83de159f30a1a8e4","isMergeCommit":false,"messageTitle":"Updated UG","messageBody":"","fileTypesAndContributionMap":{"docs":{"insertions":47,"deletions":0}}},{"hash":"86cdf5516dcd175c11a43469b998ada25aabf2c6","isMergeCommit":true,"messageTitle":"Merge pull request #90 from kirangeofran/master","messageBody":"Updated DG for extend command","fileTypesAndContributionMap":{}}]}],"eliztan":[{"date":"2024-03-06","commitResults":[{"hash":"a6c5f18060cf5e08cecef17e3e2ec9e22e2d12c4","isMergeCommit":false,"messageTitle":"Add personal AboutUs","messageBody":"","fileTypesAndContributionMap":{"docs":{"insertions":7,"deletions":7}}},{"hash":"619513294aed6e8be2fbe8cbdf692dd4af38be0f","isMergeCommit":false,"messageTitle":"Revert \"Add personal AboutUs\"","messageBody":"This reverts commit a6c5f18060cf5e08cecef17e3e2ec9e22e2d12c4.\n","fileTypesAndContributionMap":{"docs":{"insertions":7,"deletions":7}}},{"hash":"dafe30a01f34ecd51c3a21da4e5f769c70fc281d","isMergeCommit":false,"messageTitle":"`Add personal about us","messageBody":"","fileTypesAndContributionMap":{"docs":{"insertions":7,"deletions":7}}},{"hash":"8f06e2ac1b92931a7adcdc60f8587708497bb9b6","isMergeCommit":true,"messageTitle":"Merge pull request #3 from eliztan/branch-AboutUsPage","messageBody":"Branch about us page","fileTypesAndContributionMap":{}}]},{"date":"2024-03-14","commitResults":[{"hash":"c3b2766c3e609e228e5cc39c182aa235602ddf59","isMergeCommit":false,"messageTitle":"Add code for basic testing for v0.1","messageBody":"","fileTypesAndContributionMap":{"functional-code":{"insertions":106,"deletions":1}}},{"hash":"169dd2ee996c076ddbca874f67b85af855ad9b46","isMergeCommit":true,"messageTitle":"Merge pull request #13 from eliztan/branch-HomePage","messageBody":"Add code for basic testing for v0.1","fileTypesAndContributionMap":{}}]},{"date":"2024-03-15","commitResults":[{"hash":"2e5641f6a05065e51e685b4f06e4dad2391867b6","isMergeCommit":false,"messageTitle":"Add JUnit test for description and status","messageBody":"","fileTypesAndContributionMap":{"test-code":{"insertions":7,"deletions":0}}},{"hash":"88eb37a336166afa31d540b6b2e9aef38b6cbcad","isMergeCommit":true,"messageTitle":"Merge pull request #17 from eliztan/branch-jUnit","messageBody":"Add JUnit test for description and status","fileTypesAndContributionMap":{}},{"hash":"aaf2138276e10cc963c588e0e4454a8c1adcfab9","isMergeCommit":false,"messageTitle":"Changed JUnit method name to adhere to checkstyle + changed NAME to INDEX of book for /help","messageBody":"","fileTypesAndContributionMap":{"functional-code":{"insertions":3,"deletions":3},"test-code":{"insertions":1,"deletions":1}}},{"hash":"fbb010040f98404b74693ce5602f4be3c9e6baa4","isMergeCommit":true,"messageTitle":"Merge pull request #18 from eliztan/master","messageBody":"Changed JUnit method name to adhere to checkstyle + changed NAME to I…","fileTypesAndContributionMap":{}}]},{"date":"2024-03-20","commitResults":[{"hash":"63570933dafd447ecc141c2a3b115e5141dbcb04","isMergeCommit":false,"messageTitle":"Added a default message for unknown commands","messageBody":"","fileTypesAndContributionMap":{"functional-code":{"insertions":6,"deletions":0}}},{"hash":"ddcb714dac562facd781825aa9957b7ca8252340","isMergeCommit":false,"messageTitle":"Add exception classes","messageBody":"","fileTypesAndContributionMap":{"functional-code":{"insertions":16,"deletions":0}}},{"hash":"dfe0e4dadf3e85ba62f3cfed5a4c7d11bfa17c6d","isMergeCommit":false,"messageTitle":"Add exception mesages in Ui","messageBody":"","fileTypesAndContributionMap":{"functional-code":{"insertions":18,"deletions":2}}},{"hash":"92c36b9a1175a475c043f461437b7ad49a54063a","isMergeCommit":false,"messageTitle":"Fix bug in parser class for wrong input","messageBody":"","fileTypesAndContributionMap":{"functional-code":{"insertions":5,"deletions":0}}},{"hash":"2d203939efcd8bd46de4b8a02ef74a3a3e85badf","isMergeCommit":false,"messageTitle":"Add exceptions to command classes","messageBody":"","fileTypesAndContributionMap":{"functional-code":{"insertions":112,"deletions":3}}},{"hash":"fd920b2de5057ebe15520e3113697427a26c526c","isMergeCommit":false,"messageTitle":"Removed unused import exception statements","messageBody":"","fileTypesAndContributionMap":{"functional-code":{"insertions":0,"deletions":4}}},{"hash":"1b2d0d07810504c700419c60e70b28848825c000","isMergeCommit":true,"messageTitle":"Merge pull request #30 from eliztan/branch-Exceptions","messageBody":"Branch exceptions","tags":["tp-jar"],"fileTypesAndContributionMap":{}}]},{"date":"2024-03-24","commitResults":[{"hash":"3c131699bf8bb6777c569b9c8e22582c689e6c85","isMergeCommit":true,"messageTitle":"Merge pull request #33 from Elyovs/branch-BookStorage","messageBody":"Branch book storage","fileTypesAndContributionMap":{}}]},{"date":"2024-03-27","commitResults":[{"hash":"6cb4ed60a3be1b0f19c29e9e44e28f6511d467b3","isMergeCommit":false,"messageTitle":"Rename bookMarkedException.java to BookMarkedException.java","messageBody":"","fileTypesAndContributionMap":{"other":{"insertions":0,"deletions":0}}},{"hash":"cdde8050dbc36773674fbbfe86fb20847f30d89f","isMergeCommit":false,"messageTitle":"Rename emptyArgumentsException.java to EmptyArgumentsException.java","messageBody":"","fileTypesAndContributionMap":{"other":{"insertions":0,"deletions":0}}},{"hash":"07792dc9c0c9fff245f4d729a241a3294f3634ae","isMergeCommit":false,"messageTitle":"Rename emptyListException.java to EmptyListException.java","messageBody":"","fileTypesAndContributionMap":{"other":{"insertions":0,"deletions":0}}},{"hash":"d34ee05028794737721cd4e8db42d1a5f081b335","isMergeCommit":false,"messageTitle":"Rename indexOutOfListBounds.java to IndexOutOfListBounds.java","messageBody":"","fileTypesAndContributionMap":{"other":{"insertions":0,"deletions":0}}},{"hash":"593e492dba7255c98dba24cfa2e36dad64d79f60","isMergeCommit":false,"messageTitle":"Merge branch \u0027master\u0027 of https://github.com/eliztan/tp","messageBody":"","fileTypesAndContributionMap":{"functional-code":{"insertions":78,"deletions":58}}},{"hash":"74df899f30c4eacdca7fdb521588ce728f588b4a","isMergeCommit":true,"messageTitle":"Merge pull request #41 from eliztan/master","messageBody":"Fix bugs, change exception class names, make parser more OOP","fileTypesAndContributionMap":{}}]},{"date":"2024-03-28","commitResults":[{"hash":"6f77bc1d3aaa6af0d020a144516ee9dc3cc57f09","isMergeCommit":false,"messageTitle":"FIxed bug in parser","messageBody":"","fileTypesAndContributionMap":{"functional-code":{"insertions":13,"deletions":11}}},{"hash":"34e8cc05180d1fbb213b0de9d18abb8ec44ffb51","isMergeCommit":false,"messageTitle":"Added sort by alphabetical function for list","messageBody":"","fileTypesAndContributionMap":{"functional-code":{"insertions":53,"deletions":8}}},{"hash":"1a2d4ca4ded82a5191b5dfe2c1e91b712bb483ef","isMergeCommit":false,"messageTitle":"Fix bug","messageBody":"","fileTypesAndContributionMap":{"functional-code":{"insertions":5,"deletions":5}}},{"hash":"d673bff825107c9045f29087d47e1e41e12a66fb","isMergeCommit":false,"messageTitle":"fix naming bug","messageBody":"","fileTypesAndContributionMap":{"functional-code":{"insertions":2,"deletions":2}}},{"hash":"9303605ef9ed9a4446cdf99cd1bd687a109ac164","isMergeCommit":false,"messageTitle":"fixed naming bug","messageBody":"","fileTypesAndContributionMap":{"functional-code":{"insertions":1,"deletions":1}}},{"hash":"8c847448005609e7582b250918a94c71eb344c15","isMergeCommit":false,"messageTitle":"Changed Ui text","messageBody":"","fileTypesAndContributionMap":{"functional-code":{"insertions":19,"deletions":6}}},{"hash":"517d8565d2e221767c57228b806bd05b6b8e63d6","isMergeCommit":false,"messageTitle":"change ui wording","messageBody":"","fileTypesAndContributionMap":{"functional-code":{"insertions":3,"deletions":1}}},{"hash":"73984eb57f2576bc78f60df08a0f9b35b3db9eae","isMergeCommit":false,"messageTitle":"changing wording","messageBody":"","fileTypesAndContributionMap":{"functional-code":{"insertions":1,"deletions":0}}},{"hash":"4520a921d0aefd85a63d97d913b2bed5fb52038c","isMergeCommit":false,"messageTitle":"SLAP list better","messageBody":"","fileTypesAndContributionMap":{"functional-code":{"insertions":5,"deletions":11}}},{"hash":"e8cfb8b83da697cd1b6c31f3f7f132f9d2324dfd","isMergeCommit":true,"messageTitle":"Merge pull request #42 from eliztan/branch-lists","messageBody":"Branch lists","fileTypesAndContributionMap":{}}]},{"date":"2024-03-29","commitResults":[{"hash":"84620cf003034eb314aa3e65901d8245df80bc2f","isMergeCommit":false,"messageTitle":"Developer Guide update","messageBody":"","fileTypesAndContributionMap":{"docs":{"insertions":25,"deletions":0}}},{"hash":"85eafda509c381c2eb32fd8555f96a70b4f4223e","isMergeCommit":true,"messageTitle":"Merge pull request #49 from eliztan/master","messageBody":"Developer Guide update","fileTypesAndContributionMap":{}}]},{"date":"2024-04-01","commitResults":[{"hash":"4722542abf00689d4016cf6ca4ca29a6662d8ed9","isMergeCommit":false,"messageTitle":"Change default return date, reformat some parts for better coding standarad","messageBody":"","fileTypesAndContributionMap":{"functional-code":{"insertions":11,"deletions":10}}},{"hash":"fffd521696de51301bcd11165badf9736e52997e","isMergeCommit":false,"messageTitle":"add parseCommand method and runlistdateCommand method","messageBody":"","fileTypesAndContributionMap":{"functional-code":{"insertions":58,"deletions":11}}},{"hash":"bfb99444303327ba57948c66a378451fddaa2201","isMergeCommit":false,"messageTitle":"Update /help and EXPECTED.TXT","messageBody":"","fileTypesAndContributionMap":{"functional-code":{"insertions":3,"deletions":1}}},{"hash":"5c8f909cae799be1c82cae509149c335262e95c7","isMergeCommit":true,"messageTitle":"Merge branch \u0027master\u0027 of https://github.com/eliztan/tp","messageBody":"# Conflicts:\n#\tsrc/main/java/bookmarked/Book.java\n","fileTypesAndContributionMap":{}},{"hash":"8cbdebd4c7a5178baffe06ce36c65871a697c102","isMergeCommit":true,"messageTitle":"Merge branch \u0027master\u0027 of https://github.com/eliztan/tp","messageBody":"* \u0027master\u0027 of https://github.com/eliztan/tp:\n  Updated BookStorage to make code more readable and added javadocs\n  Updated BookStorage to make code more readable and added javadocs\n  Updated BookStorage to make code more readable\n","fileTypesAndContributionMap":{}},{"hash":"a288087d97b165e7dc3482770c29dd8808e73256","isMergeCommit":false,"messageTitle":"Fix bug","messageBody":"","fileTypesAndContributionMap":{"functional-code":{"insertions":3,"deletions":3}}},{"hash":"48d1c05bac3098686f0249f9cac0d9edaaa99132","isMergeCommit":false,"messageTitle":"Fix bugs","messageBody":"","fileTypesAndContributionMap":{"functional-code":{"insertions":1,"deletions":2}}}]},{"date":"2024-04-02","commitResults":[{"hash":"06e29c5ae3ca2ccb30b418c56dca1247b8d0ef0f","isMergeCommit":true,"messageTitle":"Merge branch \u0027master\u0027 into master","messageBody":"","fileTypesAndContributionMap":{}},{"hash":"1c02d641e927c8885a8f26d4e54a7deaf62cfb98","isMergeCommit":true,"messageTitle":"Merge pull request #78 from eliztan/master","messageBody":"Add listCommand by alphabetical and return date","fileTypesAndContributionMap":{}},{"hash":"f1742f82ddc68a299d24b850039c58da7b4ef964","isMergeCommit":false,"messageTitle":"Added enumeration for ListCommand for messages","messageBody":"","fileTypesAndContributionMap":{"functional-code":{"insertions":25,"deletions":6}}},{"hash":"ad939b9dc5dc7beb9f61d69c99a7e694d52ab54b","isMergeCommit":false,"messageTitle":"Add JavaDocs to listCommand","messageBody":"","fileTypesAndContributionMap":{"functional-code":{"insertions":36,"deletions":3}}},{"hash":"2e7617ac7055050e5ba506ad5300a4a0b7f3080a","isMergeCommit":false,"messageTitle":"Add jUnit for listCommand","messageBody":"","fileTypesAndContributionMap":{"test-code":{"insertions":40,"deletions":0}}},{"hash":"af3ded776abeae1823b4e1bd1423f205b57fdb0e","isMergeCommit":false,"messageTitle":"Updated UG","messageBody":"","fileTypesAndContributionMap":{"docs":{"insertions":44,"deletions":13}}},{"hash":"93de2a58d0d2af4befdb8d71399ff6a284a62390","isMergeCommit":true,"messageTitle":"Merge pull request #84 from eliztan/master","messageBody":"Updated UG","fileTypesAndContributionMap":{}},{"hash":"06d43564e3095895513bfa92443001b69386bd3b","isMergeCommit":true,"messageTitle":"Merge pull request #83 from eliztan/branch-jUnit","messageBody":"Add javadoc and junit for listCommand","fileTypesAndContributionMap":{}},{"hash":"da0b1b1aebdf504d8932a9e3738ff9006f70cac2","isMergeCommit":true,"messageTitle":"Merge pull request #88 from kirangeofran/master","messageBody":"Updated UG","fileTypesAndContributionMap":{}},{"hash":"f11df8067441a808ec07c72c8e76715bcab2013f","isMergeCommit":false,"messageTitle":"Add UML Diagram for listCommand","messageBody":"","fileTypesAndContributionMap":{"docs":{"insertions":60,"deletions":2}}},{"hash":"62449c5bff4cbc951df197a04be373b5db49b6b8","isMergeCommit":true,"messageTitle":"Merge pull request #89 from eliztan/master","messageBody":"Add UML Diagram for listCommand","fileTypesAndContributionMap":{}},{"hash":"b1a3867bb92a7d629344f9ad3985df39cbc78482","isMergeCommit":true,"messageTitle":"Merge branch \u0027master\u0027 into Branch-addUser","messageBody":"","fileTypesAndContributionMap":{}},{"hash":"26a2ad5d7a844aaa628d9eb55fd0bf230ef7739d","isMergeCommit":true,"messageTitle":"Merge pull request #86 from Elyovs/branch-JUnit/EditCommand","messageBody":"Branch j unit/edit command","tags":["tp-jar-2.0"],"fileTypesAndContributionMap":{}}]}],"cayennegoh":[{"date":"2024-03-06","commitResults":[{"hash":"12c2c7805e8d33476d2c01c19bda4529a0b3c843","isMergeCommit":false,"messageTitle":"Profile","messageBody":"","fileTypesAndContributionMap":{"docs":{"insertions":7,"deletions":7}}},{"hash":"0ae86ffa4f672589b795c6f51ee174181e87d348","isMergeCommit":true,"messageTitle":"Merge branch \u0027master\u0027 into master","messageBody":"","fileTypesAndContributionMap":{}},{"hash":"870989cf9c2519a10055f5895d1c0be9f617c68d","isMergeCommit":true,"messageTitle":"Merge pull request #5 from cayennegoh/master","messageBody":"Profile","fileTypesAndContributionMap":{}}]},{"date":"2024-03-22","commitResults":[{"hash":"23e55a7565fcd0ddef45b38d4b62fd8a05c2a83a","isMergeCommit":false,"messageTitle":"Profile","messageBody":"","fileTypesAndContributionMap":{"functional-code":{"insertions":8,"deletions":4},"test-code":{"insertions":5,"deletions":0}}},{"hash":"5620a6d1aa83081e2df02e0ff4eb1c581ab3a7ac","isMergeCommit":true,"messageTitle":"Merge pull request #32 from cayennegoh/assert","messageBody":"Add assert","fileTypesAndContributionMap":{}}]},{"date":"2024-03-29","commitResults":[{"hash":"fbec976e827be76d93acaa193bdcaa6b75719c2a","isMergeCommit":false,"messageTitle":"Profile","messageBody":"","fileTypesAndContributionMap":{"docs":{"insertions":25,"deletions":1}}},{"hash":"f2a10a11c494d2af6f97780b608eac12e877a75c","isMergeCommit":false,"messageTitle":"Profile","messageBody":"","fileTypesAndContributionMap":{"docs":{"insertions":2,"deletions":0}}},{"hash":"6dd46925929910651718a1ba61716f84758e3e3f","isMergeCommit":true,"messageTitle":"Profile","messageBody":"","fileTypesAndContributionMap":{}},{"hash":"db6abb2d1dba19afb7d5f4983a9438db5b749a32","isMergeCommit":true,"messageTitle":"Profile","messageBody":"","fileTypesAndContributionMap":{}},{"hash":"0c5932ab29e988929638b578a55946edaf964601","isMergeCommit":false,"messageTitle":"Profile","messageBody":"","fileTypesAndContributionMap":{"docs":{"insertions":13,"deletions":0}}},{"hash":"97abe669e670024ded1270c1d826080ee2160e2f","isMergeCommit":true,"messageTitle":"Merge pull request #48 from cayennegoh/DB","messageBody":"Db","fileTypesAndContributionMap":{}}]},{"date":"2024-03-30","commitResults":[{"hash":"647be722f4becb636a154a67cb9e0222671dd699","isMergeCommit":false,"messageTitle":"Profile","messageBody":"","fileTypesAndContributionMap":{"functional-code":{"insertions":133,"deletions":4}}},{"hash":"a8ce71ccab7e45d8ef7a89e9944f571dd7f31006","isMergeCommit":false,"messageTitle":"Profile","messageBody":"","fileTypesAndContributionMap":{"functional-code":{"insertions":7,"deletions":29}}},{"hash":"c6df56c8a3c73ab72533bb882667120b3d603c8b","isMergeCommit":false,"messageTitle":"Profile","messageBody":"","fileTypesAndContributionMap":{"functional-code":{"insertions":7,"deletions":29}}},{"hash":"3539a7b3eae17db68a5d3db30bacab8fb43d4008","isMergeCommit":true,"messageTitle":"Merge branch \u0027AY2324S2-CS2113-W13-4:master\u0027 into Branch-addUser","messageBody":"","fileTypesAndContributionMap":{}}]},{"date":"2024-04-02","commitResults":[{"hash":"982748d931c6637979b4cd39cf08379e6bbf0bf1","isMergeCommit":false,"messageTitle":"adduser","messageBody":"","fileTypesAndContributionMap":{"functional-code":{"insertions":134,"deletions":43}}},{"hash":"b5f2fdd42a4782933b2405a15648b49f5f236a33","isMergeCommit":true,"messageTitle":"Merge branch \u0027master\u0027 into Branch-addUser","messageBody":"","fileTypesAndContributionMap":{}},{"hash":"51222fb8d39c82500b290a6e53dad406033e7341","isMergeCommit":false,"messageTitle":"adduser","messageBody":"","fileTypesAndContributionMap":{"functional-code":{"insertions":5,"deletions":8}}},{"hash":"ba557a63d57e8767a1c38ba24f8e9b721056fc82","isMergeCommit":true,"messageTitle":"Merge remote-tracking branch \u0027origin/Branch-addUser\u0027 into Branch-addUser","messageBody":"# Conflicts:\n#\tsrc/main/java/bookmarked/parser/Parser.java\n","fileTypesAndContributionMap":{}},{"hash":"5c2a158429aac68dd7de3729d0de494c5d09dce8","isMergeCommit":false,"messageTitle":"adduser","messageBody":"","fileTypesAndContributionMap":{"functional-code":{"insertions":1,"deletions":16}}},{"hash":"a234f8b6a7be7dd618e2a4366c9acbf284d727e1","isMergeCommit":false,"messageTitle":"adduser","messageBody":"","fileTypesAndContributionMap":{"functional-code":{"insertions":2,"deletions":1},"test-code":{"insertions":7,"deletions":5}}},{"hash":"4051e81ce7b4f583d91ec0add65e2cdf42c3ea5a","isMergeCommit":true,"messageTitle":"Merge branch \u0027Branch-addUser\u0027 of https://github.com/cayennegoh/tp into Branch-addUser","messageBody":"","fileTypesAndContributionMap":{}},{"hash":"7f7e4d30486804a39402c2e28a0dabd8f9356eaf","isMergeCommit":false,"messageTitle":"adduser","messageBody":"","fileTypesAndContributionMap":{"functional-code":{"insertions":7,"deletions":5},"test-code":{"insertions":17,"deletions":9}}},{"hash":"c8f24b4d17f3af9f83e5d4f3ed897ec4ff9d4f66","isMergeCommit":false,"messageTitle":"adduser","messageBody":"","fileTypesAndContributionMap":{"functional-code":{"insertions":4,"deletions":2}}},{"hash":"23d792e5580f108fea707a57d2c0e2a23f5adc4c","isMergeCommit":false,"messageTitle":"adduser","messageBody":"","fileTypesAndContributionMap":{"functional-code":{"insertions":3,"deletions":4}}},{"hash":"9cc63b7412b030e8bf89693c88118fd1af4b6d65","isMergeCommit":true,"messageTitle":"Merge remote-tracking branch \u0027origin/Branch-addUser\u0027 into Branch-addUser","messageBody":"","fileTypesAndContributionMap":{}},{"hash":"8ba1a2d5266e55a3c55147ffcb0bafd040e357e9","isMergeCommit":true,"messageTitle":"Merge pull request #56 from cayennegoh/Branch-addUser","messageBody":"addUser","fileTypesAndContributionMap":{}}]},{"date":"2024-04-03","commitResults":[{"hash":"5fb7f0ad9554bd1559fa1cf44c04aee990b4c18a","isMergeCommit":false,"messageTitle":"adduser","messageBody":"","fileTypesAndContributionMap":{"functional-code":{"insertions":3,"deletions":1},"docs":{"insertions":61,"deletions":9},"test-code":{"insertions":1,"deletions":1}}}]},{"date":"2024-04-04","commitResults":[{"hash":"6cb9d12d024fda0a8c5d69744f7185bba1c50bc1","isMergeCommit":true,"messageTitle":"Merge pull request #95 from cayennegoh/Branch-addUser","messageBody":"update DG, UG, help list","fileTypesAndContributionMap":{}}]}],"Elyovs":[{"date":"2024-03-06","commitResults":[{"hash":"321a948c0bf5a241f2388ff86e968d17ea0b64df","isMergeCommit":false,"messageTitle":"Modify personal detail","messageBody":"","fileTypesAndContributionMap":{"docs":{"insertions":3,"deletions":7}}},{"hash":"24761dd6325516c02d63e8c2a0edf639890fe0f8","isMergeCommit":true,"messageTitle":"Merge branch \u0027master\u0027 into branch-AboutUS","messageBody":"# Conflicts:\n#\tdocs/AboutUs.md\n","fileTypesAndContributionMap":{}},{"hash":"346a5eb050e5fc787e105e39efc95326faab6f2b","isMergeCommit":true,"messageTitle":"Merge pull request #4 from Elyovs/branch-AboutUS","messageBody":"Modify personal detail Ella","fileTypesAndContributionMap":{}}]},{"date":"2024-03-14","commitResults":[{"hash":"d5629f3bd96d5aced218cd8fdb32162dc62908aa","isMergeCommit":false,"messageTitle":"Add help message as a function","messageBody":"","fileTypesAndContributionMap":{"functional-code":{"insertions":15,"deletions":0}}},{"hash":"22be616e204de317aae364a5138ddbcffbdd00a6","isMergeCommit":true,"messageTitle":"Merge branch \u0027master\u0027 into branch-help","messageBody":"","fileTypesAndContributionMap":{}},{"hash":"44745582f4e82723fedc6d457fa56295f3391154","isMergeCommit":false,"messageTitle":"Merge main, factor out help message print","messageBody":"","fileTypesAndContributionMap":{"functional-code":{"insertions":15,"deletions":45},"test-code":{"insertions":1,"deletions":0}}},{"hash":"1c1791705144a76959bd4fd243144e2907fa7521","isMergeCommit":true,"messageTitle":"Merge pull request #12 from Elyovs/branch-help","messageBody":"Add help message as a function","fileTypesAndContributionMap":{}},{"hash":"3fec149c13d035e3161955cd5eb9fb199fe1bd63","isMergeCommit":true,"messageTitle":"Merge branch \u0027master\u0027 of https://github.com/Elyovs/tp","messageBody":"","fileTypesAndContributionMap":{}},{"hash":"69399ef1b326c18205b8da2ce0e2f3029cf7e614","isMergeCommit":false,"messageTitle":"Add JUnit test cases for Book Class","messageBody":"","fileTypesAndContributionMap":{"test-code":{"insertions":19,"deletions":0}}},{"hash":"bbe84b033f8d7623a47c35440e218143e4df9bdf","isMergeCommit":true,"messageTitle":"Merge pull request #14 from Elyovs/branch-FirstJUnitTest","messageBody":"Branch first JUnit test","fileTypesAndContributionMap":{}},{"hash":"8375f0a79ff6237c30c081f7f5566bef8af13e5b","isMergeCommit":true,"messageTitle":"Merge branch \u0027master\u0027 of https://github.com/Elyovs/tp","messageBody":"","fileTypesAndContributionMap":{}},{"hash":"a3cb5c52ea83df6c318d3ebfe6ea9fee0235ceb5","isMergeCommit":false,"messageTitle":"Update gradle from \"Duke\" to \"BookMarked\"","messageBody":"","fileTypesAndContributionMap":{"other":{"insertions":2,"deletions":2}}},{"hash":"ee661f02325c8438bb9875c8963eb2bba15d61f8","isMergeCommit":true,"messageTitle":"Merge pull request #15 from Elyovs/master","messageBody":"Gradle Update","fileTypesAndContributionMap":{}}]},{"date":"2024-03-18","commitResults":[{"hash":"cfd237aaa435ee7c6e2750e285174ef92075dce6","isMergeCommit":true,"messageTitle":"Merge branch \u0027master\u0027 of https://github.com/Elyovs/tp","messageBody":"* \u0027master\u0027 of https://github.com/Elyovs/tp:\n  JUnit testcase for returned status\n  Changed JUnit method name to adhere to checkstyle + changed NAME to INDEX of book for /help\n  Add JUnit test for description and status\n","fileTypesAndContributionMap":{}},{"hash":"4d07faae6f1595296d5f8108e54a34a90fd0b14f","isMergeCommit":false,"messageTitle":"Move files from seedu.duke into bookmarked","messageBody":"","fileTypesAndContributionMap":{"other":{"insertions":6,"deletions":3}}},{"hash":"78055d7aff0ac0c0d9eeac97fd33011a6e9b4446","isMergeCommit":false,"messageTitle":"factor out greetings from main to ui","messageBody":"","fileTypesAndContributionMap":{"functional-code":{"insertions":13,"deletions":2}}},{"hash":"701237de07ab9bbaac7f7e42d0e91e65663a2fed","isMergeCommit":false,"messageTitle":"factor out help message from main into ui","messageBody":"","fileTypesAndContributionMap":{"functional-code":{"insertions":16,"deletions":15}}},{"hash":"35a8a00d78fe932393b2098e19ef94eca8f7f30c","isMergeCommit":false,"messageTitle":"Factor out exit and seperator message from main to ui","messageBody":"","fileTypesAndContributionMap":{"functional-code":{"insertions":11,"deletions":3}}},{"hash":"2d82f56723e803fecda6a431a3aa4526b4cb138f","isMergeCommit":false,"messageTitle":"Add Parser class","messageBody":"","fileTypesAndContributionMap":{"functional-code":{"insertions":2,"deletions":0}}},{"hash":"cabd26b4d27523b8e19266eaf1aaddb013a3c482","isMergeCommit":false,"messageTitle":"Add abstract class Command and class HelpCommand","messageBody":"","fileTypesAndContributionMap":{"functional-code":{"insertions":19,"deletions":0}}},{"hash":"1cf8609155a18c57572274da0b194d69b48b45e6","isMergeCommit":false,"messageTitle":"Add class for adding command","messageBody":"","fileTypesAndContributionMap":{"functional-code":{"insertions":23,"deletions":0}}},{"hash":"a04fe08f95f067b1256907cbd9db5d58cb01ca6e","isMergeCommit":false,"messageTitle":"Add setBorrowed and setReturned methods to modify isBorrowed","messageBody":"","fileTypesAndContributionMap":{"functional-code":{"insertions":8,"deletions":0}}},{"hash":"26fdad1f73d079acc4b69fb52f763f5035561bf8","isMergeCommit":false,"messageTitle":"Factor out code from main to Parser class","messageBody":"","fileTypesAndContributionMap":{"functional-code":{"insertions":73,"deletions":55}}}]},{"date":"2024-03-19","commitResults":[{"hash":"d189959ef44090c3a5c4c6f93cf632919ac673f1","isMergeCommit":false,"messageTitle":"Add class for mark as borrow command","messageBody":"","fileTypesAndContributionMap":{"functional-code":{"insertions":23,"deletions":0}}},{"hash":"d143313603450e64ede66beb1db7782d1fa84070","isMergeCommit":false,"messageTitle":"Add class for delete command","messageBody":"","fileTypesAndContributionMap":{"functional-code":{"insertions":22,"deletions":0}}},{"hash":"b929bf35663f539525f5b4f803e5001c11669703","isMergeCommit":false,"messageTitle":"Add class for return command","messageBody":"","fileTypesAndContributionMap":{"functional-code":{"insertions":22,"deletions":0}}},{"hash":"8c3aebb33481e3f2ef8ab98b5af6b8101536ac3c","isMergeCommit":false,"messageTitle":"Add class for List Command","messageBody":"","fileTypesAndContributionMap":{"functional-code":{"insertions":21,"deletions":0}}},{"hash":"2af61d145eaed8397a1d0b92b8370183e5a27bbb","isMergeCommit":false,"messageTitle":"Add class for exit command","messageBody":"","fileTypesAndContributionMap":{"functional-code":{"insertions":14,"deletions":0}}},{"hash":"649f92b4c1748e9a7aa19ebd0a798b678e043eeb","isMergeCommit":false,"messageTitle":"Modify Parser and BookMarked for OOP","messageBody":"","fileTypesAndContributionMap":{"functional-code":{"insertions":19,"deletions":52}}},{"hash":"8a3ed3ee124781bbc22162348d8667c9284f3fea","isMergeCommit":false,"messageTitle":"Fix style, removing unused imports","messageBody":"","fileTypesAndContributionMap":{"functional-code":{"insertions":0,"deletions":3}}},{"hash":"cf7f4f99c850f5b6016fd47bda989d72bd4ea96b","isMergeCommit":false,"messageTitle":"Fix github PR error gradle build","messageBody":"","fileTypesAndContributionMap":{"other":{"insertions":2,"deletions":1}}},{"hash":"bbf54fd2841ce89f81f4f3a891ed2cb4aa59a304","isMergeCommit":false,"messageTitle":"Fix style for test on redundant import","messageBody":"","fileTypesAndContributionMap":{"test-code":{"insertions":0,"deletions":1}}},{"hash":"595b6b9f378d98dbea1205c150d6dafb5b446020","isMergeCommit":true,"messageTitle":"Merge pull request #20 from Elyovs/branch-MoreOOP","messageBody":"Branch more oop","fileTypesAndContributionMap":{}},{"hash":"b4bf0aa644beb85ff6cf17f4a882a2a46cc9445e","isMergeCommit":true,"messageTitle":"Merge branch \u0027master\u0027 of https://github.com/Elyovs/tp","messageBody":"* \u0027master\u0027 of https://github.com/Elyovs/tp:\n  Fix style for test on redundant import\n  Fix github PR error gradle build\n  Fix style, removing unused imports\n  Modify Parser and BookMarked for OOP\n  Add class for exit command\n  Add class for List Command\n  Add class for return command\n  Add class for delete command\n  Add class for mark as borrow command\n  Factor out code from main to Parser class\n  Add setBorrowed and setReturned methods to modify isBorrowed\n  Add class for adding command\n  Add abstract class Command and class HelpCommand\n  Add Parser class\n  Factor out exit and seperator message from main to ui\n  factor out help message from main into ui\n  factor out greetings from main to ui\n  Move files from seedu.duke into bookmarked\n","fileTypesAndContributionMap":{}},{"hash":"db02c529bad586a7e061b9395d8e1c20b9682782","isMergeCommit":false,"messageTitle":"Add find command","messageBody":"","fileTypesAndContributionMap":{"functional-code":{"insertions":64,"deletions":0}}},{"hash":"b887ae511bf3da08f251ec392f1a63041e2e3919","isMergeCommit":false,"messageTitle":"Revert \"Add find command\"","messageBody":"This reverts commit db02c529bad586a7e061b9395d8e1c20b9682782.\n","fileTypesAndContributionMap":{"functional-code":{"insertions":0,"deletions":64}}},{"hash":"8b199eddd84ffbb04384c4c1bc1bd8aee50f3f6a","isMergeCommit":false,"messageTitle":"add find command","messageBody":"","fileTypesAndContributionMap":{"functional-code":{"insertions":64,"deletions":0}}},{"hash":"c41c06dc20ca449c0919664112c1891d0b5629cc","isMergeCommit":false,"messageTitle":"Add logger","messageBody":"","fileTypesAndContributionMap":{"functional-code":{"insertions":9,"deletions":0}}}]},{"date":"2024-03-20","commitResults":[{"hash":"8faf9a8e858eb0466fba46225db68a61e568aadb","isMergeCommit":true,"messageTitle":"Merge branch \u0027AY2324S2-CS2113-W13-4:master\u0027 into master","messageBody":"","fileTypesAndContributionMap":{}},{"hash":"da5a7826871141484a621e442ec5229ab7e128e2","isMergeCommit":true,"messageTitle":"Merge branch \u0027master\u0027 of https://github.com/Elyovs/tp","messageBody":"* \u0027master\u0027 of https://github.com/Elyovs/tp:\n  Updated borrow and return commands to take in name of book as an input.\n","fileTypesAndContributionMap":{}},{"hash":"aa17a486f786b2fc9e40582850d2f1f0cc23a9dc","isMergeCommit":true,"messageTitle":"Merge branch \u0027master\u0027 into branch-FindCommand","messageBody":"","fileTypesAndContributionMap":{}},{"hash":"8372aa1833d9bf85a3e660858ffdd7ef2b2ac350","isMergeCommit":true,"messageTitle":"Merge pull request #24 from Elyovs/branch-FindCommand","messageBody":"Branch find command","fileTypesAndContributionMap":{}},{"hash":"a3e4e218ec3c5d9643326264a58e386fa26259d5","isMergeCommit":true,"messageTitle":"Merge branch \u0027master\u0027 of https://github.com/Elyovs/tp","messageBody":"* \u0027master\u0027 of https://github.com/Elyovs/tp:\n  Add logger\n  add find command\n","fileTypesAndContributionMap":{}},{"hash":"59bf055be7748727b2220c4a12ef2bad2a2e859f","isMergeCommit":true,"messageTitle":"Merge branch \u0027master\u0027 of https://github.com/Elyovs/tp","messageBody":"* \u0027master\u0027 of https://github.com/Elyovs/tp:\n  Update /help expected test\n  Removed unused import exception statements\n  Add exceptions to command classes\n  Fix bug in parser class for wrong input\n  Add exception mesages in Ui\n  Add exception classes\n  Added a default message for unknown commands\n","fileTypesAndContributionMap":{}}]},{"date":"2024-03-23","commitResults":[{"hash":"c9d9840ebd1e46f831a7416ffc792fd9ed5ccaf9","isMergeCommit":false,"messageTitle":"Handle creating new file if fiie doesn\u0027t currently exist","messageBody":"","fileTypesAndContributionMap":{"functional-code":{"insertions":35,"deletions":0}}},{"hash":"4c08a2836be86a9549221f4e141cf6c67e08ff73","isMergeCommit":false,"messageTitle":"Add method to read txt file","messageBody":"","fileTypesAndContributionMap":{"functional-code":{"insertions":42,"deletions":2}}}]},{"date":"2024-03-24","commitResults":[{"hash":"f2c7fed53442baa6229e9bb4cc0f58313ce56529","isMergeCommit":false,"messageTitle":"Add method to write to txt file","messageBody":"","fileTypesAndContributionMap":{"functional-code":{"insertions":33,"deletions":18}}},{"hash":"5a5198cedc80728018514ae8451e998bc551a1c6","isMergeCommit":false,"messageTitle":"Fix duplication in method","messageBody":"","fileTypesAndContributionMap":{"functional-code":{"insertions":3,"deletions":7}}},{"hash":"bfee706000bbc01777616661bb93c0b95e9d84e8","isMergeCommit":false,"messageTitle":"Add creating file and read txt file in the beginning of program","messageBody":"","fileTypesAndContributionMap":{"functional-code":{"insertions":6,"deletions":1}}},{"hash":"867e02cd5bdcc1da18937521d4ef27924e9937a4","isMergeCommit":false,"messageTitle":"Add write to txt file feature in each command","messageBody":"","fileTypesAndContributionMap":{"functional-code":{"insertions":34,"deletions":14}}},{"hash":"07784d307886eab18bb6433c26a9e4cef0866039","isMergeCommit":false,"messageTitle":"Fix write txt in return command","messageBody":"","fileTypesAndContributionMap":{"functional-code":{"insertions":2,"deletions":0}}},{"hash":"d775ce0d311ab7f0184cf8de733404b0de970b3b","isMergeCommit":true,"messageTitle":"Merge branch \u0027AY2324S2-CS2113-W13-4:master\u0027 into master","messageBody":"","fileTypesAndContributionMap":{}},{"hash":"fefc31ecdac3c5b288c0c6e919e1681ef46e4dac","isMergeCommit":true,"messageTitle":"Merge branch \u0027master\u0027 of https://github.com/Elyovs/tp","messageBody":"* \u0027master\u0027 of https://github.com/Elyovs/tp:\n  Profile\n","fileTypesAndContributionMap":{}},{"hash":"ebd3380603fc1d8a593e3927a646bc2f4da683c6","isMergeCommit":false,"messageTitle":"Fix style","messageBody":"","fileTypesAndContributionMap":{"functional-code":{"insertions":1,"deletions":3}}},{"hash":"27b6d596c6f0afcbaed3240342bafe3dcd7c5a34","isMergeCommit":true,"messageTitle":"Merge branch \u0027master\u0027 into branch-BookStorage","messageBody":"# Conflicts:\n#\tsrc/main/java/bookmarked/command/ReturnCommand.java\n","fileTypesAndContributionMap":{}},{"hash":"a80e32c0982905d0c111a1c4642990862eca646c","isMergeCommit":false,"messageTitle":"Fix JUnit","messageBody":"","fileTypesAndContributionMap":{"test-code":{"insertions":1,"deletions":1}}}]},{"date":"2024-03-27","commitResults":[{"hash":"31d0a61e3e99f6f27c37d028616cac1ef5e465f3","isMergeCommit":true,"messageTitle":"Merge branch \u0027master\u0027 of https://github.com/Elyovs/tp","messageBody":"* \u0027master\u0027 of https://github.com/Elyovs/tp:\n  Update test\n  Fix JUnit\n  Add txt file\n  Fix style\n  Fix write txt in return command\n  Add write to txt file feature in each command\n  Add creating file and read txt file in the beginning of program\n  Fix duplication in method\n  Add method to write to txt file\n  Add method to read txt file\n  Handle creating new file if fiie doesn\u0027t currently exist\n","fileTypesAndContributionMap":{}},{"hash":"ba70a20fba32c9ad4f0919dd9edf47e7ae79911d","isMergeCommit":false,"messageTitle":"Fix bug in print statement","messageBody":"","fileTypesAndContributionMap":{"functional-code":{"insertions":1,"deletions":7}}}]},{"date":"2024-03-28","commitResults":[{"hash":"76ff7cbadc4ee62eb0d50775ef796b88e2e676a4","isMergeCommit":true,"messageTitle":"Merge branch \u0027AY2324S2-CS2113-W13-4:master\u0027 into master","messageBody":"","fileTypesAndContributionMap":{}},{"hash":"fdbaa7edc61bd08ef001ce4c0aa188891b2aae57","isMergeCommit":false,"messageTitle":"add Junit for find command","messageBody":"","fileTypesAndContributionMap":{"functional-code":{"insertions":10,"deletions":2},"test-code":{"insertions":64,"deletions":0}}},{"hash":"ad970629462aefd71406a2f399f451bbb27428c2","isMergeCommit":true,"messageTitle":"Merge branch \u0027master\u0027 of https://github.com/Elyovs/tp","messageBody":"* \u0027master\u0027 of https://github.com/Elyovs/tp:\n  SLAP list better\n  change wording\n  changing wording\n  change ui wording\n  Changed Ui text\n  change wording\n  bear with me here i\u0027m just trying to pass the gradle checks PLEASE\n  change input expected text file\n  Fixed wording bug\n  fixed naming bug\n  fix naming bug\n  Fix bug\n  Update expected text for help function\n  Added sort by alphabetical function for list\n  FIxed bug in parser\n  Merge branch \u0027master\u0027 of https://github.com/eliztan/tp\n  Rename indexOutOfListBounds.java to IndexOutOfListBounds.java\n  Rename emptyListException.java to EmptyListException.java\n  Rename emptyArgumentsException.java to EmptyArgumentsException.java\n  Rename bookMarkedException.java to BookMarkedException.java\n","fileTypesAndContributionMap":{}},{"hash":"7a1f8b253bb2fb7bca0cf835aab959d907db9b6d","isMergeCommit":true,"messageTitle":"Merge branch \u0027master\u0027 into branch-Bug/StoragePrint","messageBody":"# Conflicts:\n#\ttext-ui-test/EXPECTED.TXT\n","fileTypesAndContributionMap":{}},{"hash":"c72b0e811734d8d3f0037abc81c7e7ee62f17aba","isMergeCommit":true,"messageTitle":"Merge pull request #43 from Elyovs/branch-Bug/StoragePrint","messageBody":"Branch bug/storage print","fileTypesAndContributionMap":{}},{"hash":"dd7fd1a362bf690d9042b26ef1e64eaa0c2bd478","isMergeCommit":true,"messageTitle":"Merge branch \u0027master\u0027 of https://github.com/Elyovs/tp","messageBody":"* \u0027master\u0027 of https://github.com/Elyovs/tp:\n  fix test\n  Fix bug in print statement\n","fileTypesAndContributionMap":{}},{"hash":"4d1adac8d99c9ae110a4fd897d538d9924f02ada","isMergeCommit":true,"messageTitle":"Merge branch \u0027master\u0027 into branch-JUnit/FindCommand","messageBody":"# Conflicts:\n#\tsrc/main/java/bookmarked/command/FindCommand.java\n","fileTypesAndContributionMap":{}}]},{"date":"2024-03-29","commitResults":[{"hash":"b6a0adf392bfcc8afee3ee056381888678ed1868","isMergeCommit":false,"messageTitle":"Add architecture diagram in developter guide","messageBody":"","fileTypesAndContributionMap":{"docs":{"insertions":63,"deletions":1}}},{"hash":"92d3bc040d6446de8cdbcc83679dbc8cc81e10ba","isMergeCommit":false,"messageTitle":"Update DG for readFileStorage in Storage class, including the diagram","messageBody":"","fileTypesAndContributionMap":{"docs":{"insertions":64,"deletions":0}}},{"hash":"72b4ac7c657b36fb3e90e59bd516610ea2aa1032","isMergeCommit":false,"messageTitle":"Fix style","messageBody":"","fileTypesAndContributionMap":{"functional-code":{"insertions":1,"deletions":2}}},{"hash":"7a8d6e4283fe2134b2f5dce5b20edcc01aba43a2","isMergeCommit":false,"messageTitle":"Update DG for WriteBookToTxt","messageBody":"","fileTypesAndContributionMap":{"docs":{"insertions":6,"deletions":1}}},{"hash":"8d680ba4ed7a83bb27e947d7cd1a706839848000","isMergeCommit":false,"messageTitle":"Create diagram for WriteBookToTxt","messageBody":"","fileTypesAndContributionMap":{"docs":{"insertions":36,"deletions":0}}},{"hash":"629377cecf2de09b80e8d94b79c74d0a9b92e601","isMergeCommit":false,"messageTitle":"Fix diagram for ReadFileStorage","messageBody":"","fileTypesAndContributionMap":{"docs":{"insertions":4,"deletions":4}}},{"hash":"c90bd6302216968cfed4baf05cdcb1b505148031","isMergeCommit":true,"messageTitle":"Merge pull request #45 from Elyovs/branch-FirstDGDraft","messageBody":"Branch first dg draft","fileTypesAndContributionMap":{}},{"hash":"191f379210f6d6c541f352c5b0a7b8a9db56db60","isMergeCommit":true,"messageTitle":"Merge branch \u0027master\u0027 of https://github.com/Elyovs/tp","messageBody":"* \u0027master\u0027 of https://github.com/Elyovs/tp:\n  Fix diagram for ReadFileStorage\n  Create diagram for WriteBookToTxt\n  Update DG for WriteBookToTxt\n  Fix style\n  Update DG for readFileStorage in Storage class, including the diagram\n  Add architecture diagram in developter guide\n","fileTypesAndContributionMap":{}},{"hash":"5639b79b444fabd9de609d358821648a6de516d9","isMergeCommit":false,"messageTitle":"Fix Test","messageBody":"","fileTypesAndContributionMap":{"functional-code":{"insertions":1,"deletions":1},"test-code":{"insertions":24,"deletions":20}}},{"hash":"8fc675677cf925047c2fee3c78c4a7a28c441281","isMergeCommit":false,"messageTitle":"Fix style","messageBody":"","fileTypesAndContributionMap":{"functional-code":{"insertions":1,"deletions":1},"test-code":{"insertions":2,"deletions":1}}},{"hash":"cbdc500c425b0b8979280a616e8a08a36c2b7a69","isMergeCommit":false,"messageTitle":"Fix bug in FindCommand","messageBody":"","fileTypesAndContributionMap":{"functional-code":{"insertions":5,"deletions":4},"test-code":{"insertions":15,"deletions":1}}},{"hash":"a7ad8f68936089523668aaa5a29ddce8b1ec7f30","isMergeCommit":false,"messageTitle":"Fix style","messageBody":"","fileTypesAndContributionMap":{"test-code":{"insertions":1,"deletions":15}}},{"hash":"11a928956589d0a989ae5d1c0a9cafc5f17f9917","isMergeCommit":true,"messageTitle":"Merge branch \u0027AY2324S2-CS2113-W13-4:master\u0027 into master","messageBody":"","fileTypesAndContributionMap":{}},{"hash":"aa8bb1fb3fb3b36824f9ad8d39a5bd643810cd6c","isMergeCommit":false,"messageTitle":"add space","messageBody":"","fileTypesAndContributionMap":{"test-code":{"insertions":1,"deletions":1}}},{"hash":"703eb264e8b4c476e4090a8751ab8c031a9647ad","isMergeCommit":true,"messageTitle":"Merge branch \u0027master\u0027 of https://github.com/Elyovs/tp","messageBody":"* \u0027master\u0027 of https://github.com/Elyovs/tp:\n  Profile\n  Developer Guide update\n  Profile\n  Profile\n  BorrowCommand DG Update\n  Update DeveloperGuide.md\n  BorrowCommand DG Update\n","fileTypesAndContributionMap":{}},{"hash":"65ad113113b16ab9a199556d74ba7e828b0be57f","isMergeCommit":true,"messageTitle":"Merge branch \u0027master\u0027 into branch-JUnit/FindCommand","messageBody":"","fileTypesAndContributionMap":{}},{"hash":"916a032696071b976d09fb16908176311cdd3f34","isMergeCommit":false,"messageTitle":"Fix bug for delete command index out of bound error","messageBody":"","fileTypesAndContributionMap":{"functional-code":{"insertions":1,"deletions":1}}},{"hash":"7a703d68bc10f65d9167ef7b12bcc04ce579c3ee","isMergeCommit":false,"messageTitle":"Fix bug for \"   \" input, catch IndexOutOfBound Exception","messageBody":"","fileTypesAndContributionMap":{"functional-code":{"insertions":2,"deletions":2}}},{"hash":"bf68090033955bfcbba9fb7151f1f91a23c493d3","isMergeCommit":false,"messageTitle":"Add JUnit test case for Parser","messageBody":"","fileTypesAndContributionMap":{"test-code":{"insertions":63,"deletions":0}}},{"hash":"6ab537e703a194e647465a8d7dbb3312a181a626","isMergeCommit":false,"messageTitle":"Add basic edit command","messageBody":"","fileTypesAndContributionMap":{"functional-code":{"insertions":48,"deletions":0}}}]},{"date":"2024-03-30","commitResults":[{"hash":"7a23eb58a0bdc9b3588d2492f677b31e62801e79","isMergeCommit":false,"messageTitle":"Add method to set book title","messageBody":"","fileTypesAndContributionMap":{"functional-code":{"insertions":4,"deletions":0}}},{"hash":"1424ef7fbd0dc468fc76f96a4763ddc5664436a1","isMergeCommit":false,"messageTitle":"Add command for edit","messageBody":"","fileTypesAndContributionMap":{"functional-code":{"insertions":4,"deletions":0}}},{"hash":"daaf28fa7e73c092f4f5e393b0317e340d7ca389","isMergeCommit":false,"messageTitle":"Add Exception handling and assertion","messageBody":"","fileTypesAndContributionMap":{"functional-code":{"insertions":38,"deletions":15}}},{"hash":"a489fb2a6b2f1455792865244862bc709287c6af","isMergeCommit":false,"messageTitle":"Add confirmation message after edit","messageBody":"","fileTypesAndContributionMap":{"functional-code":{"insertions":2,"deletions":1}}},{"hash":"5554adf5db00e3d7d61facfbc8545cb4127157d9","isMergeCommit":false,"messageTitle":"remove unused import, reorder variable declaration","messageBody":"","fileTypesAndContributionMap":{"functional-code":{"insertions":1,"deletions":3}}},{"hash":"4ec9b99889a8174d2119e0eb6c9e5ab4335819f4","isMergeCommit":false,"messageTitle":"update help","messageBody":"","fileTypesAndContributionMap":{"functional-code":{"insertions":3,"deletions":0}}}]},{"date":"2024-03-31","commitResults":[{"hash":"f46416663865b1fe94a78e365b788ebc9f9969dd","isMergeCommit":false,"messageTitle":"Update UG on product intro and table of contents","messageBody":"","fileTypesAndContributionMap":{"docs":{"insertions":21,"deletions":5}}},{"hash":"3e8e6ff8015cf3c6a53019ffa648453c4e2e9214","isMergeCommit":false,"messageTitle":"Add FAQ in UG","messageBody":"","fileTypesAndContributionMap":{"docs":{"insertions":9,"deletions":1}}},{"hash":"3c9e81d0149ee70c3a11d3064464d544b8d6413c","isMergeCommit":true,"messageTitle":"Merge pull request #50 from Elyovs/branch-Bug/deleteIndexOutOfBound","messageBody":"Branch bug/delete index out of bound","fileTypesAndContributionMap":{}},{"hash":"8afd939d791944a75a6c95666e8a52ef2d3d9473","isMergeCommit":true,"messageTitle":"Merge branch \u0027master\u0027 of https://github.com/Elyovs/tp","messageBody":"* \u0027master\u0027 of https://github.com/Elyovs/tp:\n  Updates to BorrowCommand (expected return date, availability)\n  Updates to BorrowCommand (expected return date, availability)\n  Fix bug for delete command index out of bound error\n","fileTypesAndContributionMap":{}},{"hash":"ab83c32b6f05546c201e1536394d26d43c4b60df","isMergeCommit":true,"messageTitle":"Merge pull request #44 from Elyovs/branch-JUnit/FindCommand","messageBody":"Branch j unit find command","fileTypesAndContributionMap":{}},{"hash":"08bce478b6fe4c8a3b3fd9d41f2252311ee86840","isMergeCommit":true,"messageTitle":"Merge branch \u0027AY2324S2-CS2113-W13-4:master\u0027 into master","messageBody":"","fileTypesAndContributionMap":{}},{"hash":"622d54614ec468fbd6f50003c56493e234ad38d9","isMergeCommit":true,"messageTitle":"Merge branch \u0027master\u0027 of https://github.com/Elyovs/tp","messageBody":"* \u0027master\u0027 of https://github.com/Elyovs/tp:\n  add space\n  Fix style\n  Fix bug in FindCommand\n  Fix style\n  Fix Test\n  add Junit for find command\n\n# Conflicts:\n#\tbook.txt\n","fileTypesAndContributionMap":{}},{"hash":"1bcdc9c2e6e4a8ce0552d5d2eba857934661f537","isMergeCommit":false,"messageTitle":"Rename file for write book to txt diagram","messageBody":"","fileTypesAndContributionMap":{"docs":{"insertions":0,"deletions":0}}},{"hash":"6f168a08fd77e7bce7a03ea707aa038e03ee56d6","isMergeCommit":false,"messageTitle":"Update DG for help command","messageBody":"","fileTypesAndContributionMap":{"docs":{"insertions":22,"deletions":5}}},{"hash":"95d7451ea1792ca562297073f06e5db91f29fc57","isMergeCommit":false,"messageTitle":"Create diagram for help command","messageBody":"","fileTypesAndContributionMap":{"docs":{"insertions":18,"deletions":0}}},{"hash":"a1bfb9b23f9c131dd643a8e151a9dddbf0c18510","isMergeCommit":false,"messageTitle":"Small redundancy fix","messageBody":"","fileTypesAndContributionMap":{"functional-code":{"insertions":0,"deletions":1}}},{"hash":"8183007977b0da748ac16b07b8efde812a41fee4","isMergeCommit":true,"messageTitle":"Merge pull request #66 from Elyovs/branch-FixStorage","messageBody":"Branch fix storage","fileTypesAndContributionMap":{}},{"hash":"9390552f875c118626bd64e74e10fe766491f6be","isMergeCommit":true,"messageTitle":"Merge branch \u0027master\u0027 of https://github.com/Elyovs/tp","messageBody":"* \u0027master\u0027 of https://github.com/Elyovs/tp:\n  Small redundancy fix\n  Updated named constants\n  Updated EXPECTED.TXT\n  Updated EXPECTED.TXT\n  Updated EXPECTED.TXT\n  Updated EXPECTED.TXT\n  Updated EXPECTED.TXT\n  Added ExtendCommand Class\n","fileTypesAndContributionMap":{}},{"hash":"5a2e49ec25318f95232a193c5b4618d5a7e19708","isMergeCommit":false,"messageTitle":"Fix variable naming","messageBody":"","fileTypesAndContributionMap":{"functional-code":{"insertions":6,"deletions":6}}},{"hash":"6b5b1b2ee69ce42ffcf1930579ca3e9d5d2457a8","isMergeCommit":false,"messageTitle":"Add test case for delete command","messageBody":"","fileTypesAndContributionMap":{"test-code":{"insertions":150,"deletions":0}}},{"hash":"182e1942295d0955a8fb088824abdd6548737342","isMergeCommit":false,"messageTitle":"Fix style","messageBody":"","fileTypesAndContributionMap":{"test-code":{"insertions":2,"deletions":2}}},{"hash":"93e21f8b9c919a8ec91f24bd896ad0f17c10295a","isMergeCommit":false,"messageTitle":"Fix bug in test case","messageBody":"","fileTypesAndContributionMap":{"test-code":{"insertions":1,"deletions":1}}},{"hash":"c262ba7687063acf152150979c3795583e1bd858","isMergeCommit":false,"messageTitle":"add footbox style to fix class","messageBody":"","fileTypesAndContributionMap":{"docs":{"insertions":2,"deletions":0}}},{"hash":"2cb6a83d053b6ab21b71aadd95320f5488d32793","isMergeCommit":true,"messageTitle":"Merge pull request #70 from Elyovs/branch-DG/fixFootbox","messageBody":"Branch dg/fix footbox","fileTypesAndContributionMap":{}},{"hash":"4bb3efbe1447f2d1cadd96c31d6f223b7ea1f81e","isMergeCommit":true,"messageTitle":"Merge branch \u0027master\u0027 of https://github.com/Elyovs/tp","messageBody":"* \u0027master\u0027 of https://github.com/Elyovs/tp:\n  add footbox style to fix class\n  Updated named constants\n","fileTypesAndContributionMap":{}},{"hash":"eddf880549fbff5b339b1f30840a3386fa74c1ea","isMergeCommit":false,"messageTitle":"Add javadoc for constructor","messageBody":"","fileTypesAndContributionMap":{"functional-code":{"insertions":8,"deletions":0}}},{"hash":"3ac2a5c8726c9eee7af4ef9b7b76456a15c3c9e5","isMergeCommit":false,"messageTitle":"extract method for handling edit title","messageBody":"","fileTypesAndContributionMap":{"functional-code":{"insertions":24,"deletions":18}}},{"hash":"078746f290d193957b74d11749a20281981056d2","isMergeCommit":false,"messageTitle":"Add javadoc for handleCommand and EditCommand class","messageBody":"","fileTypesAndContributionMap":{"functional-code":{"insertions":8,"deletions":0}}},{"hash":"b21ac3f424003bc0f007722534ca22aa51a62fea","isMergeCommit":true,"messageTitle":"Merge branch \u0027branch-EditCommandJavadoc\u0027 into branch-EditCommand","messageBody":"","fileTypesAndContributionMap":{}}]},{"date":"2024-04-01","commitResults":[{"hash":"914db5a3d522c432798f53ea8bbbce94471343ae","isMergeCommit":false,"messageTitle":"Update DG for FindCommand","messageBody":"","fileTypesAndContributionMap":{"docs":{"insertions":38,"deletions":3}}},{"hash":"86a32608f0c9365e128a7d18829d6830b54517ff","isMergeCommit":false,"messageTitle":"Create diagram for FindCommand","messageBody":"","fileTypesAndContributionMap":{"docs":{"insertions":4,"deletions":0}}},{"hash":"f3a76556d7fcb63b24674ed85cdaa7c73f120c70","isMergeCommit":false,"messageTitle":"Update diagram","messageBody":"","fileTypesAndContributionMap":{"docs":{"insertions":24,"deletions":2}}},{"hash":"c7df96ab8aef1fa2699a118c94ca2e13661101bc","isMergeCommit":false,"messageTitle":"Update DG for find command","messageBody":"","fileTypesAndContributionMap":{"docs":{"insertions":3,"deletions":0}}},{"hash":"2379038739e6871e5b20e6dc1da5f7666a3c4e6b","isMergeCommit":false,"messageTitle":"Extract methods in FindCommand","messageBody":"","fileTypesAndContributionMap":{"functional-code":{"insertions":27,"deletions":14}}},{"hash":"ae3ae3c743d15e4d4132b35d9ee663df9273e65b","isMergeCommit":true,"messageTitle":"Merge branch \u0027AY2324S2-CS2113-W13-4:master\u0027 into master","messageBody":"","fileTypesAndContributionMap":{}},{"hash":"0ec90d9bc4318e46057cabbd797d723dd0c809cc","isMergeCommit":true,"messageTitle":"Merge branch \u0027master\u0027 of https://github.com/Elyovs/tp","messageBody":"* \u0027master\u0027 of https://github.com/Elyovs/tp:\n  Updated BookStorage to make code more readable and added javadocs\n  Updated BookStorage to make code more readable and added javadocs\n  Updated BookStorage to make code more readable\n","fileTypesAndContributionMap":{}},{"hash":"7dc2c77012af94def80df6916f9760d82bce7280","isMergeCommit":true,"messageTitle":"Merge branch \u0027master\u0027 into branch-FirstUGDraft","messageBody":"","fileTypesAndContributionMap":{}},{"hash":"261dcec3a87fa8d8f8032909c8d0ec1a71465f88","isMergeCommit":true,"messageTitle":"Merge pull request #58 from Elyovs/branch-FirstUGDraft","messageBody":"Branch first ug draft","fileTypesAndContributionMap":{}},{"hash":"31752034a0f7d6b59eff532c38c0bc77a29f67a0","isMergeCommit":true,"messageTitle":"Merge branch \u0027master\u0027 of https://github.com/Elyovs/tp","messageBody":"* \u0027master\u0027 of https://github.com/Elyovs/tp:\n  Add FAQ in UG\n  Update UG on product intro and table of contents\n","fileTypesAndContributionMap":{}},{"hash":"8236c41653b11ce52310cff81425e438ab058aeb","isMergeCommit":true,"messageTitle":"Merge branch \u0027master\u0027 into branch-DGHelpCommand","messageBody":"","fileTypesAndContributionMap":{}},{"hash":"e71fc574a6072dc4d08edab576eddcd7fdd00ff5","isMergeCommit":true,"messageTitle":"Merge pull request #64 from Elyovs/branch-DGHelpCommand","messageBody":"Branch dg help command","fileTypesAndContributionMap":{}},{"hash":"e596f55757f012cfbc2ee48a9a2ae76b3d8f1865","isMergeCommit":true,"messageTitle":"Merge branch \u0027master\u0027 of https://github.com/Elyovs/tp","messageBody":"* \u0027master\u0027 of https://github.com/Elyovs/tp:\n  Create diagram for help command\n  Update DG for help command\n  Rename file for write book to txt diagram\n  Rename file for add command diagram\n","fileTypesAndContributionMap":{}},{"hash":"5797437f5fdb862c0c4e7a1aa3dfe8bec518fc26","isMergeCommit":true,"messageTitle":"Merge branch \u0027master\u0027 into branch-DG/FindCommand","messageBody":"","fileTypesAndContributionMap":{}},{"hash":"18a9a40f61f642831fd3ae95c24aba3e6b99e435","isMergeCommit":true,"messageTitle":"Merge pull request #76 from Elyovs/branch-DG/FindCommand","messageBody":"Branch dg/find command","fileTypesAndContributionMap":{}},{"hash":"18c51bb4fac42fd32cbc61eb0e3bedf156816f23","isMergeCommit":true,"messageTitle":"Merge branch \u0027master\u0027 of https://github.com/Elyovs/tp","messageBody":"* \u0027master\u0027 of https://github.com/Elyovs/tp:\n  Extract methods in FindCommand\n  Update DG for find command\n  Update diagram\n  Create diagram for FindCommand\n  Update DG for FindCommand\n","fileTypesAndContributionMap":{}},{"hash":"31aea9eede0e71ca7adc65213de8d012e162df5d","isMergeCommit":true,"messageTitle":"Merge branch \u0027master\u0027 into branch-EditCommand","messageBody":"# Conflicts:\n#\tsrc/main/java/bookmarked/Book.java\n#\tsrc/main/java/bookmarked/parser/Parser.java\n","fileTypesAndContributionMap":{}},{"hash":"8c87ee5040011dec391e6c84690666b2d4281303","isMergeCommit":false,"messageTitle":"Fix bug in Parser case statement (add break)","messageBody":"","fileTypesAndContributionMap":{"functional-code":{"insertions":1,"deletions":0}}},{"hash":"099061ec2aca087e39cdcd658b3863051b8a05c4","isMergeCommit":true,"messageTitle":"Merge pull request #55 from Elyovs/branch-EditCommand","messageBody":"Branch edit command","fileTypesAndContributionMap":{}},{"hash":"3211b6aeaea5194533f34bd28b04722964034bdd","isMergeCommit":true,"messageTitle":"Merge branch \u0027master\u0027 of https://github.com/Elyovs/tp","messageBody":"* \u0027master\u0027 of https://github.com/Elyovs/tp:\n  Fix bug in Parser case statement (add break)\n  Add javadoc for handleCommand and EditCommand class\n  extract method for handling edit title\n  Add javadoc for constructor\n  Update runtest\n  update help\n  remove unused import, reorder variable declaration\n  Add confirmation message after edit\n  Add Exception handling and assertion\n  Add command for edit\n  Add method to set book title\n  Add basic edit command\n","fileTypesAndContributionMap":{}},{"hash":"5f80fdd4a55174a6f281b7d7ae7edf8b2688bf4c","isMergeCommit":false,"messageTitle":"Fix typo","messageBody":"","fileTypesAndContributionMap":{"test-code":{"insertions":1,"deletions":1}}}]},{"date":"2024-04-02","commitResults":[{"hash":"4c3486c2df6a51208c6f042c50b431d6d002d89f","isMergeCommit":true,"messageTitle":"Merge branch \u0027AY2324S2-CS2113-W13-4:master\u0027 into master","messageBody":"","fileTypesAndContributionMap":{}},{"hash":"0f9b9557c5f323b5a9843cbb3a743eb17ae65961","isMergeCommit":true,"messageTitle":"Merge branch \u0027master\u0027 of https://github.com/Elyovs/tp","messageBody":"* \u0027master\u0027 of https://github.com/Elyovs/tp:\n  Update EXPECTEED.TXT\n  update EXPECTED.TXT\n  Fix bugs\n  Fix bug\n  Update /help and EXPECTED.TXT\n  add parseCommand method and runlistdateCommand method\n  Change default return date, reformat some parts for better coding standarad\n","fileTypesAndContributionMap":{}},{"hash":"993d778e4a325bb2fc9e2177be5e43e395014818","isMergeCommit":true,"messageTitle":"Merge branch \u0027master\u0027 into branch-JUnit/Parser","messageBody":"","fileTypesAndContributionMap":{}},{"hash":"71b99ff935c8f3ceb8d01e187886686ed71347b9","isMergeCommit":true,"messageTitle":"Merge pull request #52 from Elyovs/branch-JUnit/Parser","messageBody":"Branch j unit/parser","fileTypesAndContributionMap":{}},{"hash":"675abc1b51b6375f23e7957935abc3ef84821a6e","isMergeCommit":true,"messageTitle":"Merge branch \u0027master\u0027 of https://github.com/Elyovs/tp","messageBody":"* \u0027master\u0027 of https://github.com/Elyovs/tp:\n  Fix typo\n  Add JUnit test case for Parser\n  Fix bug for \"   \" input, catch IndexOutOfBound Exception\n","fileTypesAndContributionMap":{}},{"hash":"b73198a4209136e88f48b66fc01160025c4527be","isMergeCommit":true,"messageTitle":"Merge branch \u0027master\u0027 into branch-JUnit/DeleteCommand","messageBody":"","fileTypesAndContributionMap":{}},{"hash":"273ccdfddb37491d3e9e73d995b381d663508dcd","isMergeCommit":true,"messageTitle":"Merge pull request #67 from Elyovs/branch-JUnit/DeleteCommand","messageBody":"Branch j unit/delete command","fileTypesAndContributionMap":{}},{"hash":"dad271a47844acce8c97cf414183ee6d854db8a5","isMergeCommit":true,"messageTitle":"Merge branch \u0027master\u0027 of https://github.com/Elyovs/tp","messageBody":"* \u0027master\u0027 of https://github.com/Elyovs/tp:\n  Fix bug in test case\n  Fix style\n  Add test case for delete command\n  Fix variable naming\n","fileTypesAndContributionMap":{}},{"hash":"7da55e54f989ddf9f731ac28d288f5add5eaa2de","isMergeCommit":false,"messageTitle":"Add test cases for Edit Command methods","messageBody":"","fileTypesAndContributionMap":{"test-code":{"insertions":137,"deletions":0}}},{"hash":"f05d43cc0644178724e0b629e061428ca7512bed","isMergeCommit":false,"messageTitle":"Fix minor bug in EditCommand","messageBody":"","fileTypesAndContributionMap":{"functional-code":{"insertions":1,"deletions":2}}},{"hash":"066d75945f09d60d6fbb14b307b6374f587127e1","isMergeCommit":false,"messageTitle":"Fix EditCommand from testing","messageBody":"","fileTypesAndContributionMap":{"functional-code":{"insertions":12,"deletions":3}}},{"hash":"44a4d85ef808947061aff1e5d3928f8276cc3158","isMergeCommit":false,"messageTitle":"Add test cases for EditCommand class","messageBody":"","fileTypesAndContributionMap":{"test-code":{"insertions":50,"deletions":46}}},{"hash":"54dc429d76b1c3adf43b32e78b39666ce6ccc31f","isMergeCommit":false,"messageTitle":"Remove unused import in EditCommandTest","messageBody":"","fileTypesAndContributionMap":{"test-code":{"insertions":0,"deletions":2}}},{"hash":"eb6cd5f3e7cb40962961f56df26254316ca0f7e5","isMergeCommit":true,"messageTitle":"Merge branch \u0027AY2324S2-CS2113-W13-4:master\u0027 into master","messageBody":"","fileTypesAndContributionMap":{}},{"hash":"f3a02a67cc0c4aaf6262e7f81d7846ccd6697750","isMergeCommit":false,"messageTitle":"add class for command component diagram","messageBody":"","fileTypesAndContributionMap":{"docs":{"insertions":8,"deletions":0}}},{"hash":"23ceb4194fda8b7d6c92b6761db06a44a5b653ea","isMergeCommit":false,"messageTitle":"Add classes inherit from Command","messageBody":"","fileTypesAndContributionMap":{"docs":{"insertions":96,"deletions":2}}},{"hash":"8990f12bda3de955a3b9e124adcb29113e83e3f2","isMergeCommit":true,"messageTitle":"Merge pull request #91 from Elyovs/branch-DG/CommandComponentClassDiagram","messageBody":"Branch dg/command component class diagram","fileTypesAndContributionMap":{}}]},{"date":"2024-04-03","commitResults":[{"hash":"24268c36a45a31e0923d9afa9c6cf6c77b2654d7","isMergeCommit":false,"messageTitle":"add to summary page","messageBody":"","fileTypesAndContributionMap":{"docs":{"insertions":4,"deletions":4}}},{"hash":"f66ee6187e4170d04ae330c0dbb0d3c36e75665f","isMergeCommit":true,"messageTitle":"Merge pull request #93 from Elyovs/branch-UG/Summary","messageBody":"add to summary page","fileTypesAndContributionMap":{}}]}]},"authorFileTypeContributionMap":{"kirangeofran":{"docs":147,"functional-code":388,"test-code":312},"eliztan":{"docs":121,"functional-code":386,"test-code":46},"cayennegoh":{"docs":85,"functional-code":220,"test-code":28},"Elyovs":{"docs":406,"functional-code":452,"test-code":433,"other":3}},"authorContributionVariance":{"kirangeofran":10884.2705,"eliztan":2913.6099,"cayennegoh":2778.6191,"Elyovs":12349.1455},"authorDisplayNameMap":{"kirangeofran":"CS2113-W13-4 KIRA..ARAN","eliztan":"CS2113-W13-4 TAN ..BETH","cayennegoh":"CS2113-W13-4 GOH ..ENNE","Elyovs":"CS2113-W13-4 ELLA..BOWO"}}
