{"authorDailyContributionsMap":{"Joellimjr":[{"date":"2024-03-07","commitResults":[{"hash":"a157fc0b1ebf3faab2fdf48fff41bad62b35c444","isMergeCommit":false,"messageTitle":"about us","messageBody":"","fileTypesAndContributionMap":{"docs":{"insertions":5,"deletions":5}}},{"hash":"3bc329cfbf9c118c279329c4773b8d95c3385b7f","isMergeCommit":true,"messageTitle":"Merge pull request #1 from Joellimjr/JoelLim-AboutUs","messageBody":"joel - about us","fileTypesAndContributionMap":{}}]},{"date":"2024-03-15","commitResults":[{"hash":"ce61e663fe0adf86a158778a207987b07947d0a1","isMergeCommit":false,"messageTitle":"Create Parser class","messageBody":"","fileTypesAndContributionMap":{"functional-code":{"insertions":10,"deletions":0}}},{"hash":"be51ada874f7ad2b3fbea141fd941ed33a27124f","isMergeCommit":false,"messageTitle":"Create Parser package","messageBody":"","fileTypesAndContributionMap":{"other":{"insertions":2,"deletions":0}}},{"hash":"0f691241017a3325a60cada35cbc11f90ddad089","isMergeCommit":true,"messageTitle":"Merge branch \u0027master\u0027 of https://github.com/AY2324S2-CS2113-T15-4/tp","messageBody":"","fileTypesAndContributionMap":{}},{"hash":"32e3c84934c92879fde644a5947fb09222ef7ba9","isMergeCommit":true,"messageTitle":"Create Parser package","messageBody":"","fileTypesAndContributionMap":{}},{"hash":"3f374c68b9bb278f02fbfa3e5e61c85ee21c17de","isMergeCommit":true,"messageTitle":"Merge pull request #8 from Joellimjr/master","messageBody":"Create Parser","fileTypesAndContributionMap":{}},{"hash":"d0e09a9caa31c59606d4e9f16939c3afc1b25f66","isMergeCommit":false,"messageTitle":"Create ParserTest","messageBody":"","fileTypesAndContributionMap":{"functional-code":{"insertions":4,"deletions":0}}},{"hash":"e2ca0e06e2388f4be1ab05ac6675825e0dd16a42","isMergeCommit":false,"messageTitle":"Create ParserTest","messageBody":"","fileTypesAndContributionMap":{"functional-code":{"insertions":0,"deletions":4},"test-code":{"insertions":22,"deletions":0}}},{"hash":"27bbaef4e8a2f6690effdbfa842a67f2864559a2","isMergeCommit":true,"messageTitle":"Merge pull request #9 from Joellimjr/v1.0","messageBody":"Add ParserTest","fileTypesAndContributionMap":{}}]},{"date":"2024-03-18","commitResults":[{"hash":"4b798ff18bbd5bbe2ef87620b4de1f009c64cc2a","isMergeCommit":true,"messageTitle":"Merge branch \u0027master\u0027 of https://github.com/AY2324S2-CS2113-T15-4/tp into v1.0","messageBody":"","fileTypesAndContributionMap":{}}]},{"date":"2024-03-20","commitResults":[{"hash":"b7beb5a7cef12542db40d9b784f3598f72ed1a28","isMergeCommit":true,"messageTitle":"Merge branch \u0027master\u0027 of https://github.com/AY2324S2-CS2113-T15-4/tp into v1.0","messageBody":"","fileTypesAndContributionMap":{}},{"hash":"67692a212b1d60456bedb14d9002ef2fd09ab6ff","isMergeCommit":false,"messageTitle":"Add parser functions, command format exceptions, command types and messages","messageBody":"","fileTypesAndContributionMap":{"functional-code":{"insertions":189,"deletions":3}}},{"hash":"f19b1087950309c14e2a337000dcfd5db8a6ed94","isMergeCommit":true,"messageTitle":"Merge pull request #32 from Joellimjr/v1.0","messageBody":"Parser functions","fileTypesAndContributionMap":{}}]},{"date":"2024-03-21","commitResults":[{"hash":"4e714ca25d5a0cf8f20b4a3e01be8cfacaad4bb1","isMergeCommit":true,"messageTitle":"Merge branch \u0027master\u0027 of https://github.com/AY2324S2-CS2113-T15-4/tp into v1.0","messageBody":"","fileTypesAndContributionMap":{}},{"hash":"b2299880f49f31ec35666f02e9f7b2a23cb45a58","isMergeCommit":false,"messageTitle":"add category param for addcommand format","messageBody":"","fileTypesAndContributionMap":{"functional-code":{"insertions":8,"deletions":5}}},{"hash":"c2d7b0a3641716cb0756f25fbd5ebce8ba96014d","isMergeCommit":false,"messageTitle":"add incorrectcommand class","messageBody":"","fileTypesAndContributionMap":{"functional-code":{"insertions":11,"deletions":1}}},{"hash":"67f35c8cfcc9482b2b321aa032306aaac315d84c","isMergeCommit":false,"messageTitle":"edit prepareAdd function","messageBody":"","fileTypesAndContributionMap":{"functional-code":{"insertions":18,"deletions":21}}},{"hash":"00e118f654e5fa6d1dd59bb0a69832719f5cf704","isMergeCommit":false,"messageTitle":"edit checkstyle","messageBody":"","fileTypesAndContributionMap":{"functional-code":{"insertions":6,"deletions":4}}},{"hash":"2c9160ae3da9d461b670f0ea178bc8b8bbd260b0","isMergeCommit":false,"messageTitle":"edit delete and edit function","messageBody":"","fileTypesAndContributionMap":{"functional-code":{"insertions":6,"deletions":19}}},{"hash":"ff810392184c1b4d0ea70ff64f153e7099335e72","isMergeCommit":true,"messageTitle":"Merge pull request #38 from Joellimjr/v1.0","messageBody":"add incorrectCommand and add category param for addCommand","fileTypesAndContributionMap":{}},{"hash":"d4e604b2e32555fbb44ad3daa7c84feed48188de","isMergeCommit":true,"messageTitle":"Merge branch \u0027master\u0027 of https://github.com/AY2324S2-CS2113-T15-4/tp into v1.0","messageBody":"","fileTypesAndContributionMap":{}},{"hash":"fd66cb10daa4dd02b997fcbda3c9e4bd7a0aa039","isMergeCommit":false,"messageTitle":"fix bug in parser formatting","messageBody":"","fileTypesAndContributionMap":{"functional-code":{"insertions":17,"deletions":8}}},{"hash":"e400aef9a333e2d802be277a1868b8de25490665","isMergeCommit":true,"messageTitle":"Merge pull request #40 from Joellimjr/v1.0","messageBody":"fixing parser format issue","fileTypesAndContributionMap":{}},{"hash":"987ce9d548d72d7c1a9e93a9c32a6b99dfb93838","isMergeCommit":false,"messageTitle":"fix category formatting in parser","messageBody":"","fileTypesAndContributionMap":{"functional-code":{"insertions":6,"deletions":6}}},{"hash":"350fe56910078e480cd14eeca745e9140ba15362","isMergeCommit":false,"messageTitle":"fix parser bug to allow handling of blank and garbage inputs","messageBody":"","fileTypesAndContributionMap":{"functional-code":{"insertions":12,"deletions":7}}},{"hash":"0ca172a219c99aa174d0889cd3be14a027c2946d","isMergeCommit":false,"messageTitle":"resolve merge conflicts","messageBody":"","fileTypesAndContributionMap":{"functional-code":{"insertions":15,"deletions":11},"test-code":{"insertions":39,"deletions":4}}},{"hash":"15157883df11e1293de2846bd4e3a36b321a5694","isMergeCommit":true,"messageTitle":"Merge branch \u0027master\u0027 into v1.0","messageBody":"","fileTypesAndContributionMap":{}},{"hash":"a29af207d1632e8c498bbc9decb04c1a16e1c20c","isMergeCommit":true,"messageTitle":"Merge pull request #41 from Joellimjr/v1.0","messageBody":"parser update to handle blank and garbage inputs","fileTypesAndContributionMap":{}}]},{"date":"2024-03-22","commitResults":[{"hash":"4d0822ecd941615602c14d37da0cf30dd9f8dffb","isMergeCommit":false,"messageTitle":"fix case naming for del command","messageBody":"","fileTypesAndContributionMap":{"functional-code":{"insertions":5,"deletions":5}}},{"hash":"a3250ffe261a89bf5239d0c8dfa9b6f9c9e551a0","isMergeCommit":true,"messageTitle":"Merge pull request #49 from Joellimjr/v1.1","messageBody":"fix case naming for del command","fileTypesAndContributionMap":{}},{"hash":"d388d5a29a090734aca74e64cbf7848527ff2286","isMergeCommit":false,"messageTitle":"add assertions","messageBody":"","fileTypesAndContributionMap":{"functional-code":{"insertions":2,"deletions":0}}},{"hash":"37f3d88413a7ce182c9b5ae19da1ad27d930e062","isMergeCommit":true,"messageTitle":"Merge branch \u0027master\u0027 of https://github.com/AY2324S2-CS2113-T15-4/tp into v1.1","messageBody":"","fileTypesAndContributionMap":{}}]},{"date":"2024-03-25","commitResults":[{"hash":"2da12d25ba61e8d8e3ccefe3908dd4a1177579c9","isMergeCommit":true,"messageTitle":"Merge pull request #50 from Joellimjr/v1.1","messageBody":"add assertions","fileTypesAndContributionMap":{}}]},{"date":"2024-03-26","commitResults":[{"hash":"a2489601b9b3a80fd62284a88e408c49e3a192ab","isMergeCommit":true,"messageTitle":"Merge branch \u0027master\u0027 of https://github.com/AY2324S2-CS2113-T15-4/tp into v1.1","messageBody":"","fileTypesAndContributionMap":{}}]},{"date":"2024-03-27","commitResults":[{"hash":"63f94703f4b6d76c30697cb9160d1c2783617daa","isMergeCommit":false,"messageTitle":"add buy and sell prices to add function","messageBody":"","fileTypesAndContributionMap":{"functional-code":{"insertions":38,"deletions":13}}},{"hash":"7d8a2c651133bbe069bd6e650265ad63f490d49a","isMergeCommit":false,"messageTitle":"format storage to include buy and sell price","messageBody":"","fileTypesAndContributionMap":{"functional-code":{"insertions":3,"deletions":3}}},{"hash":"c2b17b16d89b82595d788d0a1692afb9d03ab603","isMergeCommit":true,"messageTitle":"Merge pull request #59 from Joellimjr/v2.0","messageBody":"add buy and sell price","fileTypesAndContributionMap":{}},{"hash":"80b9ef2951245397873970c430aeec31b32b4efe","isMergeCommit":false,"messageTitle":"edit checkstyle","messageBody":"","fileTypesAndContributionMap":{"functional-code":{"insertions":8,"deletions":6}}},{"hash":"ad22b17b4193c84dd1bb7b1455970be14878ea8a","isMergeCommit":true,"messageTitle":"Merge pull request #60 from Joellimjr/v2.0","messageBody":"edit checkstyle","fileTypesAndContributionMap":{}}]},{"date":"2024-03-28","commitResults":[{"hash":"896b07b81d9adfb63e959bfd81e8f944d0c556f4","isMergeCommit":false,"messageTitle":"add sell command","messageBody":"","fileTypesAndContributionMap":{"functional-code":{"insertions":107,"deletions":7}}},{"hash":"743e32bd3808e774171ccbb2d30d1811992e9a46","isMergeCommit":true,"messageTitle":"resolve merge conflicts","messageBody":"","fileTypesAndContributionMap":{}},{"hash":"be181159d5d572f48cbba3a9c7c712fc170769b4","isMergeCommit":false,"messageTitle":"resolve checkstyle warnings","messageBody":"","fileTypesAndContributionMap":{"functional-code":{"insertions":5,"deletions":10}}},{"hash":"baabbc55420e7a9b52ac00c5cc301a63f01031b1","isMergeCommit":true,"messageTitle":"Merge pull request #66 from Joellimjr/v2.0","messageBody":"add sell command","fileTypesAndContributionMap":{}}]}],"HengShuHong":[{"date":"2024-03-07","commitResults":[{"hash":"50cb8004c6b73fd5b73b36ff80b676e71e8d5e9b","isMergeCommit":false,"messageTitle":"Add Shu Hong Profile","messageBody":"","fileTypesAndContributionMap":{"docs":{"insertions":5,"deletions":5}}},{"hash":"c5a76d50c8dbaddeee2af080d74240340375e56f","isMergeCommit":true,"messageTitle":"Merge branch \u0027master\u0027 of https://github.com/AY2324S2-CS2113-T15-4/tp into shuHong-AboutUs","messageBody":"","fileTypesAndContributionMap":{}},{"hash":"70d49a1df4670dcc307f2401b9e989565e1fe5be","isMergeCommit":true,"messageTitle":"Merge branch \u0027master\u0027 of https://github.com/AY2324S2-CS2113-T15-4/tp into shuHong-AboutUs","messageBody":"# Conflicts:\n#\tdocs/AboutUs.md\n","fileTypesAndContributionMap":{}},{"hash":"a2def678b83013975bc7d812fb22497c4d43487c","isMergeCommit":true,"messageTitle":"Merge branch \u0027master\u0027 of https://github.com/AY2324S2-CS2113-T15-4/tp into shuHong-AboutUs","messageBody":"# Conflicts:\n#\tdocs/AboutUs.md\n","fileTypesAndContributionMap":{}},{"hash":"261c6f577db73d9cf8ef97600a028aeeb54a8d72","isMergeCommit":true,"messageTitle":"Merge pull request #4 from HengShuHong/shuHong-AboutUs","messageBody":"Edit about us","fileTypesAndContributionMap":{}}]},{"date":"2024-03-15","commitResults":[{"hash":"952bbfec97dcab2e1d7c9fa3bfbe70d725c9e242","isMergeCommit":false,"messageTitle":"Add TextUi class","messageBody":"","fileTypesAndContributionMap":{"functional-code":{"insertions":26,"deletions":0}}},{"hash":"7b4152388ff0f66977231d86785f381d2eb26420","isMergeCommit":false,"messageTitle":"Revert \"Add TextUi class\"","messageBody":"This reverts commit 952bbfec97dcab2e1d7c9fa3bfbe70d725c9e242.\n","fileTypesAndContributionMap":{"functional-code":{"insertions":0,"deletions":26}}},{"hash":"6e4b6f8494ed3b87f5574c6b153797c90e8767c2","isMergeCommit":true,"messageTitle":"Merge branch \u0027shuHong-AboutUs\u0027","messageBody":"","fileTypesAndContributionMap":{}},{"hash":"790b26eaa881e467c7b4eac69905816d82c92988","isMergeCommit":false,"messageTitle":"Add TextUi Class","messageBody":"","fileTypesAndContributionMap":{"functional-code":{"insertions":26,"deletions":0}}},{"hash":"709e06c49d7953b6262810a05ded0f02e68b3ca9","isMergeCommit":false,"messageTitle":"Add TextUi Test","messageBody":"","fileTypesAndContributionMap":{"test-code":{"insertions":4,"deletions":0}}},{"hash":"0c7de928354c574ca324c21bed2f97439a52dbe6","isMergeCommit":true,"messageTitle":"Merge pull request #1 from HengShuHong/TextUi-Class","messageBody":"Text UI class","fileTypesAndContributionMap":{}},{"hash":"830d5ca700d3aa02bafab18ae96ae22f6f765f5c","isMergeCommit":false,"messageTitle":"Fix Code to follow coding style","messageBody":"","fileTypesAndContributionMap":{"functional-code":{"insertions":4,"deletions":2}}},{"hash":"442c13bbd29b3eebbfa556007ec64b0417ce106a","isMergeCommit":true,"messageTitle":"Merge branch \u0027TextUi-Class\u0027","messageBody":"","fileTypesAndContributionMap":{}},{"hash":"4f626605ca2429b33533a37498a4af78e110f3c0","isMergeCommit":true,"messageTitle":"Merge remote-tracking branch \u0027origin/master\u0027","messageBody":"","fileTypesAndContributionMap":{}},{"hash":"2de733d7e2ae1db4698dd304dbedd9a0edbd0e46","isMergeCommit":true,"messageTitle":"Merge pull request #17 from HengShuHong/master","messageBody":"Add TextUi","fileTypesAndContributionMap":{}}]},{"date":"2024-03-17","commitResults":[{"hash":"32d06eb9ead426c6656b4ab19c52f9f50fdc96a1","isMergeCommit":false,"messageTitle":"Create package for TextUi","messageBody":"","fileTypesAndContributionMap":{"other":{"insertions":2,"deletions":2}}},{"hash":"9bd70847b3269461fc0331fa1a2ddaec98014e30","isMergeCommit":false,"messageTitle":"Add Welcome and Goodbye Message","messageBody":"","fileTypesAndContributionMap":{"functional-code":{"insertions":36,"deletions":9}}},{"hash":"799ef0f67fac0b83b2c510086901cbf306cc05da","isMergeCommit":false,"messageTitle":"Add more Methods for Ui","messageBody":"","fileTypesAndContributionMap":{"functional-code":{"insertions":20,"deletions":1}}},{"hash":"7980038423b09d64a19c2bf91e969307136ef748","isMergeCommit":false,"messageTitle":"Edit coding style","messageBody":"","fileTypesAndContributionMap":{"other":{"insertions":6,"deletions":11}}}]},{"date":"2024-03-18","commitResults":[{"hash":"1700a71b8a57c5c4d72d3ca7f83ed61a36f4e395","isMergeCommit":false,"messageTitle":"Tidy up Code","messageBody":"","fileTypesAndContributionMap":{"functional-code":{"insertions":4,"deletions":3},"other":{"insertions":1,"deletions":1},"test-code":{"insertions":20,"deletions":2}}},{"hash":"811b251ca505486f0290c8864c69ca6bb6117bf8","isMergeCommit":true,"messageTitle":"Merge branch \u0027TextUi-1\u0027","messageBody":"","fileTypesAndContributionMap":{}},{"hash":"48d85b83b02bd85f925f4524a7c1488fd253effc","isMergeCommit":false,"messageTitle":"Edit coding style","messageBody":"","fileTypesAndContributionMap":{"functional-code":{"insertions":0,"deletions":1}}},{"hash":"467943328edbc136b331a3e2c5c93aa8fc27568d","isMergeCommit":false,"messageTitle":"Format code","messageBody":"","fileTypesAndContributionMap":{"other":{"insertions":8,"deletions":8}}},{"hash":"cd3b3783064b0d8d3ad3b2f3ac913a06363953ae","isMergeCommit":true,"messageTitle":"Merge branch \u0027master\u0027 into master","messageBody":"","fileTypesAndContributionMap":{}},{"hash":"6b509eeb030bea85a4a0bcc3c5ccc80afefd7315","isMergeCommit":true,"messageTitle":"Merge pull request #28 from HengShuHong/master","messageBody":"Edit TextUi class","fileTypesAndContributionMap":{}}]},{"date":"2024-03-20","commitResults":[{"hash":"f2088d915f5ce18afe2c342ea66a4c9a1ada199b","isMergeCommit":false,"messageTitle":"Add temporary parameters for methods","messageBody":"","fileTypesAndContributionMap":{"functional-code":{"insertions":4,"deletions":3}}},{"hash":"749f542484b9a3b14656f17e6282a0a1fd0af9ca","isMergeCommit":false,"messageTitle":"Add Command Class","messageBody":"","fileTypesAndContributionMap":{"functional-code":{"insertions":41,"deletions":2}}},{"hash":"930290b3ee33d3b3c7d293e2e314a92ec1b96332","isMergeCommit":true,"messageTitle":"Resolve Conflict","messageBody":"","fileTypesAndContributionMap":{}},{"hash":"1d8d03c7136ba4650fb2c60a6d4bbd6f713fe4bd","isMergeCommit":true,"messageTitle":"Merge branch \u0027Command-Class\u0027","messageBody":"# Conflicts:\n#\tsrc/main/java/item/Item.java\n","fileTypesAndContributionMap":{}},{"hash":"4f50ffc4971cf4335be359dec6c2f82508550e51","isMergeCommit":false,"messageTitle":"Edit AddCommand Class","messageBody":"","fileTypesAndContributionMap":{"functional-code":{"insertions":10,"deletions":3},"other":{"insertions":2,"deletions":2}}},{"hash":"af9e012d9005c264256b876557e4f7de71597090","isMergeCommit":true,"messageTitle":"Merge pull request #37 from HengShuHong/master","messageBody":"Add Command Class","fileTypesAndContributionMap":{}},{"hash":"c6f79cd6e4e7220596341e9be45143d83e3c7835","isMergeCommit":false,"messageTitle":"Edit Coding Style","messageBody":"","fileTypesAndContributionMap":{"functional-code":{"insertions":6,"deletions":2}}}]},{"date":"2024-03-21","commitResults":[{"hash":"87271f54768d8c88ea678b87abd79d23bc9cf911","isMergeCommit":false,"messageTitle":"Add more Command Class","messageBody":"","fileTypesAndContributionMap":{"functional-code":{"insertions":185,"deletions":34}}},{"hash":"26090ac37990af438ec269960601d2d596cf906f","isMergeCommit":true,"messageTitle":"Merge branch \u0027master\u0027 of https://github.com/AY2324S2-CS2113-T15-4/tp","messageBody":"# Conflicts:\n#\tsrc/main/java/common/Messages.java\n","fileTypesAndContributionMap":{}},{"hash":"b2eacfe886ae50007bc17478295b0c4c7b596af0","isMergeCommit":true,"messageTitle":"Merge branch \u0027FindCommand-Class\u0027","messageBody":"# Conflicts:\n#\tsrc/main/java/parser/Parser.java\n","fileTypesAndContributionMap":{}},{"hash":"b22153d9ab2935c235166ad3ee89aa1606d648d7","isMergeCommit":false,"messageTitle":"Edit checkstyle and integrate all classes","messageBody":"","fileTypesAndContributionMap":{"functional-code":{"insertions":23,"deletions":23}}},{"hash":"c57c4db0b5839319bf4ce2c9b2e3c5cc9db98b98","isMergeCommit":true,"messageTitle":"Merge pull request #39 from HengShuHong/master","messageBody":"Integrate all class","fileTypesAndContributionMap":{}},{"hash":"8963f0b53206742e1bdbabe3f6056ad95b8aa87e","isMergeCommit":true,"messageTitle":"Merge branch \u0027master\u0027 of https://github.com/AY2324S2-CS2113-T15-4/tp","messageBody":"","fileTypesAndContributionMap":{}}]},{"date":"2024-03-22","commitResults":[{"hash":"ab774366727e60a3a07c3023f870eeaecfa29123","isMergeCommit":false,"messageTitle":"Test Code","messageBody":"","fileTypesAndContributionMap":{"functional-code":{"insertions":12,"deletions":10}}},{"hash":"46a96bc00a4e8dc58785a28050d2b80eea346228","isMergeCommit":true,"messageTitle":"Merge branch \u0027master\u0027 of https://github.com/AY2324S2-CS2113-T15-4/tp","messageBody":"# Conflicts:\n#\tsrc/main/java/parser/Parser.java\n","fileTypesAndContributionMap":{}},{"hash":"3bca401b93d87029213eeadb60bca89014f45fe1","isMergeCommit":false,"messageTitle":"Fix List Command","messageBody":"","fileTypesAndContributionMap":{"functional-code":{"insertions":21,"deletions":10}}},{"hash":"e235a2fafed4336709474ca14d16933f56a7509d","isMergeCommit":false,"messageTitle":"Fix checkstyle","messageBody":"","fileTypesAndContributionMap":{"functional-code":{"insertions":1,"deletions":7}}},{"hash":"6541ecbd4e601625287da6ce6f8a486dce3e3647","isMergeCommit":false,"messageTitle":"Add assertion","messageBody":"","fileTypesAndContributionMap":{"functional-code":{"insertions":4,"deletions":1}}},{"hash":"601116905cebe4e031464cb933fa547b9b16de68","isMergeCommit":true,"messageTitle":"Merge pull request #43 from HengShuHong/master","messageBody":"Fix List Command","fileTypesAndContributionMap":{}}]},{"date":"2024-03-27","commitResults":[{"hash":"64d8d8d7b169056a409ba58c6b6ad8657a781ace","isMergeCommit":false,"messageTitle":"Add FindCommand feature","messageBody":"","fileTypesAndContributionMap":{"functional-code":{"insertions":39,"deletions":20}}},{"hash":"588cbf8f46f4cba31478ee2062431c71ff997720","isMergeCommit":true,"messageTitle":"Merge branch \u0027master\u0027 of https://github.com/AY2324S2-CS2113-T15-4/tp","messageBody":"# Conflicts:\n#\tsrc/main/java/parser/Parser.java\n","fileTypesAndContributionMap":{}},{"hash":"3f2e0fca892ab1a61b354f7318f839b7d24577bc","isMergeCommit":false,"messageTitle":"Improve add function","messageBody":"","fileTypesAndContributionMap":{"functional-code":{"insertions":32,"deletions":11}}},{"hash":"ecb4095dea9784e96aa6c3bdc63d536a464ed2cc","isMergeCommit":true,"messageTitle":"Merge pull request #61 from HengShuHong/master","messageBody":"Add FindCommand","fileTypesAndContributionMap":{}},{"hash":"5871277c2aa4824641631412fc460c640f2624f0","isMergeCommit":false,"messageTitle":"Update DG","messageBody":"","fileTypesAndContributionMap":{"functional-code":{"insertions":3,"deletions":1},"docs":{"insertions":10,"deletions":2}}},{"hash":"75e2978132bbcec8235fd8ffc8062a7f3f452a70","isMergeCommit":true,"messageTitle":"Merge branch \u0027master\u0027 of https://github.com/AY2324S2-CS2113-T15-4/tp","messageBody":"","fileTypesAndContributionMap":{}},{"hash":"08464fa7ad83b3d24b67805acb9a06ada51e57ee","isMergeCommit":false,"messageTitle":"Fix Checkstyle error","messageBody":"","fileTypesAndContributionMap":{"functional-code":{"insertions":0,"deletions":2}}},{"hash":"a24caac46c794eeeccc8b33e7667923a851cc492","isMergeCommit":true,"messageTitle":"Merge pull request #62 from HengShuHong/master","messageBody":"Update DG","fileTypesAndContributionMap":{}}]}],"fxe025":[{"date":"2024-03-07","commitResults":[{"hash":"2d002a7e4bdef27de45b99a8ee1a2793a3680d8b","isMergeCommit":false,"messageTitle":"Update README.md","messageBody":"","fileTypesAndContributionMap":{"docs":{"insertions":1,"deletions":1}}},{"hash":"875036697d7bd7cfca5f8f7e5c946a0b214fbda6","isMergeCommit":false,"messageTitle":"Update README.md","messageBody":"","fileTypesAndContributionMap":{"docs":{"insertions":2,"deletions":2}}},{"hash":"5fa7dc74746358d915ac5006ed06144f38de8169","isMergeCommit":false,"messageTitle":"Edit AboutUs","messageBody":"","fileTypesAndContributionMap":{"docs":{"insertions":4,"deletions":4}}},{"hash":"e93beb552d265bf63768e34d6c24b2ab5bf0e296","isMergeCommit":true,"messageTitle":"Merge pull request #2 from fxe025/FuXueer-AboutUs","messageBody":"Edit AboutUs FuXueer","fileTypesAndContributionMap":{}}]},{"date":"2024-03-11","commitResults":[{"hash":"c62c699d924e3100c60fe908b5a17fca6cd03468","isMergeCommit":false,"messageTitle":"Create Storage package","messageBody":"","fileTypesAndContributionMap":{"functional-code":{"insertions":74,"deletions":0}}}]},{"date":"2024-03-15","commitResults":[{"hash":"b39b1a2d8e79afce710930fbeeb5cfa237b12a0e","isMergeCommit":true,"messageTitle":"Merge branch \u0027master\u0027 of https://github.com/AY2324S2-CS2113-T15-4/tp","messageBody":"","fileTypesAndContributionMap":{}},{"hash":"e65233e78da5dbb0d0455f1fb962c7d931590510","isMergeCommit":false,"messageTitle":"Update AboutUs","messageBody":"","fileTypesAndContributionMap":{"docs":{"insertions":7,"deletions":7}}},{"hash":"a0331912acdb4dc82f8c5367263002423b82535d","isMergeCommit":false,"messageTitle":"Correct Indentation","messageBody":"","fileTypesAndContributionMap":{"functional-code":{"insertions":2,"deletions":2}}},{"hash":"c814e93068edc832ee76cc75d1f21108830cc328","isMergeCommit":true,"messageTitle":"Merge pull request #16 from fxe025/master","messageBody":"Create Storage Package","fileTypesAndContributionMap":{}},{"hash":"3ab7a4f9be9648a6c78b9fca712151e0cfa38dc6","isMergeCommit":false,"messageTitle":"Create StorageTest","messageBody":"","fileTypesAndContributionMap":{"test-code":{"insertions":2,"deletions":0}}},{"hash":"b0a7a88e6492669a142186f4e68556f52f46ec96","isMergeCommit":false,"messageTitle":"Create StorageTest","messageBody":"","fileTypesAndContributionMap":{"test-code":{"insertions":11,"deletions":1}}},{"hash":"2d5fb443e3aed335293ffb849d33a007bd723982","isMergeCommit":false,"messageTitle":"Remove unused import","messageBody":"","fileTypesAndContributionMap":{"test-code":{"insertions":4,"deletions":3}}},{"hash":"0b62656547b207621a3a6250dbb17062ed7befd0","isMergeCommit":true,"messageTitle":"Merge pull request #23 from fxe025/StorageTest","messageBody":"Create StorageTest","fileTypesAndContributionMap":{}},{"hash":"1c379dd7526d0e61871c064283da55e620f0f694","isMergeCommit":true,"messageTitle":"Merge pull request #24 from AY2324S2-CS2113-T15-4/StorageTest","messageBody":"Merge StorageTest","fileTypesAndContributionMap":{}}]},{"date":"2024-03-20","commitResults":[{"hash":"e1446455f564e63dd61997dbf174a0f3e08f03a4","isMergeCommit":false,"messageTitle":"Update Storage","messageBody":"","fileTypesAndContributionMap":{"functional-code":{"insertions":3,"deletions":4}}},{"hash":"e47497ad6664209a8b87d0d8d576a90aa1b29470","isMergeCommit":true,"messageTitle":"Merge branch \u0027master\u0027 of https://github.com/AY2324S2-CS2113-T15-4/tp","messageBody":"","fileTypesAndContributionMap":{}},{"hash":"b6998e919a8f5d7e298c42b70631aa9613d1c3e4","isMergeCommit":false,"messageTitle":"Update StorageTest","messageBody":"","fileTypesAndContributionMap":{"test-code":{"insertions":21,"deletions":4}}},{"hash":"d2ecd7000b7d31a21c06cbc86de2975857214a0c","isMergeCommit":false,"messageTitle":"Import ui.TextUi in Duke","messageBody":"","fileTypesAndContributionMap":{"functional-code":{"insertions":1,"deletions":0}}},{"hash":"abed19ceaa780708166e8d568e04d04244047c9c","isMergeCommit":true,"messageTitle":"Merge branch \u0027master\u0027 of https://github.com/AY2324S2-CS2113-T15-4/tp","messageBody":"","fileTypesAndContributionMap":{}},{"hash":"771893a69e418ee031043b961d13ce0e2b89c97e","isMergeCommit":false,"messageTitle":"Add writeToFile test in StorageTest","messageBody":"","fileTypesAndContributionMap":{"test-code":{"insertions":19,"deletions":1}}},{"hash":"351997fb874e049151cc34c58a5d04e598548987","isMergeCommit":false,"messageTitle":"Update Storage","messageBody":"","fileTypesAndContributionMap":{"functional-code":{"insertions":8,"deletions":1}}}]},{"date":"2024-03-21","commitResults":[{"hash":"747426b95f215df32ff4b25b3277a846d2bcc26b","isMergeCommit":false,"messageTitle":"Update Storage","messageBody":"","fileTypesAndContributionMap":{"functional-code":{"insertions":3,"deletions":4}}},{"hash":"2012b6ca2e1425ceebe9f4dab8373e5651aae880","isMergeCommit":true,"messageTitle":"Merge branch \u0027master\u0027 of https://github.com/AY2324S2-CS2113-T15-4/tp","messageBody":"","fileTypesAndContributionMap":{}},{"hash":"ec868d1b5d72a4068bf4c0e4655963e2a4a7cbb9","isMergeCommit":true,"messageTitle":"Merge branch \u0027master\u0027 of https://github.com/AY2324S2-CS2113-T15-4/tp","messageBody":"","fileTypesAndContributionMap":{}},{"hash":"01af1758f8ece4839a7da72d7e82fdbd47d67240","isMergeCommit":false,"messageTitle":"Fix Checkstyle Rule Violation","messageBody":"","fileTypesAndContributionMap":{"functional-code":{"insertions":3,"deletions":2}}},{"hash":"2540828e529241edbb17ba40c25b99a4de6d0656","isMergeCommit":true,"messageTitle":"Merge pull request #30 from fxe025/master","messageBody":"Update StorageTest","fileTypesAndContributionMap":{}},{"hash":"47182de20c8e425bca03ebb07b2f020fc405a748","isMergeCommit":true,"messageTitle":"Merge branch \u0027master\u0027 of https://github.com/AY2324S2-CS2113-T15-4/tp","messageBody":"","fileTypesAndContributionMap":{}},{"hash":"5099538b29e9223d2d33c5d36e439dedba4c2ee2","isMergeCommit":false,"messageTitle":"Add addToFile in Storage","messageBody":"","fileTypesAndContributionMap":{"functional-code":{"insertions":17,"deletions":3}}},{"hash":"f777932f363e2add69c2411afb2048037d5f69c2","isMergeCommit":false,"messageTitle":"Edit TexiUi getUserInput()","messageBody":"","fileTypesAndContributionMap":{"functional-code":{"insertions":1,"deletions":1}}},{"hash":"4b86ad3ffe15f5c24166ebbeca8dd245a700c4f8","isMergeCommit":false,"messageTitle":"Add overwriteFile in Storage","messageBody":"","fileTypesAndContributionMap":{"functional-code":{"insertions":20,"deletions":2}}}]},{"date":"2024-03-22","commitResults":[{"hash":"756a75a99ae5c0bddd201c1d6191df8232510bf2","isMergeCommit":false,"messageTitle":"Add assertions","messageBody":"","fileTypesAndContributionMap":{"functional-code":{"insertions":2,"deletions":0}}},{"hash":"5347a203b06f9d3d2dd871651915a403522f6cde","isMergeCommit":true,"messageTitle":"Merge branch \u0027master\u0027 of https://github.com/AY2324S2-CS2113-T15-4/tp","messageBody":"# Conflicts:\n#\tsrc/main/java/command/AddCommand.java\n#\tsrc/main/java/seedu/duke/Duke.java\n","fileTypesAndContributionMap":{}},{"hash":"7c2b7847f1649c62ff0b3b80f1cb3c20f7cbb9fd","isMergeCommit":true,"messageTitle":"Merge pull request #42 from fxe025/master","messageBody":"Add addToFile","fileTypesAndContributionMap":{}},{"hash":"2463d8f6a0d4c3a0d2905a843d65b5bcbd683807","isMergeCommit":true,"messageTitle":"Merge branch \u0027master\u0027 of https://github.com/AY2324S2-CS2113-T15-4/tp","messageBody":"","fileTypesAndContributionMap":{}}]},{"date":"2024-03-26","commitResults":[{"hash":"1b922587c1f3f389cbd4810bd7adac8f9691f682","isMergeCommit":true,"messageTitle":"Merge branch \u0027master\u0027 of https://github.com/AY2324S2-CS2113-T15-4/tp","messageBody":"","fileTypesAndContributionMap":{}}]},{"date":"2024-03-27","commitResults":[{"hash":"a5543ecb7244ea74089db3d82e3f992dc880c500","isMergeCommit":false,"messageTitle":"Edit readFromFile()","messageBody":"","fileTypesAndContributionMap":{"functional-code":{"insertions":40,"deletions":19},"test-code":{"insertions":2,"deletions":3}}},{"hash":"da559562862753b1ce49ba24726b8383a5375ec4","isMergeCommit":true,"messageTitle":"Merge branch \u0027master\u0027 of https://github.com/AY2324S2-CS2113-T15-4/tp","messageBody":"# Conflicts:\n#\tsrc/main/java/storage/Storage.java\n","fileTypesAndContributionMap":{}},{"hash":"e4a6a22f4eeff23392acf440f1bd53d441c246d6","isMergeCommit":true,"messageTitle":"Merge branch \u0027master\u0027 of https://github.com/AY2324S2-CS2113-T15-4/tp","messageBody":"# Conflicts:\n#\tStockMasterData.txt\n","fileTypesAndContributionMap":{}},{"hash":"1f2069ecda7d95a65a437df24c1776b833caf801","isMergeCommit":false,"messageTitle":"Remove unnecessary import","messageBody":"","fileTypesAndContributionMap":{"functional-code":{"insertions":0,"deletions":2},"test-code":{"insertions":0,"deletions":1}}},{"hash":"9941e523ad65c75be3954dfb1687262d61cef8cd","isMergeCommit":true,"messageTitle":"Merge branch \u0027master\u0027 of https://github.com/AY2324S2-CS2113-T15-4/tp","messageBody":"# Conflicts:\n#\tStockMasterData.txt\n#\tsrc/main/java/seedu/duke/Duke.java\n","fileTypesAndContributionMap":{}},{"hash":"07ed12b12e57e1bf87d59730720049668fba1454","isMergeCommit":false,"messageTitle":"Fix StorageTest methods","messageBody":"","fileTypesAndContributionMap":{"test-code":{"insertions":5,"deletions":4}}},{"hash":"0fe724319f26371b6c89b1332a37a823eba90500","isMergeCommit":false,"messageTitle":"Fix I/O redirection test","messageBody":"","fileTypesAndContributionMap":{"functional-code":{"insertions":0,"deletions":1}}},{"hash":"8d0a2dbdf9e6288647125af717427858380af578","isMergeCommit":false,"messageTitle":"Remove unused method","messageBody":"","fileTypesAndContributionMap":{"functional-code":{"insertions":0,"deletions":9}}},{"hash":"187669c35374c1c84ad2b45675d0e6fbadd0997b","isMergeCommit":false,"messageTitle":"no message","messageBody":"","fileTypesAndContributionMap":{"functional-code":{"insertions":2,"deletions":2}}},{"hash":"dda12ddb43f866cdc1525ad626f73187d5e7b4f5","isMergeCommit":false,"messageTitle":"no message","messageBody":"","fileTypesAndContributionMap":{"functional-code":{"insertions":2,"deletions":2}}},{"hash":"3e86d57f252eb3f33d3250314f417d037a048b6b","isMergeCommit":false,"messageTitle":"Fix I/O redirection errored test","messageBody":"","fileTypesAndContributionMap":{"functional-code":{"insertions":1,"deletions":0}}},{"hash":"952cb251bb295deb923f0adf4b4c24ca445a94b9","isMergeCommit":true,"messageTitle":"Merge pull request #63 from fxe025/master","messageBody":"Edit readFromFile","fileTypesAndContributionMap":{}},{"hash":"d5d4c697c36f7140664f2a2222bb5c8a8a51aee5","isMergeCommit":true,"messageTitle":"Merge branch \u0027master\u0027 of https://github.com/AY2324S2-CS2113-T15-4/tp","messageBody":"","fileTypesAndContributionMap":{}},{"hash":"f0a8919180866c7e6a5dbab47248d895c3776de1","isMergeCommit":false,"messageTitle":"Enable Assertions","messageBody":"","fileTypesAndContributionMap":{"other":{"insertions":1,"deletions":0}}},{"hash":"cfa17bde1fb0653aa3ae968402e0c13fbaf6f10b","isMergeCommit":true,"messageTitle":"Merge pull request #65 from fxe025/master","messageBody":"Enable assertions","fileTypesAndContributionMap":{}}]},{"date":"2024-03-28","commitResults":[{"hash":"ba48fd84cee905f1ca750e2aaca03f29c78c0ed6","isMergeCommit":false,"messageTitle":"Create Class TransactionLogs","messageBody":"","fileTypesAndContributionMap":{"functional-code":{"insertions":55,"deletions":3}}},{"hash":"bbd30c67b2d205385514b89e96395cb9899ba0bf","isMergeCommit":true,"messageTitle":"Merge branch \u0027master\u0027 of https://github.com/AY2324S2-CS2113-T15-4/tp","messageBody":"","fileTypesAndContributionMap":{}},{"hash":"bcfaa3b31da229ef0fc5a77379d4429fb25c3ee5","isMergeCommit":false,"messageTitle":"Create Cashier \u0026 Transaction \u0026 TransactionLogs","messageBody":"","fileTypesAndContributionMap":{"functional-code":{"insertions":93,"deletions":43}}},{"hash":"eccf779b098739367d0a76c77f2f0df3a7d69921","isMergeCommit":false,"messageTitle":"Update DG, Create Class TransactionLogs","messageBody":"","fileTypesAndContributionMap":{"functional-code":{"insertions":0,"deletions":4},"docs":{"insertions":7,"deletions":0}}},{"hash":"3f14647ca0a8ade92a33f8965613fa1d4645cf6b","isMergeCommit":false,"messageTitle":"Remove unused imports","messageBody":"","fileTypesAndContributionMap":{"functional-code":{"insertions":0,"deletions":3}}},{"hash":"0cc9826e06ac746859a4c20285c2d1c945ae4045","isMergeCommit":true,"messageTitle":"Merge pull request #67 from fxe025/master","messageBody":"Create TransactionLogs Class","fileTypesAndContributionMap":{}},{"hash":"1d3017c3b2eaf363be182b0f8ef300dd1af09b02","isMergeCommit":true,"messageTitle":"Merge branch \u0027Transaction\u0027","messageBody":"# Conflicts:\n#\tsrc/main/java/storage/TransactionLogs.java\n","fileTypesAndContributionMap":{}},{"hash":"fcef80bf776ff2b4afa2cf60ea35873634dcea5d","isMergeCommit":false,"messageTitle":"Remove unused imports","messageBody":"","fileTypesAndContributionMap":{"functional-code":{"insertions":0,"deletions":3}}},{"hash":"3fc203ec86f98a2cffe46e4016d33675d2080a6d","isMergeCommit":true,"messageTitle":"Merge pull request #68 from fxe025/master","messageBody":"Create Class Transaction \u0026 Cashier","fileTypesAndContributionMap":{}}]}],"LowTL":[{"date":"2024-03-07","commitResults":[{"hash":"682dcedafbe5eb5b45f5c519903090c7a5601aaa","isMergeCommit":false,"messageTitle":"Edit AboutUs.md","messageBody":"","fileTypesAndContributionMap":{"docs":{"insertions":7,"deletions":7}}},{"hash":"17f7266816a577f2508ea0d0881107738d1278e1","isMergeCommit":true,"messageTitle":"Fix merge conflicts","messageBody":"","fileTypesAndContributionMap":{}},{"hash":"5b8575bba7f8d21c9316e8660512f4f83b47d547","isMergeCommit":true,"messageTitle":"Merge pull request #3 from LowTL/master","messageBody":"Edit AboutUs.md","fileTypesAndContributionMap":{}}]},{"date":"2024-03-18","commitResults":[{"hash":"297358f48463a43480005eb009e26be700f7e617","isMergeCommit":false,"messageTitle":"Update main file","messageBody":"","fileTypesAndContributionMap":{"functional-code":{"insertions":17,"deletions":3}}},{"hash":"06b2dbbd7baf6f203a29109e4051f2c3756e6670","isMergeCommit":false,"messageTitle":"Fix incomplete function","messageBody":"","fileTypesAndContributionMap":{"functional-code":{"insertions":2,"deletions":1}}},{"hash":"f40deaae7930571aa2ae0d759240214f44f60159","isMergeCommit":false,"messageTitle":"Remove unnecessary import","messageBody":"","fileTypesAndContributionMap":{"functional-code":{"insertions":0,"deletions":1}}},{"hash":"0120870769f40780bc5488a0cb64c0e649ee4d50","isMergeCommit":false,"messageTitle":"Revert main file","messageBody":"","fileTypesAndContributionMap":{"functional-code":{"insertions":5,"deletions":0}}},{"hash":"42adacd05b4afe84ca3549e2eb965749052247be","isMergeCommit":false,"messageTitle":"Add Item class","messageBody":"","fileTypesAndContributionMap":{"functional-code":{"insertions":28,"deletions":0}}},{"hash":"12417b64b730e65a4ea77fc58af6e76334c5518d","isMergeCommit":false,"messageTitle":"Change declaration order","messageBody":"","fileTypesAndContributionMap":{"functional-code":{"insertions":1,"deletions":2},"other":{"insertions":0,"deletions":0}}},{"hash":"db0b57b268ffa9b4db8bf1e02d10ad41ea0251d3","isMergeCommit":false,"messageTitle":"Refactor package names","messageBody":"","fileTypesAndContributionMap":{"functional-code":{"insertions":3,"deletions":3},"test-code":{"insertions":2,"deletions":2}}},{"hash":"391a13441702be08d3b7dfa1e14b053eed77d048","isMergeCommit":true,"messageTitle":"Merge pull request #25 from LowTL/master","messageBody":"Update main class","fileTypesAndContributionMap":{}},{"hash":"bcb2f6d471fb2771ad9fdc6053e6e88462d845ea","isMergeCommit":false,"messageTitle":"Add exceptions package","messageBody":"","fileTypesAndContributionMap":{"functional-code":{"insertions":31,"deletions":0}}},{"hash":"65997b872c1abb4ed1849db6fdb644d98e3bad5a","isMergeCommit":false,"messageTitle":"Update UserGuide","messageBody":"","fileTypesAndContributionMap":{"docs":{"insertions":69,"deletions":13}}}]},{"date":"2024-03-19","commitResults":[{"hash":"51bad997d07986cd92fa622ecf325c41e590c883","isMergeCommit":true,"messageTitle":"Merge branch \u0027master\u0027 of https://github.com/AY2324S2-CS2113-T15-4/tp","messageBody":"","fileTypesAndContributionMap":{}}]},{"date":"2024-03-20","commitResults":[{"hash":"b86a0ac4705bf21a9d23a41504f1c1e087f787f6","isMergeCommit":false,"messageTitle":"Add general classes","messageBody":"","fileTypesAndContributionMap":{"functional-code":{"insertions":69,"deletions":5}}}]},{"date":"2024-03-22","commitResults":[{"hash":"33b065042e6035d4274782c9f4a85afb7398d312","isMergeCommit":true,"messageTitle":"Fix merge conflicts","messageBody":"","fileTypesAndContributionMap":{}}]},{"date":"2024-03-25","commitResults":[{"hash":"67f048a65c91069e29ac9283819c37b8058703ec","isMergeCommit":true,"messageTitle":"Merge branch \u0027master\u0027 of https://github.com/AY2324S2-CS2113-T15-4/tp","messageBody":"","fileTypesAndContributionMap":{}},{"hash":"97fe372a0d8cf903269ac49e1254d5002d509ca0","isMergeCommit":false,"messageTitle":"Change exception handling","messageBody":"","fileTypesAndContributionMap":{"functional-code":{"insertions":12,"deletions":45}}},{"hash":"d86d422ded91c00deb3949def1a6b5d5d08848f0","isMergeCommit":false,"messageTitle":"Remove duplicate exceptions folder","messageBody":"","fileTypesAndContributionMap":{"functional-code":{"insertions":0,"deletions":31}}},{"hash":"8a3bbbfa50e19af14b24600a01f0b0c51a5c95c6","isMergeCommit":true,"messageTitle":"Merge branch \u0027master\u0027 of https://github.com/AY2324S2-CS2113-T15-4/tp","messageBody":"","fileTypesAndContributionMap":{}},{"hash":"ca90efe1baf104db75db6a4e648eb8e37b805edc","isMergeCommit":false,"messageTitle":"Add command testing","messageBody":"","fileTypesAndContributionMap":{"test-code":{"insertions":13,"deletions":0}}},{"hash":"d49ed14d9a6283ec52305506a63784aed66c6031","isMergeCommit":false,"messageTitle":"Remove constants folder","messageBody":"","fileTypesAndContributionMap":{"functional-code":{"insertions":0,"deletions":14}}},{"hash":"785bceee3f5ce7a776a8dd19d2e8789d96c90a60","isMergeCommit":true,"messageTitle":"Merge pull request #51 from LowTL/master","messageBody":"Update command testing \u0026 delete exceptions","fileTypesAndContributionMap":{}},{"hash":"590e6af42539aa2c72e1e658dd2baefc5003b523","isMergeCommit":false,"messageTitle":"Add assertion","messageBody":"","fileTypesAndContributionMap":{"functional-code":{"insertions":1,"deletions":0}}}]},{"date":"2024-03-27","commitResults":[{"hash":"fb24ad95b385766e493a80668bbccfff26be5759","isMergeCommit":true,"messageTitle":"Fix merge conflict","messageBody":"","fileTypesAndContributionMap":{}},{"hash":"5e3aaf0679af789b2d2a6e4629a9993b07a712e4","isMergeCommit":false,"messageTitle":"Update DG","messageBody":"","fileTypesAndContributionMap":{"docs":{"insertions":9,"deletions":5}}},{"hash":"2e10c4e44ea527d078a8815b98967fa710703f00","isMergeCommit":true,"messageTitle":"Merge pull request #58 from LowTL/master","messageBody":"Add assertion","fileTypesAndContributionMap":{}}]}],"Fureimi":[{"date":"2024-03-18","commitResults":[{"hash":"c1d43c7cb3c5d1d5525abed4cc38258a7da24bea","isMergeCommit":true,"messageTitle":"Merge branch \u0027master\u0027 of https://github.com/AY2324S2-CS2113-T15-4/tp","messageBody":"","fileTypesAndContributionMap":{}},{"hash":"4778b5e78058b7e6ecb863a0b15a20c808706a0c","isMergeCommit":false,"messageTitle":"add itemlist class","messageBody":"","fileTypesAndContributionMap":{"functional-code":{"insertions":6,"deletions":0}}},{"hash":"c6dc70e1e9dc0c7256db50c2ead8d18eb21b7ece","isMergeCommit":true,"messageTitle":"Merge branch \u0027master\u0027 of https://github.com/AY2324S2-CS2113-T15-4/tp into branch-itemlist-guanlin","messageBody":"","fileTypesAndContributionMap":{}}]},{"date":"2024-03-20","commitResults":[{"hash":"95652d5ba577918f30bce2d5f1689df08d145f02","isMergeCommit":false,"messageTitle":"edit item class and add new itemlist class object","messageBody":"","fileTypesAndContributionMap":{"functional-code":{"insertions":44,"deletions":2}}},{"hash":"261424fd5e4cee8106bd4e86188a2e0549ce9b2f","isMergeCommit":true,"messageTitle":"Merge branch \u0027master\u0027 of https://github.com/AY2324S2-CS2113-T15-4/tp into branch-itemlist-guanlin","messageBody":"","fileTypesAndContributionMap":{}},{"hash":"b7b2dbf2ec9a3b8f1c3714a76e60b3ab88fa70db","isMergeCommit":false,"messageTitle":"no message","messageBody":"","fileTypesAndContributionMap":{"functional-code":{"insertions":2,"deletions":0}}},{"hash":"90a078eccfc200a327d14fbae1abc5672ac88008","isMergeCommit":false,"messageTitle":"change textui, item and itemlist","messageBody":"","fileTypesAndContributionMap":{"functional-code":{"insertions":9,"deletions":10}}},{"hash":"b35a17624d17ab8be94f6551fe6c2e161cb1789a","isMergeCommit":false,"messageTitle":"fix issues regarding checkstyle","messageBody":"","fileTypesAndContributionMap":{"other":{"insertions":2,"deletions":2},"docs":{"insertions":2,"deletions":2},"test-code":{"insertions":5,"deletions":1}}},{"hash":"243587a9f092177527f4fd80937d56d7549de564","isMergeCommit":true,"messageTitle":"Merge branch \u0027master\u0027 into branch-itemlist-guanlin","messageBody":"","fileTypesAndContributionMap":{}},{"hash":"de089ae336b18d2de1663e6c528510b88f3c2132","isMergeCommit":true,"messageTitle":"Merge branch \u0027master\u0027 of https://github.com/AY2324S2-CS2113-T15-4/tp into branch-itemlist-guanlin","messageBody":"# Conflicts:\n#\tsrc/main/java/seedu/duke/Duke.java\n","fileTypesAndContributionMap":{}},{"hash":"8286060cc9f0d734e6b03a8afde17a67f3cd69c9","isMergeCommit":false,"messageTitle":"make minor change to commenting","messageBody":"","fileTypesAndContributionMap":{"functional-code":{"insertions":55,"deletions":58}}},{"hash":"7bffbc2a028a0af63f271b3f142e8aa2eefd863f","isMergeCommit":true,"messageTitle":"Merge branch \u0027branch-itemlist-guanlin\u0027 of https://github.com/Fureimi/tp into branch-itemlist-guanlin","messageBody":"# Conflicts:\n#\tsrc/main/java/seedu/duke/Duke.java\n","fileTypesAndContributionMap":{}},{"hash":"2e41668888bc300c6ee709ffb08a2e035af294b4","isMergeCommit":true,"messageTitle":"Merge pull request #35 from Fureimi/branch-itemlist-guanlin","messageBody":"Branch itemlist guanlin","fileTypesAndContributionMap":{}}]},{"date":"2024-03-21","commitResults":[{"hash":"49c4b257196d993899034c52fbceaf7749df3aff","isMergeCommit":true,"messageTitle":"Merge branch \u0027master\u0027 of https://github.com/AY2324S2-CS2113-T15-4/tp","messageBody":"","fileTypesAndContributionMap":{}}]},{"date":"2024-03-22","commitResults":[{"hash":"b12b324965ed9be595427ebfcd920fa3e03ff69f","isMergeCommit":false,"messageTitle":"fix io redirection test","messageBody":"","fileTypesAndContributionMap":{"functional-code":{"insertions":9,"deletions":17},"other":{"insertions":2,"deletions":2}}},{"hash":"9475a109efcb8c0873e4ddd819d18165ff96eafb","isMergeCommit":true,"messageTitle":"Merge branch \u0027master\u0027 of https://github.com/AY2324S2-CS2113-T15-4/tp","messageBody":"# Conflicts:\n#\tsrc/main/java/seedu/duke/Duke.java\n","fileTypesAndContributionMap":{}},{"hash":"5f082124ab6c55c37ce074de629cb352a70eea61","isMergeCommit":false,"messageTitle":"fix io rediretion test","messageBody":"","fileTypesAndContributionMap":{"functional-code":{"insertions":2,"deletions":9}}},{"hash":"c40336f41b660008500a866c9d6f29bd6e10c309","isMergeCommit":false,"messageTitle":"fix to meet checkstyle errors","messageBody":"","fileTypesAndContributionMap":{"functional-code":{"insertions":0,"deletions":13}}},{"hash":"782bf26a8f05ccbb09bb1024b0150bd4cf8e3dd5","isMergeCommit":true,"messageTitle":"Merge pull request #47 from Fureimi/fix-io-redirection-test","messageBody":"Fix io redirection test","tags":["v1.0"],"fileTypesAndContributionMap":{}},{"hash":"e742bc749c98954a041015aff7e84ccefdf81a36","isMergeCommit":true,"messageTitle":"Merge branch \u0027master\u0027 of https://github.com/AY2324S2-CS2113-T15-4/tp","messageBody":"","fileTypesAndContributionMap":{}},{"hash":"272d6e1d4bd2551da5cf1205427fce3570dbba2c","isMergeCommit":false,"messageTitle":"add output to edit function","messageBody":"","fileTypesAndContributionMap":{"functional-code":{"insertions":14,"deletions":2}}},{"hash":"1e54a359995984c375cf2f08fcd6f98c37f67007","isMergeCommit":false,"messageTitle":"fix checkstyle errors","messageBody":"","fileTypesAndContributionMap":{"functional-code":{"insertions":0,"deletions":2}}},{"hash":"3ebf15206258a47827af38b6bdb14a59ea651645","isMergeCommit":true,"messageTitle":"Merge pull request #48 from Fureimi/ui-edit-function","messageBody":"edit edit function to give output","fileTypesAndContributionMap":{}}]}]},"authorFileTypeContributionMap":{"Joellimjr":{"docs":0,"functional-code":299,"test-code":21},"HengShuHong":{"docs":10,"functional-code":345,"test-code":22},"fxe025":{"docs":16,"functional-code":224,"test-code":46,"other":1},"LowTL":{"docs":75,"functional-code":50,"test-code":15},"Fureimi":{"docs":2,"functional-code":86,"test-code":4}},"authorContributionVariance":{"Joellimjr":2786.2449,"HengShuHong":2738.9587,"fxe025":1689.8564,"LowTL":1377.6765,"Fureimi":1164.0619},"authorDisplayNameMap":{"Joellimjr":"CS2113-T15-4 LIM ..JOEL","HengShuHong":"CS2113-T15-4 HENG..HONG","fxe025":"CS2113-T15-4 FU X..UEER","LowTL":"CS2113-T15-4 LOW .. LYM","Fureimi":"CS2113-T15-4 MIN ..NLIN"}}
