[{"path":"README.md","fileType":"docs","lines":[{"lineNumber":1,"author":{"gitId":"tannerlie"},"content":"# Game","lastModifiedDate":"2024-03-06"},{"lineNumber":2,"author":{"gitId":"-"},"content":"","lastModifiedDate":"2020-05-25"},{"lineNumber":3,"author":{"gitId":"-"},"content":"This is a project template for a greenfield Java project. It\u0027s named after the Java mascot _Duke_. Given below are instructions on how to use it.","lastModifiedDate":"2020-05-25"},{"lineNumber":4,"author":{"gitId":"-"},"content":"","lastModifiedDate":"2020-05-25"},{"lineNumber":5,"author":{"gitId":"-"},"content":"## Setting up in Intellij","lastModifiedDate":"2020-05-25"},{"lineNumber":6,"author":{"gitId":"-"},"content":"","lastModifiedDate":"2020-05-25"},{"lineNumber":7,"author":{"gitId":"-"},"content":"Prerequisites: JDK 11 (use the exact version), update Intellij to the most recent version.","lastModifiedDate":"2020-05-24"},{"lineNumber":8,"author":{"gitId":"-"},"content":"","lastModifiedDate":"2020-05-24"},{"lineNumber":9,"author":{"gitId":"-"},"content":"1. **Ensure Intellij JDK 11 is defined as an SDK**, as described [here](https://www.jetbrains.com/help/idea/sdk.html#set-up-jdk) -- this step is not needed if you have used JDK 11 in a previous Intellij project.","lastModifiedDate":"2020-05-24"},{"lineNumber":10,"author":{"gitId":"-"},"content":"1. **Import the project _as a Gradle project_**, as described [here](https://se-education.org/guides/tutorials/intellijImportGradleProject.html).","lastModifiedDate":"2020-05-24"},{"lineNumber":11,"author":{"gitId":"-"},"content":"1. **Verify the set up**: After the importing is complete, locate the `src/main/java/seedu/duke/Duke.java` file, right-click it, and choose `Run Duke.main()`. If the setup is correct, you should see something like the below:","lastModifiedDate":"2020-05-24"},{"lineNumber":12,"author":{"gitId":"-"},"content":"   ```","lastModifiedDate":"2020-05-25"},{"lineNumber":13,"author":{"gitId":"-"},"content":"   \u003e Task :compileJava","lastModifiedDate":"2020-05-24"},{"lineNumber":14,"author":{"gitId":"-"},"content":"   \u003e Task :processResources NO-SOURCE","lastModifiedDate":"2020-05-24"},{"lineNumber":15,"author":{"gitId":"-"},"content":"   \u003e Task :classes","lastModifiedDate":"2020-05-24"},{"lineNumber":16,"author":{"gitId":"-"},"content":"   ","lastModifiedDate":"2020-05-24"},{"lineNumber":17,"author":{"gitId":"-"},"content":"   \u003e Task :Duke.main()","lastModifiedDate":"2020-05-24"},{"lineNumber":18,"author":{"gitId":"-"},"content":"   Hello from","lastModifiedDate":"2020-05-25"},{"lineNumber":19,"author":{"gitId":"-"},"content":"    ____        _        ","lastModifiedDate":"2020-05-25"},{"lineNumber":20,"author":{"gitId":"-"},"content":"   |  _ \\ _   _| | _____ ","lastModifiedDate":"2020-05-25"},{"lineNumber":21,"author":{"gitId":"-"},"content":"   | | | | | | | |/ / _ \\","lastModifiedDate":"2020-05-25"},{"lineNumber":22,"author":{"gitId":"-"},"content":"   | |_| | |_| |   \u003c  __/","lastModifiedDate":"2020-05-25"},{"lineNumber":23,"author":{"gitId":"-"},"content":"   |____/ \\__,_|_|\\_\\___|","lastModifiedDate":"2020-05-25"},{"lineNumber":24,"author":{"gitId":"-"},"content":"   ","lastModifiedDate":"2020-05-24"},{"lineNumber":25,"author":{"gitId":"-"},"content":"   What is your name?","lastModifiedDate":"2020-05-24"},{"lineNumber":26,"author":{"gitId":"-"},"content":"   ```","lastModifiedDate":"2020-05-25"},{"lineNumber":27,"author":{"gitId":"-"},"content":"   Type some word and press enter to let the execution proceed to the end.","lastModifiedDate":"2020-05-24"},{"lineNumber":28,"author":{"gitId":"-"},"content":"","lastModifiedDate":"2020-05-24"},{"lineNumber":29,"author":{"gitId":"-"},"content":"## Build automation using Gradle","lastModifiedDate":"2020-05-24"},{"lineNumber":30,"author":{"gitId":"-"},"content":"","lastModifiedDate":"2020-05-24"},{"lineNumber":31,"author":{"gitId":"-"},"content":"* This project uses Gradle for build automation and dependency management. It includes a basic build script as well (i.e. the `build.gradle` file).","lastModifiedDate":"2020-05-24"},{"lineNumber":32,"author":{"gitId":"-"},"content":"* If you are new to Gradle, refer to the [Gradle Tutorial at se-education.org/guides](https://se-education.org/guides/tutorials/gradle.html).","lastModifiedDate":"2020-05-24"},{"lineNumber":33,"author":{"gitId":"-"},"content":"","lastModifiedDate":"2020-05-24"},{"lineNumber":34,"author":{"gitId":"-"},"content":"## Testing","lastModifiedDate":"2020-05-24"},{"lineNumber":35,"author":{"gitId":"-"},"content":"","lastModifiedDate":"2020-05-24"},{"lineNumber":36,"author":{"gitId":"-"},"content":"### I/O redirection tests","lastModifiedDate":"2020-05-24"},{"lineNumber":37,"author":{"gitId":"-"},"content":"","lastModifiedDate":"2020-05-24"},{"lineNumber":38,"author":{"gitId":"-"},"content":"* To run _I/O redirection_ tests (aka _Text UI tests_), navigate to the `text-ui-test` and run the `runtest(.bat/.sh)` script.","lastModifiedDate":"2020-05-24"},{"lineNumber":39,"author":{"gitId":"-"},"content":"","lastModifiedDate":"2020-05-24"},{"lineNumber":40,"author":{"gitId":"-"},"content":"### JUnit tests","lastModifiedDate":"2020-05-24"},{"lineNumber":41,"author":{"gitId":"-"},"content":"","lastModifiedDate":"2020-05-24"},{"lineNumber":42,"author":{"gitId":"-"},"content":"* A skeleton JUnit test (`src/test/java/seedu/duke/DukeTest.java`) is provided with this project template. ","lastModifiedDate":"2020-05-24"},{"lineNumber":43,"author":{"gitId":"-"},"content":"* If you are new to JUnit, refer to the [JUnit Tutorial at se-education.org/guides](https://se-education.org/guides/tutorials/junit.html).","lastModifiedDate":"2020-05-24"},{"lineNumber":44,"author":{"gitId":"-"},"content":"","lastModifiedDate":"2020-05-24"},{"lineNumber":45,"author":{"gitId":"-"},"content":"## Checkstyle","lastModifiedDate":"2020-05-24"},{"lineNumber":46,"author":{"gitId":"-"},"content":"","lastModifiedDate":"2020-05-24"},{"lineNumber":47,"author":{"gitId":"-"},"content":"* A sample CheckStyle rule configuration is provided in this project.","lastModifiedDate":"2020-05-24"},{"lineNumber":48,"author":{"gitId":"-"},"content":"* If you are new to Checkstyle, refer to the [Checkstyle Tutorial at se-education.org/guides](https://se-education.org/guides/tutorials/checkstyle.html).","lastModifiedDate":"2020-05-24"},{"lineNumber":49,"author":{"gitId":"-"},"content":"","lastModifiedDate":"2020-05-24"},{"lineNumber":50,"author":{"gitId":"-"},"content":"## CI using GitHub Actions","lastModifiedDate":"2020-05-24"},{"lineNumber":51,"author":{"gitId":"-"},"content":"","lastModifiedDate":"2020-05-24"},{"lineNumber":52,"author":{"gitId":"-"},"content":"The project uses [GitHub actions](https://github.com/features/actions) for CI. When you push a commit to this repo or PR against it, GitHub actions will run automatically to build and verify the code as updated by the commit/PR.","lastModifiedDate":"2020-05-24"},{"lineNumber":53,"author":{"gitId":"-"},"content":"","lastModifiedDate":"2020-05-24"},{"lineNumber":54,"author":{"gitId":"-"},"content":"## Documentation","lastModifiedDate":"2020-05-24"},{"lineNumber":55,"author":{"gitId":"-"},"content":"","lastModifiedDate":"2020-05-24"},{"lineNumber":56,"author":{"gitId":"-"},"content":"`/docs` folder contains a skeleton version of the project documentation.","lastModifiedDate":"2020-05-24"},{"lineNumber":57,"author":{"gitId":"-"},"content":"","lastModifiedDate":"2020-05-24"},{"lineNumber":58,"author":{"gitId":"-"},"content":"Steps for publishing documentation to the public: ","lastModifiedDate":"2020-05-24"},{"lineNumber":59,"author":{"gitId":"-"},"content":"1. If you are using this project template for an individual project, go your fork on GitHub.\u003cbr\u003e","lastModifiedDate":"2020-05-24"},{"lineNumber":60,"author":{"gitId":"-"},"content":"   If you are using this project template for a team project, go to the team fork on GitHub.","lastModifiedDate":"2020-05-24"},{"lineNumber":61,"author":{"gitId":"-"},"content":"1. Click on the `settings` tab.","lastModifiedDate":"2020-05-24"},{"lineNumber":62,"author":{"gitId":"-"},"content":"1. Scroll down to the `GitHub Pages` section.","lastModifiedDate":"2020-05-24"},{"lineNumber":63,"author":{"gitId":"-"},"content":"1. Set the `source` as `master branch /docs folder`.","lastModifiedDate":"2020-05-24"},{"lineNumber":64,"author":{"gitId":"-"},"content":"1. Optionally, use the `choose a theme` button to choose a theme for your documentation.","lastModifiedDate":"2020-05-24"}],"authorContributionMap":{"tannerlie":1,"-":63}},{"path":"docs/AboutUs.md","fileType":"docs","lines":[{"lineNumber":1,"author":{"gitId":"-"},"content":"# About us","lastModifiedDate":"2020-05-24"},{"lineNumber":2,"author":{"gitId":"-"},"content":"","lastModifiedDate":"2020-05-24"},{"lineNumber":3,"author":{"gitId":"-"},"content":"Display |    Name    | Github Profile | Portfolio ","lastModifiedDate":"2020-05-24"},{"lineNumber":4,"author":{"gitId":"tannerlie"},"content":"--------|:----------:|:--------------:|:---------:","lastModifiedDate":"2024-03-06"},{"lineNumber":5,"author":{"gitId":"aaravrawal52"},"content":"![](https://via.placeholder.com/100.png?text\u003dPhoto) | Aarav Rawal | [Github](https://github.com/) | [Portfolio](docs/team/johndoe.md)","lastModifiedDate":"2024-03-06"},{"lineNumber":6,"author":{"gitId":"tannerlie"},"content":"![](https://via.placeholder.com/100.png?text\u003dPhoto) | Tanner Lie | [Github](https://github.com/) | [Portfolio](docs/team/johndoe.md)","lastModifiedDate":"2024-03-06"},{"lineNumber":7,"author":{"gitId":"BestDownLoader365"},"content":"![](https://via.placeholder.com/100.png?text\u003dPhoto) | Fang Sihan | [Github](https://github.com/) | [Portfolio](docs/team/johndoe.md)","lastModifiedDate":"2024-03-06"},{"lineNumber":8,"author":{"gitId":"B1G-SAM"},"content":"![](https://via.placeholder.com/100.png?text\u003dPhoto) |  Samuel  | [Github](https://github.com/) | [Portfolio](docs/team/johndoe.md)","lastModifiedDate":"2024-03-06"},{"lineNumber":9,"author":{"gitId":"-"},"content":"![](https://via.placeholder.com/100.png?text\u003dPhoto) |  Don Joe   | [Github](https://github.com/) | [Portfolio](docs/team/johndoe.md)","lastModifiedDate":"2020-05-24"},{"lineNumber":10,"author":{"gitId":"-"},"content":"![](https://via.placeholder.com/100.png?text\u003dPhoto) |  Ron John  | [Github](https://github.com/) | [Portfolio](docs/team/johndoe.md)","lastModifiedDate":"2020-05-24"},{"lineNumber":11,"author":{"gitId":"-"},"content":"![](https://via.placeholder.com/100.png?text\u003dPhoto) |  John Roe  | [Github](https://github.com/) | [Portfolio](docs/team/johndoe.md)","lastModifiedDate":"2020-05-24"},{"lineNumber":12,"author":{"gitId":"B1G-SAM"},"content":"","lastModifiedDate":"2024-03-06"}],"authorContributionMap":{"aaravrawal52":1,"tannerlie":2,"BestDownLoader365":1,"B1G-SAM":2,"-":6}},{"path":"src/main/java/command/Command.java","fileType":"functional-code","lines":[{"lineNumber":1,"author":{"gitId":"BestDownLoader365"},"content":"package command;","lastModifiedDate":"2024-03-10"},{"lineNumber":2,"author":{"gitId":"BestDownLoader365"},"content":"","lastModifiedDate":"2024-03-10"},{"lineNumber":3,"author":{"gitId":"BestDownLoader365"},"content":"public abstract class Command {","lastModifiedDate":"2024-03-10"},{"lineNumber":4,"author":{"gitId":"BestDownLoader365"},"content":"    protected String commandDescription;","lastModifiedDate":"2024-03-10"},{"lineNumber":5,"author":{"gitId":"BestDownLoader365"},"content":"    public abstract void execute();","lastModifiedDate":"2024-03-10"},{"lineNumber":6,"author":{"gitId":"BestDownLoader365"},"content":"}","lastModifiedDate":"2024-03-10"}],"authorContributionMap":{"BestDownLoader365":6}},{"path":"src/main/java/command/QuitCommand.java","fileType":"functional-code","lines":[{"lineNumber":1,"author":{"gitId":"BestDownLoader365"},"content":"package command;","lastModifiedDate":"2024-03-10"},{"lineNumber":2,"author":{"gitId":"BestDownLoader365"},"content":"","lastModifiedDate":"2024-03-10"},{"lineNumber":3,"author":{"gitId":"BestDownLoader365"},"content":"public class QuitCommand extends Command{","lastModifiedDate":"2024-03-10"},{"lineNumber":4,"author":{"gitId":"BestDownLoader365"},"content":"    @Override","lastModifiedDate":"2024-03-10"},{"lineNumber":5,"author":{"gitId":"BestDownLoader365"},"content":"    public void execute() {","lastModifiedDate":"2024-03-10"},{"lineNumber":6,"author":{"gitId":"BestDownLoader365"},"content":"","lastModifiedDate":"2024-03-10"},{"lineNumber":7,"author":{"gitId":"BestDownLoader365"},"content":"    }","lastModifiedDate":"2024-03-10"},{"lineNumber":8,"author":{"gitId":"BestDownLoader365"},"content":"}","lastModifiedDate":"2024-03-10"}],"authorContributionMap":{"BestDownLoader365":8}},{"path":"src/main/java/command/fight/FightingCommand.java","fileType":"functional-code","lines":[{"lineNumber":1,"author":{"gitId":"BestDownLoader365"},"content":"package command.fight;","lastModifiedDate":"2024-03-10"},{"lineNumber":2,"author":{"gitId":"BestDownLoader365"},"content":"","lastModifiedDate":"2024-03-10"},{"lineNumber":3,"author":{"gitId":"BestDownLoader365"},"content":"import command.Command;","lastModifiedDate":"2024-03-10"},{"lineNumber":4,"author":{"gitId":"BestDownLoader365"},"content":"","lastModifiedDate":"2024-03-10"},{"lineNumber":5,"author":{"gitId":"BestDownLoader365"},"content":"public class FightingCommand extends Command {","lastModifiedDate":"2024-03-10"},{"lineNumber":6,"author":{"gitId":"BestDownLoader365"},"content":"    @Override","lastModifiedDate":"2024-03-10"},{"lineNumber":7,"author":{"gitId":"BestDownLoader365"},"content":"    public void execute(){","lastModifiedDate":"2024-03-10"},{"lineNumber":8,"author":{"gitId":"BestDownLoader365"},"content":"","lastModifiedDate":"2024-03-10"},{"lineNumber":9,"author":{"gitId":"BestDownLoader365"},"content":"    }","lastModifiedDate":"2024-03-10"},{"lineNumber":10,"author":{"gitId":"BestDownLoader365"},"content":"}","lastModifiedDate":"2024-03-10"}],"authorContributionMap":{"BestDownLoader365":10}},{"path":"src/main/java/command/fight/RunningCommand.java","fileType":"functional-code","lines":[{"lineNumber":1,"author":{"gitId":"BestDownLoader365"},"content":"package command.fight;","lastModifiedDate":"2024-03-10"},{"lineNumber":2,"author":{"gitId":"BestDownLoader365"},"content":"","lastModifiedDate":"2024-03-10"},{"lineNumber":3,"author":{"gitId":"BestDownLoader365"},"content":"import command.Command;","lastModifiedDate":"2024-03-10"},{"lineNumber":4,"author":{"gitId":"BestDownLoader365"},"content":"","lastModifiedDate":"2024-03-10"},{"lineNumber":5,"author":{"gitId":"BestDownLoader365"},"content":"public class RunningCommand extends Command {","lastModifiedDate":"2024-03-10"},{"lineNumber":6,"author":{"gitId":"BestDownLoader365"},"content":"    @Override","lastModifiedDate":"2024-03-10"},{"lineNumber":7,"author":{"gitId":"BestDownLoader365"},"content":"    public void execute(){","lastModifiedDate":"2024-03-10"},{"lineNumber":8,"author":{"gitId":"BestDownLoader365"},"content":"","lastModifiedDate":"2024-03-10"},{"lineNumber":9,"author":{"gitId":"BestDownLoader365"},"content":"    }","lastModifiedDate":"2024-03-10"},{"lineNumber":10,"author":{"gitId":"BestDownLoader365"},"content":"}","lastModifiedDate":"2024-03-10"}],"authorContributionMap":{"BestDownLoader365":10}},{"path":"src/main/java/command/mapmove/InteractingCommand.java","fileType":"functional-code","lines":[{"lineNumber":1,"author":{"gitId":"BestDownLoader365"},"content":"package command.mapmove;","lastModifiedDate":"2024-03-10"},{"lineNumber":2,"author":{"gitId":"BestDownLoader365"},"content":"","lastModifiedDate":"2024-03-10"},{"lineNumber":3,"author":{"gitId":"BestDownLoader365"},"content":"","lastModifiedDate":"2024-03-10"},{"lineNumber":4,"author":{"gitId":"BestDownLoader365"},"content":"public class InteractingCommand extends MapMoveCommand {","lastModifiedDate":"2024-03-10"},{"lineNumber":5,"author":{"gitId":"BestDownLoader365"},"content":"    @Override","lastModifiedDate":"2024-03-10"},{"lineNumber":6,"author":{"gitId":"BestDownLoader365"},"content":"    public void execute() {","lastModifiedDate":"2024-03-10"},{"lineNumber":7,"author":{"gitId":"BestDownLoader365"},"content":"","lastModifiedDate":"2024-03-10"},{"lineNumber":8,"author":{"gitId":"BestDownLoader365"},"content":"    }","lastModifiedDate":"2024-03-10"},{"lineNumber":9,"author":{"gitId":"BestDownLoader365"},"content":"}","lastModifiedDate":"2024-03-10"}],"authorContributionMap":{"BestDownLoader365":9}},{"path":"src/main/java/command/mapmove/MapMoveCommand.java","fileType":"functional-code","lines":[{"lineNumber":1,"author":{"gitId":"BestDownLoader365"},"content":"package command.mapmove;","lastModifiedDate":"2024-03-10"},{"lineNumber":2,"author":{"gitId":"BestDownLoader365"},"content":"","lastModifiedDate":"2024-03-10"},{"lineNumber":3,"author":{"gitId":"BestDownLoader365"},"content":"import command.Command;","lastModifiedDate":"2024-03-10"},{"lineNumber":4,"author":{"gitId":"BestDownLoader365"},"content":"","lastModifiedDate":"2024-03-10"},{"lineNumber":5,"author":{"gitId":"BestDownLoader365"},"content":"public abstract class MapMoveCommand extends Command {","lastModifiedDate":"2024-03-10"},{"lineNumber":6,"author":{"gitId":"BestDownLoader365"},"content":"    protected String commandModifier;","lastModifiedDate":"2024-03-10"},{"lineNumber":7,"author":{"gitId":"BestDownLoader365"},"content":"    public abstract void execute();","lastModifiedDate":"2024-03-10"},{"lineNumber":8,"author":{"gitId":"BestDownLoader365"},"content":"}","lastModifiedDate":"2024-03-10"}],"authorContributionMap":{"BestDownLoader365":8}},{"path":"src/main/java/command/mapmove/MovingDownwardCommand.java","fileType":"functional-code","lines":[{"lineNumber":1,"author":{"gitId":"BestDownLoader365"},"content":"package command.mapmove;","lastModifiedDate":"2024-03-10"},{"lineNumber":2,"author":{"gitId":"BestDownLoader365"},"content":"","lastModifiedDate":"2024-03-10"},{"lineNumber":3,"author":{"gitId":"BestDownLoader365"},"content":"","lastModifiedDate":"2024-03-10"},{"lineNumber":4,"author":{"gitId":"BestDownLoader365"},"content":"public class MovingDownwardCommand extends MapMoveCommand {","lastModifiedDate":"2024-03-10"},{"lineNumber":5,"author":{"gitId":"BestDownLoader365"},"content":"","lastModifiedDate":"2024-03-10"},{"lineNumber":6,"author":{"gitId":"BestDownLoader365"},"content":"    @Override","lastModifiedDate":"2024-03-10"},{"lineNumber":7,"author":{"gitId":"BestDownLoader365"},"content":"    public void execute() {","lastModifiedDate":"2024-03-10"},{"lineNumber":8,"author":{"gitId":"BestDownLoader365"},"content":"","lastModifiedDate":"2024-03-10"},{"lineNumber":9,"author":{"gitId":"BestDownLoader365"},"content":"    }","lastModifiedDate":"2024-03-10"},{"lineNumber":10,"author":{"gitId":"BestDownLoader365"},"content":"}","lastModifiedDate":"2024-03-10"}],"authorContributionMap":{"BestDownLoader365":10}},{"path":"src/main/java/command/mapmove/MovingForwardCommand.java","fileType":"functional-code","lines":[{"lineNumber":1,"author":{"gitId":"BestDownLoader365"},"content":"package command.mapmove;","lastModifiedDate":"2024-03-10"},{"lineNumber":2,"author":{"gitId":"BestDownLoader365"},"content":"","lastModifiedDate":"2024-03-10"},{"lineNumber":3,"author":{"gitId":"BestDownLoader365"},"content":"public class MovingForwardCommand extends MapMoveCommand {","lastModifiedDate":"2024-03-10"},{"lineNumber":4,"author":{"gitId":"BestDownLoader365"},"content":"    @Override","lastModifiedDate":"2024-03-10"},{"lineNumber":5,"author":{"gitId":"BestDownLoader365"},"content":"    public void execute() {","lastModifiedDate":"2024-03-10"},{"lineNumber":6,"author":{"gitId":"BestDownLoader365"},"content":"","lastModifiedDate":"2024-03-10"},{"lineNumber":7,"author":{"gitId":"BestDownLoader365"},"content":"    }","lastModifiedDate":"2024-03-10"},{"lineNumber":8,"author":{"gitId":"BestDownLoader365"},"content":"}","lastModifiedDate":"2024-03-10"}],"authorContributionMap":{"BestDownLoader365":8}},{"path":"src/main/java/command/mapmove/MovingLeftCommand.java","fileType":"functional-code","lines":[{"lineNumber":1,"author":{"gitId":"BestDownLoader365"},"content":"package command.mapmove;","lastModifiedDate":"2024-03-10"},{"lineNumber":2,"author":{"gitId":"BestDownLoader365"},"content":"","lastModifiedDate":"2024-03-10"},{"lineNumber":3,"author":{"gitId":"BestDownLoader365"},"content":"public class MovingLeftCommand extends MapMoveCommand {","lastModifiedDate":"2024-03-10"},{"lineNumber":4,"author":{"gitId":"BestDownLoader365"},"content":"    @Override","lastModifiedDate":"2024-03-10"},{"lineNumber":5,"author":{"gitId":"BestDownLoader365"},"content":"    public void execute() {","lastModifiedDate":"2024-03-10"},{"lineNumber":6,"author":{"gitId":"BestDownLoader365"},"content":"","lastModifiedDate":"2024-03-10"},{"lineNumber":7,"author":{"gitId":"BestDownLoader365"},"content":"    }","lastModifiedDate":"2024-03-10"},{"lineNumber":8,"author":{"gitId":"BestDownLoader365"},"content":"}","lastModifiedDate":"2024-03-10"}],"authorContributionMap":{"BestDownLoader365":8}},{"path":"src/main/java/command/mapmove/MovingRightCommand.java","fileType":"functional-code","lines":[{"lineNumber":1,"author":{"gitId":"BestDownLoader365"},"content":"package command.mapmove;","lastModifiedDate":"2024-03-10"},{"lineNumber":2,"author":{"gitId":"BestDownLoader365"},"content":"","lastModifiedDate":"2024-03-10"},{"lineNumber":3,"author":{"gitId":"BestDownLoader365"},"content":"","lastModifiedDate":"2024-03-10"},{"lineNumber":4,"author":{"gitId":"BestDownLoader365"},"content":"public class MovingRightCommand extends MapMoveCommand {","lastModifiedDate":"2024-03-10"},{"lineNumber":5,"author":{"gitId":"BestDownLoader365"},"content":"    @Override","lastModifiedDate":"2024-03-10"},{"lineNumber":6,"author":{"gitId":"BestDownLoader365"},"content":"    public void execute() {","lastModifiedDate":"2024-03-10"},{"lineNumber":7,"author":{"gitId":"BestDownLoader365"},"content":"    }","lastModifiedDate":"2024-03-10"},{"lineNumber":8,"author":{"gitId":"BestDownLoader365"},"content":"}","lastModifiedDate":"2024-03-10"}],"authorContributionMap":{"BestDownLoader365":8}},{"path":"src/main/java/main/CalculaChroniclesOfTheAlgorithmicKingdom.java","fileType":"functional-code","lines":[{"lineNumber":1,"author":{"gitId":"BestDownLoader365"},"content":"package main;","lastModifiedDate":"2024-03-10"},{"lineNumber":2,"author":{"gitId":"BestDownLoader365"},"content":"","lastModifiedDate":"2024-03-10"},{"lineNumber":3,"author":{"gitId":"BestDownLoader365"},"content":"import command.Command;","lastModifiedDate":"2024-03-10"},{"lineNumber":4,"author":{"gitId":"B1G-SAM"},"content":"import map.FirstMap;","lastModifiedDate":"2024-03-10"},{"lineNumber":5,"author":{"gitId":"BestDownLoader365"},"content":"import parser.Parser;","lastModifiedDate":"2024-03-10"},{"lineNumber":6,"author":{"gitId":"BestDownLoader365"},"content":"import textbox.PlayerStatus;","lastModifiedDate":"2024-03-10"},{"lineNumber":7,"author":{"gitId":"BestDownLoader365"},"content":"import textbox.TextBox;","lastModifiedDate":"2024-03-10"},{"lineNumber":8,"author":{"gitId":"BestDownLoader365"},"content":"import ui.Ui;","lastModifiedDate":"2024-03-10"},{"lineNumber":9,"author":{"gitId":"BestDownLoader365"},"content":"","lastModifiedDate":"2024-03-10"},{"lineNumber":10,"author":{"gitId":"B1G-SAM"},"content":"","lastModifiedDate":"2024-03-10"},{"lineNumber":11,"author":{"gitId":"BestDownLoader365"},"content":"public class CalculaChroniclesOfTheAlgorithmicKingdom {","lastModifiedDate":"2024-03-10"},{"lineNumber":12,"author":{"gitId":"BestDownLoader365"},"content":"    public static void main(String[] args) {","lastModifiedDate":"2024-03-10"},{"lineNumber":13,"author":{"gitId":"BestDownLoader365"},"content":"        new CalculaChroniclesOfTheAlgorithmicKingdom().startGame();","lastModifiedDate":"2024-03-10"},{"lineNumber":14,"author":{"gitId":"BestDownLoader365"},"content":"    }","lastModifiedDate":"2024-03-10"},{"lineNumber":15,"author":{"gitId":"BestDownLoader365"},"content":"","lastModifiedDate":"2024-03-10"},{"lineNumber":16,"author":{"gitId":"BestDownLoader365"},"content":"    public void startGame() {","lastModifiedDate":"2024-03-10"},{"lineNumber":17,"author":{"gitId":"B1G-SAM"},"content":"        PlayerStatus playerStatus \u003d new PlayerStatus(100, 0, 0);","lastModifiedDate":"2024-03-10"},{"lineNumber":18,"author":{"gitId":"BestDownLoader365"},"content":"        TextBox textBox \u003d new TextBox();","lastModifiedDate":"2024-03-10"},{"lineNumber":19,"author":{"gitId":"BestDownLoader365"},"content":"        Parser parser \u003d new Parser();","lastModifiedDate":"2024-03-10"},{"lineNumber":20,"author":{"gitId":"B1G-SAM"},"content":"        FirstMap map \u003d new FirstMap();","lastModifiedDate":"2024-03-10"},{"lineNumber":21,"author":{"gitId":"BestDownLoader365"},"content":"","lastModifiedDate":"2024-03-10"},{"lineNumber":22,"author":{"gitId":"BestDownLoader365"},"content":"        Ui ui \u003d new Ui();","lastModifiedDate":"2024-03-10"},{"lineNumber":23,"author":{"gitId":"B1G-SAM"},"content":"        map.initMap(30, 10);","lastModifiedDate":"2024-03-10"},{"lineNumber":24,"author":{"gitId":"B1G-SAM"},"content":"        map.initPlayerLocation(0,0);","lastModifiedDate":"2024-03-10"},{"lineNumber":25,"author":{"gitId":"BestDownLoader365"},"content":"        textBox.initTextBox();","lastModifiedDate":"2024-03-10"},{"lineNumber":26,"author":{"gitId":"BestDownLoader365"},"content":"        Command userCommand;","lastModifiedDate":"2024-03-10"},{"lineNumber":27,"author":{"gitId":"BestDownLoader365"},"content":"        while (true) {","lastModifiedDate":"2024-03-10"},{"lineNumber":28,"author":{"gitId":"BestDownLoader365"},"content":"            String userCommandText \u003d ui.readInCommand();","lastModifiedDate":"2024-03-10"},{"lineNumber":29,"author":{"gitId":"BestDownLoader365"},"content":"            userCommand \u003d parser.parserCommand(userCommandText);","lastModifiedDate":"2024-03-10"},{"lineNumber":30,"author":{"gitId":"BestDownLoader365"},"content":"            userCommand.execute();","lastModifiedDate":"2024-03-10"},{"lineNumber":31,"author":{"gitId":"BestDownLoader365"},"content":"","lastModifiedDate":"2024-03-10"},{"lineNumber":32,"author":{"gitId":"BestDownLoader365"},"content":"            map.nextMapBasedOnCommand(userCommand);","lastModifiedDate":"2024-03-10"},{"lineNumber":33,"author":{"gitId":"B1G-SAM"},"content":"            ui.printPlayerStatus(playerStatus);","lastModifiedDate":"2024-03-10"},{"lineNumber":34,"author":{"gitId":"BestDownLoader365"},"content":"            textBox.nextTextBoxBasedOnMapAndCommand(userCommand, map);","lastModifiedDate":"2024-03-10"},{"lineNumber":35,"author":{"gitId":"BestDownLoader365"},"content":"        }","lastModifiedDate":"2024-03-10"},{"lineNumber":36,"author":{"gitId":"BestDownLoader365"},"content":"    }","lastModifiedDate":"2024-03-10"},{"lineNumber":37,"author":{"gitId":"BestDownLoader365"},"content":"}","lastModifiedDate":"2024-03-10"}],"authorContributionMap":{"BestDownLoader365":30,"B1G-SAM":7}},{"path":"src/main/java/map/FirstMap.java","fileType":"functional-code","lines":[{"lineNumber":1,"author":{"gitId":"B1G-SAM"},"content":"package map;","lastModifiedDate":"2024-03-10"},{"lineNumber":2,"author":{"gitId":"B1G-SAM"},"content":"","lastModifiedDate":"2024-03-10"},{"lineNumber":3,"author":{"gitId":"B1G-SAM"},"content":"public class FirstMap extends Map{","lastModifiedDate":"2024-03-10"},{"lineNumber":4,"author":{"gitId":"B1G-SAM"},"content":"    protected String DIFFICULTY_MODIFIER \u003d \"easy\"; //can use to determine question difficulty","lastModifiedDate":"2024-03-10"},{"lineNumber":5,"author":{"gitId":"B1G-SAM"},"content":"}","lastModifiedDate":"2024-03-10"}],"authorContributionMap":{"B1G-SAM":5}},{"path":"src/main/java/map/Map.java","fileType":"functional-code","lines":[{"lineNumber":1,"author":{"gitId":"BestDownLoader365"},"content":"package map;","lastModifiedDate":"2024-03-10"},{"lineNumber":2,"author":{"gitId":"BestDownLoader365"},"content":"import command.Command;","lastModifiedDate":"2024-03-10"},{"lineNumber":3,"author":{"gitId":"B1G-SAM"},"content":"import java.util.ArrayList;","lastModifiedDate":"2024-03-10"},{"lineNumber":4,"author":{"gitId":"BestDownLoader365"},"content":"","lastModifiedDate":"2024-03-10"},{"lineNumber":5,"author":{"gitId":"BestDownLoader365"},"content":"public abstract class Map {","lastModifiedDate":"2024-03-10"},{"lineNumber":6,"author":{"gitId":"B1G-SAM"},"content":"    protected int width;","lastModifiedDate":"2024-03-10"},{"lineNumber":7,"author":{"gitId":"B1G-SAM"},"content":"    protected int height;","lastModifiedDate":"2024-03-10"},{"lineNumber":8,"author":{"gitId":"B1G-SAM"},"content":"    protected ArrayList\u003cArrayList\u003cCharacter\u003e\u003e storedMap;","lastModifiedDate":"2024-03-10"},{"lineNumber":9,"author":{"gitId":"B1G-SAM"},"content":"    protected int playerX;","lastModifiedDate":"2024-03-10"},{"lineNumber":10,"author":{"gitId":"B1G-SAM"},"content":"    protected int playerY;","lastModifiedDate":"2024-03-10"},{"lineNumber":11,"author":{"gitId":"B1G-SAM"},"content":"    protected String mapName;","lastModifiedDate":"2024-03-10"},{"lineNumber":12,"author":{"gitId":"B1G-SAM"},"content":"","lastModifiedDate":"2024-03-10"},{"lineNumber":13,"author":{"gitId":"B1G-SAM"},"content":"","lastModifiedDate":"2024-03-10"},{"lineNumber":14,"author":{"gitId":"B1G-SAM"},"content":"","lastModifiedDate":"2024-03-10"},{"lineNumber":15,"author":{"gitId":"B1G-SAM"},"content":"    public void initMap(int givenWidth, int givenHeight){","lastModifiedDate":"2024-03-10"},{"lineNumber":16,"author":{"gitId":"B1G-SAM"},"content":"        this.width \u003d givenWidth;","lastModifiedDate":"2024-03-10"},{"lineNumber":17,"author":{"gitId":"B1G-SAM"},"content":"        this.height \u003d givenHeight;","lastModifiedDate":"2024-03-10"},{"lineNumber":18,"author":{"gitId":"B1G-SAM"},"content":"        this.storedMap \u003d new ArrayList\u003c\u003e(height);","lastModifiedDate":"2024-03-10"},{"lineNumber":19,"author":{"gitId":"B1G-SAM"},"content":"","lastModifiedDate":"2024-03-10"},{"lineNumber":20,"author":{"gitId":"B1G-SAM"},"content":"        for (int i \u003d 0; i \u003c height; i +\u003d 1){","lastModifiedDate":"2024-03-10"},{"lineNumber":21,"author":{"gitId":"B1G-SAM"},"content":"            ArrayList\u003cCharacter\u003e row \u003d new ArrayList\u003c\u003e(width);","lastModifiedDate":"2024-03-10"},{"lineNumber":22,"author":{"gitId":"B1G-SAM"},"content":"            for (int j \u003d 0; j \u003c width; j +\u003d 1){","lastModifiedDate":"2024-03-10"},{"lineNumber":23,"author":{"gitId":"B1G-SAM"},"content":"                row.add(\u0027.\u0027);","lastModifiedDate":"2024-03-10"},{"lineNumber":24,"author":{"gitId":"B1G-SAM"},"content":"            }","lastModifiedDate":"2024-03-10"},{"lineNumber":25,"author":{"gitId":"B1G-SAM"},"content":"            storedMap.add(row);","lastModifiedDate":"2024-03-10"},{"lineNumber":26,"author":{"gitId":"B1G-SAM"},"content":"        }","lastModifiedDate":"2024-03-10"},{"lineNumber":27,"author":{"gitId":"B1G-SAM"},"content":"    }","lastModifiedDate":"2024-03-10"},{"lineNumber":28,"author":{"gitId":"B1G-SAM"},"content":"","lastModifiedDate":"2024-03-10"},{"lineNumber":29,"author":{"gitId":"B1G-SAM"},"content":"","lastModifiedDate":"2024-03-10"},{"lineNumber":30,"author":{"gitId":"B1G-SAM"},"content":"    public ArrayList\u003cArrayList\u003cCharacter\u003e\u003e getStoredMap() {","lastModifiedDate":"2024-03-10"},{"lineNumber":31,"author":{"gitId":"B1G-SAM"},"content":"        return storedMap;","lastModifiedDate":"2024-03-10"},{"lineNumber":32,"author":{"gitId":"B1G-SAM"},"content":"    }","lastModifiedDate":"2024-03-10"},{"lineNumber":33,"author":{"gitId":"B1G-SAM"},"content":"","lastModifiedDate":"2024-03-10"},{"lineNumber":34,"author":{"gitId":"B1G-SAM"},"content":"    public void initPlayerLocation(int x, int y){","lastModifiedDate":"2024-03-10"},{"lineNumber":35,"author":{"gitId":"B1G-SAM"},"content":"        if (x \u003e\u003d 0 \u0026\u0026 x \u003c width \u0026\u0026 y \u003e\u003d 0 \u0026\u0026 y \u003c height){","lastModifiedDate":"2024-03-10"},{"lineNumber":36,"author":{"gitId":"B1G-SAM"},"content":"            storedMap.get(y).set(x, \u0027P\u0027);","lastModifiedDate":"2024-03-10"},{"lineNumber":37,"author":{"gitId":"B1G-SAM"},"content":"            this.playerX \u003d x;","lastModifiedDate":"2024-03-10"},{"lineNumber":38,"author":{"gitId":"B1G-SAM"},"content":"            this.playerY \u003d y;","lastModifiedDate":"2024-03-10"},{"lineNumber":39,"author":{"gitId":"B1G-SAM"},"content":"        }","lastModifiedDate":"2024-03-10"},{"lineNumber":40,"author":{"gitId":"B1G-SAM"},"content":"    }","lastModifiedDate":"2024-03-10"},{"lineNumber":41,"author":{"gitId":"B1G-SAM"},"content":"","lastModifiedDate":"2024-03-10"},{"lineNumber":42,"author":{"gitId":"B1G-SAM"},"content":"","lastModifiedDate":"2024-03-10"},{"lineNumber":43,"author":{"gitId":"B1G-SAM"},"content":"    public void movePlayerUpOne(){","lastModifiedDate":"2024-03-10"},{"lineNumber":44,"author":{"gitId":"B1G-SAM"},"content":"        if (this.playerY - 1 \u003e\u003d 0){","lastModifiedDate":"2024-03-10"},{"lineNumber":45,"author":{"gitId":"B1G-SAM"},"content":"            storedMap.get(playerY).set(playerX, \u0027.\u0027);","lastModifiedDate":"2024-03-10"},{"lineNumber":46,"author":{"gitId":"B1G-SAM"},"content":"            storedMap.get(playerY - 1).set(playerX, \u0027P\u0027);","lastModifiedDate":"2024-03-10"},{"lineNumber":47,"author":{"gitId":"B1G-SAM"},"content":"        }","lastModifiedDate":"2024-03-10"},{"lineNumber":48,"author":{"gitId":"B1G-SAM"},"content":"    }","lastModifiedDate":"2024-03-10"},{"lineNumber":49,"author":{"gitId":"B1G-SAM"},"content":"","lastModifiedDate":"2024-03-10"},{"lineNumber":50,"author":{"gitId":"B1G-SAM"},"content":"","lastModifiedDate":"2024-03-10"},{"lineNumber":51,"author":{"gitId":"B1G-SAM"},"content":"    public void movePlayerDownOne(){","lastModifiedDate":"2024-03-10"},{"lineNumber":52,"author":{"gitId":"B1G-SAM"},"content":"        if (this.playerY + 1 \u003c height){","lastModifiedDate":"2024-03-10"},{"lineNumber":53,"author":{"gitId":"B1G-SAM"},"content":"            storedMap.get(playerY).set(playerX, \u0027.\u0027);","lastModifiedDate":"2024-03-10"},{"lineNumber":54,"author":{"gitId":"B1G-SAM"},"content":"            storedMap.get(playerY + 1).set(playerX, \u0027P\u0027);","lastModifiedDate":"2024-03-10"},{"lineNumber":55,"author":{"gitId":"B1G-SAM"},"content":"        }","lastModifiedDate":"2024-03-10"},{"lineNumber":56,"author":{"gitId":"B1G-SAM"},"content":"    }","lastModifiedDate":"2024-03-10"},{"lineNumber":57,"author":{"gitId":"B1G-SAM"},"content":"","lastModifiedDate":"2024-03-10"},{"lineNumber":58,"author":{"gitId":"B1G-SAM"},"content":"","lastModifiedDate":"2024-03-10"},{"lineNumber":59,"author":{"gitId":"B1G-SAM"},"content":"    public void movePlayerLeftOne(){","lastModifiedDate":"2024-03-10"},{"lineNumber":60,"author":{"gitId":"B1G-SAM"},"content":"        if (this.playerX - 1 \u003e\u003d 0){","lastModifiedDate":"2024-03-10"},{"lineNumber":61,"author":{"gitId":"B1G-SAM"},"content":"            storedMap.get(playerY).set(playerX, \u0027.\u0027);","lastModifiedDate":"2024-03-10"},{"lineNumber":62,"author":{"gitId":"B1G-SAM"},"content":"            storedMap.get(playerY).set(playerX - 1, \u0027P\u0027);","lastModifiedDate":"2024-03-10"},{"lineNumber":63,"author":{"gitId":"B1G-SAM"},"content":"        }","lastModifiedDate":"2024-03-10"},{"lineNumber":64,"author":{"gitId":"B1G-SAM"},"content":"    }","lastModifiedDate":"2024-03-10"},{"lineNumber":65,"author":{"gitId":"B1G-SAM"},"content":"","lastModifiedDate":"2024-03-10"},{"lineNumber":66,"author":{"gitId":"B1G-SAM"},"content":"","lastModifiedDate":"2024-03-10"},{"lineNumber":67,"author":{"gitId":"B1G-SAM"},"content":"    public void movePlayerRightOne(){","lastModifiedDate":"2024-03-10"},{"lineNumber":68,"author":{"gitId":"B1G-SAM"},"content":"        if (this.playerY + 1 \u003c width){","lastModifiedDate":"2024-03-10"},{"lineNumber":69,"author":{"gitId":"B1G-SAM"},"content":"            storedMap.get(playerY).set(playerX, \u0027.\u0027);","lastModifiedDate":"2024-03-10"},{"lineNumber":70,"author":{"gitId":"B1G-SAM"},"content":"            storedMap.get(playerY).set(playerX + 1, \u0027P\u0027);","lastModifiedDate":"2024-03-10"},{"lineNumber":71,"author":{"gitId":"B1G-SAM"},"content":"        }","lastModifiedDate":"2024-03-10"},{"lineNumber":72,"author":{"gitId":"B1G-SAM"},"content":"    }","lastModifiedDate":"2024-03-10"},{"lineNumber":73,"author":{"gitId":"B1G-SAM"},"content":"","lastModifiedDate":"2024-03-10"},{"lineNumber":74,"author":{"gitId":"B1G-SAM"},"content":"    public void nextMapBasedOnCommand(Command userCommand){","lastModifiedDate":"2024-03-10"},{"lineNumber":75,"author":{"gitId":"B1G-SAM"},"content":"        userCommand.execute();","lastModifiedDate":"2024-03-10"},{"lineNumber":76,"author":{"gitId":"B1G-SAM"},"content":"    }","lastModifiedDate":"2024-03-10"},{"lineNumber":77,"author":{"gitId":"B1G-SAM"},"content":"","lastModifiedDate":"2024-03-15"},{"lineNumber":78,"author":{"gitId":"B1G-SAM"},"content":"    public ArrayList\u003cArrayList\u003cCharacter\u003e\u003e getMap(){","lastModifiedDate":"2024-03-15"},{"lineNumber":79,"author":{"gitId":"B1G-SAM"},"content":"        return storedMap;","lastModifiedDate":"2024-03-15"},{"lineNumber":80,"author":{"gitId":"B1G-SAM"},"content":"    }","lastModifiedDate":"2024-03-15"},{"lineNumber":81,"author":{"gitId":"BestDownLoader365"},"content":"}","lastModifiedDate":"2024-03-10"}],"authorContributionMap":{"BestDownLoader365":5,"B1G-SAM":76}},{"path":"src/main/java/parser/Parser.java","fileType":"functional-code","lines":[{"lineNumber":1,"author":{"gitId":"BestDownLoader365"},"content":"package parser;","lastModifiedDate":"2024-03-10"},{"lineNumber":2,"author":{"gitId":"BestDownLoader365"},"content":"","lastModifiedDate":"2024-03-10"},{"lineNumber":3,"author":{"gitId":"BestDownLoader365"},"content":"import command.Command;","lastModifiedDate":"2024-03-10"},{"lineNumber":4,"author":{"gitId":"BestDownLoader365"},"content":"","lastModifiedDate":"2024-03-10"},{"lineNumber":5,"author":{"gitId":"BestDownLoader365"},"content":"public class Parser {","lastModifiedDate":"2024-03-10"},{"lineNumber":6,"author":{"gitId":"BestDownLoader365"},"content":"    public Command parserCommand(String userCommand){","lastModifiedDate":"2024-03-10"},{"lineNumber":7,"author":{"gitId":"BestDownLoader365"},"content":"        return null;","lastModifiedDate":"2024-03-10"},{"lineNumber":8,"author":{"gitId":"BestDownLoader365"},"content":"    }","lastModifiedDate":"2024-03-10"},{"lineNumber":9,"author":{"gitId":"BestDownLoader365"},"content":"}","lastModifiedDate":"2024-03-10"}],"authorContributionMap":{"BestDownLoader365":9}},{"path":"src/main/java/textbox/PlayerStatus.java","fileType":"functional-code","lines":[{"lineNumber":1,"author":{"gitId":"BestDownLoader365"},"content":"package textbox;","lastModifiedDate":"2024-03-10"},{"lineNumber":2,"author":{"gitId":"BestDownLoader365"},"content":"","lastModifiedDate":"2024-03-10"},{"lineNumber":3,"author":{"gitId":"B1G-SAM"},"content":"","lastModifiedDate":"2024-03-10"},{"lineNumber":4,"author":{"gitId":"BestDownLoader365"},"content":"public class PlayerStatus {","lastModifiedDate":"2024-03-10"},{"lineNumber":5,"author":{"gitId":"B1G-SAM"},"content":"    private int playerHealth;","lastModifiedDate":"2024-03-10"},{"lineNumber":6,"author":{"gitId":"B1G-SAM"},"content":"    private int playerMoney;","lastModifiedDate":"2024-03-10"},{"lineNumber":7,"author":{"gitId":"B1G-SAM"},"content":"    private int playerExp;","lastModifiedDate":"2024-03-10"},{"lineNumber":8,"author":{"gitId":"B1G-SAM"},"content":"","lastModifiedDate":"2024-03-10"},{"lineNumber":9,"author":{"gitId":"B1G-SAM"},"content":"    public PlayerStatus(int startHealth, int startMoney, int startExp){","lastModifiedDate":"2024-03-10"},{"lineNumber":10,"author":{"gitId":"B1G-SAM"},"content":"        this.playerHealth \u003d startHealth;","lastModifiedDate":"2024-03-10"},{"lineNumber":11,"author":{"gitId":"B1G-SAM"},"content":"        this.playerMoney \u003d startMoney;","lastModifiedDate":"2024-03-10"},{"lineNumber":12,"author":{"gitId":"B1G-SAM"},"content":"        this.playerExp \u003d startExp;","lastModifiedDate":"2024-03-10"},{"lineNumber":13,"author":{"gitId":"B1G-SAM"},"content":"    }","lastModifiedDate":"2024-03-10"},{"lineNumber":14,"author":{"gitId":"B1G-SAM"},"content":"","lastModifiedDate":"2024-03-10"},{"lineNumber":15,"author":{"gitId":"B1G-SAM"},"content":"    public int getPlayerHealth(){","lastModifiedDate":"2024-03-10"},{"lineNumber":16,"author":{"gitId":"B1G-SAM"},"content":"        return this.playerHealth;","lastModifiedDate":"2024-03-10"},{"lineNumber":17,"author":{"gitId":"B1G-SAM"},"content":"    }","lastModifiedDate":"2024-03-10"},{"lineNumber":18,"author":{"gitId":"B1G-SAM"},"content":"","lastModifiedDate":"2024-03-10"},{"lineNumber":19,"author":{"gitId":"B1G-SAM"},"content":"    public int getPlayerMoney(){","lastModifiedDate":"2024-03-10"},{"lineNumber":20,"author":{"gitId":"B1G-SAM"},"content":"        return this.playerMoney;","lastModifiedDate":"2024-03-10"},{"lineNumber":21,"author":{"gitId":"B1G-SAM"},"content":"    }","lastModifiedDate":"2024-03-10"},{"lineNumber":22,"author":{"gitId":"B1G-SAM"},"content":"","lastModifiedDate":"2024-03-10"},{"lineNumber":23,"author":{"gitId":"B1G-SAM"},"content":"    public int getPlayerExp(){","lastModifiedDate":"2024-03-10"},{"lineNumber":24,"author":{"gitId":"B1G-SAM"},"content":"        return this.playerExp;","lastModifiedDate":"2024-03-10"},{"lineNumber":25,"author":{"gitId":"B1G-SAM"},"content":"    }","lastModifiedDate":"2024-03-10"},{"lineNumber":26,"author":{"gitId":"B1G-SAM"},"content":"","lastModifiedDate":"2024-03-10"},{"lineNumber":27,"author":{"gitId":"B1G-SAM"},"content":"    public void setPlayerExp(int playerExp) {","lastModifiedDate":"2024-03-10"},{"lineNumber":28,"author":{"gitId":"B1G-SAM"},"content":"        this.playerExp \u003d playerExp;","lastModifiedDate":"2024-03-10"},{"lineNumber":29,"author":{"gitId":"B1G-SAM"},"content":"    }","lastModifiedDate":"2024-03-10"},{"lineNumber":30,"author":{"gitId":"B1G-SAM"},"content":"","lastModifiedDate":"2024-03-10"},{"lineNumber":31,"author":{"gitId":"B1G-SAM"},"content":"    public void setPlayerHealth(int playerHealth) {","lastModifiedDate":"2024-03-10"},{"lineNumber":32,"author":{"gitId":"B1G-SAM"},"content":"        this.playerHealth \u003d playerHealth;","lastModifiedDate":"2024-03-10"},{"lineNumber":33,"author":{"gitId":"B1G-SAM"},"content":"    }","lastModifiedDate":"2024-03-10"},{"lineNumber":34,"author":{"gitId":"BestDownLoader365"},"content":"","lastModifiedDate":"2024-03-10"},{"lineNumber":35,"author":{"gitId":"B1G-SAM"},"content":"    public void setPlayerMoney(int playerMoney) {","lastModifiedDate":"2024-03-10"},{"lineNumber":36,"author":{"gitId":"B1G-SAM"},"content":"        this.playerMoney \u003d playerMoney;","lastModifiedDate":"2024-03-10"},{"lineNumber":37,"author":{"gitId":"BestDownLoader365"},"content":"    }","lastModifiedDate":"2024-03-10"},{"lineNumber":38,"author":{"gitId":"BestDownLoader365"},"content":"}","lastModifiedDate":"2024-03-10"}],"authorContributionMap":{"BestDownLoader365":6,"B1G-SAM":32}},{"path":"src/main/java/textbox/TextBox.java","fileType":"functional-code","lines":[{"lineNumber":1,"author":{"gitId":"BestDownLoader365"},"content":"package textbox;","lastModifiedDate":"2024-03-10"},{"lineNumber":2,"author":{"gitId":"BestDownLoader365"},"content":"","lastModifiedDate":"2024-03-10"},{"lineNumber":3,"author":{"gitId":"BestDownLoader365"},"content":"import command.Command;","lastModifiedDate":"2024-03-10"},{"lineNumber":4,"author":{"gitId":"BestDownLoader365"},"content":"import map.Map;","lastModifiedDate":"2024-03-10"},{"lineNumber":5,"author":{"gitId":"BestDownLoader365"},"content":"","lastModifiedDate":"2024-03-10"},{"lineNumber":6,"author":{"gitId":"BestDownLoader365"},"content":"public class TextBox {","lastModifiedDate":"2024-03-10"},{"lineNumber":7,"author":{"gitId":"B1G-SAM"},"content":"    protected String nextMessage;","lastModifiedDate":"2024-03-10"},{"lineNumber":8,"author":{"gitId":"BestDownLoader365"},"content":"    public void initTextBox(){","lastModifiedDate":"2024-03-10"},{"lineNumber":9,"author":{"gitId":"B1G-SAM"},"content":"        this.nextMessage \u003d \" \";","lastModifiedDate":"2024-03-10"},{"lineNumber":10,"author":{"gitId":"BestDownLoader365"},"content":"    }","lastModifiedDate":"2024-03-10"},{"lineNumber":11,"author":{"gitId":"BestDownLoader365"},"content":"    public void nextTextBoxBasedOnMapAndCommand(Command userCommand, Map map){","lastModifiedDate":"2024-03-10"},{"lineNumber":12,"author":{"gitId":"BestDownLoader365"},"content":"","lastModifiedDate":"2024-03-10"},{"lineNumber":13,"author":{"gitId":"BestDownLoader365"},"content":"    }","lastModifiedDate":"2024-03-10"},{"lineNumber":14,"author":{"gitId":"B1G-SAM"},"content":"    public String getNextMessage(){","lastModifiedDate":"2024-03-10"},{"lineNumber":15,"author":{"gitId":"B1G-SAM"},"content":"        return nextMessage;","lastModifiedDate":"2024-03-10"},{"lineNumber":16,"author":{"gitId":"B1G-SAM"},"content":"    }","lastModifiedDate":"2024-03-10"},{"lineNumber":17,"author":{"gitId":"BestDownLoader365"},"content":"}","lastModifiedDate":"2024-03-10"}],"authorContributionMap":{"BestDownLoader365":12,"B1G-SAM":5}},{"path":"src/main/java/ui/Ui.java","fileType":"functional-code","lines":[{"lineNumber":1,"author":{"gitId":"BestDownLoader365"},"content":"package ui;","lastModifiedDate":"2024-03-10"},{"lineNumber":2,"author":{"gitId":"B1G-SAM"},"content":"import map.Map;","lastModifiedDate":"2024-03-10"},{"lineNumber":3,"author":{"gitId":"B1G-SAM"},"content":"import textbox.PlayerStatus;","lastModifiedDate":"2024-03-10"},{"lineNumber":4,"author":{"gitId":"B1G-SAM"},"content":"import textbox.TextBox;","lastModifiedDate":"2024-03-10"},{"lineNumber":5,"author":{"gitId":"B1G-SAM"},"content":"","lastModifiedDate":"2024-03-10"},{"lineNumber":6,"author":{"gitId":"B1G-SAM"},"content":"import java.util.ArrayList;","lastModifiedDate":"2024-03-10"},{"lineNumber":7,"author":{"gitId":"BestDownLoader365"},"content":"import java.util.Scanner;","lastModifiedDate":"2024-03-10"},{"lineNumber":8,"author":{"gitId":"BestDownLoader365"},"content":"public class Ui {","lastModifiedDate":"2024-03-10"},{"lineNumber":9,"author":{"gitId":"BestDownLoader365"},"content":"    public String readInCommand(){","lastModifiedDate":"2024-03-10"},{"lineNumber":10,"author":{"gitId":"BestDownLoader365"},"content":"        return null;","lastModifiedDate":"2024-03-10"},{"lineNumber":11,"author":{"gitId":"BestDownLoader365"},"content":"    }","lastModifiedDate":"2024-03-10"},{"lineNumber":12,"author":{"gitId":"BestDownLoader365"},"content":"    public void printDividingLine(){","lastModifiedDate":"2024-03-10"},{"lineNumber":13,"author":{"gitId":"BestDownLoader365"},"content":"        System.out.println(\"\u003d\u003d\u003d\u003d\u003d\u003d\u003d\u003d\u003d\u003d\u003d\u003d\u003d\u003d\u003d\u003d\u003d\u003d\u003d\u003d\u003d\u003d\u003d\u003d\u003d\u003d\u003d\u003d\u003d\u003d\u003d\u003d\u003d\u003d\u003d\u003d\u003d\u003d\u003d\u003d\u003d\u003d\u003d\u003d\u003d\u003d\u003d\u003d\u003d\u003d\u003d\u003d\u003d\u003d\u003d\u003d\u003d\u003d\u003d\");","lastModifiedDate":"2024-03-10"},{"lineNumber":14,"author":{"gitId":"BestDownLoader365"},"content":"    }","lastModifiedDate":"2024-03-10"},{"lineNumber":15,"author":{"gitId":"B1G-SAM"},"content":"","lastModifiedDate":"2024-03-10"},{"lineNumber":16,"author":{"gitId":"B1G-SAM"},"content":"    public void printPlayerStatus(PlayerStatus statusBar){","lastModifiedDate":"2024-03-10"},{"lineNumber":17,"author":{"gitId":"B1G-SAM"},"content":"        printDividingLine();","lastModifiedDate":"2024-03-10"},{"lineNumber":18,"author":{"gitId":"B1G-SAM"},"content":"        System.out.print(\"HEALTH: \" + statusBar.getPlayerHealth() + \"      \");","lastModifiedDate":"2024-03-10"},{"lineNumber":19,"author":{"gitId":"B1G-SAM"},"content":"        System.out.print(\"MONEY: $\" + statusBar.getPlayerMoney() + \"      \");","lastModifiedDate":"2024-03-10"},{"lineNumber":20,"author":{"gitId":"B1G-SAM"},"content":"        System.out.println(\"EXP: \" + statusBar.getPlayerExp() + \"      \");","lastModifiedDate":"2024-03-10"},{"lineNumber":21,"author":{"gitId":"B1G-SAM"},"content":"        printDividingLine();","lastModifiedDate":"2024-03-10"},{"lineNumber":22,"author":{"gitId":"B1G-SAM"},"content":"    }","lastModifiedDate":"2024-03-10"},{"lineNumber":23,"author":{"gitId":"B1G-SAM"},"content":"","lastModifiedDate":"2024-03-10"},{"lineNumber":24,"author":{"gitId":"B1G-SAM"},"content":"","lastModifiedDate":"2024-03-10"},{"lineNumber":25,"author":{"gitId":"B1G-SAM"},"content":"    public void printTextBox(TextBox box){","lastModifiedDate":"2024-03-10"},{"lineNumber":26,"author":{"gitId":"B1G-SAM"},"content":"        printDividingLine();","lastModifiedDate":"2024-03-10"},{"lineNumber":27,"author":{"gitId":"B1G-SAM"},"content":"        if (box.getNextMessage() !\u003d null) {","lastModifiedDate":"2024-03-10"},{"lineNumber":28,"author":{"gitId":"B1G-SAM"},"content":"            System.out.println(box.getNextMessage());","lastModifiedDate":"2024-03-10"},{"lineNumber":29,"author":{"gitId":"B1G-SAM"},"content":"        } else {","lastModifiedDate":"2024-03-10"},{"lineNumber":30,"author":{"gitId":"B1G-SAM"},"content":"            System.out.println(\" \");","lastModifiedDate":"2024-03-10"},{"lineNumber":31,"author":{"gitId":"B1G-SAM"},"content":"        }","lastModifiedDate":"2024-03-10"},{"lineNumber":32,"author":{"gitId":"B1G-SAM"},"content":"        printDividingLine();","lastModifiedDate":"2024-03-10"},{"lineNumber":33,"author":{"gitId":"B1G-SAM"},"content":"    }","lastModifiedDate":"2024-03-10"},{"lineNumber":34,"author":{"gitId":"B1G-SAM"},"content":"","lastModifiedDate":"2024-03-10"},{"lineNumber":35,"author":{"gitId":"B1G-SAM"},"content":"    public void printMap(Map map){","lastModifiedDate":"2024-03-10"},{"lineNumber":36,"author":{"gitId":"B1G-SAM"},"content":"        printDividingLine();","lastModifiedDate":"2024-03-10"},{"lineNumber":37,"author":{"gitId":"B1G-SAM"},"content":"        for (ArrayList\u003cCharacter\u003e row : map.getStoredMap()) {","lastModifiedDate":"2024-03-10"},{"lineNumber":38,"author":{"gitId":"B1G-SAM"},"content":"            for (char cell : row) {","lastModifiedDate":"2024-03-10"},{"lineNumber":39,"author":{"gitId":"B1G-SAM"},"content":"                System.out.print(cell + \" \");","lastModifiedDate":"2024-03-10"},{"lineNumber":40,"author":{"gitId":"B1G-SAM"},"content":"            }","lastModifiedDate":"2024-03-10"},{"lineNumber":41,"author":{"gitId":"B1G-SAM"},"content":"            System.out.println();","lastModifiedDate":"2024-03-10"},{"lineNumber":42,"author":{"gitId":"B1G-SAM"},"content":"        }","lastModifiedDate":"2024-03-10"},{"lineNumber":43,"author":{"gitId":"B1G-SAM"},"content":"        printDividingLine();","lastModifiedDate":"2024-03-10"},{"lineNumber":44,"author":{"gitId":"B1G-SAM"},"content":"    }","lastModifiedDate":"2024-03-10"},{"lineNumber":45,"author":{"gitId":"BestDownLoader365"},"content":"}","lastModifiedDate":"2024-03-10"}],"authorContributionMap":{"BestDownLoader365":10,"B1G-SAM":35}},{"path":"src/test/java/map/MapTest.java","fileType":"test-code","lines":[{"lineNumber":1,"author":{"gitId":"B1G-SAM"},"content":"package map;","lastModifiedDate":"2024-03-15"},{"lineNumber":2,"author":{"gitId":"B1G-SAM"},"content":"","lastModifiedDate":"2024-03-15"},{"lineNumber":3,"author":{"gitId":"B1G-SAM"},"content":"import org.junit.jupiter.api.BeforeEach;","lastModifiedDate":"2024-03-15"},{"lineNumber":4,"author":{"gitId":"B1G-SAM"},"content":"import org.junit.jupiter.api.Test;","lastModifiedDate":"2024-03-15"},{"lineNumber":5,"author":{"gitId":"B1G-SAM"},"content":"import java.util.ArrayList;","lastModifiedDate":"2024-03-15"},{"lineNumber":6,"author":{"gitId":"B1G-SAM"},"content":"import static org.junit.jupiter.api.Assertions.*;","lastModifiedDate":"2024-03-15"},{"lineNumber":7,"author":{"gitId":"B1G-SAM"},"content":"","lastModifiedDate":"2024-03-15"},{"lineNumber":8,"author":{"gitId":"B1G-SAM"},"content":"class MapTest {","lastModifiedDate":"2024-03-15"},{"lineNumber":9,"author":{"gitId":"B1G-SAM"},"content":"","lastModifiedDate":"2024-03-15"},{"lineNumber":10,"author":{"gitId":"B1G-SAM"},"content":"    private FirstMap map;","lastModifiedDate":"2024-03-15"},{"lineNumber":11,"author":{"gitId":"B1G-SAM"},"content":"","lastModifiedDate":"2024-03-15"},{"lineNumber":12,"author":{"gitId":"B1G-SAM"},"content":"    @BeforeEach","lastModifiedDate":"2024-03-15"},{"lineNumber":13,"author":{"gitId":"B1G-SAM"},"content":"    void setUp() {","lastModifiedDate":"2024-03-15"},{"lineNumber":14,"author":{"gitId":"B1G-SAM"},"content":"        map \u003d new FirstMap();","lastModifiedDate":"2024-03-15"},{"lineNumber":15,"author":{"gitId":"B1G-SAM"},"content":"        map.initMap(5, 5);","lastModifiedDate":"2024-03-15"},{"lineNumber":16,"author":{"gitId":"B1G-SAM"},"content":"        map.initPlayerLocation(2, 2);","lastModifiedDate":"2024-03-15"},{"lineNumber":17,"author":{"gitId":"B1G-SAM"},"content":"    }","lastModifiedDate":"2024-03-15"},{"lineNumber":18,"author":{"gitId":"B1G-SAM"},"content":"","lastModifiedDate":"2024-03-15"},{"lineNumber":19,"author":{"gitId":"B1G-SAM"},"content":"    @Test","lastModifiedDate":"2024-03-15"},{"lineNumber":20,"author":{"gitId":"B1G-SAM"},"content":"    void mapShouldBeCorrectlyInitialized() {","lastModifiedDate":"2024-03-15"},{"lineNumber":21,"author":{"gitId":"B1G-SAM"},"content":"        ArrayList\u003cArrayList\u003cCharacter\u003e\u003e expectedMap \u003d new ArrayList\u003c\u003e();","lastModifiedDate":"2024-03-15"},{"lineNumber":22,"author":{"gitId":"B1G-SAM"},"content":"        for (int i \u003d 0; i \u003c 5; i++) {","lastModifiedDate":"2024-03-15"},{"lineNumber":23,"author":{"gitId":"B1G-SAM"},"content":"            ArrayList\u003cCharacter\u003e row \u003d new ArrayList\u003c\u003e();","lastModifiedDate":"2024-03-15"},{"lineNumber":24,"author":{"gitId":"B1G-SAM"},"content":"            for (int j \u003d 0; j \u003c 5; j++) {","lastModifiedDate":"2024-03-15"},{"lineNumber":25,"author":{"gitId":"B1G-SAM"},"content":"                if (i \u003d\u003d 2 \u0026\u0026 j \u003d\u003d 2) {","lastModifiedDate":"2024-03-15"},{"lineNumber":26,"author":{"gitId":"B1G-SAM"},"content":"                    row.add(\u0027P\u0027);","lastModifiedDate":"2024-03-15"},{"lineNumber":27,"author":{"gitId":"B1G-SAM"},"content":"                } else {","lastModifiedDate":"2024-03-15"},{"lineNumber":28,"author":{"gitId":"B1G-SAM"},"content":"                    row.add(\u0027.\u0027);","lastModifiedDate":"2024-03-15"},{"lineNumber":29,"author":{"gitId":"B1G-SAM"},"content":"                }","lastModifiedDate":"2024-03-15"},{"lineNumber":30,"author":{"gitId":"B1G-SAM"},"content":"            }","lastModifiedDate":"2024-03-15"},{"lineNumber":31,"author":{"gitId":"B1G-SAM"},"content":"            expectedMap.add(row);","lastModifiedDate":"2024-03-15"},{"lineNumber":32,"author":{"gitId":"B1G-SAM"},"content":"        }","lastModifiedDate":"2024-03-15"},{"lineNumber":33,"author":{"gitId":"B1G-SAM"},"content":"","lastModifiedDate":"2024-03-15"},{"lineNumber":34,"author":{"gitId":"B1G-SAM"},"content":"        assertEquals(expectedMap, map.getMap(), \"Map should be initialized correctly with player at (2,2)\");","lastModifiedDate":"2024-03-15"},{"lineNumber":35,"author":{"gitId":"B1G-SAM"},"content":"    }","lastModifiedDate":"2024-03-15"},{"lineNumber":36,"author":{"gitId":"B1G-SAM"},"content":"","lastModifiedDate":"2024-03-15"},{"lineNumber":37,"author":{"gitId":"B1G-SAM"},"content":"    @Test","lastModifiedDate":"2024-03-15"},{"lineNumber":38,"author":{"gitId":"B1G-SAM"},"content":"    void playerShouldMoveUpCorrectly() {","lastModifiedDate":"2024-03-15"},{"lineNumber":39,"author":{"gitId":"B1G-SAM"},"content":"        map.movePlayerUpOne();","lastModifiedDate":"2024-03-15"},{"lineNumber":40,"author":{"gitId":"B1G-SAM"},"content":"        assertEquals(\u0027P\u0027, map.getStoredMap().get(1).get(2), \"Player should move up 1 place\");","lastModifiedDate":"2024-03-15"},{"lineNumber":41,"author":{"gitId":"B1G-SAM"},"content":"        assertEquals(\u0027.\u0027, map.getStoredMap().get(2).get(2), \"Original player position should be empty after moving up\");","lastModifiedDate":"2024-03-15"},{"lineNumber":42,"author":{"gitId":"B1G-SAM"},"content":"    }","lastModifiedDate":"2024-03-15"},{"lineNumber":43,"author":{"gitId":"B1G-SAM"},"content":"","lastModifiedDate":"2024-03-15"},{"lineNumber":44,"author":{"gitId":"B1G-SAM"},"content":"    @Test","lastModifiedDate":"2024-03-15"},{"lineNumber":45,"author":{"gitId":"B1G-SAM"},"content":"    void playerShouldMoveDownCorrectly() {","lastModifiedDate":"2024-03-15"},{"lineNumber":46,"author":{"gitId":"B1G-SAM"},"content":"        map.movePlayerDownOne();","lastModifiedDate":"2024-03-15"},{"lineNumber":47,"author":{"gitId":"B1G-SAM"},"content":"        assertEquals(\u0027P\u0027, map.getStoredMap().get(3).get(2), \"Player should move down 1 place\");","lastModifiedDate":"2024-03-15"},{"lineNumber":48,"author":{"gitId":"B1G-SAM"},"content":"        assertEquals(\u0027.\u0027, map.getStoredMap().get(2).get(2), \"Original player position should be empty after moving down\");","lastModifiedDate":"2024-03-15"},{"lineNumber":49,"author":{"gitId":"B1G-SAM"},"content":"    }","lastModifiedDate":"2024-03-15"},{"lineNumber":50,"author":{"gitId":"B1G-SAM"},"content":"","lastModifiedDate":"2024-03-15"},{"lineNumber":51,"author":{"gitId":"B1G-SAM"},"content":"    @Test","lastModifiedDate":"2024-03-15"},{"lineNumber":52,"author":{"gitId":"B1G-SAM"},"content":"    void playerShouldMoveLeftCorrectly() {","lastModifiedDate":"2024-03-15"},{"lineNumber":53,"author":{"gitId":"B1G-SAM"},"content":"        map.movePlayerLeftOne();","lastModifiedDate":"2024-03-15"},{"lineNumber":54,"author":{"gitId":"B1G-SAM"},"content":"        assertEquals(\u0027P\u0027, map.getStoredMap().get(2).get(1), \"Player should move left 1 place\");","lastModifiedDate":"2024-03-15"},{"lineNumber":55,"author":{"gitId":"B1G-SAM"},"content":"        assertEquals(\u0027.\u0027, map.getStoredMap().get(2).get(2), \"Original player position should be empty after moving left\");","lastModifiedDate":"2024-03-15"},{"lineNumber":56,"author":{"gitId":"B1G-SAM"},"content":"    }","lastModifiedDate":"2024-03-15"},{"lineNumber":57,"author":{"gitId":"B1G-SAM"},"content":"","lastModifiedDate":"2024-03-15"},{"lineNumber":58,"author":{"gitId":"B1G-SAM"},"content":"    @Test","lastModifiedDate":"2024-03-15"},{"lineNumber":59,"author":{"gitId":"B1G-SAM"},"content":"    void playerShouldMoveRightCorrectly() {","lastModifiedDate":"2024-03-15"},{"lineNumber":60,"author":{"gitId":"B1G-SAM"},"content":"        map.movePlayerRightOne();","lastModifiedDate":"2024-03-15"},{"lineNumber":61,"author":{"gitId":"B1G-SAM"},"content":"        assertEquals(\u0027P\u0027, map.getStoredMap().get(2).get(3), \"Player moves right 1 place\");","lastModifiedDate":"2024-03-15"},{"lineNumber":62,"author":{"gitId":"B1G-SAM"},"content":"        assertEquals(\u0027.\u0027, map.getStoredMap().get(2).get(2), \"Original player position should be empty after moving right\");","lastModifiedDate":"2024-03-15"},{"lineNumber":63,"author":{"gitId":"B1G-SAM"},"content":"    }","lastModifiedDate":"2024-03-15"},{"lineNumber":64,"author":{"gitId":"B1G-SAM"},"content":"}","lastModifiedDate":"2024-03-15"},{"lineNumber":65,"author":{"gitId":"B1G-SAM"},"content":"","lastModifiedDate":"2024-03-15"}],"authorContributionMap":{"B1G-SAM":65}}]
