{"authorDailyContributionsMap":{"aaravrawal52":[{"date":"2024-03-06","commitResults":[{"hash":"0fa756a0922ef819f3c56198771c62f8810abec0","isMergeCommit":false,"messageTitle":"lol","messageBody":"","fileTypesAndContributionMap":{"docs":{"insertions":7,"deletions":7}}}]},{"date":"2024-03-20","commitResults":[{"hash":"968a13bf925de549a34835969fcdbd3dbe6219c2","isMergeCommit":false,"messageTitle":"update map","messageBody":"","fileTypesAndContributionMap":{"functional-code":{"insertions":30,"deletions":17}}},{"hash":"b0d8a5110cd7aa7992b84fe62da7e85833ca09a4","isMergeCommit":true,"messageTitle":"Merge pull request #17 from aaravrawal52/master","messageBody":"update map","fileTypesAndContributionMap":{}}]},{"date":"2024-03-22","commitResults":[{"hash":"656fe2336c88e6d8af1b5f2bc596870c53f34066","isMergeCommit":false,"messageTitle":"add math questions","messageBody":"","fileTypesAndContributionMap":{"functional-code":{"insertions":30,"deletions":0}}},{"hash":"1f6448e230d97752d674aa3febdc4e4294a8e7c8","isMergeCommit":false,"messageTitle":"add math questions","messageBody":"","fileTypesAndContributionMap":{"functional-code":{"insertions":0,"deletions":1}}},{"hash":"9974a5025e935b4d4d111f28298e873ac81c4c09","isMergeCommit":true,"messageTitle":"Merge pull request #29 from aaravrawal52/master","messageBody":"add math questions of increasing difficulty","fileTypesAndContributionMap":{}},{"hash":"105dbcafdfbc55cf7031d0f7bc57782c5a062c24","isMergeCommit":false,"messageTitle":"add result of answer","messageBody":"","fileTypesAndContributionMap":{"functional-code":{"insertions":26,"deletions":1}}},{"hash":"e886a53b92711542045e4a5ca0c0e721618c95e6","isMergeCommit":true,"messageTitle":"Merge branch \u0027AY2324S2-CS2113-W12-3:master\u0027 into master","messageBody":"","fileTypesAndContributionMap":{}},{"hash":"99e0fd621bc4f735a55eedd106f7dedcd319aa13","isMergeCommit":true,"messageTitle":"Merge pull request #30 from aaravrawal52/master","messageBody":"add result of answer","fileTypesAndContributionMap":{}}]}],"tannerlie":[{"date":"2024-03-06","commitResults":[{"hash":"036a70c6d87fd2eed2a94b8352d595573acffffa","isMergeCommit":false,"messageTitle":"Update README.md","messageBody":"","fileTypesAndContributionMap":{"docs":{"insertions":1,"deletions":1}}},{"hash":"6e85b01e8b4002e07d8d1a9df16f4128cf85607b","isMergeCommit":false,"messageTitle":"Add name","messageBody":"","fileTypesAndContributionMap":{"docs":{"insertions":7,"deletions":7}}},{"hash":"5203d4d23355801f3c16593d0eb2192ba14939ed","isMergeCommit":true,"messageTitle":"Merge pull request #1 from BestDownLoader365/sihan_fang-AboutUs","messageBody":"update aboutUs","fileTypesAndContributionMap":{}},{"hash":"35f1d6714f9725ef360187ac36b0eaaab3d1f3de","isMergeCommit":true,"messageTitle":"Merge branch \u0027master\u0027 into branch-A-AboutUs","messageBody":"","fileTypesAndContributionMap":{}},{"hash":"6ea5717db0319baede3988707e99eaf782613db5","isMergeCommit":true,"messageTitle":"Merge pull request #2 from tannerlie/branch-A-AboutUs","messageBody":"Add name","fileTypesAndContributionMap":{}},{"hash":"dfae7cda188ce46d8fe219bf9e5ff943751e6b58","isMergeCommit":true,"messageTitle":"Merge branch \u0027master\u0027 into a-about-us","messageBody":"","fileTypesAndContributionMap":{}},{"hash":"831efeef6d4fdf67a99f162b8f85ade1ce430ea9","isMergeCommit":true,"messageTitle":"Merge pull request #3 from aaravrawal52/a-about-us","messageBody":"lol","fileTypesAndContributionMap":{}}]},{"date":"2024-03-15","commitResults":[{"hash":"3ad7ebf537286a0403160d2ff52efd363693dff2","isMergeCommit":false,"messageTitle":"Add initial JUnit test","messageBody":"","fileTypesAndContributionMap":{"functional-code":{"insertions":11,"deletions":1},"test-code":{"insertions":32,"deletions":0}}},{"hash":"d204f0a394577268bd0ac1997913d9ccc32dd7c1","isMergeCommit":false,"messageTitle":"Resolve pipeline error","messageBody":"","fileTypesAndContributionMap":{"test-code":{"insertions":1,"deletions":1}}},{"hash":"e8a2947ce52c72d023ff73b08e8bc76b287bcbe4","isMergeCommit":true,"messageTitle":"Resolve CI/CD err for MapTest","messageBody":"","fileTypesAndContributionMap":{}},{"hash":"261a27ef84e386e28e82d3cb0732834112d33edf","isMergeCommit":true,"messageTitle":"Merge pull request #10 from tannerlie/branch-parser-junit","messageBody":"Add branch parser junit","fileTypesAndContributionMap":{}}]},{"date":"2024-03-22","commitResults":[{"hash":"e5c657d7584ed8c66b642fc82d5763e129f1ae2b","isMergeCommit":false,"messageTitle":"Add Exception Handling for Parser","messageBody":"","fileTypesAndContributionMap":{"functional-code":{"insertions":81,"deletions":12}}},{"hash":"6004fff6ae2ca4a24c58b979d47d7efd4139b35b","isMergeCommit":true,"messageTitle":"Merge pull request #32 from tannerlie/branch-Parser-Exceptions","messageBody":"Add Exception Handling for Parser","fileTypesAndContributionMap":{}}]},{"date":"2024-03-23","commitResults":[{"hash":"fc085059fb120e01c3fa939d022e6cfb88d838fb","isMergeCommit":false,"messageTitle":"Modify exception message to use TextBox","messageBody":"","fileTypesAndContributionMap":{"functional-code":{"insertions":16,"deletions":15}}},{"hash":"17e961bc024261c31ce5e3129d6a72c264b3e7c3","isMergeCommit":false,"messageTitle":"Add exception handling to battle interface","messageBody":"","fileTypesAndContributionMap":{"functional-code":{"insertions":3,"deletions":1}}},{"hash":"7ee807c6b8a39836ec8024c99e4a2ad6b1d26529","isMergeCommit":true,"messageTitle":"Merge pull request #33 from tannerlie/branch-Parser-Exceptions","messageBody":"Branch parser exceptions","fileTypesAndContributionMap":{}}]},{"date":"2024-03-25","commitResults":[{"hash":"80b088187245641a1dd04f69acde68a1c8bc588f","isMergeCommit":false,"messageTitle":"Add Enemy Display \u0026 Framework for Future Additions","messageBody":"","fileTypesAndContributionMap":{"functional-code":{"insertions":131,"deletions":24}}},{"hash":"c525a328a75235c76ef348e1f1fb20b20fdfe193","isMergeCommit":true,"messageTitle":"Merge pull request #36 from tannerlie/branch-ASCII-Enemies","messageBody":"Add Enemy Display \u0026 Framework for Future Additions","fileTypesAndContributionMap":{}}]},{"date":"2024-03-27","commitResults":[{"hash":"528fa331883d856f7522c3f6f8cc6af7f60fd73b","isMergeCommit":false,"messageTitle":"Fix enemy display issue on Jar","messageBody":"","fileTypesAndContributionMap":{"functional-code":{"insertions":109,"deletions":42},"other":{"insertions":1,"deletions":0}}},{"hash":"5662c743a981dd268c3869f6550ab06921752a90","isMergeCommit":true,"messageTitle":"Merge pull request #43 from tannerlie/branch-enemy-display-jar-bug","messageBody":"Fix enemy display issue on Jar","fileTypesAndContributionMap":{}}]}],"BestDownLoader365":[{"date":"2024-03-06","commitResults":[{"hash":"9d6961bdb3a481c4294910e09654319e9e3aa4e8","isMergeCommit":false,"messageTitle":"update aboutUs","messageBody":"","fileTypesAndContributionMap":{"docs":{"insertions":7,"deletions":7}}},{"hash":"78abdabc5a827314f93431855cbebd8b8761bb02","isMergeCommit":false,"messageTitle":"update individual master fork","messageBody":"","fileTypesAndContributionMap":{"docs":{"insertions":1,"deletions":0}}}]},{"date":"2024-03-10","commitResults":[{"hash":"d727321e28e54f2fca8326110a08b7c069cf9d05","isMergeCommit":false,"messageTitle":"our small step, groups big step","messageBody":"","fileTypesAndContributionMap":{"functional-code":{"insertions":183,"deletions":21}}},{"hash":"6fbeb504439c4cf23e7d46b9f47adc83d1e119a9","isMergeCommit":true,"messageTitle":"Merge pull request #5 from BestDownLoader365/project_skeleton","messageBody":"Project skeleton","fileTypesAndContributionMap":{}}]},{"date":"2024-03-15","commitResults":[{"hash":"2a37db6856f7d575b4069926568abb4fea7d072b","isMergeCommit":false,"messageTitle":"test how Junit works","messageBody":"","fileTypesAndContributionMap":{"functional-code":{"insertions":23,"deletions":2},"other":{"insertions":1,"deletions":1},"test-code":{"insertions":35,"deletions":0}}},{"hash":"176742ae5b568f4f5ad20c10eb84ae6502d5d15d","isMergeCommit":true,"messageTitle":"Merge pull request #12 from BestDownLoader365/command_and_Junit_test","messageBody":"test how Junit works","fileTypesAndContributionMap":{}}]},{"date":"2024-03-18","commitResults":[{"hash":"b698b4d6101218d7bfd5befc46a44b7081e020b8","isMergeCommit":false,"messageTitle":"Complete First Version","messageBody":"","fileTypesAndContributionMap":{"functional-code":{"insertions":227,"deletions":127},"test-code":{"insertions":8,"deletions":8}}},{"hash":"be32295c5548702f8ffdabe146631f838904a83a","isMergeCommit":true,"messageTitle":"Merge pull request #14 from BestDownLoader365/version_1+fix_bug","messageBody":"Complete First Version","fileTypesAndContributionMap":{}},{"hash":"31e1c9f1a460756c6fe169eaefc52bb53dce2274","isMergeCommit":false,"messageTitle":"run can only use in battleinterface","messageBody":"","fileTypesAndContributionMap":{"functional-code":{"insertions":8,"deletions":5}}},{"hash":"c28a2248869d706ef8c0e15e880524d89e31e78d","isMergeCommit":true,"messageTitle":"Merge pull request #15 from BestDownLoader365/fix_1","messageBody":"run can only use in battleinterface","fileTypesAndContributionMap":{}}]},{"date":"2024-03-21","commitResults":[{"hash":"820e4f02d7915e15be7e74a02cdf08fac1a8310d","isMergeCommit":false,"messageTitle":"Change the way parsing the command","messageBody":"","fileTypesAndContributionMap":{"functional-code":{"insertions":137,"deletions":29},"other":{"insertions":1,"deletions":1},"test-code":{"insertions":1,"deletions":1}}},{"hash":"e1cf92ece964c4d20c96a181c7f8b87db8202268","isMergeCommit":true,"messageTitle":"Merge pull request #19 from BestDownLoader365/CommandType_Create","messageBody":"Change the way parsing the command","fileTypesAndContributionMap":{}},{"hash":"b7616f85df72cd4d1d77a1b3be33c23d324ebf82","isMergeCommit":false,"messageTitle":"have stored map problems","messageBody":"","fileTypesAndContributionMap":{"functional-code":{"insertions":118,"deletions":35}}},{"hash":"23f634f67b522afa166546bda0b646eb1de07948","isMergeCommit":true,"messageTitle":"Merge pull request #22 from BestDownLoader365/Fight_Command","messageBody":"have stored map problems","fileTypesAndContributionMap":{}}]},{"date":"2024-03-22","commitResults":[{"hash":"7ff603cda63ca76fa12f66da5699c2ae8081d2c5","isMergeCommit":false,"messageTitle":"add local static variable stored map","messageBody":"","fileTypesAndContributionMap":{"functional-code":{"insertions":18,"deletions":16}}},{"hash":"2cc1c85295dc12f02b0e8439c867d0d97487f1d7","isMergeCommit":true,"messageTitle":"Merge branch \u0027master\u0027 into fix_stored_map","messageBody":"","fileTypesAndContributionMap":{}},{"hash":"e81b4a4c2a471d2ea3921e6669d1c8ba254ecc01","isMergeCommit":true,"messageTitle":"Merge pull request #25 from BestDownLoader365/fix_stored_map","messageBody":"add local static variable stored map","fileTypesAndContributionMap":{}}]},{"date":"2024-03-25","commitResults":[{"hash":"2ee3ba08ab596354225d3de360231a9669e7515d","isMergeCommit":false,"messageTitle":"add assertion in build.gradle","messageBody":"","fileTypesAndContributionMap":{"functional-code":{"insertions":2,"deletions":2},"other":{"insertions":1,"deletions":0}}},{"hash":"d7f0615067a8f49dafed670e57982feacce1467b","isMergeCommit":true,"messageTitle":"Merge pull request #39 from BestDownLoader365/add_assertion","messageBody":"add assertion in build.gradle","tags":["v1.0"],"fileTypesAndContributionMap":{}}]},{"date":"2024-03-27","commitResults":[{"hash":"5e2be9ff4bd136225ea031a2480f3f4307c325c9","isMergeCommit":false,"messageTitle":"delete extra method in Parser Class and add condition when generating the commandtype","messageBody":"","fileTypesAndContributionMap":{"functional-code":{"insertions":30,"deletions":81}}},{"hash":"07fc075e62c0d05793ba95951ca0d258411564ca","isMergeCommit":true,"messageTitle":"Merge pull request #41 from BestDownLoader365/make_parser_clean","messageBody":"delete extra method in Parser Class and add condition when generating…","fileTypesAndContributionMap":{}}]}],"B1G-SAM":[{"date":"2024-03-06","commitResults":[{"hash":"2186b0641349e27f1f4fa80570a880a7902a72d0","isMergeCommit":false,"messageTitle":"Change first name","messageBody":"","fileTypesAndContributionMap":{"docs":{"insertions":5,"deletions":5}}},{"hash":"f98fa9d0ff70acdab5d1e30f1e6a09737fd4a2d3","isMergeCommit":true,"messageTitle":"Merge branch \u0027master\u0027 into A-aboutus","messageBody":"","fileTypesAndContributionMap":{}},{"hash":"1a8c3780b577d5925b83c51169396212b34296d0","isMergeCommit":true,"messageTitle":"Merge pull request #4 from B1G-SAM/A-aboutus","messageBody":"Change first name","fileTypesAndContributionMap":{}}]},{"date":"2024-03-10","commitResults":[{"hash":"2c79ba16c6e88ec6eaba27ac1b5aee0feec9b9dd","isMergeCommit":false,"messageTitle":"Add basic map, textbox and status bar","messageBody":"","fileTypesAndContributionMap":{"functional-code":{"insertions":156,"deletions":26}}},{"hash":"f469445c51c009e341fd439f644313a240ebd6d3","isMergeCommit":true,"messageTitle":"Merge pull request #6 from B1G-SAM/FirstTask","messageBody":"Add basic map, textbox and status bar","fileTypesAndContributionMap":{}}]},{"date":"2024-03-15","commitResults":[{"hash":"b8be0873e7cec03dc0ecf836214c4bf93619564c","isMergeCommit":false,"messageTitle":"Add MapTest class","messageBody":"","fileTypesAndContributionMap":{"functional-code":{"insertions":4,"deletions":0},"test-code":{"insertions":65,"deletions":0}}},{"hash":"65b609b723e975cff43617d071ba429faccc5156","isMergeCommit":true,"messageTitle":"Merge pull request #7 from B1G-SAM/JUnit-Test","messageBody":"Add MapTest class","fileTypesAndContributionMap":{}}]},{"date":"2024-03-17","commitResults":[{"hash":"8ff3e4f10fc39d2b168faf0ea6fe405b170845dd","isMergeCommit":false,"messageTitle":"Change map class name to avoid confusion with java default packages, add battle interface and some entity classes","messageBody":"","fileTypesAndContributionMap":{"functional-code":{"insertions":93,"deletions":12},"other":{"insertions":33,"deletions":4}}},{"hash":"818b0d352bd790c3abcc56ca92e7e413098f61db","isMergeCommit":true,"messageTitle":"Merge pull request #13 from B1G-SAM/Add-ons","messageBody":"Add battle interface and made some changes to existing classes","fileTypesAndContributionMap":{}}]},{"date":"2024-03-19","commitResults":[{"hash":"49fd50804e6db88cfc16ed0ff1711259d698e62b","isMergeCommit":false,"messageTitle":"Add Math package","messageBody":"","fileTypesAndContributionMap":{"functional-code":{"insertions":59,"deletions":0}}},{"hash":"c09c8930583e29acfed98006856f7d60e784d603","isMergeCommit":true,"messageTitle":"Merge pull request #16 from B1G-SAM/Math","messageBody":"Add Math package","fileTypesAndContributionMap":{}}]},{"date":"2024-03-20","commitResults":[{"hash":"25284c555d4a33ccd1077a41152926ce61c4bc9f","isMergeCommit":false,"messageTitle":"Add extra methods to map and battle interface","messageBody":"","fileTypesAndContributionMap":{"functional-code":{"insertions":65,"deletions":10}}},{"hash":"5d619b150ce6084de759c49a0f4374334262864f","isMergeCommit":true,"messageTitle":"Merge branch \u0027master\u0027 into Math","messageBody":"","fileTypesAndContributionMap":{}},{"hash":"d607a3cc9fafb6a27ade123f8cc4613f3588fb2a","isMergeCommit":true,"messageTitle":"Merge pull request #18 from B1G-SAM/Math","messageBody":"Add extra methods to map and battle interface","fileTypesAndContributionMap":{}}]},{"date":"2024-03-22","commitResults":[{"hash":"a35ddd5b5d5af407cc06481f400ea5d4c4db7187","isMergeCommit":false,"messageTitle":"Fixes #21","messageBody":"","fileTypesAndContributionMap":{"functional-code":{"insertions":77,"deletions":14}}},{"hash":"dc19728cb042bbe289e06a5830e83d69ef906fec","isMergeCommit":true,"messageTitle":"Merge branch \u0027master\u0027 into textbox","messageBody":"","fileTypesAndContributionMap":{}},{"hash":"e29ca6a387a914ee592655acb01b27817d5eaeb2","isMergeCommit":true,"messageTitle":"Merge pull request #24 from B1G-SAM/textbox","messageBody":"Fixes #21","fileTypesAndContributionMap":{}},{"hash":"0d48db1a998f8ecca6d008c3f6de5b09453d1640","isMergeCommit":false,"messageTitle":"Fixes #27, fixes #26","messageBody":"","fileTypesAndContributionMap":{"functional-code":{"insertions":80,"deletions":9}}},{"hash":"356fd1f5da7be7a9863aedf683ef6e82486b30b6","isMergeCommit":true,"messageTitle":"Merge pull request #28 from B1G-SAM/kill-enemy","messageBody":"Fixes #27, fixes #26","fileTypesAndContributionMap":{}}]},{"date":"2024-03-23","commitResults":[{"hash":"26b9ee868c78cdcaf17b1d3dd6689a4567d99363","isMergeCommit":false,"messageTitle":"fixes #34","messageBody":"","fileTypesAndContributionMap":{"functional-code":{"insertions":76,"deletions":3}}},{"hash":"3d343e72a09aa8c4255c1d3eaaf3954d660bff39","isMergeCommit":true,"messageTitle":"Merge pull request #35 from B1G-SAM/handle-death","messageBody":"fixes #34","fileTypesAndContributionMap":{}}]},{"date":"2024-03-25","commitResults":[{"hash":"83ceef4bc34e6993bcde52a2e8ac494cfe233f25","isMergeCommit":false,"messageTitle":"Add DG stuff","messageBody":"","fileTypesAndContributionMap":{"functional-code":{"insertions":2,"deletions":2},"docs":{"insertions":25,"deletions":4}}},{"hash":"378a8c9bf920e61ef94f5e4a514ca74f0033e231","isMergeCommit":true,"messageTitle":"Merge pull request #38 from B1G-SAM/Initial-DG","messageBody":"Add DG stuff","fileTypesAndContributionMap":{}}]}]},"authorFileTypeContributionMap":{"aaravrawal52":{"docs":1,"functional-code":70,"test-code":0},"tannerlie":{"docs":3,"functional-code":233,"test-code":36,"other":1},"BestDownLoader365":{"docs":1,"functional-code":526,"test-code":44,"other":3},"B1G-SAM":{"docs":24,"functional-code":509,"test-code":56}},"authorContributionVariance":{"aaravrawal52":157.42647,"tannerlie":1532.648,"BestDownLoader365":8005.3647,"B1G-SAM":2552.1187},"authorDisplayNameMap":{"aaravrawal52":"CS2113-W12-3 RAWA..ARAV","tannerlie":"CS2113-W12-3 TANN..YANG","BestDownLoader365":"CS2113-W12-3 FANG..IHAN","B1G-SAM":"CS2113-W12-3 SAMU..HUNG"}}
