{"authorDailyContributionsMap":{"aaravrawal52":[{"date":"2024-03-06","commitResults":[{"hash":"0fa756a0922ef819f3c56198771c62f8810abec0","isMergeCommit":false,"messageTitle":"lol","messageBody":"","fileTypesAndContributionMap":{"docs":{"insertions":7,"deletions":7}}}]}],"tannerlie":[{"date":"2024-03-06","commitResults":[{"hash":"036a70c6d87fd2eed2a94b8352d595573acffffa","isMergeCommit":false,"messageTitle":"Update README.md","messageBody":"","fileTypesAndContributionMap":{"docs":{"insertions":1,"deletions":1}}},{"hash":"6e85b01e8b4002e07d8d1a9df16f4128cf85607b","isMergeCommit":false,"messageTitle":"Add name","messageBody":"","fileTypesAndContributionMap":{"docs":{"insertions":7,"deletions":7}}},{"hash":"5203d4d23355801f3c16593d0eb2192ba14939ed","isMergeCommit":true,"messageTitle":"Merge pull request #1 from BestDownLoader365/sihan_fang-AboutUs","messageBody":"update aboutUs","fileTypesAndContributionMap":{}},{"hash":"35f1d6714f9725ef360187ac36b0eaaab3d1f3de","isMergeCommit":true,"messageTitle":"Merge branch \u0027master\u0027 into branch-A-AboutUs","messageBody":"","fileTypesAndContributionMap":{}},{"hash":"6ea5717db0319baede3988707e99eaf782613db5","isMergeCommit":true,"messageTitle":"Merge pull request #2 from tannerlie/branch-A-AboutUs","messageBody":"Add name","fileTypesAndContributionMap":{}},{"hash":"dfae7cda188ce46d8fe219bf9e5ff943751e6b58","isMergeCommit":true,"messageTitle":"Merge branch \u0027master\u0027 into a-about-us","messageBody":"","fileTypesAndContributionMap":{}},{"hash":"831efeef6d4fdf67a99f162b8f85ade1ce430ea9","isMergeCommit":true,"messageTitle":"Merge pull request #3 from aaravrawal52/a-about-us","messageBody":"lol","fileTypesAndContributionMap":{}}]},{"date":"2024-03-15","commitResults":[{"hash":"3ad7ebf537286a0403160d2ff52efd363693dff2","isMergeCommit":false,"messageTitle":"Add initial JUnit test","messageBody":"","fileTypesAndContributionMap":{"functional-code":{"insertions":11,"deletions":1},"test-code":{"insertions":32,"deletions":0}}},{"hash":"d204f0a394577268bd0ac1997913d9ccc32dd7c1","isMergeCommit":false,"messageTitle":"Resolve pipeline error","messageBody":"","fileTypesAndContributionMap":{"test-code":{"insertions":1,"deletions":1}}},{"hash":"e8a2947ce52c72d023ff73b08e8bc76b287bcbe4","isMergeCommit":true,"messageTitle":"Resolve CI/CD err for MapTest","messageBody":"","fileTypesAndContributionMap":{}},{"hash":"261a27ef84e386e28e82d3cb0732834112d33edf","isMergeCommit":true,"messageTitle":"Merge pull request #10 from tannerlie/branch-parser-junit","messageBody":"Add branch parser junit","fileTypesAndContributionMap":{}}]}],"BestDownLoader365":[{"date":"2024-03-06","commitResults":[{"hash":"9d6961bdb3a481c4294910e09654319e9e3aa4e8","isMergeCommit":false,"messageTitle":"update aboutUs","messageBody":"","fileTypesAndContributionMap":{"docs":{"insertions":7,"deletions":7}}},{"hash":"78abdabc5a827314f93431855cbebd8b8761bb02","isMergeCommit":false,"messageTitle":"update individual master fork","messageBody":"","fileTypesAndContributionMap":{"docs":{"insertions":1,"deletions":0}}}]},{"date":"2024-03-10","commitResults":[{"hash":"d727321e28e54f2fca8326110a08b7c069cf9d05","isMergeCommit":false,"messageTitle":"our small step, groups big step","messageBody":"","fileTypesAndContributionMap":{"functional-code":{"insertions":183,"deletions":21}}},{"hash":"6fbeb504439c4cf23e7d46b9f47adc83d1e119a9","isMergeCommit":true,"messageTitle":"Merge pull request #5 from BestDownLoader365/project_skeleton","messageBody":"Project skeleton","fileTypesAndContributionMap":{}}]}],"B1G-SAM":[{"date":"2024-03-06","commitResults":[{"hash":"2186b0641349e27f1f4fa80570a880a7902a72d0","isMergeCommit":false,"messageTitle":"Change first name","messageBody":"","fileTypesAndContributionMap":{"docs":{"insertions":5,"deletions":5}}},{"hash":"f98fa9d0ff70acdab5d1e30f1e6a09737fd4a2d3","isMergeCommit":true,"messageTitle":"Merge branch \u0027master\u0027 into A-aboutus","messageBody":"","fileTypesAndContributionMap":{}},{"hash":"1a8c3780b577d5925b83c51169396212b34296d0","isMergeCommit":true,"messageTitle":"Merge pull request #4 from B1G-SAM/A-aboutus","messageBody":"Change first name","fileTypesAndContributionMap":{}}]},{"date":"2024-03-10","commitResults":[{"hash":"2c79ba16c6e88ec6eaba27ac1b5aee0feec9b9dd","isMergeCommit":false,"messageTitle":"Add basic map, textbox and status bar","messageBody":"","fileTypesAndContributionMap":{"functional-code":{"insertions":156,"deletions":26}}},{"hash":"f469445c51c009e341fd439f644313a240ebd6d3","isMergeCommit":true,"messageTitle":"Merge pull request #6 from B1G-SAM/FirstTask","messageBody":"Add basic map, textbox and status bar","fileTypesAndContributionMap":{}}]},{"date":"2024-03-15","commitResults":[{"hash":"b8be0873e7cec03dc0ecf836214c4bf93619564c","isMergeCommit":false,"messageTitle":"Add MapTest class","messageBody":"","fileTypesAndContributionMap":{"functional-code":{"insertions":4,"deletions":0},"test-code":{"insertions":65,"deletions":0}}},{"hash":"65b609b723e975cff43617d071ba429faccc5156","isMergeCommit":true,"messageTitle":"Merge pull request #7 from B1G-SAM/JUnit-Test","messageBody":"Add MapTest class","fileTypesAndContributionMap":{}}]}]},"authorFileTypeContributionMap":{"aaravrawal52":{"docs":1,"functional-code":0,"test-code":0},"tannerlie":{"docs":3,"functional-code":11,"test-code":41},"BestDownLoader365":{"docs":1,"functional-code":156,"test-code":0},"B1G-SAM":{"docs":2,"functional-code":160,"test-code":60}},"authorContributionVariance":{"aaravrawal52":8.504129,"tannerlie":99.87603,"BestDownLoader365":1802.771,"B1G-SAM":1585.8452},"authorDisplayNameMap":{"aaravrawal52":"CS2113-W12-3 RAWA..ARAV","tannerlie":"CS2113-W12-3 TANN..YANG","BestDownLoader365":"CS2113-W12-3 FANG..IHAN","B1G-SAM":"CS2113-W12-3 SAMU..HUNG"}}
