[{"path":"README.md","fileType":"docs","lines":[{"lineNumber":1,"author":{"gitId":"-"},"content":"# Duke project template","lastModifiedDate":"2020-05-25"},{"lineNumber":2,"author":{"gitId":"-"},"content":"","lastModifiedDate":"2020-05-25"},{"lineNumber":3,"author":{"gitId":"-"},"content":"This is a project template for a greenfield Java project. It\u0027s named after the Java mascot _Duke_. Given below are instructions on how to use it.","lastModifiedDate":"2020-05-25"},{"lineNumber":4,"author":{"gitId":"-"},"content":"","lastModifiedDate":"2020-05-25"},{"lineNumber":5,"author":{"gitId":"-"},"content":"## Setting up in Intellij","lastModifiedDate":"2020-05-25"},{"lineNumber":6,"author":{"gitId":"-"},"content":"","lastModifiedDate":"2020-05-25"},{"lineNumber":7,"author":{"gitId":"-"},"content":"Prerequisites: JDK 11 (use the exact version), update Intellij to the most recent version.","lastModifiedDate":"2020-05-24"},{"lineNumber":8,"author":{"gitId":"-"},"content":"","lastModifiedDate":"2020-05-24"},{"lineNumber":9,"author":{"gitId":"-"},"content":"1. **Ensure Intellij JDK 11 is defined as an SDK**, as described [here](https://www.jetbrains.com/help/idea/sdk.html#set-up-jdk) -- this step is not needed if you have used JDK 11 in a previous Intellij project.","lastModifiedDate":"2020-05-24"},{"lineNumber":10,"author":{"gitId":"-"},"content":"1. **Import the project _as a Gradle project_**, as described [here](https://se-education.org/guides/tutorials/intellijImportGradleProject.html).","lastModifiedDate":"2020-05-24"},{"lineNumber":11,"author":{"gitId":"-"},"content":"1. **Verify the set up**: After the importing is complete, locate the `src/main/java/seedu/duke/Duke.java` file, right-click it, and choose `Run Duke.main()`. If the setup is correct, you should see something like the below:","lastModifiedDate":"2020-05-24"},{"lineNumber":12,"author":{"gitId":"-"},"content":"   ```","lastModifiedDate":"2020-05-25"},{"lineNumber":13,"author":{"gitId":"-"},"content":"   \u003e Task :compileJava","lastModifiedDate":"2020-05-24"},{"lineNumber":14,"author":{"gitId":"-"},"content":"   \u003e Task :processResources NO-SOURCE","lastModifiedDate":"2020-05-24"},{"lineNumber":15,"author":{"gitId":"-"},"content":"   \u003e Task :classes","lastModifiedDate":"2020-05-24"},{"lineNumber":16,"author":{"gitId":"-"},"content":"   ","lastModifiedDate":"2020-05-24"},{"lineNumber":17,"author":{"gitId":"-"},"content":"   \u003e Task :Duke.main()","lastModifiedDate":"2020-05-24"},{"lineNumber":18,"author":{"gitId":"-"},"content":"   Hello from","lastModifiedDate":"2020-05-25"},{"lineNumber":19,"author":{"gitId":"-"},"content":"    ____        _        ","lastModifiedDate":"2020-05-25"},{"lineNumber":20,"author":{"gitId":"-"},"content":"   |  _ \\ _   _| | _____ ","lastModifiedDate":"2020-05-25"},{"lineNumber":21,"author":{"gitId":"-"},"content":"   | | | | | | | |/ / _ \\","lastModifiedDate":"2020-05-25"},{"lineNumber":22,"author":{"gitId":"-"},"content":"   | |_| | |_| |   \u003c  __/","lastModifiedDate":"2020-05-25"},{"lineNumber":23,"author":{"gitId":"-"},"content":"   |____/ \\__,_|_|\\_\\___|","lastModifiedDate":"2020-05-25"},{"lineNumber":24,"author":{"gitId":"-"},"content":"   ","lastModifiedDate":"2020-05-24"},{"lineNumber":25,"author":{"gitId":"-"},"content":"   What is your name?","lastModifiedDate":"2020-05-24"},{"lineNumber":26,"author":{"gitId":"-"},"content":"   ```","lastModifiedDate":"2020-05-25"},{"lineNumber":27,"author":{"gitId":"-"},"content":"   Type some word and press enter to let the execution proceed to the end.","lastModifiedDate":"2020-05-24"},{"lineNumber":28,"author":{"gitId":"-"},"content":"","lastModifiedDate":"2020-05-24"},{"lineNumber":29,"author":{"gitId":"-"},"content":"## Build automation using Gradle","lastModifiedDate":"2020-05-24"},{"lineNumber":30,"author":{"gitId":"-"},"content":"","lastModifiedDate":"2020-05-24"},{"lineNumber":31,"author":{"gitId":"-"},"content":"* This project uses Gradle for build automation and dependency management. It includes a basic build script as well (i.e. the `build.gradle` file).","lastModifiedDate":"2020-05-24"},{"lineNumber":32,"author":{"gitId":"-"},"content":"* If you are new to Gradle, refer to the [Gradle Tutorial at se-education.org/guides](https://se-education.org/guides/tutorials/gradle.html).","lastModifiedDate":"2020-05-24"},{"lineNumber":33,"author":{"gitId":"-"},"content":"","lastModifiedDate":"2020-05-24"},{"lineNumber":34,"author":{"gitId":"-"},"content":"## Testing","lastModifiedDate":"2020-05-24"},{"lineNumber":35,"author":{"gitId":"-"},"content":"","lastModifiedDate":"2020-05-24"},{"lineNumber":36,"author":{"gitId":"-"},"content":"### I/O redirection tests","lastModifiedDate":"2020-05-24"},{"lineNumber":37,"author":{"gitId":"-"},"content":"","lastModifiedDate":"2020-05-24"},{"lineNumber":38,"author":{"gitId":"nyh3"},"content":"* To run _I/O redirection_ tests (aka _Text cantvasui tests_), navigate to the `text-ui-test` and run the `runtest(.bat/.sh)` script.","lastModifiedDate":"2024-03-17"},{"lineNumber":39,"author":{"gitId":"-"},"content":"","lastModifiedDate":"2020-05-24"},{"lineNumber":40,"author":{"gitId":"-"},"content":"### JUnit tests","lastModifiedDate":"2020-05-24"},{"lineNumber":41,"author":{"gitId":"-"},"content":"","lastModifiedDate":"2020-05-24"},{"lineNumber":42,"author":{"gitId":"-"},"content":"* A skeleton JUnit test (`src/test/java/seedu/duke/DukeTest.java`) is provided with this project template. ","lastModifiedDate":"2020-05-24"},{"lineNumber":43,"author":{"gitId":"-"},"content":"* If you are new to JUnit, refer to the [JUnit Tutorial at se-education.org/guides](https://se-education.org/guides/tutorials/junit.html).","lastModifiedDate":"2020-05-24"},{"lineNumber":44,"author":{"gitId":"-"},"content":"","lastModifiedDate":"2020-05-24"},{"lineNumber":45,"author":{"gitId":"-"},"content":"## Checkstyle","lastModifiedDate":"2020-05-24"},{"lineNumber":46,"author":{"gitId":"-"},"content":"","lastModifiedDate":"2020-05-24"},{"lineNumber":47,"author":{"gitId":"-"},"content":"* A sample CheckStyle rule configuration is provided in this project.","lastModifiedDate":"2020-05-24"},{"lineNumber":48,"author":{"gitId":"-"},"content":"* If you are new to Checkstyle, refer to the [Checkstyle Tutorial at se-education.org/guides](https://se-education.org/guides/tutorials/checkstyle.html).","lastModifiedDate":"2020-05-24"},{"lineNumber":49,"author":{"gitId":"-"},"content":"","lastModifiedDate":"2020-05-24"},{"lineNumber":50,"author":{"gitId":"-"},"content":"## CI using GitHub Actions","lastModifiedDate":"2020-05-24"},{"lineNumber":51,"author":{"gitId":"-"},"content":"","lastModifiedDate":"2020-05-24"},{"lineNumber":52,"author":{"gitId":"-"},"content":"The project uses [GitHub actions](https://github.com/features/actions) for CI. When you push a commit to this repo or PR against it, GitHub actions will run automatically to build and verify the code as updated by the commit/PR.","lastModifiedDate":"2020-05-24"},{"lineNumber":53,"author":{"gitId":"-"},"content":"","lastModifiedDate":"2020-05-24"},{"lineNumber":54,"author":{"gitId":"-"},"content":"## Documentation","lastModifiedDate":"2020-05-24"},{"lineNumber":55,"author":{"gitId":"-"},"content":"","lastModifiedDate":"2020-05-24"},{"lineNumber":56,"author":{"gitId":"-"},"content":"`/docs` folder contains a skeleton version of the project documentation.","lastModifiedDate":"2020-05-24"},{"lineNumber":57,"author":{"gitId":"-"},"content":"","lastModifiedDate":"2020-05-24"},{"lineNumber":58,"author":{"gitId":"-"},"content":"Steps for publishing documentation to the public: ","lastModifiedDate":"2020-05-24"},{"lineNumber":59,"author":{"gitId":"-"},"content":"1. If you are using this project template for an individual project, go your fork on GitHub.\u003cbr\u003e","lastModifiedDate":"2020-05-24"},{"lineNumber":60,"author":{"gitId":"-"},"content":"   If you are using this project template for a team project, go to the team fork on GitHub.","lastModifiedDate":"2020-05-24"},{"lineNumber":61,"author":{"gitId":"-"},"content":"1. Click on the `settings` tab.","lastModifiedDate":"2020-05-24"},{"lineNumber":62,"author":{"gitId":"-"},"content":"1. Scroll down to the `GitHub Pages` section.","lastModifiedDate":"2020-05-24"},{"lineNumber":63,"author":{"gitId":"-"},"content":"1. Set the `source` as `master branch /docs folder`.","lastModifiedDate":"2020-05-24"},{"lineNumber":64,"author":{"gitId":"-"},"content":"1. Optionally, use the `choose a theme` button to choose a theme for your documentation.","lastModifiedDate":"2020-05-24"}],"authorContributionMap":{"nyh3":1,"-":63}},{"path":"build.gradle","fileType":"other","lines":[{"lineNumber":1,"author":{"gitId":"-"},"content":"plugins {","lastModifiedDate":"2020-05-25"},{"lineNumber":2,"author":{"gitId":"-"},"content":"    id \u0027java\u0027","lastModifiedDate":"2020-05-25"},{"lineNumber":3,"author":{"gitId":"-"},"content":"    id \u0027application\u0027","lastModifiedDate":"2020-05-25"},{"lineNumber":4,"author":{"gitId":"-"},"content":"    id \u0027checkstyle\u0027","lastModifiedDate":"2020-05-25"},{"lineNumber":5,"author":{"gitId":"-"},"content":"    id \u0027com.github.johnrengelman.shadow\u0027 version \u00277.1.2\u0027","lastModifiedDate":"2022-06-17"},{"lineNumber":6,"author":{"gitId":"-"},"content":"}","lastModifiedDate":"2020-05-25"},{"lineNumber":7,"author":{"gitId":"-"},"content":"","lastModifiedDate":"2020-05-25"},{"lineNumber":8,"author":{"gitId":"-"},"content":"repositories {","lastModifiedDate":"2020-05-25"},{"lineNumber":9,"author":{"gitId":"-"},"content":"    mavenCentral()","lastModifiedDate":"2020-05-25"},{"lineNumber":10,"author":{"gitId":"-"},"content":"}","lastModifiedDate":"2020-05-25"},{"lineNumber":11,"author":{"gitId":"-"},"content":"","lastModifiedDate":"2020-05-25"},{"lineNumber":12,"author":{"gitId":"-"},"content":"dependencies {","lastModifiedDate":"2020-05-25"},{"lineNumber":13,"author":{"gitId":"-"},"content":"    testImplementation group: \u0027org.junit.jupiter\u0027, name: \u0027junit-jupiter-api\u0027, version: \u00275.10.0\u0027","lastModifiedDate":"2023-08-05"},{"lineNumber":14,"author":{"gitId":"-"},"content":"    testRuntimeOnly group: \u0027org.junit.jupiter\u0027, name: \u0027junit-jupiter-engine\u0027, version: \u00275.10.0\u0027","lastModifiedDate":"2023-08-05"},{"lineNumber":15,"author":{"gitId":"-"},"content":"}","lastModifiedDate":"2020-05-25"},{"lineNumber":16,"author":{"gitId":"-"},"content":"","lastModifiedDate":"2020-05-25"},{"lineNumber":17,"author":{"gitId":"-"},"content":"test {","lastModifiedDate":"2020-05-25"},{"lineNumber":18,"author":{"gitId":"-"},"content":"    useJUnitPlatform()","lastModifiedDate":"2020-05-25"},{"lineNumber":19,"author":{"gitId":"-"},"content":"","lastModifiedDate":"2020-05-25"},{"lineNumber":20,"author":{"gitId":"-"},"content":"    testLogging {","lastModifiedDate":"2020-05-25"},{"lineNumber":21,"author":{"gitId":"-"},"content":"        events \"passed\", \"skipped\", \"failed\"","lastModifiedDate":"2020-05-25"},{"lineNumber":22,"author":{"gitId":"-"},"content":"","lastModifiedDate":"2020-05-25"},{"lineNumber":23,"author":{"gitId":"-"},"content":"        showExceptions true","lastModifiedDate":"2020-05-25"},{"lineNumber":24,"author":{"gitId":"-"},"content":"        exceptionFormat \"full\"","lastModifiedDate":"2020-05-25"},{"lineNumber":25,"author":{"gitId":"-"},"content":"        showCauses true","lastModifiedDate":"2020-05-25"},{"lineNumber":26,"author":{"gitId":"-"},"content":"        showStackTraces true","lastModifiedDate":"2020-05-25"},{"lineNumber":27,"author":{"gitId":"-"},"content":"        showStandardStreams \u003d false","lastModifiedDate":"2020-05-25"},{"lineNumber":28,"author":{"gitId":"-"},"content":"    }","lastModifiedDate":"2020-05-25"},{"lineNumber":29,"author":{"gitId":"-"},"content":"}","lastModifiedDate":"2020-05-25"},{"lineNumber":30,"author":{"gitId":"-"},"content":"","lastModifiedDate":"2020-05-25"},{"lineNumber":31,"author":{"gitId":"-"},"content":"application {","lastModifiedDate":"2020-05-25"},{"lineNumber":32,"author":{"gitId":"Mmaxx15"},"content":"    mainClass.set(\"seedu.duke.CantVasMain\")","lastModifiedDate":"2024-03-12"},{"lineNumber":33,"author":{"gitId":"-"},"content":"}","lastModifiedDate":"2020-05-25"},{"lineNumber":34,"author":{"gitId":"-"},"content":"","lastModifiedDate":"2020-05-25"},{"lineNumber":35,"author":{"gitId":"-"},"content":"shadowJar {","lastModifiedDate":"2020-05-25"},{"lineNumber":36,"author":{"gitId":"-"},"content":"    archiveBaseName.set(\"duke\")","lastModifiedDate":"2023-09-24"},{"lineNumber":37,"author":{"gitId":"-"},"content":"    archiveClassifier.set(\"\")","lastModifiedDate":"2023-09-24"},{"lineNumber":38,"author":{"gitId":"-"},"content":"}","lastModifiedDate":"2020-05-25"},{"lineNumber":39,"author":{"gitId":"-"},"content":"","lastModifiedDate":"2020-05-25"},{"lineNumber":40,"author":{"gitId":"-"},"content":"checkstyle {","lastModifiedDate":"2020-05-25"},{"lineNumber":41,"author":{"gitId":"-"},"content":"    toolVersion \u003d \u002710.2\u0027","lastModifiedDate":"2022-04-29"},{"lineNumber":42,"author":{"gitId":"-"},"content":"}","lastModifiedDate":"2020-05-25"},{"lineNumber":43,"author":{"gitId":"-"},"content":"","lastModifiedDate":"2020-05-25"},{"lineNumber":44,"author":{"gitId":"-"},"content":"run{","lastModifiedDate":"2020-05-25"},{"lineNumber":45,"author":{"gitId":"-"},"content":"    standardInput \u003d System.in","lastModifiedDate":"2020-05-25"},{"lineNumber":46,"author":{"gitId":"-"},"content":"}","lastModifiedDate":"2020-05-25"}],"authorContributionMap":{"Mmaxx15":1,"-":45}},{"path":"docs/AboutUs.md","fileType":"docs","lines":[{"lineNumber":1,"author":{"gitId":"-"},"content":"# About us","lastModifiedDate":"2020-05-24"},{"lineNumber":2,"author":{"gitId":"-"},"content":"","lastModifiedDate":"2020-05-24"},{"lineNumber":3,"author":{"gitId":"-"},"content":"Display |  Name   |                 Github Profile                 | Portfolio ","lastModifiedDate":"2020-05-24"},{"lineNumber":4,"author":{"gitId":"Haotian199"},"content":"--------|:-------:|:----------------------------------------------:|:---------:","lastModifiedDate":"2024-03-06"},{"lineNumber":5,"author":{"gitId":"Haotian199"},"content":"![](https://via.placeholder.com/100.png?text\u003dPhoto) | Haotian | [Haotian199](https://github.com/Haotian199/ip) | [Haotian199](https://github.com/Haotian199/ip)","lastModifiedDate":"2024-03-06"},{"lineNumber":6,"author":{"gitId":"Mmaxx15"},"content":"![](https://via.placeholder.com/100.png?text\u003dPhoto) | Max Leong | [Github](https://github.com/Mmaxx15) | [Portfolio](https://github.com/Mmaxx15)","lastModifiedDate":"2024-03-06"},{"lineNumber":7,"author":{"gitId":"nyh3"},"content":"![](https://via.placeholder.com/100.png?text\u003dPhoto) | Ng Yan Hui | [Github](https://github.com/nyh3) | [Portfolio](https://github.com/nyh3)","lastModifiedDate":"2024-03-06"},{"lineNumber":8,"author":{"gitId":"Heart-of-N1"},"content":"![](https://github.com/Heart-of-N1) | Sizhe Shao | [Github](https://github.com/Heart-of-N1) | [Portfolio](https://github.com/Heart-of-N1)","lastModifiedDate":"2024-03-06"},{"lineNumber":9,"author":{"gitId":"HikoHikoHiko"},"content":"![](https://via.placeholder.com/100.png?text\u003dPhoto) |  LiYan   |[Github](https://github.com/HikoHikoHiko)| [Portfolio](https://github.com/HikoHikoHiko)","lastModifiedDate":"2024-03-12"},{"lineNumber":10,"author":{"gitId":"HikoHikoHiko"},"content":"","lastModifiedDate":"2024-03-12"},{"lineNumber":11,"author":{"gitId":"nyh3"},"content":"","lastModifiedDate":"2024-03-06"},{"lineNumber":12,"author":{"gitId":"Haotian199"},"content":" ","lastModifiedDate":"2024-03-06"}],"authorContributionMap":{"Mmaxx15":1,"nyh3":2,"Haotian199":3,"Heart-of-N1":1,"HikoHikoHiko":2,"-":3}},{"path":"src/main/java/seedu/duke/CantVasMain.java","fileType":"functional-code","lines":[{"lineNumber":1,"author":{"gitId":"-"},"content":"package seedu.duke;","lastModifiedDate":"2020-05-24"},{"lineNumber":2,"author":{"gitId":"-"},"content":"","lastModifiedDate":"2020-05-24"},{"lineNumber":3,"author":{"gitId":"Mmaxx15"},"content":"public class CantVasMain {","lastModifiedDate":"2024-03-12"},{"lineNumber":4,"author":{"gitId":"nyh3"},"content":"    private static UI ui;","lastModifiedDate":"2024-03-17"},{"lineNumber":5,"author":{"gitId":"nyh3"},"content":"    private static ProcessCommand processCommand;","lastModifiedDate":"2024-03-17"},{"lineNumber":6,"author":{"gitId":"nyh3"},"content":"","lastModifiedDate":"2024-03-17"},{"lineNumber":7,"author":{"gitId":"nyh3"},"content":"    public CantVasMain() {","lastModifiedDate":"2024-03-17"},{"lineNumber":8,"author":{"gitId":"nyh3"},"content":"        ui \u003d new UI();","lastModifiedDate":"2024-03-17"},{"lineNumber":9,"author":{"gitId":"nyh3"},"content":"        ExpenditureList expenseList \u003d new ExpenditureList();","lastModifiedDate":"2024-03-17"},{"lineNumber":10,"author":{"gitId":"Heart-of-N1"},"content":"        processCommand \u003d new ProcessCommand();","lastModifiedDate":"2024-03-17"},{"lineNumber":11,"author":{"gitId":"nyh3"},"content":"    }","lastModifiedDate":"2024-03-17"},{"lineNumber":12,"author":{"gitId":"nyh3"},"content":"","lastModifiedDate":"2024-03-17"},{"lineNumber":13,"author":{"gitId":"nyh3"},"content":"    public void run() {","lastModifiedDate":"2024-03-17"},{"lineNumber":14,"author":{"gitId":"nyh3"},"content":"        UI.printLogo();","lastModifiedDate":"2024-03-17"},{"lineNumber":15,"author":{"gitId":"Heart-of-N1"},"content":"        UI.printHelpMessage();","lastModifiedDate":"2024-03-17"},{"lineNumber":16,"author":{"gitId":"nyh3"},"content":"        boolean exit;","lastModifiedDate":"2024-03-17"},{"lineNumber":17,"author":{"gitId":"nyh3"},"content":"        do {","lastModifiedDate":"2024-03-17"},{"lineNumber":18,"author":{"gitId":"nyh3"},"content":"            String command \u003d ui.getUserCommand();","lastModifiedDate":"2024-03-17"},{"lineNumber":19,"author":{"gitId":"nyh3"},"content":"            exit \u003d processCommand.userCommand(command);","lastModifiedDate":"2024-03-17"},{"lineNumber":20,"author":{"gitId":"nyh3"},"content":"        } while (!exit);","lastModifiedDate":"2024-03-17"},{"lineNumber":21,"author":{"gitId":"nyh3"},"content":"    }","lastModifiedDate":"2024-03-17"},{"lineNumber":22,"author":{"gitId":"nyh3"},"content":"","lastModifiedDate":"2024-03-17"},{"lineNumber":23,"author":{"gitId":"-"},"content":"    /**","lastModifiedDate":"2020-05-24"},{"lineNumber":24,"author":{"gitId":"-"},"content":"     * Main entry-point for the java.duke.Duke application.","lastModifiedDate":"2020-05-24"},{"lineNumber":25,"author":{"gitId":"-"},"content":"     */","lastModifiedDate":"2020-05-24"},{"lineNumber":26,"author":{"gitId":"-"},"content":"    public static void main(String[] args) {","lastModifiedDate":"2019-07-29"},{"lineNumber":27,"author":{"gitId":"nyh3"},"content":"        new CantVasMain().run();","lastModifiedDate":"2024-03-17"},{"lineNumber":28,"author":{"gitId":"-"},"content":"    }","lastModifiedDate":"2019-07-29"},{"lineNumber":29,"author":{"gitId":"-"},"content":"}","lastModifiedDate":"2019-07-29"}],"authorContributionMap":{"Mmaxx15":1,"nyh3":18,"Heart-of-N1":2,"-":8}},{"path":"src/main/java/seedu/duke/Echo.java","fileType":"functional-code","lines":[{"lineNumber":1,"author":{"gitId":"HikoHikoHiko"},"content":"package seedu.duke;","lastModifiedDate":"2024-03-13"},{"lineNumber":2,"author":{"gitId":"HikoHikoHiko"},"content":"","lastModifiedDate":"2024-03-13"},{"lineNumber":3,"author":{"gitId":"HikoHikoHiko"},"content":"import java.util.ArrayList;","lastModifiedDate":"2024-03-13"},{"lineNumber":4,"author":{"gitId":"nyh3"},"content":"import java.util.NoSuchElementException;","lastModifiedDate":"2024-03-17"},{"lineNumber":5,"author":{"gitId":"HikoHikoHiko"},"content":"import java.util.Scanner;","lastModifiedDate":"2024-03-13"},{"lineNumber":6,"author":{"gitId":"HikoHikoHiko"},"content":"public class Echo {","lastModifiedDate":"2024-03-13"},{"lineNumber":7,"author":{"gitId":"HikoHikoHiko"},"content":"","lastModifiedDate":"2024-03-13"},{"lineNumber":8,"author":{"gitId":"Heart-of-N1"},"content":"    private static ArrayList\u003cString\u003e inputs;","lastModifiedDate":"2024-03-13"},{"lineNumber":9,"author":{"gitId":"HikoHikoHiko"},"content":"","lastModifiedDate":"2024-03-13"},{"lineNumber":10,"author":{"gitId":"Heart-of-N1"},"content":"    public static void initializeInputs() {","lastModifiedDate":"2024-03-13"},{"lineNumber":11,"author":{"gitId":"HikoHikoHiko"},"content":"        inputs \u003d new ArrayList\u003c\u003e();","lastModifiedDate":"2024-03-13"},{"lineNumber":12,"author":{"gitId":"HikoHikoHiko"},"content":"    }","lastModifiedDate":"2024-03-13"},{"lineNumber":13,"author":{"gitId":"HikoHikoHiko"},"content":"","lastModifiedDate":"2024-03-13"},{"lineNumber":14,"author":{"gitId":"Heart-of-N1"},"content":"    public static String echoInput(String input) {","lastModifiedDate":"2024-03-13"},{"lineNumber":15,"author":{"gitId":"Heart-of-N1"},"content":"        return input;","lastModifiedDate":"2024-03-13"},{"lineNumber":16,"author":{"gitId":"Heart-of-N1"},"content":"    }","lastModifiedDate":"2024-03-13"},{"lineNumber":17,"author":{"gitId":"Heart-of-N1"},"content":"","lastModifiedDate":"2024-03-13"},{"lineNumber":18,"author":{"gitId":"Heart-of-N1"},"content":"    public static void startEcho() {","lastModifiedDate":"2024-03-13"},{"lineNumber":19,"author":{"gitId":"HikoHikoHiko"},"content":"        Scanner scanner \u003d new Scanner(System.in);","lastModifiedDate":"2024-03-13"},{"lineNumber":20,"author":{"gitId":"HikoHikoHiko"},"content":"        System.out.println(\"Enter text to echo back, or type \u0027exit\u0027 to quit:\");","lastModifiedDate":"2024-03-13"},{"lineNumber":21,"author":{"gitId":"HikoHikoHiko"},"content":"","lastModifiedDate":"2024-03-13"},{"lineNumber":22,"author":{"gitId":"nyh3"},"content":"        try {","lastModifiedDate":"2024-03-17"},{"lineNumber":23,"author":{"gitId":"HikoHikoHiko"},"content":"            while (true) {","lastModifiedDate":"2024-03-13"},{"lineNumber":24,"author":{"gitId":"HikoHikoHiko"},"content":"                String input \u003d scanner.nextLine();","lastModifiedDate":"2024-03-13"},{"lineNumber":25,"author":{"gitId":"HikoHikoHiko"},"content":"                if (\"exit\".equalsIgnoreCase(input)) {","lastModifiedDate":"2024-03-13"},{"lineNumber":26,"author":{"gitId":"HikoHikoHiko"},"content":"                    break;","lastModifiedDate":"2024-03-13"},{"lineNumber":27,"author":{"gitId":"HikoHikoHiko"},"content":"                }","lastModifiedDate":"2024-03-13"},{"lineNumber":28,"author":{"gitId":"HikoHikoHiko"},"content":"                inputs.add(input);","lastModifiedDate":"2024-03-13"},{"lineNumber":29,"author":{"gitId":"HikoHikoHiko"},"content":"                echoBack();","lastModifiedDate":"2024-03-13"},{"lineNumber":30,"author":{"gitId":"Heart-of-N1"},"content":"                inputs.remove(input);","lastModifiedDate":"2024-03-13"},{"lineNumber":31,"author":{"gitId":"HikoHikoHiko"},"content":"            }","lastModifiedDate":"2024-03-13"},{"lineNumber":32,"author":{"gitId":"nyh3"},"content":"        } catch (NoSuchElementException e) {","lastModifiedDate":"2024-03-17"},{"lineNumber":33,"author":{"gitId":"nyh3"},"content":"            System.out.println(\"Error caught:\" + e.getMessage());","lastModifiedDate":"2024-03-17"},{"lineNumber":34,"author":{"gitId":"nyh3"},"content":"        }","lastModifiedDate":"2024-03-17"},{"lineNumber":35,"author":{"gitId":"HikoHikoHiko"},"content":"    }","lastModifiedDate":"2024-03-13"},{"lineNumber":36,"author":{"gitId":"HikoHikoHiko"},"content":"","lastModifiedDate":"2024-03-13"},{"lineNumber":37,"author":{"gitId":"Heart-of-N1"},"content":"    private static void echoBack() {","lastModifiedDate":"2024-03-13"},{"lineNumber":38,"author":{"gitId":"HikoHikoHiko"},"content":"        for (String input : inputs ) {","lastModifiedDate":"2024-03-13"},{"lineNumber":39,"author":{"gitId":"HikoHikoHiko"},"content":"            System.out.println(input);","lastModifiedDate":"2024-03-13"},{"lineNumber":40,"author":{"gitId":"HikoHikoHiko"},"content":"        }","lastModifiedDate":"2024-03-13"},{"lineNumber":41,"author":{"gitId":"HikoHikoHiko"},"content":"    }","lastModifiedDate":"2024-03-13"},{"lineNumber":42,"author":{"gitId":"HikoHikoHiko"},"content":"","lastModifiedDate":"2024-03-13"},{"lineNumber":43,"author":{"gitId":"HikoHikoHiko"},"content":"    public static void main(String[] args) {","lastModifiedDate":"2024-03-13"},{"lineNumber":44,"author":{"gitId":"Heart-of-N1"},"content":"        Echo.initializeInputs();","lastModifiedDate":"2024-03-13"},{"lineNumber":45,"author":{"gitId":"Heart-of-N1"},"content":"        startEcho();","lastModifiedDate":"2024-03-13"},{"lineNumber":46,"author":{"gitId":"HikoHikoHiko"},"content":"    }","lastModifiedDate":"2024-03-13"},{"lineNumber":47,"author":{"gitId":"HikoHikoHiko"},"content":"}","lastModifiedDate":"2024-03-13"}],"authorContributionMap":{"nyh3":5,"HikoHikoHiko":31,"Heart-of-N1":11}},{"path":"src/main/java/seedu/duke/Expenditure.java","fileType":"functional-code","lines":[{"lineNumber":1,"author":{"gitId":"Mmaxx15"},"content":"package seedu.duke;","lastModifiedDate":"2024-03-13"},{"lineNumber":2,"author":{"gitId":"Mmaxx15"},"content":"","lastModifiedDate":"2024-03-13"},{"lineNumber":3,"author":{"gitId":"Mmaxx15"},"content":"public class Expenditure {","lastModifiedDate":"2024-03-13"},{"lineNumber":4,"author":{"gitId":"Mmaxx15"},"content":"    protected String description;","lastModifiedDate":"2024-03-13"},{"lineNumber":5,"author":{"gitId":"Mmaxx15"},"content":"    protected Float amount;","lastModifiedDate":"2024-03-16"},{"lineNumber":6,"author":{"gitId":"Mmaxx15"},"content":"    protected String date;","lastModifiedDate":"2024-03-16"},{"lineNumber":7,"author":{"gitId":"Mmaxx15"},"content":"","lastModifiedDate":"2024-03-16"},{"lineNumber":8,"author":{"gitId":"Mmaxx15"},"content":"    public Expenditure(String description, Float amount, String date) {","lastModifiedDate":"2024-03-16"},{"lineNumber":9,"author":{"gitId":"Mmaxx15"},"content":"        this.description \u003d description;","lastModifiedDate":"2024-03-16"},{"lineNumber":10,"author":{"gitId":"Mmaxx15"},"content":"        this.amount \u003d amount;","lastModifiedDate":"2024-03-16"},{"lineNumber":11,"author":{"gitId":"Mmaxx15"},"content":"        this.date \u003d date;","lastModifiedDate":"2024-03-16"},{"lineNumber":12,"author":{"gitId":"Mmaxx15"},"content":"    }","lastModifiedDate":"2024-03-16"},{"lineNumber":13,"author":{"gitId":"Mmaxx15"},"content":"","lastModifiedDate":"2024-03-16"},{"lineNumber":14,"author":{"gitId":"Mmaxx15"},"content":"    public String getDescription() {","lastModifiedDate":"2024-03-16"},{"lineNumber":15,"author":{"gitId":"Mmaxx15"},"content":"        return description;","lastModifiedDate":"2024-03-16"},{"lineNumber":16,"author":{"gitId":"Mmaxx15"},"content":"    }","lastModifiedDate":"2024-03-16"},{"lineNumber":17,"author":{"gitId":"Mmaxx15"},"content":"","lastModifiedDate":"2024-03-16"},{"lineNumber":18,"author":{"gitId":"Mmaxx15"},"content":"    public Float getAmount() {","lastModifiedDate":"2024-03-16"},{"lineNumber":19,"author":{"gitId":"Mmaxx15"},"content":"        return amount;","lastModifiedDate":"2024-03-16"},{"lineNumber":20,"author":{"gitId":"Mmaxx15"},"content":"    }","lastModifiedDate":"2024-03-16"},{"lineNumber":21,"author":{"gitId":"Mmaxx15"},"content":"","lastModifiedDate":"2024-03-16"},{"lineNumber":22,"author":{"gitId":"Mmaxx15"},"content":"    public String getDate() {","lastModifiedDate":"2024-03-16"},{"lineNumber":23,"author":{"gitId":"Mmaxx15"},"content":"        return date;","lastModifiedDate":"2024-03-16"},{"lineNumber":24,"author":{"gitId":"Mmaxx15"},"content":"    }","lastModifiedDate":"2024-03-16"},{"lineNumber":25,"author":{"gitId":"Mmaxx15"},"content":"","lastModifiedDate":"2024-03-16"},{"lineNumber":26,"author":{"gitId":"Mmaxx15"},"content":"    @Override","lastModifiedDate":"2024-03-16"},{"lineNumber":27,"author":{"gitId":"Mmaxx15"},"content":"    public String toString() {","lastModifiedDate":"2024-03-16"},{"lineNumber":28,"author":{"gitId":"Heart-of-N1"},"content":"        return description + \" | Cost: $\" + amount + \" | date: \" + date;","lastModifiedDate":"2024-03-17"},{"lineNumber":29,"author":{"gitId":"Mmaxx15"},"content":"    }","lastModifiedDate":"2024-03-16"},{"lineNumber":30,"author":{"gitId":"Mmaxx15"},"content":"}","lastModifiedDate":"2024-03-13"}],"authorContributionMap":{"Mmaxx15":29,"Heart-of-N1":1}},{"path":"src/main/java/seedu/duke/ExpenditureList.java","fileType":"functional-code","lines":[{"lineNumber":1,"author":{"gitId":"Mmaxx15"},"content":"package seedu.duke;","lastModifiedDate":"2024-03-13"},{"lineNumber":2,"author":{"gitId":"Mmaxx15"},"content":"","lastModifiedDate":"2024-03-13"},{"lineNumber":3,"author":{"gitId":"Mmaxx15"},"content":"import java.util.ArrayList;","lastModifiedDate":"2024-03-13"},{"lineNumber":4,"author":{"gitId":"Heart-of-N1"},"content":"import java.util.List;","lastModifiedDate":"2024-03-17"},{"lineNumber":5,"author":{"gitId":"Mmaxx15"},"content":"","lastModifiedDate":"2024-03-13"},{"lineNumber":6,"author":{"gitId":"nyh3"},"content":"public class ExpenditureList {","lastModifiedDate":"2024-03-17"},{"lineNumber":7,"author":{"gitId":"Mmaxx15"},"content":"    public static int expenditureCount;","lastModifiedDate":"2024-03-16"},{"lineNumber":8,"author":{"gitId":"nyh3"},"content":"    private static ArrayList\u003cExpenditure\u003e expenditureList;","lastModifiedDate":"2024-03-17"},{"lineNumber":9,"author":{"gitId":"Mmaxx15"},"content":"","lastModifiedDate":"2024-03-13"},{"lineNumber":10,"author":{"gitId":"Mmaxx15"},"content":"    public ExpenditureList() {","lastModifiedDate":"2024-03-13"},{"lineNumber":11,"author":{"gitId":"Mmaxx15"},"content":"        expenditureList \u003d new ArrayList\u003c\u003e();","lastModifiedDate":"2024-03-16"},{"lineNumber":12,"author":{"gitId":"Mmaxx15"},"content":"        expenditureCount \u003d 0;","lastModifiedDate":"2024-03-16"},{"lineNumber":13,"author":{"gitId":"Mmaxx15"},"content":"    }","lastModifiedDate":"2024-03-13"},{"lineNumber":14,"author":{"gitId":"Mmaxx15"},"content":"","lastModifiedDate":"2024-03-16"},{"lineNumber":15,"author":{"gitId":"Heart-of-N1"},"content":"    public static void listExpensesByMonth(String monthYear) {","lastModifiedDate":"2024-03-17"},{"lineNumber":16,"author":{"gitId":"Heart-of-N1"},"content":"        if (!monthYear.matches(\"\\\\d{2}\\\\.\\\\d{4}\")) {","lastModifiedDate":"2024-03-17"},{"lineNumber":17,"author":{"gitId":"Heart-of-N1"},"content":"            System.out.println(\"Month and year format incorrect! Please use MM.yyyy format.\");","lastModifiedDate":"2024-03-17"},{"lineNumber":18,"author":{"gitId":"Heart-of-N1"},"content":"            return;","lastModifiedDate":"2024-03-17"},{"lineNumber":19,"author":{"gitId":"Heart-of-N1"},"content":"        }","lastModifiedDate":"2024-03-17"},{"lineNumber":20,"author":{"gitId":"Heart-of-N1"},"content":"","lastModifiedDate":"2024-03-17"},{"lineNumber":21,"author":{"gitId":"Heart-of-N1"},"content":"        String[] monthYearParts \u003d monthYear.split(\"\\\\.\");","lastModifiedDate":"2024-03-17"},{"lineNumber":22,"author":{"gitId":"Heart-of-N1"},"content":"        String targetMonth \u003d monthYearParts[0];","lastModifiedDate":"2024-03-17"},{"lineNumber":23,"author":{"gitId":"Heart-of-N1"},"content":"        String targetYear \u003d monthYearParts[1];","lastModifiedDate":"2024-03-17"},{"lineNumber":24,"author":{"gitId":"Heart-of-N1"},"content":"        List\u003cExpenditure\u003e filteredExpenses \u003d new ArrayList\u003c\u003e();","lastModifiedDate":"2024-03-17"},{"lineNumber":25,"author":{"gitId":"Heart-of-N1"},"content":"","lastModifiedDate":"2024-03-17"},{"lineNumber":26,"author":{"gitId":"Heart-of-N1"},"content":"        for (Expenditure exp : expenditureList) {","lastModifiedDate":"2024-03-17"},{"lineNumber":27,"author":{"gitId":"Heart-of-N1"},"content":"            String[] dateParts \u003d exp.getDate().split(\"\\\\.\");","lastModifiedDate":"2024-03-17"},{"lineNumber":28,"author":{"gitId":"Heart-of-N1"},"content":"            String expenseMonth \u003d dateParts[1];","lastModifiedDate":"2024-03-17"},{"lineNumber":29,"author":{"gitId":"Heart-of-N1"},"content":"            String expenseYear \u003d dateParts[2];","lastModifiedDate":"2024-03-17"},{"lineNumber":30,"author":{"gitId":"Heart-of-N1"},"content":"","lastModifiedDate":"2024-03-17"},{"lineNumber":31,"author":{"gitId":"Heart-of-N1"},"content":"            if (expenseMonth.equals(targetMonth) \u0026\u0026 expenseYear.equals(targetYear)) {","lastModifiedDate":"2024-03-17"},{"lineNumber":32,"author":{"gitId":"Heart-of-N1"},"content":"                filteredExpenses.add(exp);","lastModifiedDate":"2024-03-17"},{"lineNumber":33,"author":{"gitId":"Heart-of-N1"},"content":"            }","lastModifiedDate":"2024-03-17"},{"lineNumber":34,"author":{"gitId":"Heart-of-N1"},"content":"        }","lastModifiedDate":"2024-03-17"},{"lineNumber":35,"author":{"gitId":"Mmaxx15"},"content":"","lastModifiedDate":"2024-03-16"},{"lineNumber":36,"author":{"gitId":"Heart-of-N1"},"content":"        if (filteredExpenses.isEmpty()) {","lastModifiedDate":"2024-03-17"},{"lineNumber":37,"author":{"gitId":"Heart-of-N1"},"content":"            System.out.println(\"No expenses found for \" + monthYear);","lastModifiedDate":"2024-03-17"},{"lineNumber":38,"author":{"gitId":"Heart-of-N1"},"content":"        } else {","lastModifiedDate":"2024-03-17"},{"lineNumber":39,"author":{"gitId":"Heart-of-N1"},"content":"            System.out.println(\"Expenses for the month \u0026 year \" + monthYear + \":\");","lastModifiedDate":"2024-03-17"},{"lineNumber":40,"author":{"gitId":"Heart-of-N1"},"content":"            int count \u003d 1;","lastModifiedDate":"2024-03-17"},{"lineNumber":41,"author":{"gitId":"Heart-of-N1"},"content":"            for (Expenditure exp : filteredExpenses) {","lastModifiedDate":"2024-03-17"},{"lineNumber":42,"author":{"gitId":"Heart-of-N1"},"content":"                System.out.println(count + \". \" + exp);","lastModifiedDate":"2024-03-17"},{"lineNumber":43,"author":{"gitId":"Heart-of-N1"},"content":"            }","lastModifiedDate":"2024-03-17"},{"lineNumber":44,"author":{"gitId":"Heart-of-N1"},"content":"        }","lastModifiedDate":"2024-03-17"},{"lineNumber":45,"author":{"gitId":"Heart-of-N1"},"content":"    }","lastModifiedDate":"2024-03-17"},{"lineNumber":46,"author":{"gitId":"Heart-of-N1"},"content":"","lastModifiedDate":"2024-03-17"},{"lineNumber":47,"author":{"gitId":"Heart-of-N1"},"content":"    public static void listExpensesByYear(String year) {","lastModifiedDate":"2024-03-17"},{"lineNumber":48,"author":{"gitId":"Heart-of-N1"},"content":"        List\u003cExpenditure\u003e filteredExpenses \u003d new ArrayList\u003c\u003e();","lastModifiedDate":"2024-03-17"},{"lineNumber":49,"author":{"gitId":"Heart-of-N1"},"content":"","lastModifiedDate":"2024-03-17"},{"lineNumber":50,"author":{"gitId":"Heart-of-N1"},"content":"        if (!year.matches(\"\\\\d{4}\")) {","lastModifiedDate":"2024-03-17"},{"lineNumber":51,"author":{"gitId":"Heart-of-N1"},"content":"            System.out.println(\"Year format incorrect. Please use yyyy format.\");","lastModifiedDate":"2024-03-17"},{"lineNumber":52,"author":{"gitId":"Mmaxx15"},"content":"            return;","lastModifiedDate":"2024-03-16"},{"lineNumber":53,"author":{"gitId":"Mmaxx15"},"content":"        }","lastModifiedDate":"2024-03-16"},{"lineNumber":54,"author":{"gitId":"Mmaxx15"},"content":"","lastModifiedDate":"2024-03-16"},{"lineNumber":55,"author":{"gitId":"-"},"content":"        for (Expenditure exp : expenditureList) {","lastModifiedDate":"2024-03-17"},{"lineNumber":56,"author":{"gitId":"Heart-of-N1"},"content":"            String[] dateParts \u003d exp.getDate().split(\"\\\\.\");","lastModifiedDate":"2024-03-17"},{"lineNumber":57,"author":{"gitId":"Heart-of-N1"},"content":"            String expenseYear \u003d dateParts[2];","lastModifiedDate":"2024-03-17"},{"lineNumber":58,"author":{"gitId":"Heart-of-N1"},"content":"","lastModifiedDate":"2024-03-17"},{"lineNumber":59,"author":{"gitId":"Heart-of-N1"},"content":"            if (expenseYear.equals(year)) {","lastModifiedDate":"2024-03-17"},{"lineNumber":60,"author":{"gitId":"Heart-of-N1"},"content":"                filteredExpenses.add(exp);","lastModifiedDate":"2024-03-17"},{"lineNumber":61,"author":{"gitId":"Heart-of-N1"},"content":"            }","lastModifiedDate":"2024-03-17"},{"lineNumber":62,"author":{"gitId":"Heart-of-N1"},"content":"        }","lastModifiedDate":"2024-03-17"},{"lineNumber":63,"author":{"gitId":"Heart-of-N1"},"content":"","lastModifiedDate":"2024-03-17"},{"lineNumber":64,"author":{"gitId":"Heart-of-N1"},"content":"        if (filteredExpenses.isEmpty()) {","lastModifiedDate":"2024-03-17"},{"lineNumber":65,"author":{"gitId":"Heart-of-N1"},"content":"            System.out.println(\"No expenses found for year \" + year);","lastModifiedDate":"2024-03-17"},{"lineNumber":66,"author":{"gitId":"Heart-of-N1"},"content":"        } else {","lastModifiedDate":"2024-03-17"},{"lineNumber":67,"author":{"gitId":"Heart-of-N1"},"content":"            System.out.println(\"Expenses for the year \" + year + \":\");","lastModifiedDate":"2024-03-17"},{"lineNumber":68,"author":{"gitId":"Heart-of-N1"},"content":"            int count \u003d 1;","lastModifiedDate":"2024-03-17"},{"lineNumber":69,"author":{"gitId":"Heart-of-N1"},"content":"            for (Expenditure exp : filteredExpenses) {","lastModifiedDate":"2024-03-17"},{"lineNumber":70,"author":{"gitId":"Heart-of-N1"},"content":"                System.out.println(count + \". \" + exp);","lastModifiedDate":"2024-03-17"},{"lineNumber":71,"author":{"gitId":"Heart-of-N1"},"content":"            }","lastModifiedDate":"2024-03-17"},{"lineNumber":72,"author":{"gitId":"Heart-of-N1"},"content":"        }","lastModifiedDate":"2024-03-17"},{"lineNumber":73,"author":{"gitId":"Heart-of-N1"},"content":"    }","lastModifiedDate":"2024-03-17"},{"lineNumber":74,"author":{"gitId":"Heart-of-N1"},"content":"","lastModifiedDate":"2024-03-17"},{"lineNumber":75,"author":{"gitId":"Heart-of-N1"},"content":"    public static void addExpenditure(String expenditure) {","lastModifiedDate":"2024-03-17"},{"lineNumber":76,"author":{"gitId":"Heart-of-N1"},"content":"        String[] parts \u003d expenditure.split(\"d/\", 2);","lastModifiedDate":"2024-03-17"},{"lineNumber":77,"author":{"gitId":"Heart-of-N1"},"content":"        if (parts.length \u003c 2) {","lastModifiedDate":"2024-03-17"},{"lineNumber":78,"author":{"gitId":"Heart-of-N1"},"content":"            System.out.println(\"Invalid input format for description.\");","lastModifiedDate":"2024-03-17"},{"lineNumber":79,"author":{"gitId":"Heart-of-N1"},"content":"            return;","lastModifiedDate":"2024-03-17"},{"lineNumber":80,"author":{"gitId":"Heart-of-N1"},"content":"        }","lastModifiedDate":"2024-03-17"},{"lineNumber":81,"author":{"gitId":"Heart-of-N1"},"content":"        // Description part directly after \"d/\"","lastModifiedDate":"2024-03-17"},{"lineNumber":82,"author":{"gitId":"Heart-of-N1"},"content":"        String descriptionPart \u003d parts[1].trim();","lastModifiedDate":"2024-03-17"},{"lineNumber":83,"author":{"gitId":"Mmaxx15"},"content":"","lastModifiedDate":"2024-03-16"},{"lineNumber":84,"author":{"gitId":"Heart-of-N1"},"content":"        parts \u003d descriptionPart.split(\" amt/\", 2);","lastModifiedDate":"2024-03-17"},{"lineNumber":85,"author":{"gitId":"Heart-of-N1"},"content":"        if (parts.length \u003c 2) {","lastModifiedDate":"2024-03-17"},{"lineNumber":86,"author":{"gitId":"Heart-of-N1"},"content":"            System.out.println(\"Invalid input format for amount.\");","lastModifiedDate":"2024-03-17"},{"lineNumber":87,"author":{"gitId":"Mmaxx15"},"content":"            return;","lastModifiedDate":"2024-03-16"},{"lineNumber":88,"author":{"gitId":"Mmaxx15"},"content":"        }","lastModifiedDate":"2024-03-16"},{"lineNumber":89,"author":{"gitId":"Heart-of-N1"},"content":"        String description \u003d parts[0].trim();","lastModifiedDate":"2024-03-17"},{"lineNumber":90,"author":{"gitId":"Heart-of-N1"},"content":"        String amountAndDate \u003d parts[1].trim();","lastModifiedDate":"2024-03-17"},{"lineNumber":91,"author":{"gitId":"Mmaxx15"},"content":"","lastModifiedDate":"2024-03-16"},{"lineNumber":92,"author":{"gitId":"Heart-of-N1"},"content":"        parts \u003d amountAndDate.split(\" date/\", 2);","lastModifiedDate":"2024-03-17"},{"lineNumber":93,"author":{"gitId":"Heart-of-N1"},"content":"        if (parts.length \u003c 2) {","lastModifiedDate":"2024-03-17"},{"lineNumber":94,"author":{"gitId":"Heart-of-N1"},"content":"            System.out.println(\"Invalid input format for date.\");","lastModifiedDate":"2024-03-17"},{"lineNumber":95,"author":{"gitId":"Heart-of-N1"},"content":"            return;","lastModifiedDate":"2024-03-17"},{"lineNumber":96,"author":{"gitId":"Heart-of-N1"},"content":"        }","lastModifiedDate":"2024-03-17"},{"lineNumber":97,"author":{"gitId":"Heart-of-N1"},"content":"        String amount \u003d parts[0].trim();","lastModifiedDate":"2024-03-17"},{"lineNumber":98,"author":{"gitId":"Heart-of-N1"},"content":"        String date \u003d parts[1].trim();","lastModifiedDate":"2024-03-17"},{"lineNumber":99,"author":{"gitId":"Mmaxx15"},"content":"","lastModifiedDate":"2024-03-16"},{"lineNumber":100,"author":{"gitId":"Mmaxx15"},"content":"        try {","lastModifiedDate":"2024-03-16"},{"lineNumber":101,"author":{"gitId":"Mmaxx15"},"content":"            float amountValue \u003d Float.parseFloat(amount);","lastModifiedDate":"2024-03-16"},{"lineNumber":102,"author":{"gitId":"Heart-of-N1"},"content":"            // Ensure that the expenditureList is initialized somewhere before this","lastModifiedDate":"2024-03-17"},{"lineNumber":103,"author":{"gitId":"Mmaxx15"},"content":"            expenditureList.add(new Expenditure(description, amountValue, date));","lastModifiedDate":"2024-03-16"},{"lineNumber":104,"author":{"gitId":"Mmaxx15"},"content":"            expenditureCount +\u003d 1;","lastModifiedDate":"2024-03-16"},{"lineNumber":105,"author":{"gitId":"Mmaxx15"},"content":"            System.out.println(\"Expenditure added successfully.\");","lastModifiedDate":"2024-03-16"},{"lineNumber":106,"author":{"gitId":"Mmaxx15"},"content":"        } catch (NumberFormatException e) {","lastModifiedDate":"2024-03-16"},{"lineNumber":107,"author":{"gitId":"Heart-of-N1"},"content":"            System.out.println(\"Invalid amount format!\");","lastModifiedDate":"2024-03-17"},{"lineNumber":108,"author":{"gitId":"Mmaxx15"},"content":"        }","lastModifiedDate":"2024-03-16"},{"lineNumber":109,"author":{"gitId":"Mmaxx15"},"content":"    }","lastModifiedDate":"2024-03-16"},{"lineNumber":110,"author":{"gitId":"Mmaxx15"},"content":"","lastModifiedDate":"2024-03-16"},{"lineNumber":111,"author":{"gitId":"nyh3"},"content":"    public static void deleteExpenditure(int index) {","lastModifiedDate":"2024-03-17"},{"lineNumber":112,"author":{"gitId":"nyh3"},"content":"        Expenditure expenditure \u003d expenditureList.get(index - 1);","lastModifiedDate":"2024-03-17"},{"lineNumber":113,"author":{"gitId":"nyh3"},"content":"        System.out.println(\"deleted:\" + expenditure.getDescription() +","lastModifiedDate":"2024-03-17"},{"lineNumber":114,"author":{"gitId":"nyh3"},"content":"                \" | Cost: $\" + expenditure.getAmount() +","lastModifiedDate":"2024-03-17"},{"lineNumber":115,"author":{"gitId":"nyh3"},"content":"                \" | date: \" + expenditure.getDate());","lastModifiedDate":"2024-03-17"},{"lineNumber":116,"author":{"gitId":"nyh3"},"content":"        expenditureList.remove(index - 1);","lastModifiedDate":"2024-03-17"},{"lineNumber":117,"author":{"gitId":"nyh3"},"content":"        expenditureCount--;","lastModifiedDate":"2024-03-17"},{"lineNumber":118,"author":{"gitId":"nyh3"},"content":"    }","lastModifiedDate":"2024-03-17"},{"lineNumber":119,"author":{"gitId":"nyh3"},"content":"","lastModifiedDate":"2024-03-17"},{"lineNumber":120,"author":{"gitId":"Mmaxx15"},"content":"    public static void listExpenses() {","lastModifiedDate":"2024-03-16"},{"lineNumber":121,"author":{"gitId":"Mmaxx15"},"content":"        if (expenditureList.isEmpty()) {","lastModifiedDate":"2024-03-16"},{"lineNumber":122,"author":{"gitId":"Mmaxx15"},"content":"            System.out.println(\"No expenses to display.\");","lastModifiedDate":"2024-03-16"},{"lineNumber":123,"author":{"gitId":"Mmaxx15"},"content":"            return;","lastModifiedDate":"2024-03-16"},{"lineNumber":124,"author":{"gitId":"Mmaxx15"},"content":"        }","lastModifiedDate":"2024-03-13"},{"lineNumber":125,"author":{"gitId":"Mmaxx15"},"content":"","lastModifiedDate":"2024-03-16"},{"lineNumber":126,"author":{"gitId":"Mmaxx15"},"content":"        System.out.println(\"Current Expenses:\");","lastModifiedDate":"2024-03-16"},{"lineNumber":127,"author":{"gitId":"Mmaxx15"},"content":"        for (int i \u003d 0; i \u003c expenditureList.size(); i++) {","lastModifiedDate":"2024-03-16"},{"lineNumber":128,"author":{"gitId":"Mmaxx15"},"content":"            Expenditure expenditure \u003d expenditureList.get(i);","lastModifiedDate":"2024-03-16"},{"lineNumber":129,"author":{"gitId":"Mmaxx15"},"content":"            System.out.println((i + 1) + \". \" + expenditure.getDescription() +","lastModifiedDate":"2024-03-16"},{"lineNumber":130,"author":{"gitId":"Mmaxx15"},"content":"                    \" | Cost: $\" + expenditure.getAmount() +","lastModifiedDate":"2024-03-16"},{"lineNumber":131,"author":{"gitId":"Mmaxx15"},"content":"                    \" | date: \" + expenditure.getDate());","lastModifiedDate":"2024-03-16"},{"lineNumber":132,"author":{"gitId":"Mmaxx15"},"content":"        }","lastModifiedDate":"2024-03-16"},{"lineNumber":133,"author":{"gitId":"Mmaxx15"},"content":"    }","lastModifiedDate":"2024-03-16"},{"lineNumber":134,"author":{"gitId":"Mmaxx15"},"content":"","lastModifiedDate":"2024-03-16"},{"lineNumber":135,"author":{"gitId":"Mmaxx15"},"content":"}","lastModifiedDate":"2024-03-16"},{"lineNumber":136,"author":{"gitId":"Mmaxx15"},"content":"","lastModifiedDate":"2024-03-16"}],"authorContributionMap":{"Mmaxx15":46,"nyh3":11,"Heart-of-N1":78,"-":1}},{"path":"src/main/java/seedu/duke/ProcessCommand.java","fileType":"functional-code","lines":[{"lineNumber":1,"author":{"gitId":"Mmaxx15"},"content":"package seedu.duke;","lastModifiedDate":"2024-03-16"},{"lineNumber":2,"author":{"gitId":"Mmaxx15"},"content":"","lastModifiedDate":"2024-03-16"},{"lineNumber":3,"author":{"gitId":"Mmaxx15"},"content":"public class ProcessCommand {","lastModifiedDate":"2024-03-16"},{"lineNumber":4,"author":{"gitId":"nyh3"},"content":"","lastModifiedDate":"2024-03-17"},{"lineNumber":5,"author":{"gitId":"Heart-of-N1"},"content":"    public ProcessCommand() {","lastModifiedDate":"2024-03-17"},{"lineNumber":6,"author":{"gitId":"nyh3"},"content":"    }","lastModifiedDate":"2024-03-17"},{"lineNumber":7,"author":{"gitId":"nyh3"},"content":"","lastModifiedDate":"2024-03-17"},{"lineNumber":8,"author":{"gitId":"Heart-of-N1"},"content":"    public void processUserCommand(String command) {","lastModifiedDate":"2024-03-17"},{"lineNumber":9,"author":{"gitId":"Mmaxx15"},"content":"","lastModifiedDate":"2024-03-16"},{"lineNumber":10,"author":{"gitId":"Heart-of-N1"},"content":"        if (!command.startsWith(\"e/\")) {","lastModifiedDate":"2024-03-17"},{"lineNumber":11,"author":{"gitId":"Heart-of-N1"},"content":"            System.out.println(\"Invalid command. Commands related to expenditures should start with \u0027e/\u0027.\");","lastModifiedDate":"2024-03-17"},{"lineNumber":12,"author":{"gitId":"Heart-of-N1"},"content":"            return;","lastModifiedDate":"2024-03-17"},{"lineNumber":13,"author":{"gitId":"Heart-of-N1"},"content":"        }","lastModifiedDate":"2024-03-17"},{"lineNumber":14,"author":{"gitId":"Heart-of-N1"},"content":"","lastModifiedDate":"2024-03-17"},{"lineNumber":15,"author":{"gitId":"Heart-of-N1"},"content":"        String[] commandParts \u003d command.substring(2).trim().split(\"/\", 2);","lastModifiedDate":"2024-03-17"},{"lineNumber":16,"author":{"gitId":"Heart-of-N1"},"content":"        if (commandParts.length \u003c 2) {","lastModifiedDate":"2024-03-17"},{"lineNumber":17,"author":{"gitId":"Heart-of-N1"},"content":"            System.out.println(\"Incomplete command!\");","lastModifiedDate":"2024-03-17"},{"lineNumber":18,"author":{"gitId":"Heart-of-N1"},"content":"            return;","lastModifiedDate":"2024-03-17"},{"lineNumber":19,"author":{"gitId":"Heart-of-N1"},"content":"        }","lastModifiedDate":"2024-03-17"},{"lineNumber":20,"author":{"gitId":"Heart-of-N1"},"content":"","lastModifiedDate":"2024-03-17"},{"lineNumber":21,"author":{"gitId":"Heart-of-N1"},"content":"        String action \u003d commandParts[0].trim();","lastModifiedDate":"2024-03-17"},{"lineNumber":22,"author":{"gitId":"Heart-of-N1"},"content":"        String actionDetails \u003d commandParts[1].trim();","lastModifiedDate":"2024-03-17"},{"lineNumber":23,"author":{"gitId":"Heart-of-N1"},"content":"","lastModifiedDate":"2024-03-17"},{"lineNumber":24,"author":{"gitId":"Heart-of-N1"},"content":"        switch (action) {","lastModifiedDate":"2024-03-17"},{"lineNumber":25,"author":{"gitId":"Heart-of-N1"},"content":"        case \"add\":","lastModifiedDate":"2024-03-17"},{"lineNumber":26,"author":{"gitId":"Heart-of-N1"},"content":"            ExpenditureList.addExpenditure(actionDetails);","lastModifiedDate":"2024-03-17"},{"lineNumber":27,"author":{"gitId":"Mmaxx15"},"content":"            break;","lastModifiedDate":"2024-03-16"},{"lineNumber":28,"author":{"gitId":"Heart-of-N1"},"content":"        case \"del\":","lastModifiedDate":"2024-03-17"},{"lineNumber":29,"author":{"gitId":"Heart-of-N1"},"content":"            try {","lastModifiedDate":"2024-03-17"},{"lineNumber":30,"author":{"gitId":"Heart-of-N1"},"content":"                int index \u003d Integer.parseInt(actionDetails);","lastModifiedDate":"2024-03-17"},{"lineNumber":31,"author":{"gitId":"Heart-of-N1"},"content":"                ExpenditureList.deleteExpenditure(index);","lastModifiedDate":"2024-03-17"},{"lineNumber":32,"author":{"gitId":"Heart-of-N1"},"content":"            } catch (NumberFormatException e) {","lastModifiedDate":"2024-03-17"},{"lineNumber":33,"author":{"gitId":"Heart-of-N1"},"content":"                System.out.println(\"Invalid index format for deletion.\");","lastModifiedDate":"2024-03-17"},{"lineNumber":34,"author":{"gitId":"Heart-of-N1"},"content":"            }","lastModifiedDate":"2024-03-17"},{"lineNumber":35,"author":{"gitId":"Mmaxx15"},"content":"            break;","lastModifiedDate":"2024-03-16"},{"lineNumber":36,"author":{"gitId":"Mmaxx15"},"content":"        default:","lastModifiedDate":"2024-03-16"},{"lineNumber":37,"author":{"gitId":"Heart-of-N1"},"content":"            System.out.println(\"Unknown function: \" + action);","lastModifiedDate":"2024-03-17"},{"lineNumber":38,"author":{"gitId":"Heart-of-N1"},"content":"            break;","lastModifiedDate":"2024-03-17"},{"lineNumber":39,"author":{"gitId":"Mmaxx15"},"content":"        }","lastModifiedDate":"2024-03-16"},{"lineNumber":40,"author":{"gitId":"Mmaxx15"},"content":"    }","lastModifiedDate":"2024-03-16"},{"lineNumber":41,"author":{"gitId":"Mmaxx15"},"content":"","lastModifiedDate":"2024-03-16"},{"lineNumber":42,"author":{"gitId":"nyh3"},"content":"    public boolean userCommand(String input) {","lastModifiedDate":"2024-03-17"},{"lineNumber":43,"author":{"gitId":"Heart-of-N1"},"content":"        input \u003d input.trim().toLowerCase();","lastModifiedDate":"2024-03-17"},{"lineNumber":44,"author":{"gitId":"Heart-of-N1"},"content":"        switch (input) {","lastModifiedDate":"2024-03-17"},{"lineNumber":45,"author":{"gitId":"Mmaxx15"},"content":"        case \"exit\":","lastModifiedDate":"2024-03-16"},{"lineNumber":46,"author":{"gitId":"Heart-of-N1"},"content":"            System.out.println(\"Shutting down... Goodbye!!\");","lastModifiedDate":"2024-03-17"},{"lineNumber":47,"author":{"gitId":"nyh3"},"content":"            return true;","lastModifiedDate":"2024-03-17"},{"lineNumber":48,"author":{"gitId":"Heart-of-N1"},"content":"        case \"list\":","lastModifiedDate":"2024-03-17"},{"lineNumber":49,"author":{"gitId":"Heart-of-N1"},"content":"            ExpenditureList.listExpenses();","lastModifiedDate":"2024-03-17"},{"lineNumber":50,"author":{"gitId":"Heart-of-N1"},"content":"            break;","lastModifiedDate":"2024-03-17"},{"lineNumber":51,"author":{"gitId":"Mmaxx15"},"content":"        case \"help\":","lastModifiedDate":"2024-03-16"},{"lineNumber":52,"author":{"gitId":"nyh3"},"content":"            UI.printHelpMessage();","lastModifiedDate":"2024-03-17"},{"lineNumber":53,"author":{"gitId":"Mmaxx15"},"content":"            break;","lastModifiedDate":"2024-03-16"},{"lineNumber":54,"author":{"gitId":"Mmaxx15"},"content":"        default:","lastModifiedDate":"2024-03-16"},{"lineNumber":55,"author":{"gitId":"Heart-of-N1"},"content":"            if (input.startsWith(\"e/\")) {","lastModifiedDate":"2024-03-17"},{"lineNumber":56,"author":{"gitId":"Heart-of-N1"},"content":"                processUserCommand(input);","lastModifiedDate":"2024-03-17"},{"lineNumber":57,"author":{"gitId":"Heart-of-N1"},"content":"            } else if (input.startsWith(\"view -m \")) {","lastModifiedDate":"2024-03-17"},{"lineNumber":58,"author":{"gitId":"Heart-of-N1"},"content":"                String monthYear \u003d input.length() \u003e \"view -m \".length() ?","lastModifiedDate":"2024-03-17"},{"lineNumber":59,"author":{"gitId":"Heart-of-N1"},"content":"                        input.substring(\"view -m \".length()).trim() : \"\";","lastModifiedDate":"2024-03-17"},{"lineNumber":60,"author":{"gitId":"Heart-of-N1"},"content":"                if (!monthYear.isEmpty()) {","lastModifiedDate":"2024-03-17"},{"lineNumber":61,"author":{"gitId":"Heart-of-N1"},"content":"                    ExpenditureList.listExpensesByMonth(monthYear);","lastModifiedDate":"2024-03-17"},{"lineNumber":62,"author":{"gitId":"Heart-of-N1"},"content":"                } else {","lastModifiedDate":"2024-03-17"},{"lineNumber":63,"author":{"gitId":"Heart-of-N1"},"content":"                    System.out.println(\"Please provide a month and year in MM.YYYY format after \u0027view -m\u0027.\");","lastModifiedDate":"2024-03-17"},{"lineNumber":64,"author":{"gitId":"Heart-of-N1"},"content":"                }","lastModifiedDate":"2024-03-17"},{"lineNumber":65,"author":{"gitId":"Heart-of-N1"},"content":"            } else if (input.startsWith(\"view -y \")) {","lastModifiedDate":"2024-03-17"},{"lineNumber":66,"author":{"gitId":"Heart-of-N1"},"content":"                String year \u003d input.length() \u003e \"view -y \".length() ?","lastModifiedDate":"2024-03-17"},{"lineNumber":67,"author":{"gitId":"Heart-of-N1"},"content":"                        input.substring(\"view -y \".length()).trim() : \"\";","lastModifiedDate":"2024-03-17"},{"lineNumber":68,"author":{"gitId":"Heart-of-N1"},"content":"                if (!year.isEmpty()) {","lastModifiedDate":"2024-03-17"},{"lineNumber":69,"author":{"gitId":"Heart-of-N1"},"content":"                    ExpenditureList.listExpensesByYear(year);","lastModifiedDate":"2024-03-17"},{"lineNumber":70,"author":{"gitId":"Heart-of-N1"},"content":"                } else {","lastModifiedDate":"2024-03-17"},{"lineNumber":71,"author":{"gitId":"Heart-of-N1"},"content":"                    System.out.println(\"Please provide a year in YYYY format after \u0027view -y\u0027.\");","lastModifiedDate":"2024-03-17"},{"lineNumber":72,"author":{"gitId":"Heart-of-N1"},"content":"                }","lastModifiedDate":"2024-03-17"},{"lineNumber":73,"author":{"gitId":"Heart-of-N1"},"content":"            } else {","lastModifiedDate":"2024-03-17"},{"lineNumber":74,"author":{"gitId":"Heart-of-N1"},"content":"                System.out.println(\"Unknown command. Please try again! Type \u0027help\u0027 for more information!\");","lastModifiedDate":"2024-03-17"},{"lineNumber":75,"author":{"gitId":"Heart-of-N1"},"content":"            }","lastModifiedDate":"2024-03-17"},{"lineNumber":76,"author":{"gitId":"Mmaxx15"},"content":"            break;","lastModifiedDate":"2024-03-16"},{"lineNumber":77,"author":{"gitId":"Mmaxx15"},"content":"        }","lastModifiedDate":"2024-03-16"},{"lineNumber":78,"author":{"gitId":"nyh3"},"content":"        return false;","lastModifiedDate":"2024-03-17"},{"lineNumber":79,"author":{"gitId":"Mmaxx15"},"content":"    }","lastModifiedDate":"2024-03-16"},{"lineNumber":80,"author":{"gitId":"Heart-of-N1"},"content":"","lastModifiedDate":"2024-03-17"},{"lineNumber":81,"author":{"gitId":"Heart-of-N1"},"content":"","lastModifiedDate":"2024-03-17"},{"lineNumber":82,"author":{"gitId":"Mmaxx15"},"content":"}","lastModifiedDate":"2024-03-16"}],"authorContributionMap":{"Mmaxx15":18,"nyh3":7,"Heart-of-N1":57}},{"path":"src/main/java/seedu/duke/UI.java","fileType":"functional-code","lines":[{"lineNumber":1,"author":{"gitId":"Heart-of-N1"},"content":"package seedu.duke;","lastModifiedDate":"2024-03-17"},{"lineNumber":2,"author":{"gitId":"HikoHikoHiko"},"content":"","lastModifiedDate":"2024-03-12"},{"lineNumber":3,"author":{"gitId":"nyh3"},"content":"import java.util.Scanner;","lastModifiedDate":"2024-03-17"},{"lineNumber":4,"author":{"gitId":"HikoHikoHiko"},"content":"","lastModifiedDate":"2024-03-12"},{"lineNumber":5,"author":{"gitId":"nyh3"},"content":"public class UI {","lastModifiedDate":"2024-03-17"},{"lineNumber":6,"author":{"gitId":"HikoHikoHiko"},"content":"","lastModifiedDate":"2024-03-12"},{"lineNumber":7,"author":{"gitId":"nyh3"},"content":"    /*   static final String divider \u003d \"------------------------------------------------\";","lastModifiedDate":"2024-03-17"},{"lineNumber":8,"author":{"gitId":"HikoHikoHiko"},"content":"","lastModifiedDate":"2024-03-12"},{"lineNumber":9,"author":{"gitId":"nyh3"},"content":"        private Scanner UserInput;","lastModifiedDate":"2024-03-17"},{"lineNumber":10,"author":{"gitId":"HikoHikoHiko"},"content":"","lastModifiedDate":"2024-03-12"},{"lineNumber":11,"author":{"gitId":"nyh3"},"content":"        public UI(){","lastModifiedDate":"2024-03-17"},{"lineNumber":12,"author":{"gitId":"nyh3"},"content":"            this.UserInput \u003d new Scanner(System.in);","lastModifiedDate":"2024-03-17"},{"lineNumber":13,"author":{"gitId":"nyh3"},"content":"        };","lastModifiedDate":"2024-03-17"},{"lineNumber":14,"author":{"gitId":"HikoHikoHiko"},"content":"","lastModifiedDate":"2024-03-12"},{"lineNumber":15,"author":{"gitId":"nyh3"},"content":"        public static void showErrorMsg(){","lastModifiedDate":"2024-03-17"},{"lineNumber":16,"author":{"gitId":"nyh3"},"content":"            System.out.println(\"Sorry I think you have input an invalid command.\");","lastModifiedDate":"2024-03-17"},{"lineNumber":17,"author":{"gitId":"nyh3"},"content":"            System.out.println(\"Please check again on your input :D\");","lastModifiedDate":"2024-03-17"},{"lineNumber":18,"author":{"gitId":"nyh3"},"content":"      }","lastModifiedDate":"2024-03-17"},{"lineNumber":19,"author":{"gitId":"nyh3"},"content":"    */","lastModifiedDate":"2024-03-17"},{"lineNumber":20,"author":{"gitId":"Mmaxx15"},"content":"","lastModifiedDate":"2024-03-16"},{"lineNumber":21,"author":{"gitId":"nyh3"},"content":"    private final Scanner in;","lastModifiedDate":"2024-03-17"},{"lineNumber":22,"author":{"gitId":"nyh3"},"content":"","lastModifiedDate":"2024-03-17"},{"lineNumber":23,"author":{"gitId":"nyh3"},"content":"    public UI() {","lastModifiedDate":"2024-03-17"},{"lineNumber":24,"author":{"gitId":"nyh3"},"content":"        this.in \u003d new Scanner(System.in);","lastModifiedDate":"2024-03-17"},{"lineNumber":25,"author":{"gitId":"nyh3"},"content":"    }","lastModifiedDate":"2024-03-17"},{"lineNumber":26,"author":{"gitId":"nyh3"},"content":"","lastModifiedDate":"2024-03-17"},{"lineNumber":27,"author":{"gitId":"nyh3"},"content":"    public String getUserCommand() {","lastModifiedDate":"2024-03-17"},{"lineNumber":28,"author":{"gitId":"nyh3"},"content":"        return in.nextLine();","lastModifiedDate":"2024-03-17"},{"lineNumber":29,"author":{"gitId":"nyh3"},"content":"    }","lastModifiedDate":"2024-03-17"},{"lineNumber":30,"author":{"gitId":"nyh3"},"content":"","lastModifiedDate":"2024-03-17"},{"lineNumber":31,"author":{"gitId":"Mmaxx15"},"content":"    public static void printLogo() {","lastModifiedDate":"2024-03-16"},{"lineNumber":32,"author":{"gitId":"Mmaxx15"},"content":"        System.out.println(\"   _____            ___      __\\n\"","lastModifiedDate":"2024-03-16"},{"lineNumber":33,"author":{"gitId":"Mmaxx15"},"content":"                + \"  / ____|          | \\\\ \\\\    / /\\n\"","lastModifiedDate":"2024-03-16"},{"lineNumber":34,"author":{"gitId":"Mmaxx15"},"content":"                + \" | |     __ _ _ __ | |\\\\ \\\\  / /_ _ ___\\n\"","lastModifiedDate":"2024-03-16"},{"lineNumber":35,"author":{"gitId":"Mmaxx15"},"content":"                + \" | |    / _` | \u0027_ \\\\| __\\\\ \\\\/ / _` / __|\\n\"","lastModifiedDate":"2024-03-16"},{"lineNumber":36,"author":{"gitId":"Mmaxx15"},"content":"                + \" | |___| (_| | | | | |_ \\\\  / (_| \\\\__ \\\\\\n\"","lastModifiedDate":"2024-03-16"},{"lineNumber":37,"author":{"gitId":"Mmaxx15"},"content":"                + \"  \\\\_____\\\\__,_|_| |_|\\\\__| \\\\/ \\\\__,_|___/\\n\"","lastModifiedDate":"2024-03-16"},{"lineNumber":38,"author":{"gitId":"Mmaxx15"},"content":"        );","lastModifiedDate":"2024-03-16"},{"lineNumber":39,"author":{"gitId":"HikoHikoHiko"},"content":"    }","lastModifiedDate":"2024-03-12"},{"lineNumber":40,"author":{"gitId":"HikoHikoHiko"},"content":"","lastModifiedDate":"2024-03-12"},{"lineNumber":41,"author":{"gitId":"nyh3"},"content":"    public static void printHelpMessage() {","lastModifiedDate":"2024-03-17"},{"lineNumber":42,"author":{"gitId":"nyh3"},"content":"        System.out.println(\"CantVas Help\\n\"","lastModifiedDate":"2024-03-17"},{"lineNumber":43,"author":{"gitId":"Heart-of-N1"},"content":"                + \"To input expenses, use format:\\n\"","lastModifiedDate":"2024-03-17"},{"lineNumber":44,"author":{"gitId":"Heart-of-N1"},"content":"                + \"\u003c\u003c e/ add/ d/ \u003cdescription\u003e amt/ \u003ccost\u003e date/ \u003cdd.mm.yyyy\u003e \u003e\u003e\\n\"","lastModifiedDate":"2024-03-17"},{"lineNumber":45,"author":{"gitId":"Heart-of-N1"},"content":"                + \"To delete saved expenses, use format:\\n\u003c\u003c e/ del/ \u003cindex\u003e \u003e\u003e\\n\"","lastModifiedDate":"2024-03-17"},{"lineNumber":46,"author":{"gitId":"Heart-of-N1"},"content":"                + \"To List saved expenses, use format:\\n\u003c\u003c list \u003e\u003e\\n\"","lastModifiedDate":"2024-03-17"},{"lineNumber":47,"author":{"gitId":"Heart-of-N1"},"content":"                + \"To view saved expenses by month, use format:\\n\u003c\u003c view -m \u003cmm.yyyy\u003e \u003e\u003e\\n\"","lastModifiedDate":"2024-03-17"},{"lineNumber":48,"author":{"gitId":"Heart-of-N1"},"content":"                + \"To view saved expenses by year, use format:\\n\u003c\u003c view -y \u003cyyyy\u003e \u003e\u003e\");","lastModifiedDate":"2024-03-17"},{"lineNumber":49,"author":{"gitId":"nyh3"},"content":"    }","lastModifiedDate":"2024-03-17"},{"lineNumber":50,"author":{"gitId":"HikoHikoHiko"},"content":"","lastModifiedDate":"2024-03-12"},{"lineNumber":51,"author":{"gitId":"HikoHikoHiko"},"content":"}","lastModifiedDate":"2024-03-12"}],"authorContributionMap":{"Mmaxx15":9,"nyh3":25,"Heart-of-N1":7,"HikoHikoHiko":10}},{"path":"src/test/java/seedu/duke/EchoTest.java","fileType":"test-code","lines":[{"lineNumber":1,"author":{"gitId":"Heart-of-N1"},"content":"package seedu.duke;","lastModifiedDate":"2024-03-13"},{"lineNumber":2,"author":{"gitId":"Heart-of-N1"},"content":"import org.junit.jupiter.api.Test;","lastModifiedDate":"2024-03-13"},{"lineNumber":3,"author":{"gitId":"Heart-of-N1"},"content":"import static org.junit.jupiter.api.Assertions.assertEquals;","lastModifiedDate":"2024-03-13"},{"lineNumber":4,"author":{"gitId":"Heart-of-N1"},"content":"public class EchoTest {","lastModifiedDate":"2024-03-13"},{"lineNumber":5,"author":{"gitId":"Heart-of-N1"},"content":"    @Test","lastModifiedDate":"2024-03-13"},{"lineNumber":6,"author":{"gitId":"Heart-of-N1"},"content":"    public void startEcho() {","lastModifiedDate":"2024-03-13"},{"lineNumber":7,"author":{"gitId":"Heart-of-N1"},"content":"        assertEquals(\"test\", Echo.echoInput(\"test\"));","lastModifiedDate":"2024-03-13"},{"lineNumber":8,"author":{"gitId":"Heart-of-N1"},"content":"","lastModifiedDate":"2024-03-13"},{"lineNumber":9,"author":{"gitId":"Heart-of-N1"},"content":"    }","lastModifiedDate":"2024-03-13"},{"lineNumber":10,"author":{"gitId":"nyh3"},"content":"","lastModifiedDate":"2024-03-13"},{"lineNumber":11,"author":{"gitId":"nyh3"},"content":"    @Test","lastModifiedDate":"2024-03-13"},{"lineNumber":12,"author":{"gitId":"nyh3"},"content":"    public void startEchoNumbers() {","lastModifiedDate":"2024-03-13"},{"lineNumber":13,"author":{"gitId":"nyh3"},"content":"        assertEquals(\"123456\", Echo.echoInput(\"123456\"));","lastModifiedDate":"2024-03-13"},{"lineNumber":14,"author":{"gitId":"nyh3"},"content":"","lastModifiedDate":"2024-03-13"},{"lineNumber":15,"author":{"gitId":"nyh3"},"content":"    }","lastModifiedDate":"2024-03-13"},{"lineNumber":16,"author":{"gitId":"Haotian199"},"content":"","lastModifiedDate":"2024-03-13"},{"lineNumber":17,"author":{"gitId":"HikoHikoHiko"},"content":"    @Test","lastModifiedDate":"2024-03-13"},{"lineNumber":18,"author":{"gitId":"HikoHikoHiko"},"content":"","lastModifiedDate":"2024-03-13"},{"lineNumber":19,"author":{"gitId":"HikoHikoHiko"},"content":"    public void startEchoPunctuation(){","lastModifiedDate":"2024-03-13"},{"lineNumber":20,"author":{"gitId":"HikoHikoHiko"},"content":"        assertEquals(\"!!??::,,//\", Echo.echoInput(\"!!??::,,//\"));","lastModifiedDate":"2024-03-13"},{"lineNumber":21,"author":{"gitId":"HikoHikoHiko"},"content":"    }","lastModifiedDate":"2024-03-13"},{"lineNumber":22,"author":{"gitId":"HikoHikoHiko"},"content":"","lastModifiedDate":"2024-03-13"},{"lineNumber":23,"author":{"gitId":"HikoHikoHiko"},"content":"","lastModifiedDate":"2024-03-13"},{"lineNumber":24,"author":{"gitId":"Haotian199"},"content":"    @Test","lastModifiedDate":"2024-03-13"},{"lineNumber":25,"author":{"gitId":"Haotian199"},"content":"    public void startEchoSymbols() {","lastModifiedDate":"2024-03-13"},{"lineNumber":26,"author":{"gitId":"Haotian199"},"content":"        assertEquals(\"#$%^\u0026\", Echo.echoInput(\"#$%^\u0026\"));","lastModifiedDate":"2024-03-13"},{"lineNumber":27,"author":{"gitId":"Haotian199"},"content":"","lastModifiedDate":"2024-03-13"},{"lineNumber":28,"author":{"gitId":"Haotian199"},"content":"    }","lastModifiedDate":"2024-03-13"},{"lineNumber":29,"author":{"gitId":"Mmaxx15"},"content":"","lastModifiedDate":"2024-03-13"},{"lineNumber":30,"author":{"gitId":"Mmaxx15"},"content":"","lastModifiedDate":"2024-03-13"},{"lineNumber":31,"author":{"gitId":"Mmaxx15"},"content":"    @Test","lastModifiedDate":"2024-03-13"},{"lineNumber":32,"author":{"gitId":"Mmaxx15"},"content":"    public void startEchoName() {","lastModifiedDate":"2024-03-13"},{"lineNumber":33,"author":{"gitId":"Mmaxx15"},"content":"        assertEquals(\"maxbranch\", Echo.echoInput(\"maxbranch\"));","lastModifiedDate":"2024-03-13"},{"lineNumber":34,"author":{"gitId":"Mmaxx15"},"content":"","lastModifiedDate":"2024-03-13"},{"lineNumber":35,"author":{"gitId":"Mmaxx15"},"content":"    }","lastModifiedDate":"2024-03-13"},{"lineNumber":36,"author":{"gitId":"Mmaxx15"},"content":"","lastModifiedDate":"2024-03-13"},{"lineNumber":37,"author":{"gitId":"Heart-of-N1"},"content":"}","lastModifiedDate":"2024-03-13"}],"authorContributionMap":{"Mmaxx15":8,"nyh3":6,"Haotian199":6,"Heart-of-N1":10,"HikoHikoHiko":7}}]
