{"authorDailyContributionsMap":{"Mmaxx15":[{"date":"2024-03-06","commitResults":[{"hash":"0466c217f58ca886afbe0477b0d0b2769fbc7a3c","isMergeCommit":false,"messageTitle":"added my details","messageBody":"","fileTypesAndContributionMap":{"docs":{"insertions":4,"deletions":7}}},{"hash":"fcdfe9a0df5cdbd971fedc4be4d0671b1f20324d","isMergeCommit":true,"messageTitle":"Merge branch \u0027master\u0027 into update-details","messageBody":"","fileTypesAndContributionMap":{}},{"hash":"7a3aeaf719cf47696991f4658816b23afaeeb288","isMergeCommit":true,"messageTitle":"Merge pull request #4 from Mmaxx15/update-details","messageBody":"added my details","fileTypesAndContributionMap":{}}]},{"date":"2024-03-12","commitResults":[{"hash":"04673838449357597658a038051aca19c55efc0a","isMergeCommit":false,"messageTitle":"rename duke to cantvasMain","messageBody":"","fileTypesAndContributionMap":{"other":{"insertions":1,"deletions":1}}},{"hash":"c456cea3aa8f470dc211ef87cf71f0983abe40ec","isMergeCommit":true,"messageTitle":"Merge pull request #8 from Mmaxx15/Max_Branch","messageBody":"rename duke to cantvasMain","fileTypesAndContributionMap":{}},{"hash":"2d762164f90bbed7c9c00a4709ea513c8da66a95","isMergeCommit":false,"messageTitle":"fixed bugs","messageBody":"","fileTypesAndContributionMap":{"other":{"insertions":2,"deletions":2}}},{"hash":"cb7905683e403d7f75cbcc0c1e35c31beeb9f23d","isMergeCommit":true,"messageTitle":"Merge pull request #9 from Mmaxx15/Max_Branch","messageBody":"fixed bugs","fileTypesAndContributionMap":{}}]},{"date":"2024-03-13","commitResults":[{"hash":"bbc5fe64a2c9960577980950e7f1c401fd3c724a","isMergeCommit":false,"messageTitle":"added descriptions for expenditure task and expenditure","messageBody":"","fileTypesAndContributionMap":{"functional-code":{"insertions":19,"deletions":9}}},{"hash":"46d525d7e544ee483e4463e2537de7cbaa7db03c","isMergeCommit":true,"messageTitle":"Merge pull request #12 from Mmaxx15/max-branch2","messageBody":"added descriptions for expenditure task and expenditure","fileTypesAndContributionMap":{}},{"hash":"22c23e4b9f453679f36e591f85f79c8206f35aae","isMergeCommit":false,"messageTitle":"test echo name","messageBody":"","fileTypesAndContributionMap":{"test-code":{"insertions":6,"deletions":0}}},{"hash":"d1730ab57ec5cf5b599df3856fbb3ca51761036d","isMergeCommit":true,"messageTitle":"Merge branch \u0027master\u0027 into max-branch3","messageBody":"","fileTypesAndContributionMap":{}},{"hash":"07e1f58ee86895049250a3f43a002dc5422b1a50","isMergeCommit":true,"messageTitle":"Merge pull request #17 from Mmaxx15/max-branch3","messageBody":"test echo name","fileTypesAndContributionMap":{}}]},{"date":"2024-03-16","commitResults":[{"hash":"6dee3f78925c97b704026acdc866a478f8934030","isMergeCommit":false,"messageTitle":"Ui class to print logo and repeating items","messageBody":"","fileTypesAndContributionMap":{"functional-code":{"insertions":21,"deletions":14}}},{"hash":"ddcf4ac36fb4d1b9d215c5c510b1438c78788bf4","isMergeCommit":false,"messageTitle":"Created Expenditure Class which stores description, amount and date of purchase","messageBody":"","fileTypesAndContributionMap":{"functional-code":{"insertions":41,"deletions":1}}},{"hash":"df57222c355ab4a1884a25e2b4f953f870243795","isMergeCommit":false,"messageTitle":"added ExpenditureList class to handle methods related to expensediture list","messageBody":"","fileTypesAndContributionMap":{"functional-code":{"insertions":69,"deletions":5}}},{"hash":"bb40e662c769304ee4a090a7dca99f9c49c75397","isMergeCommit":false,"messageTitle":"Added ProcessCommand class to seperate command types and let respective classes to handle the user command","messageBody":"","fileTypesAndContributionMap":{"functional-code":{"insertions":56,"deletions":0}}},{"hash":"3aa573a4ba20c9c8012a9d3ff991c5f995a17625","isMergeCommit":false,"messageTitle":"combined previous classes to run program in CantVasMain","messageBody":"","fileTypesAndContributionMap":{"functional-code":{"insertions":6,"deletions":19}}}]},{"date":"2024-03-17","commitResults":[{"hash":"aed4a440c12316c0ecf412107b6e6aa65a906188","isMergeCommit":true,"messageTitle":"Merge pull request #20 from Mmaxx15/v1.0","messageBody":"V1.0","fileTypesAndContributionMap":{}}]}],"nyh3":[{"date":"2024-03-06","commitResults":[{"hash":"c141c6f49f76650af83b56296b9438a985343557","isMergeCommit":false,"messageTitle":"Add my details to About Us","messageBody":"","fileTypesAndContributionMap":{"docs":{"insertions":3,"deletions":7}}},{"hash":"672f3960a0b3b549c68bb778919b4c141a674b45","isMergeCommit":true,"messageTitle":"Merge branch \u0027master\u0027 into YanHui-AboutUs","messageBody":"","fileTypesAndContributionMap":{}},{"hash":"525654a826d2f244ed317d06aea0d1daf9029440","isMergeCommit":true,"messageTitle":"Merge pull request #2 from nyh3/YanHui-AboutUs","messageBody":"Add my details to About Us","fileTypesAndContributionMap":{}}]},{"date":"2024-03-13","commitResults":[{"hash":"84e7ec966daaa44c90260dc8f2be8953fec3e0f8","isMergeCommit":false,"messageTitle":"Add JUnit test to echo numbers","messageBody":"","fileTypesAndContributionMap":{"test-code":{"insertions":6,"deletions":0}}},{"hash":"887ff7682307304d5a460d3ef217b96b89d5f781","isMergeCommit":true,"messageTitle":"Merge pull request #14 from nyh3/YanHui-JUnit","messageBody":"Add JUnit test to echo numbers","fileTypesAndContributionMap":{}}]},{"date":"2024-03-17","commitResults":[{"hash":"2749e11a01fd9d549ff6187fc10a0c4d671bf25c","isMergeCommit":false,"messageTitle":"Fix runtest","messageBody":"","fileTypesAndContributionMap":{"functional-code":{"insertions":12,"deletions":7}}},{"hash":"4888e7a970f82c9107164d35116348eecce1884a","isMergeCommit":true,"messageTitle":"Merge pull request #19 from nyh3/YanHui","messageBody":"Fix runtest","fileTypesAndContributionMap":{}},{"hash":"ba05d0a480522ae052bac3726ae1155e389e9d0b","isMergeCommit":false,"messageTitle":"Fix runtest","messageBody":"","fileTypesAndContributionMap":{"functional-code":{"insertions":12,"deletions":7}}},{"hash":"f0f9283a43de0de1d906b45b922ea09c9dac21c4","isMergeCommit":false,"messageTitle":"Fix style of code","messageBody":"","fileTypesAndContributionMap":{"functional-code":{"insertions":7,"deletions":6},"other":{"insertions":12,"deletions":16},"docs":{"insertions":1,"deletions":1}}},{"hash":"40f2951fd5c4f15e879303ef39abba73ce336609","isMergeCommit":false,"messageTitle":"Move scanner to UI","messageBody":"","fileTypesAndContributionMap":{"functional-code":{"insertions":26,"deletions":6}}},{"hash":"167580c531cf95e78151184befbf5dba543a6fa4","isMergeCommit":false,"messageTitle":"Refactor code","messageBody":"","fileTypesAndContributionMap":{"functional-code":{"insertions":17,"deletions":24}}},{"hash":"646761bed34c9bd7913b90073e463e749dcfd7be","isMergeCommit":false,"messageTitle":"Add delete expenditure method","messageBody":"","fileTypesAndContributionMap":{"functional-code":{"insertions":17,"deletions":1}}},{"hash":"b6ada5fdca765df5931e17ccc27f14b5899daa8a","isMergeCommit":false,"messageTitle":"Add message when deleting expenditure","messageBody":"","fileTypesAndContributionMap":{"functional-code":{"insertions":5,"deletions":1}}},{"hash":"98a3f810847af46c80698bc3131e288409259cee","isMergeCommit":false,"messageTitle":"Refactor code","messageBody":"","fileTypesAndContributionMap":{"functional-code":{"insertions":14,"deletions":9}}},{"hash":"0b5bc1bb21e81e95991ab768127c08533d868a98","isMergeCommit":false,"messageTitle":"Edit code style","messageBody":"","fileTypesAndContributionMap":{"functional-code":{"insertions":13,"deletions":14}}},{"hash":"2a22db9561c5256b0f76bf265a956e17b9f39146","isMergeCommit":true,"messageTitle":"Merge pull request #21 from nyh3/YanHui","messageBody":"Add delete function","fileTypesAndContributionMap":{}}]}],"Haotian199":[{"date":"2024-03-06","commitResults":[{"hash":"96ebb07b05bf508fd0957affbdaff84d1f21dcd5","isMergeCommit":false,"messageTitle":"tutorial wk 7","messageBody":"","fileTypesAndContributionMap":{"docs":{"insertions":4,"deletions":7}}},{"hash":"3b0dec59a28dccdd0689c02de2d0cfe12faa15db","isMergeCommit":true,"messageTitle":"Merge branch \u0027master\u0027 into Haotian-AboutUs","messageBody":"","fileTypesAndContributionMap":{}},{"hash":"1f5880a366db4ab65c81422672e932289695bd0c","isMergeCommit":true,"messageTitle":"Merge pull request #3 from Haotian199/Haotian-AboutUs","messageBody":"tutorial wk 7","fileTypesAndContributionMap":{}}]},{"date":"2024-03-13","commitResults":[{"hash":"8bfb7f02239a171ed3ff4382d85398580a302f24","isMergeCommit":false,"messageTitle":"added echo J unit test","messageBody":"","fileTypesAndContributionMap":{"test-code":{"insertions":6,"deletions":0}}},{"hash":"a3aa00a922b6614164e1b8d74da2c241be7e5503","isMergeCommit":true,"messageTitle":"Merge pull request #15 from Haotian199/master","messageBody":"added echo J unit test","fileTypesAndContributionMap":{}}]}],"Heart-of-N1":[{"date":"2024-03-06","commitResults":[{"hash":"28b4bd9eb68ae10ff635f76971c02e38bca6a717","isMergeCommit":false,"messageTitle":"Added my details in AboutUs.md.","messageBody":"","fileTypesAndContributionMap":{"docs":{"insertions":7,"deletions":7}}},{"hash":"d956fbd4e86adf1e416c76fafc0446c498568c19","isMergeCommit":true,"messageTitle":"Merge pull request #1 from Heart-of-N1/Brunch_or_breakfast","messageBody":"Added my details in AboutUs.md.","fileTypesAndContributionMap":{}}]},{"date":"2024-03-12","commitResults":[{"hash":"3b4d872f5423a788c00db7c43bb26b06e6c3f96c","isMergeCommit":false,"messageTitle":"Added ExpenditureTask and ExpenditureTaskList classes.","messageBody":"","fileTypesAndContributionMap":{"functional-code":{"insertions":9,"deletions":0}}},{"hash":"0a60eb8896c3d39b04fc0fad1356dc201191cc19","isMergeCommit":true,"messageTitle":"Merge pull request #7 from Heart-of-N1/Shao_Sizhe","messageBody":"Added ExpenditureTask and ExpenditureTaskList classes.","fileTypesAndContributionMap":{}}]},{"date":"2024-03-13","commitResults":[{"hash":"b3b30ff3b7db3adb6e46899f4b2f4f58b8fcf7a9","isMergeCommit":false,"messageTitle":"Added J-unit test for echo class.","messageBody":"","fileTypesAndContributionMap":{"functional-code":{"insertions":15,"deletions":10},"test-code":{"insertions":10,"deletions":12}}},{"hash":"d4bd367daa5a388174f863cab182625d801dd3ef","isMergeCommit":true,"messageTitle":"Merge pull request #13 from Heart-of-N1/Shao_Sizhe","messageBody":"Added J-unit test for echo class.","fileTypesAndContributionMap":{}}]}],"HikoHikoHiko":[{"date":"2024-03-06","commitResults":[{"hash":"50e1f6ff828d133ec87de2d6a5f8386b1a612456","isMergeCommit":false,"messageTitle":"Ravi is working now","messageBody":"","fileTypesAndContributionMap":{"docs":{"insertions":5,"deletions":5}}},{"hash":"733b1258ba3727928106d0c9769c528a0964160e","isMergeCommit":true,"messageTitle":"Merge branch \u0027master\u0027 into Ravi\u0027sWorkspace","messageBody":"","fileTypesAndContributionMap":{}},{"hash":"e94ec309ea271f676b6eb3dea1dc28d7c9824e9a","isMergeCommit":true,"messageTitle":"Merge pull request #5 from HikoHikoHiko/Ravi\u0027sWorkspace","messageBody":"Ravi is working now","fileTypesAndContributionMap":{}}]},{"date":"2024-03-12","commitResults":[{"hash":"baad6d30da7e338130001f466da2f06a84e86dd2","isMergeCommit":false,"messageTitle":"Package - CantVasUI added.","messageBody":"","fileTypesAndContributionMap":{"functional-code":{"insertions":29,"deletions":0},"docs":{"insertions":1,"deletions":1}}},{"hash":"d2fd7994972c792392360c0c91f5044927028dce","isMergeCommit":false,"messageTitle":"Deleted \"import CantVasUI.*\" in main file coz failling gradle checks.","messageBody":"","fileTypesAndContributionMap":{"functional-code":{"insertions":1,"deletions":1}}},{"hash":"559ba04f5f0c2624d39fba67e3d6cbceed062a2b","isMergeCommit":false,"messageTitle":"Testing pull and merge","messageBody":"","fileTypesAndContributionMap":{"docs":{"insertions":2,"deletions":1}}},{"hash":"85f8d321c6e5c0cf159c13555187d986adcb4754","isMergeCommit":true,"messageTitle":"Merge pull request #6 from HikoHikoHiko/Hiko\u0027sWorkspace","messageBody":"Hiko\u0027s workspace","fileTypesAndContributionMap":{}}]},{"date":"2024-03-13","commitResults":[{"hash":"e7b0259c2dd5df83ad1f38ff28b7dad4179eaaa6","isMergeCommit":false,"messageTitle":"New Function added [Echo Name]","messageBody":"","fileTypesAndContributionMap":{"functional-code":{"insertions":44,"deletions":1}}},{"hash":"03251d69ac4f463ddf39f00d4c8fc8bd2a506a27","isMergeCommit":true,"messageTitle":"Merge branch \u0027Hiko\u0027sWorkspace\u0027 of https://github.com/HikoHikoHiko/tp into Hiko\u0027sWorkspace","messageBody":"","fileTypesAndContributionMap":{}},{"hash":"14326039b12f358779c6455705e689abf8a579e5","isMergeCommit":true,"messageTitle":"Merge pull request #11 from HikoHikoHiko/Hiko\u0027sWorkspace","messageBody":"Hiko\u0027s workspace","fileTypesAndContributionMap":{}},{"hash":"0a7f4fd3c64cfa44e1776e2ccea1e221fe4c606a","isMergeCommit":false,"messageTitle":"Add JUnit Test for HikoHikoHiko","messageBody":"","fileTypesAndContributionMap":{"test-code":{"insertions":7,"deletions":0}}},{"hash":"27a7b629dd8d94376727a1174b1a638d0bc9b4a4","isMergeCommit":true,"messageTitle":"Merge branch \u0027Hiko\u0027sWorkspace\u0027 of https://github.com/HikoHikoHiko/tp into Hiko\u0027sWorkspace","messageBody":"# Conflicts:\n#\tsrc/test/java/seedu/duke/EchoTest.java\n","fileTypesAndContributionMap":{}},{"hash":"08d33a670a094ef4a0a5cc753763f199476ebcc4","isMergeCommit":false,"messageTitle":"Refined JUnit Test","messageBody":"","fileTypesAndContributionMap":{"test-code":{"insertions":3,"deletions":3}}},{"hash":"819c1d6ef5475d61935b768e6f4a44d706e0113d","isMergeCommit":true,"messageTitle":"Merge pull request #16 from HikoHikoHiko/Hiko\u0027sWorkspace","messageBody":"Hiko\u0027s workspace","fileTypesAndContributionMap":{}}]}]},"authorFileTypeContributionMap":{"Mmaxx15":{"docs":1,"functional-code":167,"test-code":8,"other":1},"nyh3":{"docs":3,"functional-code":83,"test-code":6},"Haotian199":{"docs":3,"functional-code":0,"test-code":6},"Heart-of-N1":{"docs":1,"functional-code":11,"test-code":10},"HikoHikoHiko":{"docs":2,"functional-code":41,"test-code":7}},"authorContributionVariance":{"Mmaxx15":2158.3315,"nyh3":2068.3054,"Haotian199":6.0399323,"Heart-of-N1":95.07636,"HikoHikoHiko":179.55556},"authorDisplayNameMap":{"Mmaxx15":"CS2113-W13-3 LEON.. MAX","nyh3":"CS2113-W13-3 NG Y.. HUI","Haotian199":"CS2113-W13-3 LIU ..TIAN","Heart-of-N1":"CS2113-W13-3 SHAO..IZHE","HikoHikoHiko":"CS2113-W13-3 DU L..IYAN"}}
