{"authorDailyContributionsMap":{"Mmaxx15":[{"date":"2024-03-06","commitResults":[{"hash":"0466c217f58ca886afbe0477b0d0b2769fbc7a3c","isMergeCommit":false,"messageTitle":"added my details","messageBody":"","fileTypesAndContributionMap":{"docs":{"insertions":4,"deletions":7}}},{"hash":"fcdfe9a0df5cdbd971fedc4be4d0671b1f20324d","isMergeCommit":true,"messageTitle":"Merge branch \u0027master\u0027 into update-details","messageBody":"","fileTypesAndContributionMap":{}},{"hash":"7a3aeaf719cf47696991f4658816b23afaeeb288","isMergeCommit":true,"messageTitle":"Merge pull request #4 from Mmaxx15/update-details","messageBody":"added my details","fileTypesAndContributionMap":{}}]},{"date":"2024-03-12","commitResults":[{"hash":"04673838449357597658a038051aca19c55efc0a","isMergeCommit":false,"messageTitle":"rename duke to cantvasMain","messageBody":"","fileTypesAndContributionMap":{"other":{"insertions":1,"deletions":1}}},{"hash":"c456cea3aa8f470dc211ef87cf71f0983abe40ec","isMergeCommit":true,"messageTitle":"Merge pull request #8 from Mmaxx15/Max_Branch","messageBody":"rename duke to cantvasMain","fileTypesAndContributionMap":{}},{"hash":"2d762164f90bbed7c9c00a4709ea513c8da66a95","isMergeCommit":false,"messageTitle":"fixed bugs","messageBody":"","fileTypesAndContributionMap":{"other":{"insertions":2,"deletions":2}}},{"hash":"cb7905683e403d7f75cbcc0c1e35c31beeb9f23d","isMergeCommit":true,"messageTitle":"Merge pull request #9 from Mmaxx15/Max_Branch","messageBody":"fixed bugs","fileTypesAndContributionMap":{}}]},{"date":"2024-03-13","commitResults":[{"hash":"bbc5fe64a2c9960577980950e7f1c401fd3c724a","isMergeCommit":false,"messageTitle":"added descriptions for expenditure task and expenditure","messageBody":"","fileTypesAndContributionMap":{"functional-code":{"insertions":19,"deletions":9}}},{"hash":"46d525d7e544ee483e4463e2537de7cbaa7db03c","isMergeCommit":true,"messageTitle":"Merge pull request #12 from Mmaxx15/max-branch2","messageBody":"added descriptions for expenditure task and expenditure","fileTypesAndContributionMap":{}},{"hash":"22c23e4b9f453679f36e591f85f79c8206f35aae","isMergeCommit":false,"messageTitle":"test echo name","messageBody":"","fileTypesAndContributionMap":{"test-code":{"insertions":6,"deletions":0}}},{"hash":"d1730ab57ec5cf5b599df3856fbb3ca51761036d","isMergeCommit":true,"messageTitle":"Merge branch \u0027master\u0027 into max-branch3","messageBody":"","fileTypesAndContributionMap":{}},{"hash":"07e1f58ee86895049250a3f43a002dc5422b1a50","isMergeCommit":true,"messageTitle":"Merge pull request #17 from Mmaxx15/max-branch3","messageBody":"test echo name","fileTypesAndContributionMap":{}}]},{"date":"2024-03-16","commitResults":[{"hash":"6dee3f78925c97b704026acdc866a478f8934030","isMergeCommit":false,"messageTitle":"Ui class to print logo and repeating items","messageBody":"","fileTypesAndContributionMap":{"functional-code":{"insertions":21,"deletions":14}}},{"hash":"ddcf4ac36fb4d1b9d215c5c510b1438c78788bf4","isMergeCommit":false,"messageTitle":"Created Expenditure Class which stores description, amount and date of purchase","messageBody":"","fileTypesAndContributionMap":{"functional-code":{"insertions":41,"deletions":1}}},{"hash":"df57222c355ab4a1884a25e2b4f953f870243795","isMergeCommit":false,"messageTitle":"added ExpenditureList class to handle methods related to expensediture list","messageBody":"","fileTypesAndContributionMap":{"functional-code":{"insertions":69,"deletions":5}}},{"hash":"bb40e662c769304ee4a090a7dca99f9c49c75397","isMergeCommit":false,"messageTitle":"Added ProcessCommand class to seperate command types and let respective classes to handle the user command","messageBody":"","fileTypesAndContributionMap":{"functional-code":{"insertions":56,"deletions":0}}},{"hash":"3aa573a4ba20c9c8012a9d3ff991c5f995a17625","isMergeCommit":false,"messageTitle":"combined previous classes to run program in CantVasMain","messageBody":"","fileTypesAndContributionMap":{"functional-code":{"insertions":6,"deletions":19}}}]},{"date":"2024-03-17","commitResults":[{"hash":"aed4a440c12316c0ecf412107b6e6aa65a906188","isMergeCommit":true,"messageTitle":"Merge pull request #20 from Mmaxx15/v1.0","messageBody":"V1.0","fileTypesAndContributionMap":{}}]},{"date":"2024-03-19","commitResults":[{"hash":"d8c9e92afffceac23eeaa11fea8f946a609700ee","isMergeCommit":false,"messageTitle":"edited addExpenditure so that it no longer prints message to indicated expenditure is added","messageBody":"","fileTypesAndContributionMap":{"functional-code":{"insertions":7,"deletions":4}}},{"hash":"263267de26ae3cd32c7ed75a9927e7ecb4bfaf2f","isMergeCommit":true,"messageTitle":"Merge branch \u0027master\u0027 into v1.01","messageBody":"","fileTypesAndContributionMap":{}},{"hash":"68d8521fc416a2a2e531f605aedbe3b96af16013","isMergeCommit":true,"messageTitle":"Merge branch \u0027AY2324S2-CS2113-W13-3:master\u0027 into v1.01","messageBody":"","fileTypesAndContributionMap":{}},{"hash":"e1e703aae281c13f9a585357335976376bc57ed0","isMergeCommit":true,"messageTitle":"Merge branch \u0027AY2324S2-CS2113-W13-3:master\u0027 into v1.01","messageBody":"","fileTypesAndContributionMap":{}},{"hash":"93e3dac3ab8623ec379535f66c95a45a07cc1968","isMergeCommit":true,"messageTitle":"Merge branch \u0027v1.01\u0027 of https://github.com/Mmaxx15/tp into v1.01","messageBody":"","fileTypesAndContributionMap":{}}]},{"date":"2024-03-20","commitResults":[{"hash":"6b2548c9c6cc836ba49fd469b73b844238ffa4d4","isMergeCommit":false,"messageTitle":"New motivational class to provide user with motivation to get through school","messageBody":"","fileTypesAndContributionMap":{"functional-code":{"insertions":50,"deletions":0}}},{"hash":"9bfb3ca5969399e1d4f43bf9a0792d7082d661ab","isMergeCommit":false,"messageTitle":"Implementation on motovational quotes when program starts","messageBody":"","fileTypesAndContributionMap":{"functional-code":{"insertions":13,"deletions":1}}},{"hash":"8f429a84fa931eaa396ac247fc90abae70bd16be","isMergeCommit":false,"messageTitle":"fixed indentation for gradle","messageBody":"","fileTypesAndContributionMap":{"functional-code":{"insertions":39,"deletions":39}}},{"hash":"a85b6e7103987d8765c899fbc6f092d8bbfefb8b","isMergeCommit":false,"messageTitle":"java coding standards","messageBody":"","fileTypesAndContributionMap":{"functional-code":{"insertions":4,"deletions":4}}},{"hash":"7e3f5e82f2e4dab5527dd016b5f9f91b2d3c4748","isMergeCommit":true,"messageTitle":"Merge pull request #49 from Mmaxx15/motivationalquotes","messageBody":"Motivationalquotes","fileTypesAndContributionMap":{}},{"hash":"dbd8fbba042e394b0dbff7a2b73a4f799a4df181","isMergeCommit":false,"messageTitle":"added another motivational quote","messageBody":"","fileTypesAndContributionMap":{"functional-code":{"insertions":1,"deletions":0}}},{"hash":"433d591843afb32c4ef4cc95e4bdc238b98dc14c","isMergeCommit":false,"messageTitle":"commented out motivational quotes so that runtest will pass","messageBody":"","fileTypesAndContributionMap":{"functional-code":{"insertions":1,"deletions":1}}},{"hash":"226298017c790811d3037bdbf94a615282cf619c","isMergeCommit":true,"messageTitle":"Merge pull request #50 from Mmaxx15/motivationalquotes","messageBody":"Motivationalquotes","fileTypesAndContributionMap":{}}]},{"date":"2024-03-21","commitResults":[{"hash":"6348f0b575a4d468d0b8ffc036331e1db58cf501","isMergeCommit":false,"messageTitle":"added method to check if valid date before adding","messageBody":"","fileTypesAndContributionMap":{"functional-code":{"insertions":30,"deletions":9}}},{"hash":"11681456c0671e5a730adeef03508ab10fb2e3f3","isMergeCommit":false,"messageTitle":"check if cost is 2decimal places","messageBody":"","fileTypesAndContributionMap":{"functional-code":{"insertions":21,"deletions":6}}},{"hash":"092c219f78a05400cd751c203df41c97707a6e17","isMergeCommit":false,"messageTitle":"Checks for valid date and only allows amount upto 2 decimal places","messageBody":"","fileTypesAndContributionMap":{"functional-code":{"insertions":8,"deletions":4}}},{"hash":"7b3c053c7c5bbd7757f43a47d7991ef56075bec2","isMergeCommit":true,"messageTitle":"Merge pull request #51 from Mmaxx15/v2.0","messageBody":"Bug fixes from week 9 tutorial","fileTypesAndContributionMap":{}}]}],"nyh3":[{"date":"2024-03-06","commitResults":[{"hash":"c141c6f49f76650af83b56296b9438a985343557","isMergeCommit":false,"messageTitle":"Add my details to About Us","messageBody":"","fileTypesAndContributionMap":{"docs":{"insertions":3,"deletions":7}}},{"hash":"672f3960a0b3b549c68bb778919b4c141a674b45","isMergeCommit":true,"messageTitle":"Merge branch \u0027master\u0027 into YanHui-AboutUs","messageBody":"","fileTypesAndContributionMap":{}},{"hash":"525654a826d2f244ed317d06aea0d1daf9029440","isMergeCommit":true,"messageTitle":"Merge pull request #2 from nyh3/YanHui-AboutUs","messageBody":"Add my details to About Us","fileTypesAndContributionMap":{}}]},{"date":"2024-03-13","commitResults":[{"hash":"84e7ec966daaa44c90260dc8f2be8953fec3e0f8","isMergeCommit":false,"messageTitle":"Add JUnit test to echo numbers","messageBody":"","fileTypesAndContributionMap":{"test-code":{"insertions":6,"deletions":0}}},{"hash":"887ff7682307304d5a460d3ef217b96b89d5f781","isMergeCommit":true,"messageTitle":"Merge pull request #14 from nyh3/YanHui-JUnit","messageBody":"Add JUnit test to echo numbers","fileTypesAndContributionMap":{}}]},{"date":"2024-03-17","commitResults":[{"hash":"2749e11a01fd9d549ff6187fc10a0c4d671bf25c","isMergeCommit":false,"messageTitle":"Fix runtest","messageBody":"","fileTypesAndContributionMap":{"functional-code":{"insertions":12,"deletions":7}}},{"hash":"4888e7a970f82c9107164d35116348eecce1884a","isMergeCommit":true,"messageTitle":"Merge pull request #19 from nyh3/YanHui","messageBody":"Fix runtest","fileTypesAndContributionMap":{}},{"hash":"ba05d0a480522ae052bac3726ae1155e389e9d0b","isMergeCommit":false,"messageTitle":"Fix runtest","messageBody":"","fileTypesAndContributionMap":{"functional-code":{"insertions":12,"deletions":7}}},{"hash":"f0f9283a43de0de1d906b45b922ea09c9dac21c4","isMergeCommit":false,"messageTitle":"Fix style of code","messageBody":"","fileTypesAndContributionMap":{"functional-code":{"insertions":7,"deletions":6},"other":{"insertions":12,"deletions":16},"docs":{"insertions":1,"deletions":1}}},{"hash":"40f2951fd5c4f15e879303ef39abba73ce336609","isMergeCommit":false,"messageTitle":"Move scanner to UI","messageBody":"","fileTypesAndContributionMap":{"functional-code":{"insertions":26,"deletions":6}}},{"hash":"167580c531cf95e78151184befbf5dba543a6fa4","isMergeCommit":false,"messageTitle":"Refactor code","messageBody":"","fileTypesAndContributionMap":{"functional-code":{"insertions":17,"deletions":24}}},{"hash":"646761bed34c9bd7913b90073e463e749dcfd7be","isMergeCommit":false,"messageTitle":"Add delete expenditure method","messageBody":"","fileTypesAndContributionMap":{"functional-code":{"insertions":17,"deletions":1}}},{"hash":"b6ada5fdca765df5931e17ccc27f14b5899daa8a","isMergeCommit":false,"messageTitle":"Add message when deleting expenditure","messageBody":"","fileTypesAndContributionMap":{"functional-code":{"insertions":5,"deletions":1}}},{"hash":"98a3f810847af46c80698bc3131e288409259cee","isMergeCommit":false,"messageTitle":"Refactor code","messageBody":"","fileTypesAndContributionMap":{"functional-code":{"insertions":14,"deletions":9}}},{"hash":"0b5bc1bb21e81e95991ab768127c08533d868a98","isMergeCommit":false,"messageTitle":"Edit code style","messageBody":"","fileTypesAndContributionMap":{"functional-code":{"insertions":13,"deletions":14}}},{"hash":"2a22db9561c5256b0f76bf265a956e17b9f39146","isMergeCommit":true,"messageTitle":"Merge pull request #21 from nyh3/YanHui","messageBody":"Add delete function","fileTypesAndContributionMap":{}}]},{"date":"2024-03-18","commitResults":[{"hash":"35ab65a95b03c579f371335c37437b9b0f149158","isMergeCommit":false,"messageTitle":"Add storage to save expenditure list","messageBody":"","fileTypesAndContributionMap":{"functional-code":{"insertions":85,"deletions":3}}},{"hash":"809940575e891fe48da44a1a49c50025d9ab086d","isMergeCommit":true,"messageTitle":"Merge pull request #24 from nyh3/YanHui","messageBody":"Add storage to save expenditure list","fileTypesAndContributionMap":{}}]},{"date":"2024-03-19","commitResults":[{"hash":"9c9b3dc68c54960c83725f6bbcdf89002230a001","isMergeCommit":false,"messageTitle":"Fix gpa calculator","messageBody":"","fileTypesAndContributionMap":{"functional-code":{"insertions":9,"deletions":11}}},{"hash":"369fbf8929df9d642348ee6ea7034e44f674702d","isMergeCommit":true,"messageTitle":"Merge pull request #34 from nyh3/YanHui","messageBody":"Fix gpa calculator","fileTypesAndContributionMap":{}},{"hash":"ac771dafeaf82ea25a5b6bec7c5b4c68d1ff757b","isMergeCommit":false,"messageTitle":"Add assert","messageBody":"","fileTypesAndContributionMap":{"functional-code":{"insertions":1,"deletions":0}}},{"hash":"329df6c1c40eba0d9b8a91b8f0b9462a741ed04c","isMergeCommit":true,"messageTitle":"Merge branch \u0027AY2324S2-CS2113-W13-3:master\u0027 into YanHui","messageBody":"","fileTypesAndContributionMap":{}},{"hash":"04d7aa7876eccbf7b99b7ece18d092bb8f0b9621","isMergeCommit":true,"messageTitle":"Merge branch \u0027AY2324S2-CS2113-W13-3:master\u0027 into YanHui","messageBody":"","fileTypesAndContributionMap":{}},{"hash":"4548fe6f1e36e987aa1c76051687bdab2b2496e9","isMergeCommit":true,"messageTitle":"Merge pull request #41 from nyh3/YanHui","messageBody":"Yan hui","fileTypesAndContributionMap":{}}]}],"Haotian199":[{"date":"2024-03-06","commitResults":[{"hash":"96ebb07b05bf508fd0957affbdaff84d1f21dcd5","isMergeCommit":false,"messageTitle":"tutorial wk 7","messageBody":"","fileTypesAndContributionMap":{"docs":{"insertions":4,"deletions":7}}},{"hash":"3b0dec59a28dccdd0689c02de2d0cfe12faa15db","isMergeCommit":true,"messageTitle":"Merge branch \u0027master\u0027 into Haotian-AboutUs","messageBody":"","fileTypesAndContributionMap":{}},{"hash":"1f5880a366db4ab65c81422672e932289695bd0c","isMergeCommit":true,"messageTitle":"Merge pull request #3 from Haotian199/Haotian-AboutUs","messageBody":"tutorial wk 7","fileTypesAndContributionMap":{}}]},{"date":"2024-03-13","commitResults":[{"hash":"8bfb7f02239a171ed3ff4382d85398580a302f24","isMergeCommit":false,"messageTitle":"added echo J unit test","messageBody":"","fileTypesAndContributionMap":{"test-code":{"insertions":6,"deletions":0}}},{"hash":"a3aa00a922b6614164e1b8d74da2c241be7e5503","isMergeCommit":true,"messageTitle":"Merge pull request #15 from Haotian199/master","messageBody":"added echo J unit test","fileTypesAndContributionMap":{}}]},{"date":"2024-03-19","commitResults":[{"hash":"490bdfa1c41b4bd5f9ac28ab423849e7dfffaaea","isMergeCommit":false,"messageTitle":"added InvalidInputFormatException class to deal with invalid format error","messageBody":"","fileTypesAndContributionMap":{"functional-code":{"insertions":29,"deletions":22}}},{"hash":"a1267e71fb0a30e56a3fee08bc05389b38b1f33f","isMergeCommit":true,"messageTitle":"Merge pull request #36 from Haotian199/master","messageBody":"added InvalidInputFormatException class to deal with invalid format e…","fileTypesAndContributionMap":{}}]}],"Heart-of-N1":[{"date":"2024-03-06","commitResults":[{"hash":"28b4bd9eb68ae10ff635f76971c02e38bca6a717","isMergeCommit":false,"messageTitle":"Added my details in AboutUs.md.","messageBody":"","fileTypesAndContributionMap":{"docs":{"insertions":7,"deletions":7}}},{"hash":"d956fbd4e86adf1e416c76fafc0446c498568c19","isMergeCommit":true,"messageTitle":"Merge pull request #1 from Heart-of-N1/Brunch_or_breakfast","messageBody":"Added my details in AboutUs.md.","fileTypesAndContributionMap":{}}]},{"date":"2024-03-12","commitResults":[{"hash":"3b4d872f5423a788c00db7c43bb26b06e6c3f96c","isMergeCommit":false,"messageTitle":"Added ExpenditureTask and ExpenditureTaskList classes.","messageBody":"","fileTypesAndContributionMap":{"functional-code":{"insertions":9,"deletions":0}}},{"hash":"0a60eb8896c3d39b04fc0fad1356dc201191cc19","isMergeCommit":true,"messageTitle":"Merge pull request #7 from Heart-of-N1/Shao_Sizhe","messageBody":"Added ExpenditureTask and ExpenditureTaskList classes.","fileTypesAndContributionMap":{}}]},{"date":"2024-03-13","commitResults":[{"hash":"b3b30ff3b7db3adb6e46899f4b2f4f58b8fcf7a9","isMergeCommit":false,"messageTitle":"Added J-unit test for echo class.","messageBody":"","fileTypesAndContributionMap":{"functional-code":{"insertions":15,"deletions":10},"test-code":{"insertions":10,"deletions":12}}},{"hash":"d4bd367daa5a388174f863cab182625d801dd3ef","isMergeCommit":true,"messageTitle":"Merge pull request #13 from Heart-of-N1/Shao_Sizhe","messageBody":"Added J-unit test for echo class.","fileTypesAndContributionMap":{}}]},{"date":"2024-03-17","commitResults":[{"hash":"65a99b81fd28e565883843c5cd30c293e94a3ac3","isMergeCommit":false,"messageTitle":"Added function to view expenditures by year and month.","messageBody":"","fileTypesAndContributionMap":{"functional-code":{"insertions":139,"deletions":77},"other":{"insertions":7,"deletions":4}}},{"hash":"dd6ec780d946a516ebfb0afc184b0e8e5b89a52d","isMergeCommit":true,"messageTitle":"Merge pull request #22 from Heart-of-N1/Shao_Sizhe","messageBody":"Added function to view expenditures by year and month.","fileTypesAndContributionMap":{}}]},{"date":"2024-03-19","commitResults":[{"hash":"e2ca5708e95da6d064ab5e6f737039723fdfeacf","isMergeCommit":false,"messageTitle":"Added assertions for string lengths and storage path.","messageBody":"","fileTypesAndContributionMap":{"functional-code":{"insertions":4,"deletions":0}}},{"hash":"ffc3c822e8a12265fe25b5d7fe3170785a683996","isMergeCommit":true,"messageTitle":"Merge branch \u0027Shao_Sizhe\u0027 of https://github.com/Heart-of-N1/tp into Shao_Sizhe","messageBody":"","fileTypesAndContributionMap":{}},{"hash":"74408ce50717911683ff4d4bc2bb6ee1d69a05f2","isMergeCommit":true,"messageTitle":"Merge pull request #42 from Heart-of-N1/Shao_Sizhe","messageBody":"Added assertions for string length and file paths.","fileTypesAndContributionMap":{}}]}],"HikoHikoHiko":[{"date":"2024-03-06","commitResults":[{"hash":"50e1f6ff828d133ec87de2d6a5f8386b1a612456","isMergeCommit":false,"messageTitle":"Ravi is working now","messageBody":"","fileTypesAndContributionMap":{"docs":{"insertions":5,"deletions":5}}},{"hash":"733b1258ba3727928106d0c9769c528a0964160e","isMergeCommit":true,"messageTitle":"Merge branch \u0027master\u0027 into Ravi\u0027sWorkspace","messageBody":"","fileTypesAndContributionMap":{}},{"hash":"e94ec309ea271f676b6eb3dea1dc28d7c9824e9a","isMergeCommit":true,"messageTitle":"Merge pull request #5 from HikoHikoHiko/Ravi\u0027sWorkspace","messageBody":"Ravi is working now","fileTypesAndContributionMap":{}}]},{"date":"2024-03-12","commitResults":[{"hash":"baad6d30da7e338130001f466da2f06a84e86dd2","isMergeCommit":false,"messageTitle":"Package - CantVasUI added.","messageBody":"","fileTypesAndContributionMap":{"functional-code":{"insertions":29,"deletions":0},"docs":{"insertions":1,"deletions":1}}},{"hash":"d2fd7994972c792392360c0c91f5044927028dce","isMergeCommit":false,"messageTitle":"Deleted \"import CantVasUI.*\" in main file coz failling gradle checks.","messageBody":"","fileTypesAndContributionMap":{"functional-code":{"insertions":1,"deletions":1}}},{"hash":"559ba04f5f0c2624d39fba67e3d6cbceed062a2b","isMergeCommit":false,"messageTitle":"Testing pull and merge","messageBody":"","fileTypesAndContributionMap":{"docs":{"insertions":2,"deletions":1}}},{"hash":"85f8d321c6e5c0cf159c13555187d986adcb4754","isMergeCommit":true,"messageTitle":"Merge pull request #6 from HikoHikoHiko/Hiko\u0027sWorkspace","messageBody":"Hiko\u0027s workspace","fileTypesAndContributionMap":{}}]},{"date":"2024-03-13","commitResults":[{"hash":"e7b0259c2dd5df83ad1f38ff28b7dad4179eaaa6","isMergeCommit":false,"messageTitle":"New Function added [Echo Name]","messageBody":"","fileTypesAndContributionMap":{"functional-code":{"insertions":44,"deletions":1}}},{"hash":"03251d69ac4f463ddf39f00d4c8fc8bd2a506a27","isMergeCommit":true,"messageTitle":"Merge branch \u0027Hiko\u0027sWorkspace\u0027 of https://github.com/HikoHikoHiko/tp into Hiko\u0027sWorkspace","messageBody":"","fileTypesAndContributionMap":{}},{"hash":"14326039b12f358779c6455705e689abf8a579e5","isMergeCommit":true,"messageTitle":"Merge pull request #11 from HikoHikoHiko/Hiko\u0027sWorkspace","messageBody":"Hiko\u0027s workspace","fileTypesAndContributionMap":{}},{"hash":"0a7f4fd3c64cfa44e1776e2ccea1e221fe4c606a","isMergeCommit":false,"messageTitle":"Add JUnit Test for HikoHikoHiko","messageBody":"","fileTypesAndContributionMap":{"test-code":{"insertions":7,"deletions":0}}},{"hash":"27a7b629dd8d94376727a1174b1a638d0bc9b4a4","isMergeCommit":true,"messageTitle":"Merge branch \u0027Hiko\u0027sWorkspace\u0027 of https://github.com/HikoHikoHiko/tp into Hiko\u0027sWorkspace","messageBody":"# Conflicts:\n#\tsrc/test/java/seedu/duke/EchoTest.java\n","fileTypesAndContributionMap":{}},{"hash":"08d33a670a094ef4a0a5cc753763f199476ebcc4","isMergeCommit":false,"messageTitle":"Refined JUnit Test","messageBody":"","fileTypesAndContributionMap":{"test-code":{"insertions":3,"deletions":3}}},{"hash":"819c1d6ef5475d61935b768e6f4a44d706e0113d","isMergeCommit":true,"messageTitle":"Merge pull request #16 from HikoHikoHiko/Hiko\u0027sWorkspace","messageBody":"Hiko\u0027s workspace","fileTypesAndContributionMap":{}}]},{"date":"2024-03-18","commitResults":[{"hash":"ea2dd99bcb9c5737afe97a2385b047ed5561fdfd","isMergeCommit":false,"messageTitle":"Added one more line in help msg","messageBody":"","fileTypesAndContributionMap":{"functional-code":{"insertions":2,"deletions":1}}}]},{"date":"2024-03-19","commitResults":[{"hash":"e3d64328c990fe44fed6bf55b08679610e8dcc60","isMergeCommit":false,"messageTitle":"Implemented function - GPA calculator. Which calculates gpa based on input","messageBody":"","fileTypesAndContributionMap":{"functional-code":{"insertions":145,"deletions":1}}},{"hash":"18c23a05499dcb890d5920daa8b467892f05febb","isMergeCommit":true,"messageTitle":"Merge pull request #25 from HikoHikoHiko/master","messageBody":"Added GPA function","fileTypesAndContributionMap":{}},{"hash":"3492d726653dd3af297b28952e40969732989dd9","isMergeCommit":false,"messageTitle":"Fix bugs found by gradle","messageBody":"","fileTypesAndContributionMap":{"functional-code":{"insertions":4,"deletions":4},"other":{"insertions":12,"deletions":25}}},{"hash":"8db19ab7d311d4fcf89bb2ab66aa1776faa48ac3","isMergeCommit":true,"messageTitle":"Merge pull request #26 from HikoHikoHiko/Hiko\u0027sWorkspace","messageBody":"Fix bugs found by gradle","fileTypesAndContributionMap":{}},{"hash":"85ced8dd557b5114178e5e2dfa0f324c78a33c15","isMergeCommit":false,"messageTitle":"Update UI text and command","messageBody":"","fileTypesAndContributionMap":{"functional-code":{"insertions":11,"deletions":0}}},{"hash":"c369b406e2b51330729ce7a094f464e3d89af9df","isMergeCommit":true,"messageTitle":"Merge pull request #33 from HikoHikoHiko/Hiko\u0027sWorkspace","messageBody":"Update UI text and command","fileTypesAndContributionMap":{}},{"hash":"68c98dca488fca29d37b82320548ff16c56eca70","isMergeCommit":false,"messageTitle":"Fix bugs on clearlist","messageBody":"","fileTypesAndContributionMap":{"functional-code":{"insertions":10,"deletions":5}}},{"hash":"bc77f464613dc164d30835646a3a7ef53f1ede1b","isMergeCommit":true,"messageTitle":"Merge branch \u0027Hiko\u0027sWorkspace\u0027 of https://github.com/HikoHikoHiko/tp into Hiko\u0027sWorkspace","messageBody":"","fileTypesAndContributionMap":{}},{"hash":"ed442a60cb0f2b43a0a3f8a5362eb3f2045a155b","isMergeCommit":false,"messageTitle":"Fix bugs on clearlist","messageBody":"","fileTypesAndContributionMap":{"functional-code":{"insertions":1,"deletions":1}}},{"hash":"06a4b9c2aa8094941f15925ecb9d5c4cd92c3803","isMergeCommit":true,"messageTitle":"Merge pull request #35 from HikoHikoHiko/Hiko\u0027sWorkspace","messageBody":"Hiko\u0027s workspace","fileTypesAndContributionMap":{}},{"hash":"1de700e3cb856850f7af62642b768c8d174f6baf","isMergeCommit":false,"messageTitle":"Added in assertions","messageBody":"","fileTypesAndContributionMap":{"functional-code":{"insertions":25,"deletions":9}}},{"hash":"d0f8822e1c46d3797d569669898f654ad423f9c7","isMergeCommit":true,"messageTitle":"Merge branch \u0027Hiko\u0027sWorkspace\u0027 of https://github.com/HikoHikoHiko/tp into Hiko\u0027sWorkspace","messageBody":"","fileTypesAndContributionMap":{}},{"hash":"46ab7330c727ecadc6b2faa12df349584ad5d270","isMergeCommit":true,"messageTitle":"Merge pull request #38 from HikoHikoHiko/Hiko\u0027sWorkspace","messageBody":"Hiko\u0027s workspace","fileTypesAndContributionMap":{}},{"hash":"b04604f9ad83487f58d27a9f281c6864d4b85a48","isMergeCommit":true,"messageTitle":"Merge pull request #37 from Mmaxx15/v1.01","messageBody":"edited addExpenditure so that it no longer prints message to indicate…","fileTypesAndContributionMap":{}},{"hash":"dfe264833b9363a66bd2d4a082d97b1deb720f92","isMergeCommit":false,"messageTitle":"Fix gradle checkstyle","messageBody":"","fileTypesAndContributionMap":{"functional-code":{"insertions":2,"deletions":2}}},{"hash":"ba23059354168ac66a6c9cb34c78514d518123c7","isMergeCommit":true,"messageTitle":"Merge pull request #40 from HikoHikoHiko/Hiko\u0027sWorkspace","messageBody":"Fix gradle checkstyle","fileTypesAndContributionMap":{}}]}]},"authorFileTypeContributionMap":{"Mmaxx15":{"docs":1,"functional-code":216,"test-code":8,"other":1},"nyh3":{"docs":3,"functional-code":153,"test-code":6},"Haotian199":{"docs":3,"functional-code":13,"test-code":6},"Heart-of-N1":{"docs":1,"functional-code":149,"test-code":10},"HikoHikoHiko":{"docs":2,"functional-code":199,"test-code":7}},"authorContributionVariance":{"Mmaxx15":2675.259,"nyh3":1994.8099,"Haotian199":92.60205,"Heart-of-N1":1814.1161,"HikoHikoHiko":2360.2144},"authorDisplayNameMap":{"Mmaxx15":"CS2113-W13-3 LEON.. MAX","nyh3":"CS2113-W13-3 NG Y.. HUI","Haotian199":"CS2113-W13-3 LIU ..TIAN","Heart-of-N1":"CS2113-W13-3 SHAO..IZHE","HikoHikoHiko":"CS2113-W13-3 DU L..IYAN"}}
