{"authorDailyContributionsMap":{"j013n3":[{"date":"2024-03-07","commitResults":[{"hash":"60373f40076cf83e8d789720ed2c91d576e88ef6","isMergeCommit":false,"messageTitle":"Update AboutUs.md","messageBody":"","fileTypesAndContributionMap":{"docs":{"insertions":4,"deletions":7}}},{"hash":"8318e3143d8a8ad1c72f3d90b39568e65b938c57","isMergeCommit":true,"messageTitle":"Merge branch \u0027master\u0027 into Jolene-AboutUs","messageBody":"","fileTypesAndContributionMap":{}}]},{"date":"2024-03-12","commitResults":[{"hash":"7e29a1fee5ab70b23ec6b9c4158b3a9261f19aff","isMergeCommit":false,"messageTitle":"Create BMI class","messageBody":"","fileTypesAndContributionMap":{"functional-code":{"insertions":42,"deletions":0}}},{"hash":"35b3d39c11b00db4204fa8733b93690fc5b72e5a","isMergeCommit":false,"messageTitle":"Create Health class","messageBody":"","fileTypesAndContributionMap":{"functional-code":{"insertions":24,"deletions":0}}},{"hash":"92f6d7860edbdd71498ba652f89588200b5254f3","isMergeCommit":false,"messageTitle":"Update Health class","messageBody":"","fileTypesAndContributionMap":{"functional-code":{"insertions":7,"deletions":0}}},{"hash":"183e33f1d4c46593f26795c036f3fc9b59d08ad4","isMergeCommit":false,"messageTitle":"Create Parser class","messageBody":"","fileTypesAndContributionMap":{"functional-code":{"insertions":9,"deletions":0}}},{"hash":"54e2c058b8d76c25b788d067568675c76b09f6ff","isMergeCommit":false,"messageTitle":"Add setHeightAndWeight method to Parser","messageBody":"","fileTypesAndContributionMap":{"functional-code":{"insertions":27,"deletions":1}}},{"hash":"abe530ceffa73056e3606856ec9424a84c86478b","isMergeCommit":false,"messageTitle":"Add JavaDoc as comments for health package","messageBody":"","fileTypesAndContributionMap":{"functional-code":{"insertions":11,"deletions":11}}},{"hash":"ebd746249bfd860e597ff7638b2c316ed37a614f","isMergeCommit":false,"messageTitle":"Edit Health and BMI","messageBody":"","fileTypesAndContributionMap":{"functional-code":{"insertions":2,"deletions":2}}}]},{"date":"2024-03-13","commitResults":[{"hash":"61c41d40702e840217c3760ef7182a0e510d9f9e","isMergeCommit":false,"messageTitle":"Create BMI class","messageBody":"","fileTypesAndContributionMap":{"functional-code":{"insertions":42,"deletions":0}}},{"hash":"175db3e1a0392346035857901951d34f857ff1ca","isMergeCommit":false,"messageTitle":"Create Health class","messageBody":"","fileTypesAndContributionMap":{"functional-code":{"insertions":24,"deletions":0}}},{"hash":"502471ebf08f3f172dca6ce863852b54b009d4be","isMergeCommit":false,"messageTitle":"Update Health class","messageBody":"","fileTypesAndContributionMap":{"functional-code":{"insertions":7,"deletions":0}}},{"hash":"8b75b461e899600a4155a3359f1a46c3088fe224","isMergeCommit":false,"messageTitle":"Create Parser class","messageBody":"","fileTypesAndContributionMap":{"functional-code":{"insertions":9,"deletions":0}}},{"hash":"91080749090414804ae9ea7a7194ea25ee3d4398","isMergeCommit":false,"messageTitle":"Add setHeightAndWeight method to Parser","messageBody":"","fileTypesAndContributionMap":{"functional-code":{"insertions":27,"deletions":1}}},{"hash":"9e3beacd1e3581ad0632e3a621346b2f6f95c89e","isMergeCommit":false,"messageTitle":"Add JavaDoc as comments for health package","messageBody":"","fileTypesAndContributionMap":{"functional-code":{"insertions":11,"deletions":11}}},{"hash":"41556d4cfee47554be4314d7bf4b148822ecacd2","isMergeCommit":false,"messageTitle":"Edit Health and BMI","messageBody":"","fileTypesAndContributionMap":{"functional-code":{"insertions":2,"deletions":2}}}]},{"date":"2024-03-14","commitResults":[{"hash":"f2dd156a7f246ba19a2b814d8c69d1ac2bc4edd8","isMergeCommit":false,"messageTitle":"Create BMI class and add methods","messageBody":"","fileTypesAndContributionMap":{"functional-code":{"insertions":42,"deletions":0}}},{"hash":"ad3d2a470ef89ee1a9f35806a910527ebbfcf298","isMergeCommit":false,"messageTitle":"Create Health","messageBody":"","fileTypesAndContributionMap":{"functional-code":{"insertions":31,"deletions":0}}},{"hash":"e7d4598c6432362a0987fdf4026a33bfc33b66cf","isMergeCommit":false,"messageTitle":"Create Parser class and add method","messageBody":"","fileTypesAndContributionMap":{"functional-code":{"insertions":35,"deletions":0}}},{"hash":"2e614873f8afa4aad6e1701c282110f20c1cd364","isMergeCommit":false,"messageTitle":"Move method into BMI class","messageBody":"","fileTypesAndContributionMap":{"functional-code":{"insertions":0,"deletions":35}}},{"hash":"c5b3dd6a1f28e8ac274ff527514953db62b90951","isMergeCommit":false,"messageTitle":"Add method in Health","messageBody":"","fileTypesAndContributionMap":{"functional-code":{"insertions":28,"deletions":0}}},{"hash":"5a1628419327806c3cafba1ef5fd0f3b0391cc56","isMergeCommit":false,"messageTitle":"Edit to handle height, weight and BMI commands","messageBody":"","fileTypesAndContributionMap":{"functional-code":{"insertions":11,"deletions":3}}}]},{"date":"2024-03-15","commitResults":[{"hash":"d9c87fd1160f45a62d11d83650c8705baf817ecf","isMergeCommit":true,"messageTitle":"Merge branch \u0027master\u0027 of https://github.com/AY2324S2-T09-4/tp into Update-health","messageBody":"","fileTypesAndContributionMap":{}},{"hash":"1a56c598000c47c1fb97d9a64779c34e5763b034","isMergeCommit":false,"messageTitle":"Modify call method name","messageBody":"","fileTypesAndContributionMap":{"functional-code":{"insertions":2,"deletions":2}}},{"hash":"43f8803ec80dd64562779229cf538995d82aed75","isMergeCommit":false,"messageTitle":"Fix syntax in Handler class Remove extra semicolon","messageBody":"","fileTypesAndContributionMap":{"functional-code":{"insertions":1,"deletions":1}}},{"hash":"d536d6cd82b7c0d3effb01ad9ee41d9a8b6a911d","isMergeCommit":false,"messageTitle":"Add JUnit Test for BmiTest","messageBody":"","fileTypesAndContributionMap":{"test-code":{"insertions":36,"deletions":0}}}]},{"date":"2024-03-18","commitResults":[{"hash":"f145c3a2616b2820c333df3394f33789406ab7d8","isMergeCommit":true,"messageTitle":"Merge branch \u0027v1.0\u0027 of https://github.com/AY2324S2-T09-4/tp","messageBody":"# Conflicts:\n#\tsrc/main/java/utility/Constant.java\n","fileTypesAndContributionMap":{}}]},{"date":"2024-03-19","commitResults":[{"hash":"4f3e8bb308a0a1726ae6e1d27cdda568360ec79a","isMergeCommit":false,"messageTitle":"Add BMI to user guide","messageBody":"","fileTypesAndContributionMap":{"docs":{"insertions":17,"deletions":1}}},{"hash":"5c0b48111b1bcd4ff1de3ba706624de109203c53","isMergeCommit":false,"messageTitle":"Add JUnit Test for Health-Bmi","messageBody":"","fileTypesAndContributionMap":{"test-code":{"insertions":97,"deletions":7}}},{"hash":"c3fe62974eed7789fa950d23c24964722c4158a2","isMergeCommit":false,"messageTitle":"Update UserGuide for BMI","messageBody":"","fileTypesAndContributionMap":{"docs":{"insertions":2,"deletions":2}}},{"hash":"d6c6f6188f00a79fe978d8ba90a7ecd913a940c3","isMergeCommit":false,"messageTitle":"Add JavaDocs to HealthList","messageBody":"","fileTypesAndContributionMap":{"functional-code":{"insertions":16,"deletions":0}}},{"hash":"68e5a76de23718e20ff01c4f229d14e8258d5ac7","isMergeCommit":false,"messageTitle":"Edit Health class","messageBody":"","fileTypesAndContributionMap":{"functional-code":{"insertions":21,"deletions":11}}},{"hash":"d24d67b356dfdd8358a0ef0908a39d6080771010","isMergeCommit":false,"messageTitle":"Add assertions and edit Bmi","messageBody":"","fileTypesAndContributionMap":{"functional-code":{"insertions":82,"deletions":27}}},{"hash":"e0d02f820b6d08ea25ca50142823a3f214c50c5e","isMergeCommit":false,"messageTitle":"Edit handleHealth in Handler","messageBody":"","fileTypesAndContributionMap":{"functional-code":{"insertions":17,"deletions":3}}},{"hash":"bfccf1d29e3d4df02dbe33e9195cedbde27d2941","isMergeCommit":false,"messageTitle":"Update Constant","messageBody":"","fileTypesAndContributionMap":{"functional-code":{"insertions":21,"deletions":2}}},{"hash":"95146a4fa7492ad6004e45f00701cc151cb31f8b","isMergeCommit":false,"messageTitle":"Edit health package","messageBody":"","fileTypesAndContributionMap":{"functional-code":{"insertions":2,"deletions":2}}},{"hash":"bf13e8d9feca8d722708364816a251c4f57fe7e5","isMergeCommit":true,"messageTitle":"Merge branch \u0027v1.0\u0027 into Update-Health,-Bmi","messageBody":"","fileTypesAndContributionMap":{}},{"hash":"e3f3e6345e83dcd5fe4b024b6b88f391ef9c0c22","isMergeCommit":false,"messageTitle":"Edit Bmi","messageBody":"","fileTypesAndContributionMap":{"functional-code":{"insertions":3,"deletions":3}}},{"hash":"d89da258653548e0442b0b112628727e77dfba79","isMergeCommit":true,"messageTitle":"Merge branch \u0027v1.0\u0027 of https://github.com/AY2324S2-T09-4/tp","messageBody":"# Conflicts:\n#\tsrc/main/java/utility/Constant.java\n","fileTypesAndContributionMap":{}},{"hash":"06b2e747178ae84244d2251f3d179844df31a23c","isMergeCommit":false,"messageTitle":"Edit Bmi","messageBody":"","fileTypesAndContributionMap":{"functional-code":{"insertions":13,"deletions":2}}},{"hash":"f71a653ad162e315a714ce297ab8d9125b370b78","isMergeCommit":true,"messageTitle":"Merge branch \u0027Update-Health,-Bmi\u0027 of https://github.com/j013n3/tp into Update-Health,-Bmi","messageBody":"","fileTypesAndContributionMap":{}},{"hash":"ed10fc4436f37f014ac40f5bfe0ffb09e87809c4","isMergeCommit":false,"messageTitle":"Edit date format","messageBody":"","fileTypesAndContributionMap":{"functional-code":{"insertions":1,"deletions":1}}},{"hash":"a3276465cbc389cb80ca338280f8dbecac5e169d","isMergeCommit":true,"messageTitle":"Merge pull request #52 from j013n3/Update-Health,-Bmi","messageBody":"Update Health, Bmi","fileTypesAndContributionMap":{}},{"hash":"4117a86e44037a403bede3459b1667a77fad8dd9","isMergeCommit":true,"messageTitle":"Merge branch \u0027v1.0\u0027 of https://github.com/AY2324S2-T09-4/tp","messageBody":"","fileTypesAndContributionMap":{}},{"hash":"7d4b6cee54bd2e1e86e980139b5f83aa0fd4b5fd","isMergeCommit":true,"messageTitle":"Merge branch \u0027master\u0027 of https://github.com/AY2324S2-T09-4/tp","messageBody":"# Conflicts:\n#\tsrc/main/java/health/Bmi.java\n#\tsrc/main/java/ui/Handler.java\n#\tsrc/main/java/utility/Constant.java\n#\tsrc/test/java/health/BmiTest.java\n","fileTypesAndContributionMap":{}},{"hash":"528e945295ab85f7499e134f3ba6a58428e27963","isMergeCommit":false,"messageTitle":"Update UserGuide for menstrual cycle","messageBody":"","fileTypesAndContributionMap":{"docs":{"insertions":18,"deletions":1}}},{"hash":"f744eb5cb7840fb3076af769ef0a233bc2780a74","isMergeCommit":false,"messageTitle":"Edit period related code","messageBody":"","fileTypesAndContributionMap":{"functional-code":{"insertions":40,"deletions":4}}},{"hash":"2acc5f87826ba4930c27fd43caf04e70da53a2c2","isMergeCommit":false,"messageTitle":"Update JUnit test for Bmi and Period","messageBody":"","fileTypesAndContributionMap":{"test-code":{"insertions":39,"deletions":3}}},{"hash":"238b0b8f1aa025e4f16a7be9c0034755e745aad4","isMergeCommit":true,"messageTitle":"Merge branch \u0027v1.0\u0027 into health-","messageBody":"","fileTypesAndContributionMap":{}},{"hash":"afb93378d32f4ea8da9ab455c25f0f9f1c22702b","isMergeCommit":false,"messageTitle":"Fix JUnit test for BmiTest and PeriodTest","messageBody":"","fileTypesAndContributionMap":{"test-code":{"insertions":23,"deletions":9}}},{"hash":"5a4959aded0ae44e2eecd252145c1fa13a95fbb7","isMergeCommit":true,"messageTitle":"Merge branch \u0027v1.0\u0027 of https://github.com/AY2324S2-T09-4/tp into health-","messageBody":"# Conflicts:\n#\tsrc/main/java/health/Bmi.java\n#\tsrc/main/java/ui/Handler.java\n#\tsrc/main/java/utility/Constant.java\n#\tsrc/test/java/health/BmiTest.java\n","fileTypesAndContributionMap":{}},{"hash":"f901553465dc8bbc8286db21a05958dc0d08f29d","isMergeCommit":true,"messageTitle":"Merge branch \u0027v1.0\u0027 of https://github.com/AY2324S2-T09-4/tp into health-","messageBody":"# Conflicts:\n#\tsrc/main/java/ui/Handler.java\n","fileTypesAndContributionMap":{}},{"hash":"9f78e32fba222a0ca5989d0bf5a0778bad01084a","isMergeCommit":true,"messageTitle":"Merge branch \u0027master\u0027 of https://github.com/AY2324S2-T09-4/tp into health-","messageBody":"# Conflicts:\n#\tsrc/main/java/health/Bmi.java\n#\tsrc/main/java/ui/Handler.java\n#\tsrc/main/java/utility/Constant.java\n#\tsrc/test/java/health/BmiTest.java\n","fileTypesAndContributionMap":{}}]},{"date":"2024-03-20","commitResults":[{"hash":"cdc08d95527a4db07cb59b8ff8ad3305567d0ff4","isMergeCommit":true,"messageTitle":"Merge branch \u0027health-\u0027 of https://github.com/j013n3/tp into health-","messageBody":"# Conflicts:\n#\tsrc/main/java/ui/Handler.java\n#\tsrc/main/java/utility/Constant.java\n#\tsrc/test/java/health/BmiTest.java\n#\tsrc/test/java/health/PeriodTest.java\n","fileTypesAndContributionMap":{}}]}],"JustinSoh":[{"date":"2024-03-07","commitResults":[{"hash":"46d0e773113bb94337f875067e4997f06283607d","isMergeCommit":false,"messageTitle":"add Justin AboutUs","messageBody":"","fileTypesAndContributionMap":{"docs":{"insertions":3,"deletions":7}}},{"hash":"84aea577c9e1d524ad45f67a4ce63d43d9b20f65","isMergeCommit":true,"messageTitle":"Merge branch \u0027master\u0027 into Justin-AboutUs","messageBody":"","fileTypesAndContributionMap":{}},{"hash":"d456081d8a2290476b5ea40fc731a07c7597bf11","isMergeCommit":true,"messageTitle":"Merge pull request #2 from JustinSoh/Justin-AboutUs","messageBody":"add Justin AboutUs","fileTypesAndContributionMap":{}},{"hash":"4d95f96478c15d7df480df70a11eb5af1d381f6e","isMergeCommit":true,"messageTitle":"Merge pull request #3 from j013n3/Jolene-AboutUs","messageBody":"Update Jolene AboutUs.md","fileTypesAndContributionMap":{}}]},{"date":"2024-03-11","commitResults":[{"hash":"f4b6e05e151b3414bb46cab65a2c194b905d343b","isMergeCommit":false,"messageTitle":"Add printHistory and printLatestRun","messageBody":"- added ParserTest\n- added Parser class for printing\n","fileTypesAndContributionMap":{"functional-code":{"insertions":183,"deletions":5},"test-code":{"insertions":57,"deletions":0}}},{"hash":"558ef91e41af15af86e33346cbffe14414f980f8","isMergeCommit":true,"messageTitle":"Merge pull request #6 from L5-Z/Handler","messageBody":"Add Command Handler implementation","fileTypesAndContributionMap":{}}]},{"date":"2024-03-12","commitResults":[{"hash":"8df1093133d65926dbd5b3296b8746881f84cdbf","isMergeCommit":false,"messageTitle":"Move Parser into Output","messageBody":"Add errorhandling for OutofBound Printing\n","fileTypesAndContributionMap":{"functional-code":{"insertions":94,"deletions":67},"test-code":{"insertions":24,"deletions":24}}},{"hash":"4aeff79dd2233f067aa17af8e01f6bfd8c3021c6","isMergeCommit":false,"messageTitle":"Add Date Parameter in Output","messageBody":"","fileTypesAndContributionMap":{"functional-code":{"insertions":14,"deletions":4}}},{"hash":"17dca9c84f87d39db43f305dc6a132b71397c6e5","isMergeCommit":true,"messageTitle":"Merge pull request #7 from rouvinerh/master","messageBody":"Add Workout and Run classes","fileTypesAndContributionMap":{}}]},{"date":"2024-03-13","commitResults":[{"hash":"aa78b308107c4ace2f754cc0cb0a85ae27cab65e","isMergeCommit":true,"messageTitle":"Merge remote-tracking branch \u0027AY2324S2-T09-4/master\u0027","messageBody":"","fileTypesAndContributionMap":{}},{"hash":"ccfca95176114cc6d5353337c4f239ae2e8fd9c9","isMergeCommit":false,"messageTitle":"Revert \"Merge remote-tracking branch \u0027AY2324S2-T09-4/master\u0027\"","messageBody":"This reverts commit aa78b308107c4ace2f754cc0cb0a85ae27cab65e, reversing\nchanges made to 4aeff79dd2233f067aa17af8e01f6bfd8c3021c6.\n","fileTypesAndContributionMap":{"functional-code":{"insertions":0,"deletions":108}}},{"hash":"5030a323ac5201897fc826061cd16f578cd6323f","isMergeCommit":false,"messageTitle":"Revert \"Merge remote-tracking branch \u0027AY2324S2-T09-4/master\u0027\"","messageBody":"This reverts commit aa78b308107c4ace2f754cc0cb0a85ae27cab65e, reversing\nchanges made to 4aeff79dd2233f067aa17af8e01f6bfd8c3021c6.\n","fileTypesAndContributionMap":{"functional-code":{"insertions":0,"deletions":108}}},{"hash":"93d043ea9c35b1f890e3b7af5e6682f1a3683c42","isMergeCommit":false,"messageTitle":"add error handling printHistory and latestRun","messageBody":"- add test cases for it\n","fileTypesAndContributionMap":{"functional-code":{"insertions":50,"deletions":31},"other":{"insertions":39,"deletions":2},"test-code":{"insertions":12,"deletions":0}}},{"hash":"d5efa816cb7d9349add2d646706d83c9af9ca690","isMergeCommit":true,"messageTitle":"Merge branch \u0027master\u0027 of https://github.com/JustinSoh/tp","messageBody":"","fileTypesAndContributionMap":{}}]},{"date":"2024-03-14","commitResults":[{"hash":"6a44268c2047101f0e11b7463bf1698f36b979e4","isMergeCommit":false,"messageTitle":"add testCases for WorkoutList","messageBody":"","fileTypesAndContributionMap":{"functional-code":{"insertions":48,"deletions":47},"test-code":{"insertions":146,"deletions":0}}},{"hash":"b909359968f5cbfdbafc42e01ff7e604adf8d5d7","isMergeCommit":false,"messageTitle":"cleanup formatting and magic string","messageBody":"","fileTypesAndContributionMap":{"functional-code":{"insertions":33,"deletions":22}}},{"hash":"31d4ef9f4f8879bc11a7e44a3ac7498fc920cca7","isMergeCommit":false,"messageTitle":"cleanup checkStyle","messageBody":"","fileTypesAndContributionMap":{"test-code":{"insertions":5,"deletions":7}}},{"hash":"2d729b4ed23d70136be0ed7c06fe681cae7fc4a4","isMergeCommit":true,"messageTitle":"Merge pull request #19 from L5-Z/Handler","messageBody":"Update bot outputs and add getRun method","fileTypesAndContributionMap":{}},{"hash":"c6a279dc630feefec5c4b7f0f53dffb8ce54e183","isMergeCommit":true,"messageTitle":"Merge pull request #23 from j013n3/YingJiaJolene-BMI","messageBody":"Health - BMI","fileTypesAndContributionMap":{}}]},{"date":"2024-03-15","commitResults":[{"hash":"273dfc97298fff434f40990aa51193613480cdfe","isMergeCommit":true,"messageTitle":"Merge pull request #34 from j013n3/Update-health","messageBody":"Update handler class for health ","fileTypesAndContributionMap":{}},{"hash":"14c1deae34c182ee63e221f413ca32ac4c55c45e","isMergeCommit":true,"messageTitle":"Merge pull request #35 from j013n3/JUnit-Test","messageBody":"Update BmiTest","fileTypesAndContributionMap":{}}]},{"date":"2024-03-18","commitResults":[{"hash":"184f3ba88a3e95fe207e9702ff47cee27750fba7","isMergeCommit":false,"messageTitle":"Add checkTypeOfExercise","messageBody":"- use when a user enters a new run/gym\n- does all the necessary checks\n- includes extensive test cases\n","fileTypesAndContributionMap":{"functional-code":{"insertions":93,"deletions":15},"test-code":{"insertions":125,"deletions":3}}},{"hash":"f3b4927c00fd693563608827d4222a0f2b427e1e","isMergeCommit":false,"messageTitle":"fix checkstyle","messageBody":"","fileTypesAndContributionMap":{"test-code":{"insertions":21,"deletions":27}}},{"hash":"12b51688c8dc2679c69173b74ea6644db6796251","isMergeCommit":false,"messageTitle":"fix indentation in handler","messageBody":"","fileTypesAndContributionMap":{"functional-code":{"insertions":2,"deletions":1}}}]},{"date":"2024-03-19","commitResults":[{"hash":"d180caf13a92dad714a478aed33d44ed879f7490","isMergeCommit":false,"messageTitle":"Modify run and gym type in WorkoutList","messageBody":"- made it such that it returns different kind of classes and not just workout\n","fileTypesAndContributionMap":{"functional-code":{"insertions":16,"deletions":3},"test-code":{"insertions":4,"deletions":4}}},{"hash":"d72f38d195f213e8d4c71d69edff4418e20b1047","isMergeCommit":false,"messageTitle":"Add getGym and AddGymStationInput","messageBody":"- still have to work on printing and test cases\n","fileTypesAndContributionMap":{"functional-code":{"insertions":130,"deletions":38}}},{"hash":"f24a2f31d5934c5c1af8640ac24bbf838aecc290","isMergeCommit":false,"messageTitle":"Modify run and gym type in WorkoutList","messageBody":"- made it such that it returns different kind of classes and not just workout\n","fileTypesAndContributionMap":{"functional-code":{"insertions":16,"deletions":3},"test-code":{"insertions":4,"deletions":4}}},{"hash":"aa6659b6d4b3dcab049e395ffe7740ada4fadd8b","isMergeCommit":false,"messageTitle":"Add getGym and AddGymStationInput","messageBody":"- still have to work on printing and test cases\n","fileTypesAndContributionMap":{"functional-code":{"insertions":134,"deletions":37}}},{"hash":"e988fca86cb4caebdb095adec82c593472be6f7e","isMergeCommit":true,"messageTitle":"Auto stash before merge of \"master\" and \"origin/master\"","messageBody":"","fileTypesAndContributionMap":{}},{"hash":"65798708e27af2eb2c6c477f839f7b8485d2dcec","isMergeCommit":false,"messageTitle":"Modify run and gym type in WorkoutList","messageBody":"- made it such that it returns different kind of classes and not just workout\n","fileTypesAndContributionMap":{"functional-code":{"insertions":16,"deletions":3},"test-code":{"insertions":4,"deletions":4}}},{"hash":"f6327c76473e9b9062bfac0ccf6e5cbbfc96a877","isMergeCommit":false,"messageTitle":"Add getGym and AddGymStationInput","messageBody":"- still have to work on printing and test cases\n","fileTypesAndContributionMap":{"functional-code":{"insertions":73,"deletions":22}}},{"hash":"b926bc2a8d7c2d50232bb40a388eb7fd775cce7c","isMergeCommit":false,"messageTitle":"Add getGym and AddGymStationInput","messageBody":"- still have to work on printing and test cases\n","fileTypesAndContributionMap":{"functional-code":{"insertions":0,"deletions":6}}},{"hash":"14c522aef4519114f5e20580b539a1dd31616d45","isMergeCommit":false,"messageTitle":"Auto stash before merge of \"master\" and \"origin/master\"","messageBody":"","fileTypesAndContributionMap":{"functional-code":{"insertions":235,"deletions":45},"test-code":{"insertions":46,"deletions":3}}},{"hash":"889b9dcfdce205d0573eec33959a847a4b65e16a","isMergeCommit":false,"messageTitle":"tidy userInput for Gym and PrintHistory","messageBody":"","fileTypesAndContributionMap":{"functional-code":{"insertions":1,"deletions":6}}},{"hash":"92d1973ab2b5c58b0ee8225d80d4a1791b9a7f13","isMergeCommit":false,"messageTitle":"Auto stash before merge of \"master\" and \"origin/master\"","messageBody":"","fileTypesAndContributionMap":{"functional-code":{"insertions":2,"deletions":0}}},{"hash":"c507ae516a7361c2860acb1a6de8104e1416f12a","isMergeCommit":false,"messageTitle":"Auto stash before merge of \"master\" and \"origin/master\"","messageBody":"","fileTypesAndContributionMap":{"functional-code":{"insertions":1,"deletions":1}}},{"hash":"d8f13ad39a1ec4d50f8036689b687008eae30d0d","isMergeCommit":true,"messageTitle":"Merge branch \u0027master\u0027 of https://github.com/JustinSoh/tp","messageBody":"","fileTypesAndContributionMap":{}},{"hash":"d10dc51b36c3b8fdb66b465435cdf878d8849623","isMergeCommit":false,"messageTitle":"handle merge conflict","messageBody":"","fileTypesAndContributionMap":{"functional-code":{"insertions":1,"deletions":1}}},{"hash":"4c37724527aab72d2821e3a4b05cd74fe5a0eb3f","isMergeCommit":false,"messageTitle":"fix checkstyle","messageBody":"","fileTypesAndContributionMap":{"functional-code":{"insertions":25,"deletions":19},"test-code":{"insertions":0,"deletions":2}}},{"hash":"85d6a9a85bd2367332962e51762869b5885c98ba","isMergeCommit":false,"messageTitle":"fix checkstyle v2","messageBody":"","fileTypesAndContributionMap":{"functional-code":{"insertions":4,"deletions":2}}},{"hash":"c16ed2aedc9065cd337e99149c862033bfe31228","isMergeCommit":false,"messageTitle":"fix \\n in windows","messageBody":"","fileTypesAndContributionMap":{"test-code":{"insertions":1,"deletions":0}}}]},{"date":"2024-03-20","commitResults":[{"hash":"1ba1c78b91adaf84b88c3d1f6a0112d0a4a1e207","isMergeCommit":true,"messageTitle":"Merge pull request #63 from rouvinerh/v1.0","messageBody":"Update UG, Add printLatest JUnit","fileTypesAndContributionMap":{}}]},{"date":"2024-03-21","commitResults":[{"hash":"8da0c9ddc5e00e680e161c80bd85009259037d3f","isMergeCommit":false,"messageTitle":"enable assertion","messageBody":"","fileTypesAndContributionMap":{"other":{"insertions":1,"deletions":0}}},{"hash":"ab643cb600a11c8545054884db9f8ba8adaa8a93","isMergeCommit":false,"messageTitle":"Split Constant class and Add Assert","messageBody":"- split constant class into uiConstant, WorkoutConstant, HealthConstant, and ErrorConstant\n- Add Assert for Gym input to only take positive integer\n","fileTypesAndContributionMap":{"functional-code":{"insertions":230,"deletions":204},"other":{"insertions":3,"deletions":1},"test-code":{"insertions":40,"deletions":40}}}]}],"rouvinerh":[{"date":"2024-03-07","commitResults":[{"hash":"019c4f8d426889134f43e92beed2bb252ceef4c4","isMergeCommit":false,"messageTitle":"Update docs/README.md","messageBody":"","fileTypesAndContributionMap":{"docs":{"insertions":1,"deletions":1}}},{"hash":"b2bf1405a87801a44863ab4fca2ccc4596ff8ad0","isMergeCommit":false,"messageTitle":"Update AboutUs.md","messageBody":"","fileTypesAndContributionMap":{"docs":{"insertions":3,"deletions":7}}},{"hash":"627b5874be8234ef9017436591d542d588c9126f","isMergeCommit":true,"messageTitle":"Merge pull request #1 from rouvinerh/rouvinErh-AboutUs","messageBody":"Update AboutUs.md","fileTypesAndContributionMap":{}}]},{"date":"2024-03-10","commitResults":[{"hash":"4370c132c8069ce59708b5d5682895a586f3c97e","isMergeCommit":true,"messageTitle":"Merge branch \u0027master\u0027 of https://github.com/rouvinerh/tp","messageBody":"","fileTypesAndContributionMap":{}},{"hash":"025549eaeddbcf86b8df1be841d00b4cee0038f7","isMergeCommit":false,"messageTitle":"Add Workout and Run class","messageBody":"","fileTypesAndContributionMap":{"functional-code":{"insertions":134,"deletions":0}}}]},{"date":"2024-03-11","commitResults":[{"hash":"723e9f0d2cfd19ec34810fb16ce06f8ff0a21357","isMergeCommit":true,"messageTitle":"Merge pull request #1 from JustinSoh/master","messageBody":"Add PrintHistory and PrintLatestRun","fileTypesAndContributionMap":{}},{"hash":"dd1fdc29143b1a61a76e48379954f6cb561efffd","isMergeCommit":true,"messageTitle":"Merge branch \u0027master\u0027 into rouvin-AddRun","messageBody":"","fileTypesAndContributionMap":{}},{"hash":"325b46d3fc25cad733e526a30cf13f064ad47d62","isMergeCommit":false,"messageTitle":"Fix parseDate","messageBody":"","fileTypesAndContributionMap":{"functional-code":{"insertions":10,"deletions":13}}},{"hash":"991fe323c62cfefebb87891ab5281c97ea7931f6","isMergeCommit":true,"messageTitle":"Merge branch \u0027rouvin-AddRun\u0027","messageBody":"","fileTypesAndContributionMap":{}},{"hash":"7d3fa25a294c34a393ebb33e1d03a6a0d8bd937a","isMergeCommit":true,"messageTitle":"Merge branch \u0027pr/6\u0027","messageBody":"","fileTypesAndContributionMap":{}},{"hash":"57e03f6e36e81c4b924562b0fd8cd25cbd318866","isMergeCommit":false,"messageTitle":"Move constants into Utility","messageBody":"","fileTypesAndContributionMap":{"functional-code":{"insertions":10,"deletions":12}}},{"hash":"9225386633a737ed407cdee6bc6e2c5ecce43af2","isMergeCommit":false,"messageTitle":"Rename package and constants","messageBody":"","fileTypesAndContributionMap":{"functional-code":{"insertions":2,"deletions":2},"other":{"insertions":12,"deletions":17}}},{"hash":"bdfaf79e021769b3a49c6541a9c3f8843367e7f6","isMergeCommit":false,"messageTitle":"Fix hour handling","messageBody":"","fileTypesAndContributionMap":{"functional-code":{"insertions":32,"deletions":21},"test-code":{"insertions":9,"deletions":6}}}]},{"date":"2024-03-12","commitResults":[{"hash":"3c71677351c7d5768ce43ba79792bb657ddc3f25","isMergeCommit":true,"messageTitle":"Merge pull request #2 from JustinSoh/master","messageBody":"Moved Parser into util/output","fileTypesAndContributionMap":{}},{"hash":"3e9252edaa030733b903fc483469b74e9f0fd204","isMergeCommit":false,"messageTitle":"Fix JUnit Test for output","messageBody":"","fileTypesAndContributionMap":{"functional-code":{"insertions":15,"deletions":10},"test-code":{"insertions":30,"deletions":24}}},{"hash":"f7a9be09ce95c495b23ec9126e35309e3f41211c","isMergeCommit":false,"messageTitle":"Fix for checkstyle","messageBody":"","fileTypesAndContributionMap":{"functional-code":{"insertions":12,"deletions":21},"test-code":{"insertions":5,"deletions":5}}},{"hash":"fadd62c421ddc7fd0c5fc41dee1beb8df05208e6","isMergeCommit":false,"messageTitle":"Fix indents","messageBody":"","fileTypesAndContributionMap":{"functional-code":{"insertions":14,"deletions":14}}},{"hash":"b3f96a7cc81ba94b952c122177ce0b867bcf4edb","isMergeCommit":false,"messageTitle":"Fix Javadoc","messageBody":"","fileTypesAndContributionMap":{"functional-code":{"insertions":0,"deletions":16}}}]},{"date":"2024-03-14","commitResults":[{"hash":"9ae9b2bb6be1459a84a4c6922be8d69327225fa1","isMergeCommit":false,"messageTitle":"Add gym, WorkoutTest and RunTest","messageBody":"","fileTypesAndContributionMap":{"functional-code":{"insertions":116,"deletions":22},"test-code":{"insertions":88,"deletions":1}}},{"hash":"ae921ec7fe1b04e978529efd6bb581c8909b60cd","isMergeCommit":false,"messageTitle":"Fix test cases","messageBody":"","fileTypesAndContributionMap":{"functional-code":{"insertions":17,"deletions":19},"test-code":{"insertions":14,"deletions":12}}},{"hash":"37021b1720b715b659d0ebc98a5e6f60217dba4e","isMergeCommit":false,"messageTitle":"Add cleanup for tests and fix checkstyle","messageBody":"","fileTypesAndContributionMap":{"functional-code":{"insertions":0,"deletions":4},"other":{"insertions":10,"deletions":10},"test-code":{"insertions":4,"deletions":4}}},{"hash":"0ceec4108353e29807a4a53ba497d396d64fde9e","isMergeCommit":true,"messageTitle":"Merge pull request #24 from rouvinerh/v0.2","messageBody":"Add gym, WorkoutTest and RunTest to v0.2","fileTypesAndContributionMap":{}},{"hash":"9a35971bf1462e677ed28f674a489d37bdca6a5a","isMergeCommit":true,"messageTitle":"Merge pull request #25 from AY2324S2-CS2113T-T09-4/v0.2","messageBody":"Add Gym, WorkoutTest and RunTest","fileTypesAndContributionMap":{}},{"hash":"78f0ccd117aca64669215c62f4d5351c166aaf5b","isMergeCommit":true,"messageTitle":"Merge pull request #3 from rouvinerh/v0.2","messageBody":"Add v0.2","fileTypesAndContributionMap":{}},{"hash":"7f09f9931fc12c2a0b4ca6b35d63ec747be98321","isMergeCommit":false,"messageTitle":"Add Run exception test and handling","messageBody":"","fileTypesAndContributionMap":{"functional-code":{"insertions":59,"deletions":27},"test-code":{"insertions":23,"deletions":15}}},{"hash":"4631439d4074219b7ea8a876aff5d692ae43930f","isMergeCommit":true,"messageTitle":"Merge pull request #27 from rouvinerh/v0.2","messageBody":"Add Run exception test and handling","fileTypesAndContributionMap":{}}]},{"date":"2024-03-16","commitResults":[{"hash":"b0d5ff745ce05bd87cf9a0ba0ab0f382671912db","isMergeCommit":true,"messageTitle":"Merge branch \u0027master\u0027 of https://github.com/AY2324S2-CS2113T-T09-4/tp","messageBody":"","fileTypesAndContributionMap":{}},{"hash":"74c4587072b376d559c3a37e1ec4d3636577d844","isMergeCommit":true,"messageTitle":"Merge branch \u0027master\u0027 into v0.2","messageBody":"","fileTypesAndContributionMap":{}},{"hash":"59ead06055282aef85f774090efcc7abe625f83b","isMergeCommit":false,"messageTitle":"Update UG","messageBody":"","fileTypesAndContributionMap":{"docs":{"insertions":96,"deletions":17}}},{"hash":"d197b867187621ed2d07367e7b15ce613a712cf4","isMergeCommit":false,"messageTitle":"Fix BMI checkstyle","messageBody":"","fileTypesAndContributionMap":{"functional-code":{"insertions":3,"deletions":3}}},{"hash":"571c492bc01cb32248095911bbc680db1608f1cf","isMergeCommit":true,"messageTitle":"Merge pull request #36 from rouvinerh/master","messageBody":"Update UG template ","fileTypesAndContributionMap":{}}]},{"date":"2024-03-17","commitResults":[{"hash":"67745f579e436a7d2da0e1d0d96e32942019a159","isMergeCommit":true,"messageTitle":"Merge branch \u0027master\u0027 into v0.2","messageBody":"","fileTypesAndContributionMap":{}}]},{"date":"2024-03-18","commitResults":[{"hash":"0693f1ba34555ef0da0e33d9e4ef01abad01472e","isMergeCommit":false,"messageTitle":"Abstract parseDate","messageBody":"","fileTypesAndContributionMap":{"functional-code":{"insertions":32,"deletions":20},"test-code":{"insertions":36,"deletions":30}}},{"hash":"3f5da7da339d279a59684ec41c8190d3734af43c","isMergeCommit":false,"messageTitle":"Add LogFile","messageBody":"","fileTypesAndContributionMap":{"functional-code":{"insertions":81,"deletions":6},"other":{"insertions":2,"deletions":2},"test-code":{"insertions":14,"deletions":0}}},{"hash":"ab304a41a9a1bd9e4af7b96cbc17c5bde354280a","isMergeCommit":true,"messageTitle":"Merge pull request #38 from L5-Z/v0.3","messageBody":"Update Handler and UI","fileTypesAndContributionMap":{}},{"hash":"8f74d733de425978f5ef3a8a1f3695100fa6396d","isMergeCommit":true,"messageTitle":"Merge branch \u0027v0.2\u0027 into v1.0","messageBody":"","fileTypesAndContributionMap":{}},{"hash":"0ae93b534e521e27b0fb8399fffc61400a19946f","isMergeCommit":true,"messageTitle":"Merge pull request #4 from AY2324S2-CS2113T-T09-4/v1.0","messageBody":"Update UI and Handler","fileTypesAndContributionMap":{}},{"hash":"7ba7b20821a561877c6620caa09448237afb4c0a","isMergeCommit":false,"messageTitle":"Fix merge conflict","messageBody":"","fileTypesAndContributionMap":{"functional-code":{"insertions":5,"deletions":6}}},{"hash":"689af07c2d6b9623f98b495551f1c0765cfbc6bd","isMergeCommit":true,"messageTitle":"Merge pull request #45 from rouvinerh/v0.2","messageBody":"Add Logfile feature and abstract parseDate","fileTypesAndContributionMap":{}},{"hash":"84f925862bf2abc8a7562ac50a5f9e6703a1863c","isMergeCommit":true,"messageTitle":"Merge branch \u0027v1.0\u0027 into master","messageBody":"","fileTypesAndContributionMap":{}},{"hash":"a88df345069cd29c92e6bb084add0be38d6f0863","isMergeCommit":false,"messageTitle":"Fix style for Constant.java","messageBody":"","fileTypesAndContributionMap":{"functional-code":{"insertions":1,"deletions":1}}},{"hash":"b8cdbd2858c66524004618a986bc2b638f12c9de","isMergeCommit":true,"messageTitle":"Merge pull request #47 from AY2324S2-CS2113T-T09-4/master","messageBody":"Merge master into v1.0","fileTypesAndContributionMap":{}},{"hash":"8bac7956c180ec0821fda2293e042b8ad1de58cf","isMergeCommit":true,"messageTitle":"Merge branch \u0027v1.0\u0027 of https://github.com/AY2324S2-CS2113T-T09-4/tp into v1.0","messageBody":"","fileTypesAndContributionMap":{}},{"hash":"8bbffa5f39926879c6ffa637c49e9ce671840963","isMergeCommit":true,"messageTitle":"Merge pull request #6 from AY2324S2-CS2113T-T09-4/v1.0","messageBody":"V1.0","fileTypesAndContributionMap":{}}]},{"date":"2024-03-19","commitResults":[{"hash":"c939ce59c400e6a2c8f465ed7be6af7b322f9a38","isMergeCommit":true,"messageTitle":"Merge pull request #7 from AY2324S2-CS2113T-T09-4/v1.0","messageBody":"Update Health, Bmi","fileTypesAndContributionMap":{}},{"hash":"393ac417af6e5f6bb7cd17d42aaa596dc8749df5","isMergeCommit":true,"messageTitle":"Merge branch \u0027v1.0\u0027 into master","messageBody":"","fileTypesAndContributionMap":{}},{"hash":"2f4074324972364d87651126224b1d516dfe60d5","isMergeCommit":true,"messageTitle":"Merge pull request #51 from L5-Z/v0.3","messageBody":"Refactor code, remove magic numbers","fileTypesAndContributionMap":{}},{"hash":"25c5dcd5370e8907cf4d1853fc9604d9f5cc670b","isMergeCommit":true,"messageTitle":"Merge pull request #8 from AY2324S2-CS2113T-T09-4/v1.0","messageBody":"merge team repo into local repo","fileTypesAndContributionMap":{}},{"hash":"78af3d30a65c126b3a2e2dfd51bdaae698003fd9","isMergeCommit":true,"messageTitle":"Merge pull request #57 from JustinSoh/master","messageBody":"Merge Conflict Handled + Gym User Input + Gym History","fileTypesAndContributionMap":{}}]},{"date":"2024-03-20","commitResults":[{"hash":"3db59f60e82db7cd8787125518a3fd4cffe2abdd","isMergeCommit":true,"messageTitle":"Merge pull request #56 from j013n3/health-","messageBody":"Update UserGuide and health package","fileTypesAndContributionMap":{}},{"hash":"d0c563681ddea992a2f08642e5501021df4214ba","isMergeCommit":true,"messageTitle":"Merge pull request #9 from AY2324S2-CS2113T-T09-4/v1.0","messageBody":"V1.0","fileTypesAndContributionMap":{}},{"hash":"c7ea57ca10c45941d9947ceae3efce2e7d0ded26","isMergeCommit":false,"messageTitle":"Rename Duke to PulsePilot and remove data file","messageBody":"","fileTypesAndContributionMap":{"functional-code":{"insertions":0,"deletions":16},"other":{"insertions":4,"deletions":4}}},{"hash":"d81bd054008d4c7f11720cd661ce61447d43daf2","isMergeCommit":false,"messageTitle":"Remove unnecessary functions from Handler","messageBody":"","fileTypesAndContributionMap":{"functional-code":{"insertions":37,"deletions":92}}},{"hash":"f4089a78a1abafe76f34d00799748338145e89b1","isMergeCommit":false,"messageTitle":"Add Javadoc for classes","messageBody":"","fileTypesAndContributionMap":{"functional-code":{"insertions":39,"deletions":8}}},{"hash":"e35db4ec5e4d11948bd887ac714b656b3c3393a0","isMergeCommit":false,"messageTitle":"Add Javadoc for LogFile, Output and Parser","messageBody":"","fileTypesAndContributionMap":{"functional-code":{"insertions":69,"deletions":8}}},{"hash":"5680a2c50b560a964f4a2ed8074c5f0e71af7c9a","isMergeCommit":false,"messageTitle":"Add Javadoc for all functional code","messageBody":"","fileTypesAndContributionMap":{"functional-code":{"insertions":184,"deletions":71}}},{"hash":"0fa47ae29c6f38f25a8f9c0b21f891674f1752cf","isMergeCommit":false,"messageTitle":"Fix Javadoc order","messageBody":"","fileTypesAndContributionMap":{"functional-code":{"insertions":17,"deletions":13}}},{"hash":"9656f6835084979cafd0ebe5a870e069024dfb13","isMergeCommit":false,"messageTitle":"Change date format for test cases","messageBody":"","fileTypesAndContributionMap":{"test-code":{"insertions":7,"deletions":7}}},{"hash":"5076770073fed57e53c202dc08d5b9d0b6ff3e58","isMergeCommit":false,"messageTitle":"Remove repeated parseDate function from BMI","messageBody":"","fileTypesAndContributionMap":{"functional-code":{"insertions":2,"deletions":14}}},{"hash":"2acc8cc7b73544a844691b9e084b676741feeab7","isMergeCommit":false,"messageTitle":"Fix batch file and log file","messageBody":"","fileTypesAndContributionMap":{"functional-code":{"insertions":1,"deletions":1},"other":{"insertions":2,"deletions":2}}},{"hash":"1972bfcf00b0fd7b501951854267877efce1c461","isMergeCommit":false,"messageTitle":"Update UG","messageBody":"","fileTypesAndContributionMap":{"docs":{"insertions":112,"deletions":62}}},{"hash":"fc73f348bdaa80237afabf8c980a46a510c29d86","isMergeCommit":true,"messageTitle":"Merge pull request #60 from rouvinerh/v1.0","messageBody":"Update UG, add Javadoc, fix test case, refactor code","fileTypesAndContributionMap":{}},{"hash":"b63f248a9920918516fea5b4ed3c6e0fcd33b315","isMergeCommit":true,"messageTitle":"Merge pull request #10 from AY2324S2-CS2113T-T09-4/v1.0","messageBody":"V1.0","fileTypesAndContributionMap":{}},{"hash":"7336d75cbea84f8d5893d92c25eb7f2134a75c67","isMergeCommit":false,"messageTitle":"Add BMI and Period History, Fix help message","messageBody":"","fileTypesAndContributionMap":{"functional-code":{"insertions":32,"deletions":21}}},{"hash":"0cce4207f1cfd644795abb63ab2bd349b158d8cd","isMergeCommit":false,"messageTitle":"Fix gym command","messageBody":"","fileTypesAndContributionMap":{"functional-code":{"insertions":2,"deletions":6}}},{"hash":"1192952e26225e2897f0e492ac2ad1f0b2d347d5","isMergeCommit":false,"messageTitle":"Add Healthlist Javadoc","messageBody":"","fileTypesAndContributionMap":{"functional-code":{"insertions":15,"deletions":0}}},{"hash":"29e6920a64c083ee057d2db11411ac965ab22ac7","isMergeCommit":false,"messageTitle":"Add getLatestGym","messageBody":"","fileTypesAndContributionMap":{"functional-code":{"insertions":7,"deletions":0}}},{"hash":"a89aa71bfa8c0833fc500e19f0b4ec900c1d1521","isMergeCommit":false,"messageTitle":"Edit Constants","messageBody":"","fileTypesAndContributionMap":{"functional-code":{"insertions":3,"deletions":3}}},{"hash":"a62a587f9a4b7f814c64c39305a8cc998b1a75cf","isMergeCommit":false,"messageTitle":"Add \u0027latest\u0027 command","messageBody":"","fileTypesAndContributionMap":{"functional-code":{"insertions":81,"deletions":36}}},{"hash":"959ba90288b641c219bdc1208c4cd417ba29bdb6","isMergeCommit":false,"messageTitle":"Update UG","messageBody":"","fileTypesAndContributionMap":{"docs":{"insertions":143,"deletions":48}}},{"hash":"a6d20c2f4939ea9d7ea95bab68fc60f099e3d4e9","isMergeCommit":false,"messageTitle":"Fix JUnit test and text-ui-test","messageBody":"","fileTypesAndContributionMap":{"functional-code":{"insertions":4,"deletions":2},"test-code":{"insertions":4,"deletions":7}}},{"hash":"61d71c5bf13a82abfeef08a28a299d1ac4456ecf","isMergeCommit":true,"messageTitle":"Merge pull request #61 from rouvinerh/v1.0","messageBody":"Add latest command, update UG","fileTypesAndContributionMap":{}},{"hash":"2f9d02862116f7b9c77d6a5d03909de7b0af8998","isMergeCommit":true,"messageTitle":"Merge pull request #62 from L5-Z/v1.0","messageBody":"Update Handler, HandlerTest","fileTypesAndContributionMap":{}},{"hash":"c7ae9c0815fd3f088718d55df14f4f9866b310dc","isMergeCommit":true,"messageTitle":"Merge pull request #11 from AY2324S2-CS2113T-T09-4/v1.0","messageBody":"V1.0","fileTypesAndContributionMap":{}},{"hash":"f9560fad676720bb469de45e6ad84369d461fc89","isMergeCommit":false,"messageTitle":"Add JUnit for printLatest","messageBody":"","fileTypesAndContributionMap":{"functional-code":{"insertions":4,"deletions":4},"test-code":{"insertions":89,"deletions":10}}},{"hash":"25957c9ca001edbbb8760913ca77e3397d144366","isMergeCommit":false,"messageTitle":"Remove replaceAll method for line separator","messageBody":"","fileTypesAndContributionMap":{"test-code":{"insertions":39,"deletions":32}}},{"hash":"c8c2c5ff496c75c6d89b84b7c356fdba6c37dd85","isMergeCommit":false,"messageTitle":"Updated UG for v1.0","messageBody":"","fileTypesAndContributionMap":{"docs":{"insertions":18,"deletions":26}}},{"hash":"4631fa0e44804affaf95d49391a3f892406dbdfc","isMergeCommit":false,"messageTitle":"Add Javadoc for Output functions","messageBody":"","fileTypesAndContributionMap":{"functional-code":{"insertions":32,"deletions":3}}},{"hash":"7cf77d7b78e827f13a2351d58d2500f3c00c5b09","isMergeCommit":false,"messageTitle":"Remove magic numbers, fix spelling","messageBody":"","fileTypesAndContributionMap":{"functional-code":{"insertions":12,"deletions":14}}},{"hash":"51186043303e74ad2b93f96ffb6d90f73c26b633","isMergeCommit":false,"messageTitle":"Fix checkstyle","messageBody":"","fileTypesAndContributionMap":{"functional-code":{"insertions":3,"deletions":1}}},{"hash":"ab3b61763086f575372b914adb502301a1fbe185","isMergeCommit":true,"messageTitle":"Merge pull request #64 from L5-Z/v1.0","messageBody":"Update JUnit for Handler","fileTypesAndContributionMap":{}},{"hash":"11a59a23e0c8cde5bdbf9f4c8f9e4d94c2018991","isMergeCommit":true,"messageTitle":"Merge pull request #13 from AY2324S2-CS2113T-T09-4/v1.0","messageBody":"V1.0","fileTypesAndContributionMap":{}},{"hash":"b504f08fe870079e1ef9b6679a7831d2c2a703df","isMergeCommit":false,"messageTitle":"Tidy up functional code and Javadoc","messageBody":"","fileTypesAndContributionMap":{"functional-code":{"insertions":16,"deletions":21}}},{"hash":"7ad0ecf6261544f58023d753692158a701d2dec3","isMergeCommit":false,"messageTitle":"Add Javadoc for and clean up JUnit","messageBody":"","fileTypesAndContributionMap":{"test-code":{"insertions":119,"deletions":126}}},{"hash":"a0360521c2f561ddefbabfac1d7a2402832d55bc","isMergeCommit":false,"messageTitle":"Add Javadoc for Period","messageBody":"","fileTypesAndContributionMap":{"functional-code":{"insertions":5,"deletions":0}}},{"hash":"60c4185b9cb37bcd73f9a093761ee59693e0b2fe","isMergeCommit":false,"messageTitle":"Fix Scanner issue","messageBody":"","fileTypesAndContributionMap":{"functional-code":{"insertions":9,"deletions":4},"test-code":{"insertions":14,"deletions":7}}},{"hash":"9bf996679a9dffe29584f6d447d850217422ab7f","isMergeCommit":true,"messageTitle":"Merge pull request #66 from rouvinerh/v1.0","messageBody":"V1.0","fileTypesAndContributionMap":{}},{"hash":"4cf717032914c5ad2a15b360778a8a6b784529e0","isMergeCommit":true,"messageTitle":"Merge pull request #67 from AY2324S2-CS2113T-T09-4/v1.0","messageBody":"Merge into master","tags":["v1.0"],"fileTypesAndContributionMap":{}}]},{"date":"2024-03-21","commitResults":[{"hash":"c98069f6dccc33f744c9d1d1382ce74586808922","isMergeCommit":true,"messageTitle":"Merge pull request #68 from JustinSoh/master","messageBody":"enable assertion","fileTypesAndContributionMap":{}}]}],"L5-Z":[{"date":"2024-03-07","commitResults":[{"hash":"9b55b7c22266d5b3d709e164c50828804232a13c","isMergeCommit":false,"messageTitle":"Add name to AboutUs.md","messageBody":"","fileTypesAndContributionMap":{"docs":{"insertions":4,"deletions":7}}},{"hash":"247cfa8ec56b783ca58440136922dc991de4a4f9","isMergeCommit":true,"messageTitle":"Merge branch \u0027master\u0027 into Alfaatih-AboutUs","messageBody":"","fileTypesAndContributionMap":{}},{"hash":"f6174b95b98a97966b8442367d9be6e30420a0c5","isMergeCommit":true,"messageTitle":"Merge pull request #4 from L5-Z/Alfaatih-AboutUs","messageBody":"Update AboutUs.md","fileTypesAndContributionMap":{}},{"hash":"627da8f5e9485d84aefb78ad4689573bbe7be26e","isMergeCommit":false,"messageTitle":"Create Enum Command.java","messageBody":"","fileTypesAndContributionMap":{"functional-code":{"insertions":4,"deletions":0}}}]},{"date":"2024-03-11","commitResults":[{"hash":"f11c9961b7a37d8150045b815168e58684a6d64b","isMergeCommit":false,"messageTitle":"Add commands to Enum","messageBody":"","fileTypesAndContributionMap":{"functional-code":{"insertions":15,"deletions":0}}},{"hash":"1f9e12ef938151018738576a4a17dfa1fa284c9c","isMergeCommit":false,"messageTitle":"Add command handler Handler.java","messageBody":"","fileTypesAndContributionMap":{"functional-code":{"insertions":166,"deletions":0}}},{"hash":"a1cf8a9104699527fcd088c52809d0821a057d08","isMergeCommit":true,"messageTitle":"Merge branch \u0027master\u0027 of https://github.com/AY2324S2-T09-4/tp into Handler","messageBody":"","fileTypesAndContributionMap":{}},{"hash":"e5438fe7d20388d5cebbd34f92e684e40f900495","isMergeCommit":false,"messageTitle":"Fix: Commented out pending implementations temporarily","messageBody":"","fileTypesAndContributionMap":{"functional-code":{"insertions":11,"deletions":13}}},{"hash":"042085e7702213761f4dbac7867f9d6c08cf2996","isMergeCommit":false,"messageTitle":"Refactor into ui package","messageBody":"","fileTypesAndContributionMap":{"other":{"insertions":4,"deletions":4}}},{"hash":"183e7b5c79a3951ea149dfc0ce5dae4f485251a1","isMergeCommit":false,"messageTitle":"Update main function","messageBody":"","fileTypesAndContributionMap":{"functional-code":{"insertions":8,"deletions":3}}},{"hash":"05053ffc68b1c8efbcbadca43bc997dea2b7274a","isMergeCommit":false,"messageTitle":"Create Output.java","messageBody":"","fileTypesAndContributionMap":{"functional-code":{"insertions":4,"deletions":0}}},{"hash":"c0f1cefa140ab7198a530367ca3bcb289113e5ca","isMergeCommit":false,"messageTitle":"Create Constant.java","messageBody":"","fileTypesAndContributionMap":{"functional-code":{"insertions":2,"deletions":0},"other":{"insertions":0,"deletions":0}}},{"hash":"a95852c7d2ff8d6dfc202028bab32af9ff5ef6f1","isMergeCommit":false,"messageTitle":"Update Constant.java","messageBody":"","fileTypesAndContributionMap":{"functional-code":{"insertions":7,"deletions":1}}},{"hash":"25d68b6cf0a82a9f0a97ccbc40d09b59bb2bd08a","isMergeCommit":false,"messageTitle":"Update Handler","messageBody":"","fileTypesAndContributionMap":{"functional-code":{"insertions":2,"deletions":2}}},{"hash":"9a03149a3f4a3d7365f53037a115ae7e428ce7ed","isMergeCommit":false,"messageTitle":"Refactor enum into utility package from ui","messageBody":"","fileTypesAndContributionMap":{"functional-code":{"insertions":1,"deletions":1}}},{"hash":"8f4a918415351b2387f369d9f348ed7ff4139164","isMergeCommit":false,"messageTitle":"Update with print ouputs","messageBody":"","fileTypesAndContributionMap":{"functional-code":{"insertions":26,"deletions":0}}},{"hash":"b3142416ba9d92ae921923e72c0e43963fc99b36","isMergeCommit":false,"messageTitle":"Fix: NoSuchElementException","messageBody":"","fileTypesAndContributionMap":{"functional-code":{"insertions":9,"deletions":6}}}]},{"date":"2024-03-14","commitResults":[{"hash":"944be28bf74dd2b228a04f2f85aa5331d8098d5a","isMergeCommit":true,"messageTitle":"Merge pull request #12 from JustinSoh/master","messageBody":"Add WorkoutList Test and Cleanup Magic String","fileTypesAndContributionMap":{}},{"hash":"9c0b951a39c9e068f97d48fb899f0d473034f006","isMergeCommit":false,"messageTitle":"Update printHelp","messageBody":"","fileTypesAndContributionMap":{"functional-code":{"insertions":2,"deletions":1}}},{"hash":"6443286d5c487b8cb9b2ee1bcd39229a4dfabf21","isMergeCommit":true,"messageTitle":"Merge branch \u0027v0.1\u0027 of https://github.com/AY2324S2-T09-4/tp into Handler","messageBody":"","fileTypesAndContributionMap":{}},{"hash":"321393f6fa0cf37be2b902a1e1dd65c6e23a3e28","isMergeCommit":false,"messageTitle":"Update bot outputs","messageBody":"","fileTypesAndContributionMap":{"functional-code":{"insertions":19,"deletions":10}}},{"hash":"308788a1faae5067e8f806e65df2395f26bd6662","isMergeCommit":false,"messageTitle":"Add getRun method","messageBody":"","fileTypesAndContributionMap":{"functional-code":{"insertions":54,"deletions":12}}},{"hash":"4b3a819ca8d6c479e65c369962f4dad2cb58716a","isMergeCommit":false,"messageTitle":"Fix gradle errors","messageBody":"","fileTypesAndContributionMap":{"functional-code":{"insertions":0,"deletions":1}}},{"hash":"3c52fa605d5c9b8f02300e734c49600ea171a29d","isMergeCommit":false,"messageTitle":"Fix gradle errors","messageBody":"","fileTypesAndContributionMap":{"functional-code":{"insertions":0,"deletions":2}}},{"hash":"0df6c7f07a171fd1d4870225b8a1c59fa142b62e","isMergeCommit":true,"messageTitle":"Merge branch \u0027Handler\u0027 of https://github.com/L5-Z/tp into Handler","messageBody":"","fileTypesAndContributionMap":{}},{"hash":"cd75b3d31526f4419d5e2f8fdfe00a474fd1c98f","isMergeCommit":false,"messageTitle":"Fix gradle error","messageBody":"","fileTypesAndContributionMap":{"functional-code":{"insertions":1,"deletions":1}}},{"hash":"add2691c4677570ef22fc865c366bdd20d1235c5","isMergeCommit":true,"messageTitle":"Merge pull request #20 from AY2324S2-CS2113T-T09-4/v0.1","messageBody":"Integrate V0.1 into V1.0 ","fileTypesAndContributionMap":{}},{"hash":"1aa898ec94b6178f7c6b6e85602b868f32f83472","isMergeCommit":false,"messageTitle":"Add JUnit test for Handler.java","messageBody":"","fileTypesAndContributionMap":{"test-code":{"insertions":117,"deletions":2}}},{"hash":"3c7491159f1b1c73c7916246d75fb685a4e40500","isMergeCommit":false,"messageTitle":"Fix JUnit test cases","messageBody":"","fileTypesAndContributionMap":{"functional-code":{"insertions":18,"deletions":5},"test-code":{"insertions":9,"deletions":6}}},{"hash":"76cf4681b193fe51ae58b52e2133cd8840fdcf0b","isMergeCommit":false,"messageTitle":"Fix for gradle build error","messageBody":"","fileTypesAndContributionMap":{"test-code":{"insertions":6,"deletions":2}}},{"hash":"b4a3beb9cc39635187ddc53ec0b3c666eceb57c4","isMergeCommit":false,"messageTitle":"Fix for gradle build error","messageBody":"","fileTypesAndContributionMap":{"test-code":{"insertions":3,"deletions":3}}},{"hash":"35aa727994e6209ac1799bf0f3d621063974f2df","isMergeCommit":false,"messageTitle":"Fix gradle errors","messageBody":"","fileTypesAndContributionMap":{"test-code":{"insertions":2,"deletions":2}}},{"hash":"f03a9d58795ac4058a5e8ffa3012f273e3a195d9","isMergeCommit":false,"messageTitle":"Fix for gradle build error","messageBody":"","fileTypesAndContributionMap":{"test-code":{"insertions":0,"deletions":82}}},{"hash":"0a22bee335be1cdfb1c5174381136aed850e179f","isMergeCommit":true,"messageTitle":"Merge pull request #26 from L5-Z/JUnit","messageBody":"Add JUnit test for Handler.java","fileTypesAndContributionMap":{}}]},{"date":"2024-03-18","commitResults":[{"hash":"6fe2a947b456eb54323522933a1e661490ae4ace","isMergeCommit":true,"messageTitle":"Merge pull request #37 from JustinSoh/master","messageBody":"Add checkTypeOfExercise","fileTypesAndContributionMap":{}},{"hash":"1a1977c9f0f4b76d3788a6bb9a492a158afcad4e","isMergeCommit":false,"messageTitle":"Update User Interface","messageBody":"","fileTypesAndContributionMap":{"functional-code":{"insertions":30,"deletions":10}}},{"hash":"e99bce839f1c4794c910b90ea4b24138aac80c4e","isMergeCommit":false,"messageTitle":"Add constants","messageBody":"","fileTypesAndContributionMap":{"functional-code":{"insertions":13,"deletions":3}}},{"hash":"27188ba48025958762f817817e6db0f18e7b67c7","isMergeCommit":true,"messageTitle":"Merge branch \u0027master\u0027 of https://github.com/AY2324S2-T09-4/tp into v0.3","messageBody":"# Conflicts:\n#\tsrc/main/java/ui/Handler.java\n#\tsrc/main/java/utility/Constant.java\n","fileTypesAndContributionMap":{}},{"hash":"73c3de81b11a3ba9e1daa1762844fffc1d311492","isMergeCommit":false,"messageTitle":"Update Handler, remove Exercise in Handler and Command enum","messageBody":"","fileTypesAndContributionMap":{"functional-code":{"insertions":13,"deletions":14}}},{"hash":"bff55bfd8e0a446321a438b96aff819f8eca749d","isMergeCommit":false,"messageTitle":"Update commands","messageBody":"","fileTypesAndContributionMap":{"functional-code":{"insertions":35,"deletions":99}}},{"hash":"26288b4cc27446eeacffef639043aa17bcf26909","isMergeCommit":true,"messageTitle":"Merge branch \u0027master\u0027 of https://github.com/AY2324S2-T09-4/tp into v0.3","messageBody":"# Conflicts:\n#\tsrc/main/java/ui/Handler.java\n#\tsrc/main/java/utility/Constant.java\n","fileTypesAndContributionMap":{}},{"hash":"e4b9b211936643f9521d89807fc9fad33231129a","isMergeCommit":true,"messageTitle":"Merge branch \u0027v1.0\u0027 of https://github.com/AY2324S2-T09-4/tp into v0.3","messageBody":"","fileTypesAndContributionMap":{}},{"hash":"ac7eda14cf3dd86ab546057b27b7ef40a67363a2","isMergeCommit":true,"messageTitle":"Merge branch \u0027master\u0027 of https://github.com/AY2324S2-T09-4/tp into v0.3","messageBody":"# Conflicts:\n#\tsrc/main/java/utility/Constant.java\n","fileTypesAndContributionMap":{}},{"hash":"2cfbc97ed3a5d7176b2f21e00aebd495ab92a607","isMergeCommit":false,"messageTitle":"Update Logging","messageBody":"","fileTypesAndContributionMap":{"functional-code":{"insertions":22,"deletions":8},"test-code":{"insertions":1,"deletions":1}}},{"hash":"831e4f388249991be02291d7d8fbba6b845cba04","isMergeCommit":false,"messageTitle":"Fix gradle checkstyle","messageBody":"","fileTypesAndContributionMap":{"functional-code":{"insertions":3,"deletions":2}}},{"hash":"18290ba6645e87275a464461385edfa6ab5896d6","isMergeCommit":false,"messageTitle":"Fix gradle checkstyle","messageBody":"","fileTypesAndContributionMap":{"functional-code":{"insertions":1,"deletions":2}}}]},{"date":"2024-03-19","commitResults":[{"hash":"efd518b3f65a977546066438236d628da32077c0","isMergeCommit":true,"messageTitle":"Merge pull request #48 from L5-Z/v0.3","messageBody":"Update commands and logging","fileTypesAndContributionMap":{}},{"hash":"6582b86a5cc5a0bf92143fd0d818ccc160bf2bff","isMergeCommit":false,"messageTitle":"Refactor code to extract method for ease of use across classes","messageBody":"","fileTypesAndContributionMap":{"functional-code":{"insertions":32,"deletions":28}}},{"hash":"54a7b5206a109ad00016af8c5343d7e9544bbb48","isMergeCommit":false,"messageTitle":"Remove Magic Numbers","messageBody":"","fileTypesAndContributionMap":{"functional-code":{"insertions":11,"deletions":5}}},{"hash":"aaf55f0c3da57a303cf583c6c67e47748171d4cd","isMergeCommit":false,"messageTitle":"Fix line wrapping","messageBody":"","fileTypesAndContributionMap":{"functional-code":{"insertions":7,"deletions":5}}},{"hash":"42ea35248c0510bc8580b79ca06d3d61f672cb9a","isMergeCommit":false,"messageTitle":"Update case for assert empty string","messageBody":"","fileTypesAndContributionMap":{"functional-code":{"insertions":1,"deletions":1}}},{"hash":"91be0d0ec5df5ef4e731f9724cab82030b042147","isMergeCommit":true,"messageTitle":"Merge branch \u0027v1.0\u0027 of https://github.com/AY2324S2-T09-4/tp into v0.3","messageBody":"# Conflicts:\n#\tsrc/main/java/utility/Constant.java\n","fileTypesAndContributionMap":{}},{"hash":"b471bfa6e58f94c139b1c4e69e4ae0c72b55879e","isMergeCommit":false,"messageTitle":"Fix magic numbers","messageBody":"","fileTypesAndContributionMap":{"functional-code":{"insertions":4,"deletions":4}}},{"hash":"7fee9b37f6018b3f0f261bf791176a2d33ff96d2","isMergeCommit":true,"messageTitle":"Merge branch \u0027master\u0027 of https://github.com/AY2324S2-T09-4/tp into v0.3","messageBody":"# Conflicts:\n#\tsrc/main/java/health/Bmi.java\n#\tsrc/main/java/ui/Handler.java\n#\tsrc/main/java/utility/Constant.java\n#\tsrc/test/java/health/BmiTest.java\n","fileTypesAndContributionMap":{}},{"hash":"385450f15a9df445c968503917549873abfaa3c2","isMergeCommit":false,"messageTitle":"Fix merge conflicts","messageBody":"","fileTypesAndContributionMap":{"functional-code":{"insertions":17,"deletions":13}}},{"hash":"8352c242d370deccc784831715cdbb9cfd56ca2d","isMergeCommit":false,"messageTitle":"Refactor getGym","messageBody":"","fileTypesAndContributionMap":{"functional-code":{"insertions":4,"deletions":0}}},{"hash":"c98ee8179999d7fe9a13dea13f664b1d9f77a160","isMergeCommit":false,"messageTitle":"Refactor getRun","messageBody":"","fileTypesAndContributionMap":{"functional-code":{"insertions":36,"deletions":0}}},{"hash":"35a9a87bbac4142171be27506f19d05f03a7f1ca","isMergeCommit":false,"messageTitle":"Fix logging","messageBody":"","fileTypesAndContributionMap":{"functional-code":{"insertions":1,"deletions":1},"test-code":{"insertions":1,"deletions":2}}},{"hash":"612516157f44cae0af84b05b05566a5271a8be2c","isMergeCommit":false,"messageTitle":"Update /date formats in test","messageBody":"","fileTypesAndContributionMap":{"test-code":{"insertions":16,"deletions":13}}},{"hash":"7b942c41f562509e56ac98ed813ee0673bd07170","isMergeCommit":false,"messageTitle":"Refactor extract method and tidy code","messageBody":"","fileTypesAndContributionMap":{"functional-code":{"insertions":54,"deletions":87}}},{"hash":"e3add6a87848b14d79d8ad4423a617c126f0865d","isMergeCommit":false,"messageTitle":"Update switch","messageBody":"","fileTypesAndContributionMap":{"functional-code":{"insertions":2,"deletions":1}}},{"hash":"ed4f6b8383c161bc08e98fb2b2ea3884ab7c5834","isMergeCommit":false,"messageTitle":"Add invalid command handling","messageBody":"","fileTypesAndContributionMap":{"functional-code":{"insertions":9,"deletions":3}}},{"hash":"1927c849ad638a67806b66644ba42c723b453610","isMergeCommit":true,"messageTitle":"Merge branch \u0027v1.0\u0027 into v0.3","messageBody":"","fileTypesAndContributionMap":{}},{"hash":"fdd9d92af7c8e6d8ee6d3e41afa7d1675359e08c","isMergeCommit":true,"messageTitle":"Merge pull request #58 from L5-Z/v0.3","messageBody":"Update Handler","fileTypesAndContributionMap":{}},{"hash":"8f4e90e53563ac656c3fb62ef80e8272e968b1ca","isMergeCommit":true,"messageTitle":"Merge branch \u0027v0.3\u0027","messageBody":"","fileTypesAndContributionMap":{}}]},{"date":"2024-03-20","commitResults":[{"hash":"1580edb16983db82717a051afbc477a759762eed","isMergeCommit":false,"messageTitle":"Fix /**      * Prints the help message.      */     public static void printHelp() {         printLine();         System.out.println(\"Commands List:\");         System.out.println();         System.out.println(\"list - prints out the List\");         System.out.println(\"help - procures command list\");         System.out.println(\"exit - terminates the bot\");         printLine();         System.out.println(\"bmi - calculates BMI\");         System.out.println(\"weight - save current weight\");         System.out.println(\"height - save current height\");         printLine();         System.out.println(\"bmi format: bmi *parameter*\");         printLine();     }exception throwing","messageBody":"","fileTypesAndContributionMap":{"functional-code":{"insertions":2,"deletions":5}}},{"hash":"cbaf047ef8551048038f35bd50c28100ca231c89","isMergeCommit":false,"messageTitle":"Revert \"Fix /**\"","messageBody":"This reverts commit 1580edb16983db82717a051afbc477a759762eed.\n","fileTypesAndContributionMap":{"functional-code":{"insertions":5,"deletions":2}}},{"hash":"17abca92c32b00bff3ce7cc5aa112311d5529697","isMergeCommit":false,"messageTitle":"Fix exception throwing","messageBody":"","fileTypesAndContributionMap":{"functional-code":{"insertions":2,"deletions":2}}},{"hash":"c0a77d5855d88bd9771ca48acc5b87edc0a23de9","isMergeCommit":true,"messageTitle":"Merge branch \u0027v1.0\u0027 into v1.0","messageBody":"","fileTypesAndContributionMap":{}},{"hash":"e21dbc415c39638a62447145bd604354e453afb7","isMergeCommit":false,"messageTitle":"Update UI","messageBody":"","fileTypesAndContributionMap":{"functional-code":{"insertions":45,"deletions":26}}},{"hash":"368fed095ae84dddd5ca0a7100a3b1cb41a30aa1","isMergeCommit":true,"messageTitle":"Merge branch \u0027v1.0\u0027 of https://github.com/AY2324S2-T09-4/tp into v1.0","messageBody":"# Conflicts:\n#\tsrc/main/java/seedu/pulsepilot/PulsePilot.java\n#\tsrc/main/java/ui/Handler.java\n#\tsrc/main/java/ui/Output.java\n","fileTypesAndContributionMap":{}},{"hash":"75a41084d14e35123bb4d86756271d9af46d633e","isMergeCommit":false,"messageTitle":"Update Handler, tidied code","messageBody":"","fileTypesAndContributionMap":{"functional-code":{"insertions":10,"deletions":8}}},{"hash":"885f9d288a75bbebaa19049d6ec7030ea7c756a8","isMergeCommit":true,"messageTitle":"Merge branch \u0027v1.0\u0027 of https://github.com/L5-Z/tp into v1.0","messageBody":"# Conflicts:\n#\tsrc/main/java/ui/Handler.java\n","fileTypesAndContributionMap":{}},{"hash":"b0a4c408e0e17a32fa39c57a16d6e9047adda051","isMergeCommit":false,"messageTitle":"Fix minor errors","messageBody":"","fileTypesAndContributionMap":{"functional-code":{"insertions":13,"deletions":12}}},{"hash":"ca825e42a2c89dba06a1e92927e2d18b385efa2c","isMergeCommit":true,"messageTitle":"Merge pull request #59 from L5-Z/v1.0","messageBody":"V1.0","fileTypesAndContributionMap":{}},{"hash":"3a2c8df8514090298188dd188fe313563308163e","isMergeCommit":false,"messageTitle":"Clear BMI and Period ArrayList","messageBody":"","fileTypesAndContributionMap":{"functional-code":{"insertions":8,"deletions":0}}},{"hash":"54dd725d7dbb4e13ad4e270962e15ad20379fc04","isMergeCommit":false,"messageTitle":"Update cases for checkTypeOfExercise","messageBody":"","fileTypesAndContributionMap":{"functional-code":{"insertions":4,"deletions":0},"test-code":{"insertions":1,"deletions":1}}},{"hash":"00ef440db0d7cfe70fc8c2618be7b28ab911d02a","isMergeCommit":false,"messageTitle":"Add exit message","messageBody":"","fileTypesAndContributionMap":{"functional-code":{"insertions":4,"deletions":1}}},{"hash":"7b3c402aba8dc556fef009c9df6f7e00ab375f0c","isMergeCommit":false,"messageTitle":"Update test code","messageBody":"","fileTypesAndContributionMap":{"test-code":{"insertions":119,"deletions":18}}},{"hash":"b95761fe2b1556602f5803bda0284b9b0696160c","isMergeCommit":true,"messageTitle":"Merge branch \u0027v1.0\u0027 of https://github.com/AY2324S2-T09-4/tp into v1.0","messageBody":"","fileTypesAndContributionMap":{}},{"hash":"04bf643ceba29d42441834232ef4f2a952a3b19c","isMergeCommit":false,"messageTitle":"Update HandlerTest to account for new response","messageBody":"","fileTypesAndContributionMap":{"test-code":{"insertions":1,"deletions":1}}},{"hash":"4c7a4f88afc1a8cc7ef4bd978528482cc689c5ce","isMergeCommit":false,"messageTitle":"Update JUnit for Handler","messageBody":"","fileTypesAndContributionMap":{"functional-code":{"insertions":11,"deletions":1},"test-code":{"insertions":31,"deletions":17}}},{"hash":"8aab808246f8c64519ff7b361fd852f58ba8c722","isMergeCommit":true,"messageTitle":"Merge tag \u0027v1.0\u0027","messageBody":"","fileTypesAndContributionMap":{}}]},{"date":"2024-03-21","commitResults":[{"hash":"34311faac8b9c29f19ae3b6633f63ff75c228c1b","isMergeCommit":true,"messageTitle":"Merge pull request #69 from syj02/master","messageBody":"Add assertion","fileTypesAndContributionMap":{}},{"hash":"b9e07c896e0cd009b6458884b4005565b0f9993f","isMergeCommit":true,"messageTitle":"Merge branch \u0027master\u0027 of https://github.com/AY2324S2-T09-4/tp","messageBody":"","fileTypesAndContributionMap":{}},{"hash":"c2695d4ef6b8686fc4d7d87cee3b1803f3a61ae5","isMergeCommit":false,"messageTitle":"Refactor and tidied constants","messageBody":"","fileTypesAndContributionMap":{"functional-code":{"insertions":338,"deletions":320},"test-code":{"insertions":38,"deletions":46}}},{"hash":"72c1c305037e314cbab4a6af721fb37c8ebb1a6c","isMergeCommit":true,"messageTitle":"Merge branch \u0027master\u0027 of https://github.com/AY2324S2-T09-4/tp","messageBody":"","fileTypesAndContributionMap":{}},{"hash":"54b4042f57c8f65bcba7230b47299baec7218635","isMergeCommit":false,"messageTitle":"Fix IDE import overwrite and checkstyle errors","messageBody":"","fileTypesAndContributionMap":{"functional-code":{"insertions":37,"deletions":9}}}]},{"date":"2024-03-22","commitResults":[{"hash":"692f82135258db142ade34c4f14410c24e5ec52e","isMergeCommit":true,"messageTitle":"Merge pull request #71 from L5-Z/master","messageBody":"Refactor and tidied constants","fileTypesAndContributionMap":{}}]}],"raajamani":[{"date":"2024-03-15","commitResults":[{"hash":"4173428abbb91da31939c181df244992e900aba4","isMergeCommit":false,"messageTitle":"Storage Class and StorageTest","messageBody":"","fileTypesAndContributionMap":{"functional-code":{"insertions":15,"deletions":0},"test-code":{"insertions":22,"deletions":0}}},{"hash":"4b03c77a466f62f4bf11a4ab95b8a314c6620e98","isMergeCommit":false,"messageTitle":"Storage class","messageBody":"","fileTypesAndContributionMap":{"functional-code":{"insertions":2,"deletions":1}}},{"hash":"4877f3d12e0c0c5cc799b5b66b9f744bbf7b719e","isMergeCommit":false,"messageTitle":"Update StorageTest.java","messageBody":"","fileTypesAndContributionMap":{"test-code":{"insertions":1,"deletions":14}}},{"hash":"67c1737e04d8244e520bf06b8fb95c5b9f8e6144","isMergeCommit":false,"messageTitle":"StorageTest","messageBody":"","fileTypesAndContributionMap":{"test-code":{"insertions":0,"deletions":15}}},{"hash":"33f2de6887df08c20a3ea6f3a928b077a479be80","isMergeCommit":true,"messageTitle":"Merge branch \u0027master\u0027 of https://github.com/raajamani/tp","messageBody":"# Conflicts:\n#\tsrc/test/java/storage/StorageTest.java\n","fileTypesAndContributionMap":{}},{"hash":"d566cdee2147c3ecb8fad534d46a4d6083a50f27","isMergeCommit":false,"messageTitle":"StorageTest","messageBody":"","fileTypesAndContributionMap":{"test-code":{"insertions":8,"deletions":0}}},{"hash":"864e333d7aabda2526ba86e4cbe131734ace8b5d","isMergeCommit":false,"messageTitle":"1","messageBody":"","fileTypesAndContributionMap":{"test-code":{"insertions":0,"deletions":3}}},{"hash":"6ba5eb97d56aaa4132dba248a8e0a2a91905abdb","isMergeCommit":true,"messageTitle":"Merge pull request #30 from raajamani/master","messageBody":"Storage","fileTypesAndContributionMap":{}}]},{"date":"2024-03-21","commitResults":[{"hash":"c2ed920a06e207743e9522f7fa0b784b2ed628f8","isMergeCommit":false,"messageTitle":"Storage Assertions","messageBody":"","fileTypesAndContributionMap":{"functional-code":{"insertions":44,"deletions":3}}},{"hash":"42ba6f8041d9599a6ebc72ab9efbf87b8a287fc5","isMergeCommit":true,"messageTitle":"Merge branch \u0027master\u0027","messageBody":"","fileTypesAndContributionMap":{}},{"hash":"04a6760462bd2ec4027013a5ffde18d50ade5f95","isMergeCommit":true,"messageTitle":"1","messageBody":"","fileTypesAndContributionMap":{}},{"hash":"b3ca7c682eacc54eb6e97fa80b46034ca7dfea96","isMergeCommit":false,"messageTitle":"Storage Assertions","messageBody":"","fileTypesAndContributionMap":{"functional-code":{"insertions":1,"deletions":1}}},{"hash":"262af1cfc096cb671ecf33112f3f03db5057f69a","isMergeCommit":false,"messageTitle":"Storage Assertions v0.2","messageBody":"","fileTypesAndContributionMap":{"functional-code":{"insertions":4,"deletions":1}}},{"hash":"b2b5ca01232b80cfc4d0ae8e02e23119c64d8b55","isMergeCommit":true,"messageTitle":"Merge pull request #70 from raajamani/master","messageBody":"Assertions","fileTypesAndContributionMap":{}}]}],"syj02":[{"date":"2024-03-07","commitResults":[{"hash":"69b234def99925b02f6070cb9bc0ef2504a7d121","isMergeCommit":false,"messageTitle":"Update AboutUs.md Add Ying Jia AboutUs","messageBody":"","fileTypesAndContributionMap":{"docs":{"insertions":3,"deletions":7}}},{"hash":"48dbc1f5d7038ffdddd2feee98dc725d495825b9","isMergeCommit":true,"messageTitle":"Merge branch \u0027master\u0027 into YingJia-AboutUs","messageBody":"","fileTypesAndContributionMap":{}},{"hash":"0ba4eb4ebeb1f5b361de2e8fce93f500c48206cd","isMergeCommit":true,"messageTitle":"Merge pull request #5 from syj02/YingJia-AboutUs","messageBody":"Update AboutUs.md","fileTypesAndContributionMap":{}}]},{"date":"2024-03-13","commitResults":[{"hash":"81d863d3aa0ec2465701becd2bbdffe83a087bcb","isMergeCommit":true,"messageTitle":"Merge pull request #11 from j013n3/JoleneYingJia-BMI","messageBody":"","fileTypesAndContributionMap":{}}]},{"date":"2024-03-15","commitResults":[{"hash":"f65e99c2e0901f274028f8f16d1021431ca5e0c9","isMergeCommit":false,"messageTitle":"Rename BMI class to Bmi Rename class name to fit coding conventions","messageBody":"","fileTypesAndContributionMap":{"other":{"insertions":0,"deletions":0}}},{"hash":"5277f6e0f5272b55d1b37d544bb7dd71f8bdd734","isMergeCommit":false,"messageTitle":"Relabel variables and methods names in Bmi class Relabel names to fit coding convetions","messageBody":"","fileTypesAndContributionMap":{"functional-code":{"insertions":14,"deletions":14}}},{"hash":"345f3e887db9ca5fe157f5e69b032a162bff1b83","isMergeCommit":false,"messageTitle":"Fix call of method Fix call of printBmiCategory method due to rename of the method","messageBody":"","fileTypesAndContributionMap":{"functional-code":{"insertions":1,"deletions":1}}},{"hash":"7f5e03b50f28bfd87c64c04a1ab7243371a18104","isMergeCommit":false,"messageTitle":"Add JUnit Test for Bmi class","messageBody":"","fileTypesAndContributionMap":{"test-code":{"insertions":63,"deletions":0}}},{"hash":"389958aa32c3ba055a5e01a9841ad5d00dfd152e","isMergeCommit":true,"messageTitle":"Merge branch \u0027master\u0027 into YingJia-JUnitTest","messageBody":"","fileTypesAndContributionMap":{}},{"hash":"e5bc8217be11b01175a2ff79584093922b81f30e","isMergeCommit":false,"messageTitle":"Modify code to fit coding conventions Split BmiTest line 31to multiple lines to ensure less than 120 characters per line","messageBody":"","fileTypesAndContributionMap":{"test-code":{"insertions":4,"deletions":1}}},{"hash":"23c39f431cfce764d4de6950e60cb41e59a97920","isMergeCommit":true,"messageTitle":"Merge branch \u0027master\u0027 of https://github.com/AY2324S2-T09-4/tp into YingJia-JUnitTest","messageBody":"","fileTypesAndContributionMap":{}},{"hash":"ca9af594cd1ce9d2b87b656540a4a73d86f44dac","isMergeCommit":true,"messageTitle":"Merge branch \u0027v0.2\u0027 of https://github.com/AY2324S2-T09-4/tp into YingJia-JUnitTest","messageBody":"","fileTypesAndContributionMap":{}},{"hash":"b8e757fe8718b2211226207c2ef4d78851cbdfa8","isMergeCommit":false,"messageTitle":"Rename parameter to fit coding conventions Rename parameter for Bmi class printBmiCategory method","messageBody":"","fileTypesAndContributionMap":{"functional-code":{"insertions":5,"deletions":5}}},{"hash":"6fcbc2688a835f4474db4300f0ec7d8c97281224","isMergeCommit":true,"messageTitle":"Merge branch \u0027YingJia-JUnitTest\u0027 of https://github.com/syj02/tp into YingJia-JUnitTest","messageBody":"","fileTypesAndContributionMap":{}},{"hash":"49fc7dad64ddad74938a8d72ae5291f3aa4b400d","isMergeCommit":true,"messageTitle":"Merge pull request #32 from syj02/YingJia-JUnitTest","messageBody":"Add BmiTest","fileTypesAndContributionMap":{}},{"hash":"177627b40fbdaef46b8d99f6140334fa66180b99","isMergeCommit":true,"messageTitle":"Merge pull request #33 from AY2324S2-CS2113T-T09-4/v0.2","messageBody":"Add BmiTest","fileTypesAndContributionMap":{}}]},{"date":"2024-03-18","commitResults":[{"hash":"3b6d4d4f1dc37318cba3999ed78361e3a59ddc38","isMergeCommit":false,"messageTitle":"Add HealthList class Add HealthList to keep track of Health objects","messageBody":"","fileTypesAndContributionMap":{"functional-code":{"insertions":26,"deletions":0}}},{"hash":"6a700a873932e062bf4684aa488cbb9a1434d551","isMergeCommit":false,"messageTitle":"Modify Bmi methods and HandleHealth","messageBody":"","fileTypesAndContributionMap":{"functional-code":{"insertions":148,"deletions":88},"test-code":{"insertions":7,"deletions":8}}},{"hash":"f9f52cdbf1889c1999b40b7fe4712601dd198b11","isMergeCommit":false,"messageTitle":"Modify code to fit gradle checkStyle Remove unneccessary newlines and fix the correct indentations","messageBody":"","fileTypesAndContributionMap":{"functional-code":{"insertions":8,"deletions":20},"test-code":{"insertions":19,"deletions":0}}},{"hash":"8904cc98bd19e95b9b0fb54a7480e33525dbed93","isMergeCommit":true,"messageTitle":"Merge pull request #46 from syj02/YingJia-UpdateHealth","messageBody":"Update Health","fileTypesAndContributionMap":{}}]},{"date":"2024-03-19","commitResults":[{"hash":"a86d98f6f1c29aaa39e293a848b23cf76aa50782","isMergeCommit":false,"messageTitle":"Fix type of variable in Bmi Remove static from variables to make sure they are just instance such that it can be accessed correctly","messageBody":"","fileTypesAndContributionMap":{"functional-code":{"insertions":79,"deletions":4}}},{"hash":"3889984cea213df4d300eda8fe9fc591b15e0389","isMergeCommit":false,"messageTitle":"Remove extra newline","messageBody":"","fileTypesAndContributionMap":{"functional-code":{"insertions":0,"deletions":1}}},{"hash":"0f379727d16db4543e26f34e8701adb00b0d88f9","isMergeCommit":false,"messageTitle":"Add method to show history of bmi","messageBody":"","fileTypesAndContributionMap":{"functional-code":{"insertions":6,"deletions":0}}},{"hash":"e6dd055f19947ad169f38ffdd8f6a092607c97c5","isMergeCommit":false,"messageTitle":"Modify method to use constants instead of magic strings","messageBody":"","fileTypesAndContributionMap":{"functional-code":{"insertions":1,"deletions":1}}},{"hash":"190c53670a372b4d95c20800e82f3d8cab94aeee","isMergeCommit":false,"messageTitle":"Modify to the correct offset for Bmi parameters","messageBody":"","fileTypesAndContributionMap":{"functional-code":{"insertions":2,"deletions":0}}},{"hash":"1e350490db40fb432abdb2341e25c84a0c3cca05","isMergeCommit":false,"messageTitle":"Add JUnit Test for showBmiHistory method in BmiTest","messageBody":"","fileTypesAndContributionMap":{"test-code":{"insertions":25,"deletions":0}}},{"hash":"e0596ba8aa2e552df0ca35c1a99d8af191e2a0b2","isMergeCommit":false,"messageTitle":"Add Period class to track menstrual cycle","messageBody":"","fileTypesAndContributionMap":{"functional-code":{"insertions":21,"deletions":28}}},{"hash":"08de923570555921ab567a46b5a4c09fb478915e","isMergeCommit":false,"messageTitle":"Remove extra newlines","messageBody":"","fileTypesAndContributionMap":{"functional-code":{"insertions":0,"deletions":2}}},{"hash":"e4fe2d509310be7977dedacf74398d8ead32851f","isMergeCommit":false,"messageTitle":"Add ArrayList\u003cPeriod\u003e to track all periods added","messageBody":"","fileTypesAndContributionMap":{"functional-code":{"insertions":10,"deletions":0}}},{"hash":"0a2bef5676e23169752ab313e53372851cbe94d2","isMergeCommit":false,"messageTitle":"Add Period handler and constants required","messageBody":"","fileTypesAndContributionMap":{"functional-code":{"insertions":14,"deletions":3}}},{"hash":"46ea80961237b0e981a865c54728a7daff52f700","isMergeCommit":false,"messageTitle":"Add JUnit Test for Period * Test calculatePeriodLength * Test showLatestPeriod","messageBody":"","fileTypesAndContributionMap":{"test-code":{"insertions":72,"deletions":0}}},{"hash":"cfa411aaf85ade2de8814a64cb626dea641b317c","isMergeCommit":false,"messageTitle":"Modify BmiTest for showCurrentBmi Modify parameters for new Bmi object to have clearer test results","messageBody":"","fileTypesAndContributionMap":{"test-code":{"insertions":2,"deletions":2}}},{"hash":"655e06da663c8923daec5ed590ec5f567f999ce6","isMergeCommit":true,"messageTitle":"Merge pull request #54 from syj02/YingJia-v1.0","messageBody":"Add Period tracker, Update BmiTest","fileTypesAndContributionMap":{}}]},{"date":"2024-03-21","commitResults":[{"hash":"27c4a7c283def2010c53763cb55ada36605cacbc","isMergeCommit":false,"messageTitle":"Remove magic strings to fit coding conventions Remove magic strings from and modify to use constants in UiConstant: * Bmi class * Health class * HealthList class * Period class Add in the constants in the UiConstant","messageBody":"","fileTypesAndContributionMap":{"functional-code":{"insertions":25,"deletions":18}}},{"hash":"96c0d62e4700118e5ba4363e72be629f86a06c7e","isMergeCommit":false,"messageTitle":"Remove magic string from HealthList","messageBody":"","fileTypesAndContributionMap":{"functional-code":{"insertions":1,"deletions":1}}},{"hash":"e14192ea51b080402fe0978a88867662a36ce170","isMergeCommit":false,"messageTitle":"Add assertion in Period and exception in Handler Add assertion and exception to make code more defensive","messageBody":"","fileTypesAndContributionMap":{"functional-code":{"insertions":10,"deletions":0}}},{"hash":"b849bb7e3302d300d5f7808a5cfb85b12cbe3c30","isMergeCommit":false,"messageTitle":"Add getEndDate method in Period","messageBody":"","fileTypesAndContributionMap":{"functional-code":{"insertions":5,"deletions":0}}},{"hash":"5058ff2d52a7532708aedf763992e7b089e242ed","isMergeCommit":false,"messageTitle":"Add JavaDoc documentation for Period","messageBody":"","fileTypesAndContributionMap":{"functional-code":{"insertions":12,"deletions":0}}},{"hash":"5a916c9a0a56d6fec54aba554b75876b802a9850","isMergeCommit":false,"messageTitle":"Add assertion for calculatePeriodLength Ensure startDate of period does not come after endDate of period","messageBody":"","fileTypesAndContributionMap":{"functional-code":{"insertions":1,"deletions":0}}},{"hash":"4fa469ba7b5d16196b936d0e983bd40d7260f766","isMergeCommit":false,"messageTitle":"Remove newline character and use system separator","messageBody":"","fileTypesAndContributionMap":{"functional-code":{"insertions":3,"deletions":1}}}]}]},"authorFileTypeContributionMap":{"j013n3":{"docs":21,"functional-code":156,"test-code":154},"JustinSoh":{"docs":2,"functional-code":366,"test-code":284,"other":1},"rouvinerh":{"docs":240,"functional-code":772,"test-code":373,"other":2},"L5-Z":{"docs":1,"functional-code":666,"test-code":180},"raajamani":{"docs":0,"functional-code":60,"test-code":5},"syj02":{"docs":1,"functional-code":168,"test-code":134}},"authorContributionVariance":{"j013n3":9611.009,"JustinSoh":42667.387,"rouvinerh":111451.5,"L5-Z":32687.2,"raajamani":305.12244,"syj02":6054.0767},"authorDisplayNameMap":{"j013n3":"CS2113T-T09-4 CHEO..LENE","JustinSoh":"CS2113T-T09-4 JUST.. HAO","rouvinerh":"CS2113T-T09-4 ERH ..UVIN","L5-Z":"CS2113T-T09-4 MUHA..IZAL","raajamani":"CS2113T-T09-4 R M ..MANI","syj02":"CS2113T-T09-4 SOH ..JIA)"}}
