{"authorDailyContributionsMap":{"j013n3":[{"date":"2024-03-07","commitResults":[{"hash":"60373f40076cf83e8d789720ed2c91d576e88ef6","isMergeCommit":false,"messageTitle":"Update AboutUs.md","messageBody":"","fileTypesAndContributionMap":{"docs":{"insertions":4,"deletions":7}}},{"hash":"8318e3143d8a8ad1c72f3d90b39568e65b938c57","isMergeCommit":true,"messageTitle":"Merge branch \u0027master\u0027 into Jolene-AboutUs","messageBody":"","fileTypesAndContributionMap":{}}]},{"date":"2024-03-12","commitResults":[{"hash":"7e29a1fee5ab70b23ec6b9c4158b3a9261f19aff","isMergeCommit":false,"messageTitle":"Create BMI class","messageBody":"","fileTypesAndContributionMap":{"functional-code":{"insertions":42,"deletions":0}}},{"hash":"35b3d39c11b00db4204fa8733b93690fc5b72e5a","isMergeCommit":false,"messageTitle":"Create Health class","messageBody":"","fileTypesAndContributionMap":{"functional-code":{"insertions":24,"deletions":0}}},{"hash":"92f6d7860edbdd71498ba652f89588200b5254f3","isMergeCommit":false,"messageTitle":"Update Health class","messageBody":"","fileTypesAndContributionMap":{"functional-code":{"insertions":7,"deletions":0}}},{"hash":"183e33f1d4c46593f26795c036f3fc9b59d08ad4","isMergeCommit":false,"messageTitle":"Create Parser class","messageBody":"","fileTypesAndContributionMap":{"functional-code":{"insertions":9,"deletions":0}}},{"hash":"54e2c058b8d76c25b788d067568675c76b09f6ff","isMergeCommit":false,"messageTitle":"Add setHeightAndWeight method to Parser","messageBody":"","fileTypesAndContributionMap":{"functional-code":{"insertions":27,"deletions":1}}},{"hash":"abe530ceffa73056e3606856ec9424a84c86478b","isMergeCommit":false,"messageTitle":"Add JavaDoc as comments for health package","messageBody":"","fileTypesAndContributionMap":{"functional-code":{"insertions":11,"deletions":11}}},{"hash":"ebd746249bfd860e597ff7638b2c316ed37a614f","isMergeCommit":false,"messageTitle":"Edit Health and BMI","messageBody":"","fileTypesAndContributionMap":{"functional-code":{"insertions":2,"deletions":2}}}]},{"date":"2024-03-13","commitResults":[{"hash":"61c41d40702e840217c3760ef7182a0e510d9f9e","isMergeCommit":false,"messageTitle":"Create BMI class","messageBody":"","fileTypesAndContributionMap":{"functional-code":{"insertions":42,"deletions":0}}},{"hash":"175db3e1a0392346035857901951d34f857ff1ca","isMergeCommit":false,"messageTitle":"Create Health class","messageBody":"","fileTypesAndContributionMap":{"functional-code":{"insertions":24,"deletions":0}}},{"hash":"502471ebf08f3f172dca6ce863852b54b009d4be","isMergeCommit":false,"messageTitle":"Update Health class","messageBody":"","fileTypesAndContributionMap":{"functional-code":{"insertions":7,"deletions":0}}},{"hash":"8b75b461e899600a4155a3359f1a46c3088fe224","isMergeCommit":false,"messageTitle":"Create Parser class","messageBody":"","fileTypesAndContributionMap":{"functional-code":{"insertions":9,"deletions":0}}},{"hash":"91080749090414804ae9ea7a7194ea25ee3d4398","isMergeCommit":false,"messageTitle":"Add setHeightAndWeight method to Parser","messageBody":"","fileTypesAndContributionMap":{"functional-code":{"insertions":27,"deletions":1}}},{"hash":"9e3beacd1e3581ad0632e3a621346b2f6f95c89e","isMergeCommit":false,"messageTitle":"Add JavaDoc as comments for health package","messageBody":"","fileTypesAndContributionMap":{"functional-code":{"insertions":11,"deletions":11}}},{"hash":"41556d4cfee47554be4314d7bf4b148822ecacd2","isMergeCommit":false,"messageTitle":"Edit Health and BMI","messageBody":"","fileTypesAndContributionMap":{"functional-code":{"insertions":2,"deletions":2}}}]},{"date":"2024-03-14","commitResults":[{"hash":"f2dd156a7f246ba19a2b814d8c69d1ac2bc4edd8","isMergeCommit":false,"messageTitle":"Create BMI class and add methods","messageBody":"","fileTypesAndContributionMap":{"functional-code":{"insertions":42,"deletions":0}}},{"hash":"ad3d2a470ef89ee1a9f35806a910527ebbfcf298","isMergeCommit":false,"messageTitle":"Create Health","messageBody":"","fileTypesAndContributionMap":{"functional-code":{"insertions":31,"deletions":0}}},{"hash":"e7d4598c6432362a0987fdf4026a33bfc33b66cf","isMergeCommit":false,"messageTitle":"Create Parser class and add method","messageBody":"","fileTypesAndContributionMap":{"functional-code":{"insertions":35,"deletions":0}}},{"hash":"2e614873f8afa4aad6e1701c282110f20c1cd364","isMergeCommit":false,"messageTitle":"Move method into BMI class","messageBody":"","fileTypesAndContributionMap":{"functional-code":{"insertions":0,"deletions":35}}},{"hash":"c5b3dd6a1f28e8ac274ff527514953db62b90951","isMergeCommit":false,"messageTitle":"Add method in Health","messageBody":"","fileTypesAndContributionMap":{"functional-code":{"insertions":28,"deletions":0}}},{"hash":"5a1628419327806c3cafba1ef5fd0f3b0391cc56","isMergeCommit":false,"messageTitle":"Edit to handle height, weight and BMI commands","messageBody":"","fileTypesAndContributionMap":{"functional-code":{"insertions":11,"deletions":3}}}]},{"date":"2024-03-15","commitResults":[{"hash":"d9c87fd1160f45a62d11d83650c8705baf817ecf","isMergeCommit":true,"messageTitle":"Merge branch \u0027master\u0027 of https://github.com/AY2324S2-T09-4/tp into Update-health","messageBody":"","fileTypesAndContributionMap":{}},{"hash":"1a56c598000c47c1fb97d9a64779c34e5763b034","isMergeCommit":false,"messageTitle":"Modify call method name","messageBody":"","fileTypesAndContributionMap":{"functional-code":{"insertions":2,"deletions":2}}},{"hash":"43f8803ec80dd64562779229cf538995d82aed75","isMergeCommit":false,"messageTitle":"Fix syntax in Handler class Remove extra semicolon","messageBody":"","fileTypesAndContributionMap":{"functional-code":{"insertions":1,"deletions":1}}},{"hash":"d536d6cd82b7c0d3effb01ad9ee41d9a8b6a911d","isMergeCommit":false,"messageTitle":"Add JUnit Test for BmiTest","messageBody":"","fileTypesAndContributionMap":{"test-code":{"insertions":36,"deletions":0}}}]}],"JustinSoh":[{"date":"2024-03-07","commitResults":[{"hash":"46d0e773113bb94337f875067e4997f06283607d","isMergeCommit":false,"messageTitle":"add Justin AboutUs","messageBody":"","fileTypesAndContributionMap":{"docs":{"insertions":3,"deletions":7}}},{"hash":"84aea577c9e1d524ad45f67a4ce63d43d9b20f65","isMergeCommit":true,"messageTitle":"Merge branch \u0027master\u0027 into Justin-AboutUs","messageBody":"","fileTypesAndContributionMap":{}},{"hash":"d456081d8a2290476b5ea40fc731a07c7597bf11","isMergeCommit":true,"messageTitle":"Merge pull request #2 from JustinSoh/Justin-AboutUs","messageBody":"add Justin AboutUs","fileTypesAndContributionMap":{}},{"hash":"4d95f96478c15d7df480df70a11eb5af1d381f6e","isMergeCommit":true,"messageTitle":"Merge pull request #3 from j013n3/Jolene-AboutUs","messageBody":"Update Jolene AboutUs.md","fileTypesAndContributionMap":{}}]},{"date":"2024-03-11","commitResults":[{"hash":"f4b6e05e151b3414bb46cab65a2c194b905d343b","isMergeCommit":false,"messageTitle":"Add printHistory and printLatestRun","messageBody":"- added ParserTest\n- added Parser class for printing\n","fileTypesAndContributionMap":{"functional-code":{"insertions":183,"deletions":5},"test-code":{"insertions":57,"deletions":0}}},{"hash":"558ef91e41af15af86e33346cbffe14414f980f8","isMergeCommit":true,"messageTitle":"Merge pull request #6 from L5-Z/Handler","messageBody":"Add Command Handler implementation","fileTypesAndContributionMap":{}}]},{"date":"2024-03-12","commitResults":[{"hash":"8df1093133d65926dbd5b3296b8746881f84cdbf","isMergeCommit":false,"messageTitle":"Move Parser into Output","messageBody":"Add errorhandling for OutofBound Printing\n","fileTypesAndContributionMap":{"functional-code":{"insertions":94,"deletions":67},"test-code":{"insertions":24,"deletions":24}}},{"hash":"4aeff79dd2233f067aa17af8e01f6bfd8c3021c6","isMergeCommit":false,"messageTitle":"Add Date Parameter in Output","messageBody":"","fileTypesAndContributionMap":{"functional-code":{"insertions":14,"deletions":4}}},{"hash":"17dca9c84f87d39db43f305dc6a132b71397c6e5","isMergeCommit":true,"messageTitle":"Merge pull request #7 from rouvinerh/master","messageBody":"Add Workout and Run classes","fileTypesAndContributionMap":{}}]},{"date":"2024-03-13","commitResults":[{"hash":"aa78b308107c4ace2f754cc0cb0a85ae27cab65e","isMergeCommit":true,"messageTitle":"Merge remote-tracking branch \u0027AY2324S2-T09-4/master\u0027","messageBody":"","fileTypesAndContributionMap":{}},{"hash":"ccfca95176114cc6d5353337c4f239ae2e8fd9c9","isMergeCommit":false,"messageTitle":"Revert \"Merge remote-tracking branch \u0027AY2324S2-T09-4/master\u0027\"","messageBody":"This reverts commit aa78b308107c4ace2f754cc0cb0a85ae27cab65e, reversing\nchanges made to 4aeff79dd2233f067aa17af8e01f6bfd8c3021c6.\n","fileTypesAndContributionMap":{"functional-code":{"insertions":0,"deletions":108}}},{"hash":"5030a323ac5201897fc826061cd16f578cd6323f","isMergeCommit":false,"messageTitle":"Revert \"Merge remote-tracking branch \u0027AY2324S2-T09-4/master\u0027\"","messageBody":"This reverts commit aa78b308107c4ace2f754cc0cb0a85ae27cab65e, reversing\nchanges made to 4aeff79dd2233f067aa17af8e01f6bfd8c3021c6.\n","fileTypesAndContributionMap":{"functional-code":{"insertions":0,"deletions":108}}},{"hash":"93d043ea9c35b1f890e3b7af5e6682f1a3683c42","isMergeCommit":false,"messageTitle":"add error handling printHistory and latestRun","messageBody":"- add test cases for it\n","fileTypesAndContributionMap":{"functional-code":{"insertions":50,"deletions":31},"other":{"insertions":39,"deletions":2},"test-code":{"insertions":12,"deletions":0}}},{"hash":"d5efa816cb7d9349add2d646706d83c9af9ca690","isMergeCommit":true,"messageTitle":"Merge branch \u0027master\u0027 of https://github.com/JustinSoh/tp","messageBody":"","fileTypesAndContributionMap":{}}]},{"date":"2024-03-14","commitResults":[{"hash":"6a44268c2047101f0e11b7463bf1698f36b979e4","isMergeCommit":false,"messageTitle":"add testCases for WorkoutList","messageBody":"","fileTypesAndContributionMap":{"functional-code":{"insertions":48,"deletions":47},"test-code":{"insertions":146,"deletions":0}}},{"hash":"b909359968f5cbfdbafc42e01ff7e604adf8d5d7","isMergeCommit":false,"messageTitle":"cleanup formatting and magic string","messageBody":"","fileTypesAndContributionMap":{"functional-code":{"insertions":33,"deletions":22}}},{"hash":"31d4ef9f4f8879bc11a7e44a3ac7498fc920cca7","isMergeCommit":false,"messageTitle":"cleanup checkStyle","messageBody":"","fileTypesAndContributionMap":{"test-code":{"insertions":5,"deletions":7}}},{"hash":"2d729b4ed23d70136be0ed7c06fe681cae7fc4a4","isMergeCommit":true,"messageTitle":"Merge pull request #19 from L5-Z/Handler","messageBody":"Update bot outputs and add getRun method","fileTypesAndContributionMap":{}},{"hash":"c6a279dc630feefec5c4b7f0f53dffb8ce54e183","isMergeCommit":true,"messageTitle":"Merge pull request #23 from j013n3/YingJiaJolene-BMI","messageBody":"Health - BMI","fileTypesAndContributionMap":{}}]},{"date":"2024-03-15","commitResults":[{"hash":"273dfc97298fff434f40990aa51193613480cdfe","isMergeCommit":true,"messageTitle":"Merge pull request #34 from j013n3/Update-health","messageBody":"Update handler class for health ","fileTypesAndContributionMap":{}},{"hash":"14c1deae34c182ee63e221f413ca32ac4c55c45e","isMergeCommit":true,"messageTitle":"Merge pull request #35 from j013n3/JUnit-Test","messageBody":"Update BmiTest","fileTypesAndContributionMap":{}}]}],"rouvinerh":[{"date":"2024-03-07","commitResults":[{"hash":"019c4f8d426889134f43e92beed2bb252ceef4c4","isMergeCommit":false,"messageTitle":"Update docs/README.md","messageBody":"","fileTypesAndContributionMap":{"docs":{"insertions":1,"deletions":1}}},{"hash":"b2bf1405a87801a44863ab4fca2ccc4596ff8ad0","isMergeCommit":false,"messageTitle":"Update AboutUs.md","messageBody":"","fileTypesAndContributionMap":{"docs":{"insertions":3,"deletions":7}}},{"hash":"627b5874be8234ef9017436591d542d588c9126f","isMergeCommit":true,"messageTitle":"Merge pull request #1 from rouvinerh/rouvinErh-AboutUs","messageBody":"Update AboutUs.md","fileTypesAndContributionMap":{}}]},{"date":"2024-03-10","commitResults":[{"hash":"4370c132c8069ce59708b5d5682895a586f3c97e","isMergeCommit":true,"messageTitle":"Merge branch \u0027master\u0027 of https://github.com/rouvinerh/tp","messageBody":"","fileTypesAndContributionMap":{}},{"hash":"025549eaeddbcf86b8df1be841d00b4cee0038f7","isMergeCommit":false,"messageTitle":"Add Workout and Run class","messageBody":"","fileTypesAndContributionMap":{"functional-code":{"insertions":134,"deletions":0}}}]},{"date":"2024-03-11","commitResults":[{"hash":"723e9f0d2cfd19ec34810fb16ce06f8ff0a21357","isMergeCommit":true,"messageTitle":"Merge pull request #1 from JustinSoh/master","messageBody":"Add PrintHistory and PrintLatestRun","fileTypesAndContributionMap":{}},{"hash":"dd1fdc29143b1a61a76e48379954f6cb561efffd","isMergeCommit":true,"messageTitle":"Merge branch \u0027master\u0027 into rouvin-AddRun","messageBody":"","fileTypesAndContributionMap":{}},{"hash":"325b46d3fc25cad733e526a30cf13f064ad47d62","isMergeCommit":false,"messageTitle":"Fix parseDate","messageBody":"","fileTypesAndContributionMap":{"functional-code":{"insertions":10,"deletions":13}}},{"hash":"991fe323c62cfefebb87891ab5281c97ea7931f6","isMergeCommit":true,"messageTitle":"Merge branch \u0027rouvin-AddRun\u0027","messageBody":"","fileTypesAndContributionMap":{}},{"hash":"7d3fa25a294c34a393ebb33e1d03a6a0d8bd937a","isMergeCommit":true,"messageTitle":"Merge branch \u0027pr/6\u0027","messageBody":"","fileTypesAndContributionMap":{}},{"hash":"57e03f6e36e81c4b924562b0fd8cd25cbd318866","isMergeCommit":false,"messageTitle":"Move constants into Utility","messageBody":"","fileTypesAndContributionMap":{"functional-code":{"insertions":10,"deletions":12}}},{"hash":"9225386633a737ed407cdee6bc6e2c5ecce43af2","isMergeCommit":false,"messageTitle":"Rename package and constants","messageBody":"","fileTypesAndContributionMap":{"functional-code":{"insertions":2,"deletions":2},"other":{"insertions":12,"deletions":17}}},{"hash":"bdfaf79e021769b3a49c6541a9c3f8843367e7f6","isMergeCommit":false,"messageTitle":"Fix hour handling","messageBody":"","fileTypesAndContributionMap":{"functional-code":{"insertions":32,"deletions":21},"test-code":{"insertions":9,"deletions":6}}}]},{"date":"2024-03-12","commitResults":[{"hash":"3c71677351c7d5768ce43ba79792bb657ddc3f25","isMergeCommit":true,"messageTitle":"Merge pull request #2 from JustinSoh/master","messageBody":"Moved Parser into util/output","fileTypesAndContributionMap":{}},{"hash":"3e9252edaa030733b903fc483469b74e9f0fd204","isMergeCommit":false,"messageTitle":"Fix JUnit Test for output","messageBody":"","fileTypesAndContributionMap":{"functional-code":{"insertions":15,"deletions":10},"test-code":{"insertions":30,"deletions":24}}},{"hash":"f7a9be09ce95c495b23ec9126e35309e3f41211c","isMergeCommit":false,"messageTitle":"Fix for checkstyle","messageBody":"","fileTypesAndContributionMap":{"functional-code":{"insertions":12,"deletions":21},"test-code":{"insertions":5,"deletions":5}}},{"hash":"fadd62c421ddc7fd0c5fc41dee1beb8df05208e6","isMergeCommit":false,"messageTitle":"Fix indents","messageBody":"","fileTypesAndContributionMap":{"functional-code":{"insertions":14,"deletions":14}}},{"hash":"b3f96a7cc81ba94b952c122177ce0b867bcf4edb","isMergeCommit":false,"messageTitle":"Fix Javadoc","messageBody":"","fileTypesAndContributionMap":{"functional-code":{"insertions":0,"deletions":16}}}]},{"date":"2024-03-14","commitResults":[{"hash":"9ae9b2bb6be1459a84a4c6922be8d69327225fa1","isMergeCommit":false,"messageTitle":"Add gym, WorkoutTest and RunTest","messageBody":"","fileTypesAndContributionMap":{"functional-code":{"insertions":116,"deletions":22},"test-code":{"insertions":88,"deletions":1}}},{"hash":"ae921ec7fe1b04e978529efd6bb581c8909b60cd","isMergeCommit":false,"messageTitle":"Fix test cases","messageBody":"","fileTypesAndContributionMap":{"functional-code":{"insertions":17,"deletions":19},"test-code":{"insertions":14,"deletions":12}}},{"hash":"37021b1720b715b659d0ebc98a5e6f60217dba4e","isMergeCommit":false,"messageTitle":"Add cleanup for tests and fix checkstyle","messageBody":"","fileTypesAndContributionMap":{"functional-code":{"insertions":0,"deletions":4},"other":{"insertions":10,"deletions":10},"test-code":{"insertions":4,"deletions":4}}},{"hash":"0ceec4108353e29807a4a53ba497d396d64fde9e","isMergeCommit":true,"messageTitle":"Merge pull request #24 from rouvinerh/v0.2","messageBody":"Add gym, WorkoutTest and RunTest to v0.2","fileTypesAndContributionMap":{}},{"hash":"9a35971bf1462e677ed28f674a489d37bdca6a5a","isMergeCommit":true,"messageTitle":"Merge pull request #25 from AY2324S2-CS2113T-T09-4/v0.2","messageBody":"Add Gym, WorkoutTest and RunTest","fileTypesAndContributionMap":{}},{"hash":"78f0ccd117aca64669215c62f4d5351c166aaf5b","isMergeCommit":true,"messageTitle":"Merge pull request #3 from rouvinerh/v0.2","messageBody":"Add v0.2","fileTypesAndContributionMap":{}},{"hash":"7f09f9931fc12c2a0b4ca6b35d63ec747be98321","isMergeCommit":false,"messageTitle":"Add Run exception test and handling","messageBody":"","fileTypesAndContributionMap":{"functional-code":{"insertions":59,"deletions":27},"test-code":{"insertions":23,"deletions":15}}},{"hash":"4631439d4074219b7ea8a876aff5d692ae43930f","isMergeCommit":true,"messageTitle":"Merge pull request #27 from rouvinerh/v0.2","messageBody":"Add Run exception test and handling","fileTypesAndContributionMap":{}}]},{"date":"2024-03-16","commitResults":[{"hash":"b0d5ff745ce05bd87cf9a0ba0ab0f382671912db","isMergeCommit":true,"messageTitle":"Merge branch \u0027master\u0027 of https://github.com/AY2324S2-CS2113T-T09-4/tp","messageBody":"","fileTypesAndContributionMap":{}},{"hash":"59ead06055282aef85f774090efcc7abe625f83b","isMergeCommit":false,"messageTitle":"Update UG","messageBody":"","fileTypesAndContributionMap":{"docs":{"insertions":96,"deletions":17}}},{"hash":"d197b867187621ed2d07367e7b15ce613a712cf4","isMergeCommit":false,"messageTitle":"Fix BMI checkstyle","messageBody":"","fileTypesAndContributionMap":{"functional-code":{"insertions":3,"deletions":3}}},{"hash":"571c492bc01cb32248095911bbc680db1608f1cf","isMergeCommit":true,"messageTitle":"Merge pull request #36 from rouvinerh/master","messageBody":"Update UG template ","fileTypesAndContributionMap":{}}]}],"L5-Z":[{"date":"2024-03-07","commitResults":[{"hash":"9b55b7c22266d5b3d709e164c50828804232a13c","isMergeCommit":false,"messageTitle":"Add name to AboutUs.md","messageBody":"","fileTypesAndContributionMap":{"docs":{"insertions":4,"deletions":7}}},{"hash":"247cfa8ec56b783ca58440136922dc991de4a4f9","isMergeCommit":true,"messageTitle":"Merge branch \u0027master\u0027 into Alfaatih-AboutUs","messageBody":"","fileTypesAndContributionMap":{}},{"hash":"f6174b95b98a97966b8442367d9be6e30420a0c5","isMergeCommit":true,"messageTitle":"Merge pull request #4 from L5-Z/Alfaatih-AboutUs","messageBody":"Update AboutUs.md","fileTypesAndContributionMap":{}},{"hash":"627da8f5e9485d84aefb78ad4689573bbe7be26e","isMergeCommit":false,"messageTitle":"Create Enum Command.java","messageBody":"","fileTypesAndContributionMap":{"functional-code":{"insertions":4,"deletions":0}}}]},{"date":"2024-03-11","commitResults":[{"hash":"f11c9961b7a37d8150045b815168e58684a6d64b","isMergeCommit":false,"messageTitle":"Add commands to Enum","messageBody":"","fileTypesAndContributionMap":{"functional-code":{"insertions":15,"deletions":0}}},{"hash":"1f9e12ef938151018738576a4a17dfa1fa284c9c","isMergeCommit":false,"messageTitle":"Add command handler Handler.java","messageBody":"","fileTypesAndContributionMap":{"functional-code":{"insertions":166,"deletions":0}}},{"hash":"a1cf8a9104699527fcd088c52809d0821a057d08","isMergeCommit":true,"messageTitle":"Merge branch \u0027master\u0027 of https://github.com/AY2324S2-T09-4/tp into Handler","messageBody":"","fileTypesAndContributionMap":{}},{"hash":"e5438fe7d20388d5cebbd34f92e684e40f900495","isMergeCommit":false,"messageTitle":"Fix: Commented out pending implementations temporarily","messageBody":"","fileTypesAndContributionMap":{"functional-code":{"insertions":11,"deletions":13}}},{"hash":"042085e7702213761f4dbac7867f9d6c08cf2996","isMergeCommit":false,"messageTitle":"Refactor into ui package","messageBody":"","fileTypesAndContributionMap":{"other":{"insertions":4,"deletions":4}}},{"hash":"183e7b5c79a3951ea149dfc0ce5dae4f485251a1","isMergeCommit":false,"messageTitle":"Update main function","messageBody":"","fileTypesAndContributionMap":{"functional-code":{"insertions":8,"deletions":3}}},{"hash":"05053ffc68b1c8efbcbadca43bc997dea2b7274a","isMergeCommit":false,"messageTitle":"Create Output.java","messageBody":"","fileTypesAndContributionMap":{"functional-code":{"insertions":4,"deletions":0}}},{"hash":"c0f1cefa140ab7198a530367ca3bcb289113e5ca","isMergeCommit":false,"messageTitle":"Create Constant.java","messageBody":"","fileTypesAndContributionMap":{"functional-code":{"insertions":2,"deletions":0},"other":{"insertions":0,"deletions":0}}},{"hash":"a95852c7d2ff8d6dfc202028bab32af9ff5ef6f1","isMergeCommit":false,"messageTitle":"Update Constant.java","messageBody":"","fileTypesAndContributionMap":{"functional-code":{"insertions":7,"deletions":1}}},{"hash":"25d68b6cf0a82a9f0a97ccbc40d09b59bb2bd08a","isMergeCommit":false,"messageTitle":"Update Handler","messageBody":"","fileTypesAndContributionMap":{"functional-code":{"insertions":2,"deletions":2}}},{"hash":"9a03149a3f4a3d7365f53037a115ae7e428ce7ed","isMergeCommit":false,"messageTitle":"Refactor enum into utility package from ui","messageBody":"","fileTypesAndContributionMap":{"functional-code":{"insertions":1,"deletions":1}}},{"hash":"8f4a918415351b2387f369d9f348ed7ff4139164","isMergeCommit":false,"messageTitle":"Update with print ouputs","messageBody":"","fileTypesAndContributionMap":{"functional-code":{"insertions":26,"deletions":0}}},{"hash":"b3142416ba9d92ae921923e72c0e43963fc99b36","isMergeCommit":false,"messageTitle":"Fix: NoSuchElementException","messageBody":"","fileTypesAndContributionMap":{"functional-code":{"insertions":9,"deletions":6}}}]},{"date":"2024-03-14","commitResults":[{"hash":"944be28bf74dd2b228a04f2f85aa5331d8098d5a","isMergeCommit":true,"messageTitle":"Merge pull request #12 from JustinSoh/master","messageBody":"Add WorkoutList Test and Cleanup Magic String","fileTypesAndContributionMap":{}},{"hash":"9c0b951a39c9e068f97d48fb899f0d473034f006","isMergeCommit":false,"messageTitle":"Update printHelp","messageBody":"","fileTypesAndContributionMap":{"functional-code":{"insertions":2,"deletions":1}}},{"hash":"6443286d5c487b8cb9b2ee1bcd39229a4dfabf21","isMergeCommit":true,"messageTitle":"Merge branch \u0027v0.1\u0027 of https://github.com/AY2324S2-T09-4/tp into Handler","messageBody":"","fileTypesAndContributionMap":{}},{"hash":"321393f6fa0cf37be2b902a1e1dd65c6e23a3e28","isMergeCommit":false,"messageTitle":"Update bot outputs","messageBody":"","fileTypesAndContributionMap":{"functional-code":{"insertions":19,"deletions":10}}},{"hash":"308788a1faae5067e8f806e65df2395f26bd6662","isMergeCommit":false,"messageTitle":"Add getRun method","messageBody":"","fileTypesAndContributionMap":{"functional-code":{"insertions":54,"deletions":12}}},{"hash":"4b3a819ca8d6c479e65c369962f4dad2cb58716a","isMergeCommit":false,"messageTitle":"Fix gradle errors","messageBody":"","fileTypesAndContributionMap":{"functional-code":{"insertions":0,"deletions":1}}},{"hash":"3c52fa605d5c9b8f02300e734c49600ea171a29d","isMergeCommit":false,"messageTitle":"Fix gradle errors","messageBody":"","fileTypesAndContributionMap":{"functional-code":{"insertions":0,"deletions":2}}},{"hash":"0df6c7f07a171fd1d4870225b8a1c59fa142b62e","isMergeCommit":true,"messageTitle":"Merge branch \u0027Handler\u0027 of https://github.com/L5-Z/tp into Handler","messageBody":"","fileTypesAndContributionMap":{}},{"hash":"cd75b3d31526f4419d5e2f8fdfe00a474fd1c98f","isMergeCommit":false,"messageTitle":"Fix gradle error","messageBody":"","fileTypesAndContributionMap":{"functional-code":{"insertions":1,"deletions":1}}},{"hash":"add2691c4677570ef22fc865c366bdd20d1235c5","isMergeCommit":true,"messageTitle":"Merge pull request #20 from AY2324S2-CS2113T-T09-4/v0.1","messageBody":"Integrate V0.1 into V1.0 ","fileTypesAndContributionMap":{}},{"hash":"1aa898ec94b6178f7c6b6e85602b868f32f83472","isMergeCommit":false,"messageTitle":"Add JUnit test for Handler.java","messageBody":"","fileTypesAndContributionMap":{"test-code":{"insertions":117,"deletions":2}}},{"hash":"3c7491159f1b1c73c7916246d75fb685a4e40500","isMergeCommit":false,"messageTitle":"Fix JUnit test cases","messageBody":"","fileTypesAndContributionMap":{"functional-code":{"insertions":18,"deletions":5},"test-code":{"insertions":9,"deletions":6}}},{"hash":"76cf4681b193fe51ae58b52e2133cd8840fdcf0b","isMergeCommit":false,"messageTitle":"Fix for gradle build error","messageBody":"","fileTypesAndContributionMap":{"test-code":{"insertions":6,"deletions":2}}},{"hash":"b4a3beb9cc39635187ddc53ec0b3c666eceb57c4","isMergeCommit":false,"messageTitle":"Fix for gradle build error","messageBody":"","fileTypesAndContributionMap":{"test-code":{"insertions":3,"deletions":3}}},{"hash":"35aa727994e6209ac1799bf0f3d621063974f2df","isMergeCommit":false,"messageTitle":"Fix gradle errors","messageBody":"","fileTypesAndContributionMap":{"test-code":{"insertions":2,"deletions":2}}},{"hash":"f03a9d58795ac4058a5e8ffa3012f273e3a195d9","isMergeCommit":false,"messageTitle":"Fix for gradle build error","messageBody":"","fileTypesAndContributionMap":{"test-code":{"insertions":0,"deletions":82}}},{"hash":"0a22bee335be1cdfb1c5174381136aed850e179f","isMergeCommit":true,"messageTitle":"Merge pull request #26 from L5-Z/JUnit","messageBody":"Add JUnit test for Handler.java","fileTypesAndContributionMap":{}}]}],"raajamani":[{"date":"2024-03-15","commitResults":[{"hash":"4173428abbb91da31939c181df244992e900aba4","isMergeCommit":false,"messageTitle":"Storage Class and StorageTest","messageBody":"","fileTypesAndContributionMap":{"functional-code":{"insertions":15,"deletions":0},"test-code":{"insertions":22,"deletions":0}}},{"hash":"4b03c77a466f62f4bf11a4ab95b8a314c6620e98","isMergeCommit":false,"messageTitle":"Storage class","messageBody":"","fileTypesAndContributionMap":{"functional-code":{"insertions":2,"deletions":1}}},{"hash":"4877f3d12e0c0c5cc799b5b66b9f744bbf7b719e","isMergeCommit":false,"messageTitle":"Update StorageTest.java","messageBody":"","fileTypesAndContributionMap":{"test-code":{"insertions":1,"deletions":14}}},{"hash":"67c1737e04d8244e520bf06b8fb95c5b9f8e6144","isMergeCommit":false,"messageTitle":"StorageTest","messageBody":"","fileTypesAndContributionMap":{"test-code":{"insertions":0,"deletions":15}}},{"hash":"33f2de6887df08c20a3ea6f3a928b077a479be80","isMergeCommit":true,"messageTitle":"Merge branch \u0027master\u0027 of https://github.com/raajamani/tp","messageBody":"# Conflicts:\n#\tsrc/test/java/storage/StorageTest.java\n","fileTypesAndContributionMap":{}},{"hash":"d566cdee2147c3ecb8fad534d46a4d6083a50f27","isMergeCommit":false,"messageTitle":"StorageTest","messageBody":"","fileTypesAndContributionMap":{"test-code":{"insertions":8,"deletions":0}}},{"hash":"864e333d7aabda2526ba86e4cbe131734ace8b5d","isMergeCommit":false,"messageTitle":"1","messageBody":"","fileTypesAndContributionMap":{"test-code":{"insertions":0,"deletions":3}}},{"hash":"6ba5eb97d56aaa4132dba248a8e0a2a91905abdb","isMergeCommit":true,"messageTitle":"Merge pull request #30 from raajamani/master","messageBody":"Storage","fileTypesAndContributionMap":{}}]}],"syj02":[{"date":"2024-03-07","commitResults":[{"hash":"69b234def99925b02f6070cb9bc0ef2504a7d121","isMergeCommit":false,"messageTitle":"Update AboutUs.md Add Ying Jia AboutUs","messageBody":"","fileTypesAndContributionMap":{"docs":{"insertions":3,"deletions":7}}},{"hash":"48dbc1f5d7038ffdddd2feee98dc725d495825b9","isMergeCommit":true,"messageTitle":"Merge branch \u0027master\u0027 into YingJia-AboutUs","messageBody":"","fileTypesAndContributionMap":{}},{"hash":"0ba4eb4ebeb1f5b361de2e8fce93f500c48206cd","isMergeCommit":true,"messageTitle":"Merge pull request #5 from syj02/YingJia-AboutUs","messageBody":"Update AboutUs.md","fileTypesAndContributionMap":{}}]},{"date":"2024-03-13","commitResults":[{"hash":"81d863d3aa0ec2465701becd2bbdffe83a087bcb","isMergeCommit":true,"messageTitle":"Merge pull request #11 from j013n3/JoleneYingJia-BMI","messageBody":"","fileTypesAndContributionMap":{}}]},{"date":"2024-03-15","commitResults":[{"hash":"f65e99c2e0901f274028f8f16d1021431ca5e0c9","isMergeCommit":false,"messageTitle":"Rename BMI class to Bmi Rename class name to fit coding conventions","messageBody":"","fileTypesAndContributionMap":{"other":{"insertions":0,"deletions":0}}},{"hash":"5277f6e0f5272b55d1b37d544bb7dd71f8bdd734","isMergeCommit":false,"messageTitle":"Relabel variables and methods names in Bmi class Relabel names to fit coding convetions","messageBody":"","fileTypesAndContributionMap":{"functional-code":{"insertions":14,"deletions":14}}},{"hash":"345f3e887db9ca5fe157f5e69b032a162bff1b83","isMergeCommit":false,"messageTitle":"Fix call of method Fix call of printBmiCategory method due to rename of the method","messageBody":"","fileTypesAndContributionMap":{"functional-code":{"insertions":1,"deletions":1}}},{"hash":"7f5e03b50f28bfd87c64c04a1ab7243371a18104","isMergeCommit":false,"messageTitle":"Add JUnit Test for Bmi class","messageBody":"","fileTypesAndContributionMap":{"test-code":{"insertions":63,"deletions":0}}},{"hash":"389958aa32c3ba055a5e01a9841ad5d00dfd152e","isMergeCommit":true,"messageTitle":"Merge branch \u0027master\u0027 into YingJia-JUnitTest","messageBody":"","fileTypesAndContributionMap":{}},{"hash":"e5bc8217be11b01175a2ff79584093922b81f30e","isMergeCommit":false,"messageTitle":"Modify code to fit coding conventions Split BmiTest line 31to multiple lines to ensure less than 120 characters per line","messageBody":"","fileTypesAndContributionMap":{"test-code":{"insertions":4,"deletions":1}}},{"hash":"23c39f431cfce764d4de6950e60cb41e59a97920","isMergeCommit":true,"messageTitle":"Merge branch \u0027master\u0027 of https://github.com/AY2324S2-T09-4/tp into YingJia-JUnitTest","messageBody":"","fileTypesAndContributionMap":{}},{"hash":"ca9af594cd1ce9d2b87b656540a4a73d86f44dac","isMergeCommit":true,"messageTitle":"Merge branch \u0027v0.2\u0027 of https://github.com/AY2324S2-T09-4/tp into YingJia-JUnitTest","messageBody":"","fileTypesAndContributionMap":{}},{"hash":"b8e757fe8718b2211226207c2ef4d78851cbdfa8","isMergeCommit":false,"messageTitle":"Rename parameter to fit coding conventions Rename parameter for Bmi class printBmiCategory method","messageBody":"","fileTypesAndContributionMap":{"functional-code":{"insertions":5,"deletions":5}}},{"hash":"6fcbc2688a835f4474db4300f0ec7d8c97281224","isMergeCommit":true,"messageTitle":"Merge branch \u0027YingJia-JUnitTest\u0027 of https://github.com/syj02/tp into YingJia-JUnitTest","messageBody":"","fileTypesAndContributionMap":{}},{"hash":"49fc7dad64ddad74938a8d72ae5291f3aa4b400d","isMergeCommit":true,"messageTitle":"Merge pull request #32 from syj02/YingJia-JUnitTest","messageBody":"Add BmiTest","fileTypesAndContributionMap":{}},{"hash":"177627b40fbdaef46b8d99f6140334fa66180b99","isMergeCommit":true,"messageTitle":"Merge pull request #33 from AY2324S2-CS2113T-T09-4/v0.2","messageBody":"Add BmiTest","fileTypesAndContributionMap":{}}]}]},"authorFileTypeContributionMap":{"j013n3":{"docs":1,"functional-code":98,"test-code":36},"JustinSoh":{"docs":2,"functional-code":192,"test-code":209},"rouvinerh":{"docs":91,"functional-code":288,"test-code":142},"L5-Z":{"docs":1,"functional-code":301,"test-code":44},"raajamani":{"docs":0,"functional-code":16,"test-code":5},"syj02":{"docs":1,"functional-code":11,"test-code":66}},"authorContributionVariance":{"j013n3":2686.6655,"JustinSoh":11848.421,"rouvinerh":10162.8545,"L5-Z":8352.646,"raajamani":272.85825,"syj02":485.15692},"authorDisplayNameMap":{"j013n3":"CS2113T-T09-4 CHEO..LENE","JustinSoh":"CS2113T-T09-4 JUST.. HAO","rouvinerh":"CS2113T-T09-4 ERH ..UVIN","L5-Z":"CS2113T-T09-4 MUHA..IZAL","raajamani":"CS2113T-T09-4 R M ..MANI","syj02":"CS2113T-T09-4 SOH ..JIA)"}}
