{"authorDailyContributionsMap":{"1simjustin":[{"date":"2024-03-07","commitResults":[{"hash":"ea86c931176a243d7009997c78fbaf2d7c1b186b","isMergeCommit":false,"messageTitle":"test","messageBody":"","fileTypesAndContributionMap":{"docs":{"insertions":1,"deletions":5}}},{"hash":"34ea4cfe9c4667c052ac23326802a031b30fcea0","isMergeCommit":true,"messageTitle":"Merge branch \u0027master\u0027 of https://github.com/AY2324S2-CS2113-T15-1/tp into test/merge-conflict","messageBody":"","fileTypesAndContributionMap":{}},{"hash":"961833e6bff9d785d93c374b07d58ac26b2600c2","isMergeCommit":false,"messageTitle":"Update AboutUs","messageBody":"","fileTypesAndContributionMap":{"docs":{"insertions":1,"deletions":1}}},{"hash":"36020a43a61c934981b82cc0d08aafc2cf8c4d45","isMergeCommit":true,"messageTitle":"Merge pull request #2 from 1simjustin/test/merge-conflict","messageBody":"Update AboutUs","fileTypesAndContributionMap":{}}]},{"date":"2024-03-09","commitResults":[{"hash":"fce6cec0db44f07732ca0da8e1250a45be76a697","isMergeCommit":false,"messageTitle":"Change package names to fit our project + build.gradle update","messageBody":"","fileTypesAndContributionMap":{"functional-code":{"insertions":5,"deletions":0},"other":{"insertions":6,"deletions":6}}},{"hash":"535e51b1eebd4b8a01f80dc09fe6a69773fd1039","isMergeCommit":false,"messageTitle":"Add exception structure","messageBody":"","fileTypesAndContributionMap":{"functional-code":{"insertions":57,"deletions":5}}},{"hash":"4b2e912821e79e07cb1fe0b20cf882aa52ec2f97","isMergeCommit":false,"messageTitle":"Create placeholder package for handlers including storage + Additional examples for exceptions + Remove unused imports","messageBody":"","fileTypesAndContributionMap":{"functional-code":{"insertions":12,"deletions":0},"other":{"insertions":9,"deletions":5}}},{"hash":"d35203f262e78ed379e74b6735aff7d94de31d63","isMergeCommit":false,"messageTitle":"Remove unused imports","messageBody":"","fileTypesAndContributionMap":{"functional-code":{"insertions":0,"deletions":7}}},{"hash":"790abfe041d63c2fa75af3b01ed582bb467fffb4","isMergeCommit":true,"messageTitle":"Merge pull request #3 from 1simjustin/dev/exceptions","messageBody":"Add format for exception messages and package for handlers","fileTypesAndContributionMap":{}}]},{"date":"2024-03-12","commitResults":[{"hash":"6529cec432569a9efa9aafff4ea5aefb24b42bf1","isMergeCommit":false,"messageTitle":"Manage packages","messageBody":"","fileTypesAndContributionMap":{"functional-code":{"insertions":4,"deletions":0},"other":{"insertions":8,"deletions":4}}}]},{"date":"2024-03-13","commitResults":[{"hash":"9e8e8b87e8216194cfb9970c88fb4466b000d76d","isMergeCommit":false,"messageTitle":"Update Transaction, MemberList + Improve transaction class design + Shift solving algo from TransactionList to MemberList as solving works on an entire group + Implement improved solving algo","messageBody":"","fileTypesAndContributionMap":{"functional-code":{"insertions":220,"deletions":150}}},{"hash":"a7cd1b1ff755b0f6b22ff0d57d0b42fe4ba09164","isMergeCommit":false,"messageTitle":"Fix bugs and minor improvements + Ordering of lines when creating subtransaction obejcts + Commented out code in development + Improve add functions for transactionlist and memberlist","messageBody":"","fileTypesAndContributionMap":{"functional-code":{"insertions":223,"deletions":161}}},{"hash":"40bc967baf7a035137fb75ed4a483b0af14d70c6","isMergeCommit":false,"messageTitle":"Fix CI","messageBody":"","fileTypesAndContributionMap":{"functional-code":{"insertions":43,"deletions":47}}},{"hash":"548eb377052026e86eb22d4a43a76bc1296f2fa0","isMergeCommit":false,"messageTitle":"Fix CI","messageBody":"","fileTypesAndContributionMap":{"functional-code":{"insertions":0,"deletions":1}}},{"hash":"0305ea6de7302708928e6faeb76feda910861c3c","isMergeCommit":false,"messageTitle":"Add JUnit tests for Member class constructor","messageBody":"","fileTypesAndContributionMap":{"functional-code":{"insertions":24,"deletions":6},"test-code":{"insertions":32,"deletions":0}}},{"hash":"6ac5f400d9dec9e4b9ccf70ea9b4046763cfebbf","isMergeCommit":false,"messageTitle":"Add TransactionList JUnit test","messageBody":"","fileTypesAndContributionMap":{"functional-code":{"insertions":9,"deletions":0},"test-code":{"insertions":59,"deletions":0}}}]},{"date":"2024-03-15","commitResults":[{"hash":"1e41af462b58e703539307a790ee5a8852ea1078","isMergeCommit":true,"messageTitle":"Merge pull request #38 from FeathersRe/master","messageBody":"Listing, findDebt and findPayement ","fileTypesAndContributionMap":{}}]}],"jing-xiang":[{"date":"2024-03-07","commitResults":[{"hash":"62154d17a722760f5d5362e68acbe66b75d8db0e","isMergeCommit":false,"messageTitle":"Update Duke.java","messageBody":"","fileTypesAndContributionMap":{"functional-code":{"insertions":1,"deletions":0}}}]},{"date":"2024-03-10","commitResults":[{"hash":"8ff54a88f8c147bafd620a94fab6acb06a381d40","isMergeCommit":true,"messageTitle":"Merge branch \u0027master\u0027 of https://github.com/AY2324S2-CS2113-T15-1/tp","messageBody":"","fileTypesAndContributionMap":{}},{"hash":"553bbc4e8e45207d3f9e29352a36614da17d8959","isMergeCommit":false,"messageTitle":"Add Transaction.java and Member.java","messageBody":"","fileTypesAndContributionMap":{"functional-code":{"insertions":69,"deletions":0}}},{"hash":"21024bb28b358491600b13eb4419c88eb945d0d6","isMergeCommit":false,"messageTitle":"Add TransactionList.java and GroupList.java","messageBody":"","fileTypesAndContributionMap":{"functional-code":{"insertions":83,"deletions":0}}},{"hash":"c623d36cc959f46073a0b3077cbc4ce59ceb289a","isMergeCommit":false,"messageTitle":"Update LongAh.java main program methods","messageBody":"","fileTypesAndContributionMap":{"functional-code":{"insertions":114,"deletions":14}}},{"hash":"fbb544aae3ae7413fe24b144c5842ce7bbae5ced","isMergeCommit":false,"messageTitle":"Add JavaDoc","messageBody":"","fileTypesAndContributionMap":{"functional-code":{"insertions":166,"deletions":4}}},{"hash":"f9baf2eee0c47e98e485904898a4aa374c7eced4","isMergeCommit":false,"messageTitle":"Fix checkstyleMain","messageBody":"","fileTypesAndContributionMap":{"functional-code":{"insertions":38,"deletions":37}}},{"hash":"5a5f1525d792ffaf5f481000c07344e5f640c6fc","isMergeCommit":false,"messageTitle":"Resolve scanner bug","messageBody":"","fileTypesAndContributionMap":{"functional-code":{"insertions":3,"deletions":0}}},{"hash":"635220cf2a61d898bf0e9a05430e7e61c1751cb2","isMergeCommit":false,"messageTitle":"Add exit feature","messageBody":"","fileTypesAndContributionMap":{"functional-code":{"insertions":1,"deletions":0}}},{"hash":"726da86910b1af0420936416ff5230c6704d2e1f","isMergeCommit":true,"messageTitle":"Merge pull request #31 from jing-xiang/implement-data-classes-and-program-flow","messageBody":"Implemented data classes and program flow\r\nUpdated tests\r\nResolved scanner bug","fileTypesAndContributionMap":{}}]},{"date":"2024-03-13","commitResults":[{"hash":"738a46976ffc824e537b629e04318fcc1cc55036","isMergeCommit":false,"messageTitle":"Update Member addToBalance and subtractFromBalance","messageBody":"","fileTypesAndContributionMap":{"functional-code":{"insertions":2,"deletions":2}}}]},{"date":"2024-03-14","commitResults":[{"hash":"f534a2fa34759ba22811f30c4224abbf20294c78","isMergeCommit":false,"messageTitle":"Add Member JUnit test cases","messageBody":"","fileTypesAndContributionMap":{"test-code":{"insertions":126,"deletions":0}}},{"hash":"2abf15d4b28a438f0e1bf583512b089478e62483","isMergeCommit":false,"messageTitle":"Update test method names","messageBody":"","fileTypesAndContributionMap":{"test-code":{"insertions":12,"deletions":12}}},{"hash":"53f34fa55129094b7f262dff845aaa15f420ab80","isMergeCommit":true,"messageTitle":"Merge pull request #37 from jing-xiang/junit-test-1","messageBody":"Junit test 1","fileTypesAndContributionMap":{}}]}],"FeathersRe":[{"date":"2024-03-15","commitResults":[{"hash":"0abd287839488dce1a49e8c179a70c3d6aaa65ce","isMergeCommit":false,"messageTitle":"Adding Listing, findDebt, findPayment","messageBody":"","fileTypesAndContributionMap":{"functional-code":{"insertions":92,"deletions":21}}},{"hash":"d8f64d22268f9599ebbc927a1e20a098c37f9d3b","isMergeCommit":true,"messageTitle":"Merge pull request #36 from 1simjustin/test/junit","messageBody":"Add TransactionList JUnit test","fileTypesAndContributionMap":{}},{"hash":"925e0864470705ddf10ece7090e7271c645fd6a7","isMergeCommit":false,"messageTitle":"JavaDocs for added functions","messageBody":"","fileTypesAndContributionMap":{"functional-code":{"insertions":34,"deletions":6}}},{"hash":"1d1eee7f5a086d4d7a4ad6fd9b8204187a8eb4ab","isMergeCommit":true,"messageTitle":"Merge branch \u0027TransactionList-Functions\u0027","messageBody":"","fileTypesAndContributionMap":{}},{"hash":"fc763796815e7c3e069bd5a2a03bd6f96f5c8d67","isMergeCommit":true,"messageTitle":"Merge pull request #1 from AY2324S2-CS2113-T15-1/master","messageBody":"Updates","fileTypesAndContributionMap":{}},{"hash":"fe070a9348565923188baa0b49f6528bc78ace2a","isMergeCommit":true,"messageTitle":"Merge branch \u0027master\u0027 of https://github.com/FeathersRe/tp","messageBody":"","fileTypesAndContributionMap":{}},{"hash":"9242b7a2609e8b5a9702c253739433251bf91f68","isMergeCommit":false,"messageTitle":"JUnit test for Listing, Finding Debts by Person, Finding Payments by Person","messageBody":"","fileTypesAndContributionMap":{"test-code":{"insertions":141,"deletions":0}}},{"hash":"dfb2d7908719f48f1ca94261b0d14016f0f46a24","isMergeCommit":true,"messageTitle":"Merge branch \u0027JUnit-test-for-added-functions\u0027","messageBody":"","fileTypesAndContributionMap":{}},{"hash":"f62675b4819a1b377da9de3e284cd9bafa24c87b","isMergeCommit":false,"messageTitle":"Code format Edits","messageBody":"","fileTypesAndContributionMap":{"functional-code":{"insertions":9,"deletions":7}}},{"hash":"a04bceea6ae0781f2141bfaebd5a549f283b0bb2","isMergeCommit":false,"messageTitle":"Test Edits","messageBody":"","fileTypesAndContributionMap":{"functional-code":{"insertions":19,"deletions":15},"test-code":{"insertions":30,"deletions":20}}},{"hash":"09767acb69a066af43787240119916a63b6022ff","isMergeCommit":false,"messageTitle":"Test edits","messageBody":"","fileTypesAndContributionMap":{"test-code":{"insertions":0,"deletions":3}}},{"hash":"fc5e99c3ced63830a385991dddc99bdfc26df83c","isMergeCommit":false,"messageTitle":"Test edits v0.2","messageBody":"","fileTypesAndContributionMap":{"functional-code":{"insertions":2,"deletions":2},"test-code":{"insertions":17,"deletions":10}}},{"hash":"dfaff33994dfb9c5d78b6039c4f4b0f56f853121","isMergeCommit":false,"messageTitle":"Test Edits v0.3","messageBody":"","fileTypesAndContributionMap":{"test-code":{"insertions":1,"deletions":1}}},{"hash":"9bfb5eb0f45762426f1c61e0d8bbd1cc9c9f9fb1","isMergeCommit":false,"messageTitle":"Test Edit v0.4","messageBody":"","fileTypesAndContributionMap":{"test-code":{"insertions":8,"deletions":0}}},{"hash":"580a1481f975621c9958bc5df574af3bd7ea4d48","isMergeCommit":false,"messageTitle":"Test Edit v0.5","messageBody":"","fileTypesAndContributionMap":{"test-code":{"insertions":2,"deletions":10}}},{"hash":"e7de06949444318b3c742714b4ea4317082794ca","isMergeCommit":false,"messageTitle":"Code Quality Edits","messageBody":"","fileTypesAndContributionMap":{"functional-code":{"insertions":16,"deletions":10},"test-code":{"insertions":1,"deletions":1}}}]}],"haowern98":[],"djleong01":[{"date":"2024-03-07","commitResults":[{"hash":"28bc01a6b0ff50067518911010aac7610dca0ffc","isMergeCommit":false,"messageTitle":"Update README.md","messageBody":"","fileTypesAndContributionMap":{"docs":{"insertions":1,"deletions":1}}},{"hash":"d5b286fb7d5e28ffdc2a44cf694a3cc9fba97636","isMergeCommit":false,"messageTitle":"Update AboutUs.md","messageBody":"","fileTypesAndContributionMap":{"docs":{"insertions":3,"deletions":7}}},{"hash":"2cf7582405a5c7ac831e89cd29c58861f8c834e3","isMergeCommit":true,"messageTitle":"Merge pull request #1 from djleong01/test-branch","messageBody":"Update AboutUs.md","fileTypesAndContributionMap":{}}]},{"date":"2024-03-13","commitResults":[{"hash":"1025ffb65c280dea7355962a364f8295f9bb7758","isMergeCommit":true,"messageTitle":"Merge pull request #33 from 1simjustin/dev/solving-algo","messageBody":"Implement General Transaction Solving Algorithm","fileTypesAndContributionMap":{}},{"hash":"edc58a7724866bc644bc7fcc31dcf55bbbc2cc5f","isMergeCommit":true,"messageTitle":"Merge pull request #35 from 1simjustin/test/junit","messageBody":"JUnit Test for Member Class Constructor","fileTypesAndContributionMap":{}}]}]},"authorFileTypeContributionMap":{"1simjustin":{"docs":1,"functional-code":468,"test-code":93,"other":2},"jing-xiang":{"docs":0,"functional-code":175,"test-code":126},"FeathersRe":{"docs":0,"functional-code":133,"test-code":155},"haowern98":{"docs":0,"functional-code":0,"test-code":0},"djleong01":{"docs":2,"functional-code":0,"test-code":0}},"authorContributionVariance":{"1simjustin":41244.703,"jing-xiang":12776.902,"FeathersRe":9913.5625,"haowern98":0.0,"djleong01":6.247932},"authorDisplayNameMap":{"1simjustin":"CS2113-T15-1 SIM ..STIN","jing-xiang":"CS2113-T15-1 CHEW..IANG","FeathersRe":"CS2113-T15-1 LIAO..NGYU","haowern98":"CS2113-T15-1 WU H..WERN","djleong01":"CS2113-T15-1 LEON.. JUN"}}
