{"authorDailyContributionsMap":{"rexyyong":[{"date":"2024-03-08","commitResults":[{"hash":"25c3805e8960d95ca126ec896a864a2cb33adc34","isMergeCommit":false,"messageTitle":"Edit AboutUs.md to include rex yong details","messageBody":"","fileTypesAndContributionMap":{"docs":{"insertions":3,"deletions":7}}}]},{"date":"2024-03-13","commitResults":[{"hash":"fb444e5c2d2fa39467a0365e8325982313c7dc15","isMergeCommit":false,"messageTitle":"Add Ui Class to with readUserInput method","messageBody":"Ui Class handles the interactions with user\nreadUserInput reads in what user keys in and according to input it calls calorieIn method to add calorie Intake\n","fileTypesAndContributionMap":{"functional-code":{"insertions":32,"deletions":0}}},{"hash":"c7d1e2184b69319c56f231828b90c2116b9c471b","isMergeCommit":false,"messageTitle":"Add Parser Class to extract input information","messageBody":"Add parseCaloriesIn method in class Parser to read in the date, time, activity, calories typed in by user\n","fileTypesAndContributionMap":{"functional-code":{"insertions":56,"deletions":0}}},{"hash":"02315f6f8df84b3dad45ae7245033d489c2bcb39","isMergeCommit":false,"messageTitle":"Include line to add newEntry data from parser into calorieArrayList","messageBody":"","fileTypesAndContributionMap":{"functional-code":{"insertions":3,"deletions":0}}},{"hash":"34592ea10c14344cebe63f4c534bb62f5d720c67","isMergeCommit":false,"messageTitle":"Include InvalidInputException handling","messageBody":"","fileTypesAndContributionMap":{"functional-code":{"insertions":17,"deletions":1}}},{"hash":"eb14cffbe68c0fab0d394e9cb83a56cd92e2562c","isMergeCommit":false,"messageTitle":"Add byeMessage method in main class","messageBody":"","fileTypesAndContributionMap":{"functional-code":{"insertions":6,"deletions":0}}},{"hash":"dd49d7efd1b89b702ddb61bd05e168e010d14f5e","isMergeCommit":false,"messageTitle":"Add javadoc in Class CalorieList for method calorieIn","messageBody":"","fileTypesAndContributionMap":{"functional-code":{"insertions":11,"deletions":0}}},{"hash":"fe6a501cc3738d2fd3cef2b7a8ed7c3b760b3bf3","isMergeCommit":false,"messageTitle":"Fix formatting error and remove unused imports","messageBody":"","fileTypesAndContributionMap":{"functional-code":{"insertions":6,"deletions":12}}},{"hash":"e734cc7c2d6cc251d2b7590aa5bd21d066d52671","isMergeCommit":false,"messageTitle":"Edit deleteCalorie method in Class CalorieList","messageBody":"","fileTypesAndContributionMap":{"functional-code":{"insertions":1,"deletions":1}}},{"hash":"b42ae27b08733902df9a63358978aae9ce2e9cc9","isMergeCommit":false,"messageTitle":"Remove unused import and redundant lines","messageBody":"","fileTypesAndContributionMap":{"functional-code":{"insertions":1,"deletions":8},"test-code":{"insertions":0,"deletions":1}}},{"hash":"f552f5df1f9ecc2ba997afab534fee4f89e9ae23","isMergeCommit":false,"messageTitle":"Remove unnecessary line","messageBody":"","fileTypesAndContributionMap":{"functional-code":{"insertions":0,"deletions":1}}},{"hash":"6a1a1b7b1cfda202537a1de47b97c4b6b9fd725e","isMergeCommit":false,"messageTitle":"Fix Could not find or load main class seedu.duke.LifeTrack error in Gradle","messageBody":"","fileTypesAndContributionMap":{"other":{"insertions":1,"deletions":1}}},{"hash":"90b8bf3fbf06af3289dd6b49d3a1beb0c31a5468","isMergeCommit":false,"messageTitle":"Edit build.gradle to fix gradle error","messageBody":"","fileTypesAndContributionMap":{"other":{"insertions":1,"deletions":1}}},{"hash":"c39506b2de8f4933466b1a87673aaed067b85c49","isMergeCommit":false,"messageTitle":"Fix error in Gradle","messageBody":"Error: Exception in thread \"main\" java.util.NoSuchElementException: No line found\n at java.base/java.util.Scanner.nextLine(Scanner.java:1651)\n at seedu.lifetrack.ui.Ui.readUserInput(Ui.java:19)\n at seedu.lifetrack.LifeTrack.main(LifeTrack.java:24)\n","fileTypesAndContributionMap":{"functional-code":{"insertions":13,"deletions":7}}},{"hash":"00af700e7c4bf238410805e7c26cca7368d5ee30","isMergeCommit":false,"messageTitle":"Fix Gradle error due to runtest.sh","messageBody":"Error: Exception in thread \"main\" java.util.NoSuchElementException: No line found\n at java.base/java.util.Scanner.nextLine(Scanner.java:1651)\n at seedu.lifetrack.LifeTrack.main(LifeTrack.java:22)\n./runtest.sh: line 14: dos2unix: command not found\n","fileTypesAndContributionMap":{"functional-code":{"insertions":3,"deletions":3}}}]},{"date":"2024-03-14","commitResults":[{"hash":"a20aaab38b56d5d67dcdbe45f86feb56187e5fc4","isMergeCommit":false,"messageTitle":"Add JUnit test for calorieIn method","messageBody":"","fileTypesAndContributionMap":{"test-code":{"insertions":29,"deletions":0}}}]},{"date":"2024-03-15","commitResults":[{"hash":"1b06b306b79dba7129e67cc4829d5f896734f674","isMergeCommit":false,"messageTitle":"Change Junit test name for calorieIn method","messageBody":"","fileTypesAndContributionMap":{"test-code":{"insertions":2,"deletions":1}}},{"hash":"32f7349b0cbeeee7561b3ede6f44d0b7bd9c8d84","isMergeCommit":true,"messageTitle":"Merge branch \u0027master\u0027 into CalorieListTest-AddCaloriesIn","messageBody":"","fileTypesAndContributionMap":{}},{"hash":"3b121be3838458d5b056e6ba8e7c31eb9304daf8","isMergeCommit":false,"messageTitle":"Add getter in Class Actitivity to access date and time","messageBody":"","fileTypesAndContributionMap":{"functional-code":{"insertions":8,"deletions":0}}},{"hash":"4d37337a216f41cce8afa236dce1dc96f2f2ef7c","isMergeCommit":false,"messageTitle":"Add getter for Entry in calorieArrayList","messageBody":"","fileTypesAndContributionMap":{"functional-code":{"insertions":6,"deletions":0}}},{"hash":"c2a43f3178c4632dd7b66626cd4fd1152b862124","isMergeCommit":false,"messageTitle":"Add addEntry test for valid inputs","messageBody":"Test calorie input entry\nTest calorie ouput entry\n","fileTypesAndContributionMap":{"test-code":{"insertions":20,"deletions":11}}},{"hash":"7be3b0f79d88a05b8bbdb96fd979da0bf93e55fd","isMergeCommit":false,"messageTitle":"Remove unused import","messageBody":"","fileTypesAndContributionMap":{"functional-code":{"insertions":0,"deletions":1}}}]},{"date":"2024-03-21","commitResults":[{"hash":"b60275754225e955bc4a004228d71674f9bd1b92","isMergeCommit":false,"messageTitle":"Add entry addedd successfully message to show on terminal","messageBody":"","fileTypesAndContributionMap":{"functional-code":{"insertions":1,"deletions":0}}},{"hash":"426eb360dae89c4a24b8a754df606d66c6c78665","isMergeCommit":false,"messageTitle":"Add new customised exception messages for adding calories entry","messageBody":"","fileTypesAndContributionMap":{"functional-code":{"insertions":10,"deletions":7}}},{"hash":"30a129cba9f06d3e49b0b5ff4f66085fe664cd63","isMergeCommit":false,"messageTitle":"Add Exception handling for macros","messageBody":"Case 1: Ensure all macro fields are filled up with integer\nCase 2: Handles case where spaces are typed with macros , eg: m/ 1     , 222    , 3\n","fileTypesAndContributionMap":{"functional-code":{"insertions":13,"deletions":4}}},{"hash":"e84d786c6f98b7c5ac8cbb9bbcd724b9fad38bbe","isMergeCommit":false,"messageTitle":"Add exception handling for blank space input for macro","messageBody":"Handle input: calories in desc/ eat yyy c/321 date/yesterday m/  ,0, 22\nThrow exception for the input\n","fileTypesAndContributionMap":{"functional-code":{"insertions":7,"deletions":0}}},{"hash":"ef1b2003a5a6070107a7e013518f13c1e5e6587b","isMergeCommit":false,"messageTitle":"Modify parseCaloriesInput method to take in description withour desc/","messageBody":"Update CalorieListTest to follow format\n","fileTypesAndContributionMap":{"functional-code":{"insertions":15,"deletions":2},"test-code":{"insertions":2,"deletions":2}}},{"hash":"cde543f74c9a02c9b3bd3d6ca678f71f4626be63","isMergeCommit":false,"messageTitle":"Update exception messages and conditions to follow removal of desc/ keyword","messageBody":"","fileTypesAndContributionMap":{"functional-code":{"insertions":8,"deletions":13}}},{"hash":"dea61b89bd5114eb61b2e2e14cc16d5b62fb3857","isMergeCommit":false,"messageTitle":"Add logic to handle wrong order of macronutrient input","messageBody":"","fileTypesAndContributionMap":{"functional-code":{"insertions":3,"deletions":4}}},{"hash":"033560bba46c013cddc03a7403a0623a72b8e847","isMergeCommit":false,"messageTitle":"Add condition to handle case where date and calories are in wrong order","messageBody":"","fileTypesAndContributionMap":{"functional-code":{"insertions":2,"deletions":1}}},{"hash":"22a665e45f31c4be155dfa9174769f42a8b2663b","isMergeCommit":false,"messageTitle":"Add exception to handle calorie out command which contains macros","messageBody":"","fileTypesAndContributionMap":{"functional-code":{"insertions":8,"deletions":1}}},{"hash":"67b65750f816eb45c5547a17922dd5e22533466e","isMergeCommit":false,"messageTitle":"Add condition to handle invalid inputs","messageBody":"","fileTypesAndContributionMap":{"functional-code":{"insertions":5,"deletions":0}}},{"hash":"dc2583f77c4d0a9413ef4f6426c40fb57e8803c2","isMergeCommit":false,"messageTitle":"Edit test case to pass gradle Edit file to solve checkstyle error","messageBody":"","fileTypesAndContributionMap":{"functional-code":{"insertions":2,"deletions":7},"test-code":{"insertions":23,"deletions":13}}},{"hash":"112d89f7cf4eb8c167192621f4651a4ce9a42496","isMergeCommit":true,"messageTitle":"Merge branch \u0027master\u0027 into moreExceptions","messageBody":"# Conflicts:\n#\tsrc/main/java/seedu/lifetrack/system/parser/ParserCalories.java\n","fileTypesAndContributionMap":{}},{"hash":"219231a24047ae7921cb21a34747e4f98562654a","isMergeCommit":false,"messageTitle":"Enable assertion for addEntry method","messageBody":"","fileTypesAndContributionMap":{"functional-code":{"insertions":1,"deletions":0},"other":{"insertions":1,"deletions":0}}},{"hash":"98c5481f923686e3af778f126f3d01c215891084","isMergeCommit":false,"messageTitle":"Add exception for invalid liquid in input","messageBody":"Handle exception when b/ or v/ not entered\nHandle excption when b/ and v/ are in wrong order\n","fileTypesAndContributionMap":{"functional-code":{"insertions":19,"deletions":0}}},{"hash":"3191a48a3cbedf9c7ff38983647ac0211bf5d315","isMergeCommit":false,"messageTitle":"Add JUnit test for ParserLiquidTest","messageBody":"Throw exception if input contains 2 beverages\nThrow exception if input contains 2 volumes\nThrow exception if beverage is missing\nThrow exception if volume is missing\nThrow exception if order of Volume and Beverage is wrong\n","fileTypesAndContributionMap":{"test-code":{"insertions":92,"deletions":0}}},{"hash":"f55825c40fe1f217eb0214fc1f3726730a3e8518","isMergeCommit":false,"messageTitle":"Edit Junit test in Class LifeTrackTest to align with changes","messageBody":"","fileTypesAndContributionMap":{"functional-code":{"insertions":1,"deletions":0},"test-code":{"insertions":12,"deletions":4}}},{"hash":"e3ef30d1660d6bd9eedc4d2e0fc5fb0d33b21047","isMergeCommit":false,"messageTitle":"Add exception handling for Class ParserLiquid","messageBody":"Handle exception when non integer values are keyed in for volume\nHandle exception when negative values are keyed in for volume\n","fileTypesAndContributionMap":{"functional-code":{"insertions":18,"deletions":5}}},{"hash":"55a82627c876cdb48cbaff9c4e56da88bdb70650","isMergeCommit":false,"messageTitle":"Add JUnit test for method parseLiquidInput","messageBody":"Throw exception when non integer value is keyed in for volume\nThrow exception when negative value is keyed in for volume\n","fileTypesAndContributionMap":{"test-code":{"insertions":31,"deletions":0}}},{"hash":"7b95f1c243248ec208f7739b31ddeaa3b9d870cc","isMergeCommit":false,"messageTitle":"Add condition in method UI to handle invalid command","messageBody":"","fileTypesAndContributionMap":{"functional-code":{"insertions":4,"deletions":1}}},{"hash":"938e957a957b86b0294cbbc94d550db4893bb406","isMergeCommit":false,"messageTitle":"Add condition to better handle invalid command entered by user","messageBody":"","fileTypesAndContributionMap":{"functional-code":{"insertions":1,"deletions":1}}},{"hash":"ad8e38ddb8a02af0d7d5d3fd58681d6692461324","isMergeCommit":false,"messageTitle":"Add assertion for method ParseLiquidInput","messageBody":"","fileTypesAndContributionMap":{"functional-code":{"insertions":2,"deletions":0}}},{"hash":"4518d8a2b1f37532450fd8f1211d8f38a6969389","isMergeCommit":true,"messageTitle":"Merge branch \u0027master\u0027 into hydrationException","messageBody":"# Conflicts:\n#\tsrc/main/java/seedu/lifetrack/system/Ui.java\n#\tsrc/main/java/seedu/lifetrack/system/parser/ParserLiquid.java\n#\tsrc/test/java/seedu/lifetrack/LifeTrackTest.java\n#\tsrc/test/java/seedu/lifetrack/ParserLiquidTest.java\n","fileTypesAndContributionMap":{}}]},{"date":"2024-03-27","commitResults":[{"hash":"7b829543f7e7fadf1b99f0680da40ffab11c2680","isMergeCommit":false,"messageTitle":"Add custom Hydration exception message for missing keywords and incorrect order","messageBody":"","fileTypesAndContributionMap":{"functional-code":{"insertions":12,"deletions":0}}},{"hash":"0ea22e40d5b8d4e5bb351c67e5a104cf029809d2","isMergeCommit":false,"messageTitle":"Edit exception in class ParserLiquid to use getHydrationMissingKeywordMessage()","messageBody":"","fileTypesAndContributionMap":{"functional-code":{"insertions":2,"deletions":3}}},{"hash":"4575b0d79ce13efb47d80f3059ac26c5d7e26e47","isMergeCommit":false,"messageTitle":"Update test in ParserLiquidTest to follow exception messages","messageBody":"","fileTypesAndContributionMap":{"test-code":{"insertions":22,"deletions":18}}},{"hash":"c3287bf75e7fd0a4c2494f5621f932f10ce9a80e","isMergeCommit":false,"messageTitle":"Update exception message for getHydrationIncorrectOrder Update JUnit test also","messageBody":"","fileTypesAndContributionMap":{"functional-code":{"insertions":2,"deletions":4},"test-code":{"insertions":3,"deletions":3}}},{"hash":"8380f79386f4ba3a811f7e4dce9d3c18debea1b9","isMergeCommit":false,"messageTitle":"Update exception message for empty description or empty volume","messageBody":"","fileTypesAndContributionMap":{"functional-code":{"insertions":9,"deletions":4},"test-code":{"insertions":23,"deletions":0}}},{"hash":"539fcf2a71f3acafd61cd5da7fd6fea52dd3f853","isMergeCommit":false,"messageTitle":"Add exception message for non positive integer value of volume","messageBody":"","fileTypesAndContributionMap":{"functional-code":{"insertions":7,"deletions":4},"test-code":{"insertions":6,"deletions":4}}}]},{"date":"2024-03-28","commitResults":[{"hash":"6ff95c5719e4eaaf2a505c88bf4ebadfa6f969c0","isMergeCommit":false,"messageTitle":"Add calories list description in developer guide","messageBody":"","fileTypesAndContributionMap":{"docs":{"insertions":4,"deletions":0}}},{"hash":"9f8c219d1438a8ed6081ddc86cccf89d14185199","isMergeCommit":false,"messageTitle":"Add PlantUML diagram for calories list feature","messageBody":"","fileTypesAndContributionMap":{"docs":{"insertions":37,"deletions":0}}},{"hash":"27f6b16ba9e1d08fc837195a41f4d65e05e77114","isMergeCommit":false,"messageTitle":"Add plantUML diagram to DeveloperGuide.md","messageBody":"","fileTypesAndContributionMap":{"docs":{"insertions":34,"deletions":1}}},{"hash":"a4138e9c9ba857c75d9683fea98cfc8fd4e500b7","isMergeCommit":false,"messageTitle":"shift CaloriesListClassDiagram ourside of docs team folder","messageBody":"","fileTypesAndContributionMap":{"docs":{"insertions":2,"deletions":0}}},{"hash":"75f52338fee30d1250202d99d8ddafd1a6b0b0df","isMergeCommit":false,"messageTitle":"Enable rendering of uml diagram on github markdown","messageBody":"","fileTypesAndContributionMap":{"docs":{"insertions":1,"deletions":35}}},{"hash":"33fc9caf51ea05b812f19044e492088c5485b07c","isMergeCommit":false,"messageTitle":"Add description for calories list feature in developer guide","messageBody":"","fileTypesAndContributionMap":{"docs":{"insertions":6,"deletions":1}}},{"hash":"119e2f8538e0c4c2ce1ae194e64fd5837c24324a","isMergeCommit":true,"messageTitle":"Merge branch \u0027master\u0027 into DevGuideRex","messageBody":"","fileTypesAndContributionMap":{}},{"hash":"976fae50e3aa9b23f15530980b9b769ab1b9f8ba","isMergeCommit":true,"messageTitle":"Merge pull request #74 from rexyyong/DevGuideRex","messageBody":"Add calories list feature for developer guide","fileTypesAndContributionMap":{}}]},{"date":"2024-03-29","commitResults":[{"hash":"45b021e2c9376374f8e1ed7847fb67641d4e273b","isMergeCommit":false,"messageTitle":"Add Date format for Class ParserCalories","messageBody":"","fileTypesAndContributionMap":{"functional-code":{"insertions":37,"deletions":9}}},{"hash":"5e8bcf04fa130219f638cf91e618ae106bec950e","isMergeCommit":false,"messageTitle":"Edit Entry Classess to accomodate to Date Format","messageBody":"","fileTypesAndContributionMap":{"functional-code":{"insertions":23,"deletions":14}}},{"hash":"37dbe8d4f30b39328ebe506ef300c08873af0b72","isMergeCommit":false,"messageTitle":"Add Date format to Class Hydration","messageBody":"","fileTypesAndContributionMap":{"functional-code":{"insertions":24,"deletions":4}}},{"hash":"46f52be2a6508361f1118ad87b3b0e5c347c1dde","isMergeCommit":false,"messageTitle":"Add Date format to Class Sleep","messageBody":"","fileTypesAndContributionMap":{"functional-code":{"insertions":23,"deletions":7}}},{"hash":"adba4844859f356fac88bb9942a60d211dcb7a65","isMergeCommit":false,"messageTitle":"Edit Class FileHandler to accomodate to LocalDate format","messageBody":"","fileTypesAndContributionMap":{"functional-code":{"insertions":4,"deletions":3}}},{"hash":"c2028677d660f88ee7ef91b8c3e3541c89af1cab","isMergeCommit":false,"messageTitle":"Edit Unit tests to accomodate to LocalDate format","messageBody":"","fileTypesAndContributionMap":{"test-code":{"insertions":49,"deletions":46}}},{"hash":"07ab5eb002bd694862614be21b72cb1872402019","isMergeCommit":false,"messageTitle":"Edot Exception messages to follow LocalDate format","messageBody":"","fileTypesAndContributionMap":{"functional-code":{"insertions":2,"deletions":2}}},{"hash":"dbece8b68453649fdd1681d8412d71b2f8d83cc9","isMergeCommit":false,"messageTitle":"Edit Class UI to follwo LocalDate format","messageBody":"","fileTypesAndContributionMap":{"functional-code":{"insertions":1,"deletions":1}}}]},{"date":"2024-04-03","commitResults":[{"hash":"59f5c47d10bb84663afa08252d9f69feabeed1e7","isMergeCommit":false,"messageTitle":"Javadocs for Class CalorieLIst","messageBody":"","fileTypesAndContributionMap":{"functional-code":{"insertions":24,"deletions":2}}},{"hash":"58541187ec96a312b4af98cb01e91e212c9d1c52","isMergeCommit":false,"messageTitle":"Add javadocs for Class ParserCalories","messageBody":"","fileTypesAndContributionMap":{"functional-code":{"insertions":85,"deletions":2}}},{"hash":"60f89dab0f7fa5f6c341b3a01beb40702596d0e6","isMergeCommit":false,"messageTitle":"Add javadocs for Class InvalidInputException","messageBody":"","fileTypesAndContributionMap":{"functional-code":{"insertions":9,"deletions":0}}},{"hash":"73b5fa795bee905aa9ac47b917daa51a2951a527","isMergeCommit":false,"messageTitle":"Add Javadocs for Class ErrorMessages","messageBody":"","fileTypesAndContributionMap":{"functional-code":{"insertions":3,"deletions":0}}},{"hash":"23928590057e06cc28356b400da5e2e0e1e86d62","isMergeCommit":false,"messageTitle":"Add Javadocs for Class InvalidInputExceptionMessages","messageBody":"","fileTypesAndContributionMap":{"functional-code":{"insertions":3,"deletions":0}}},{"hash":"8a5ef76eb7dcfa329d56bf60de7ba9cd024cddb9","isMergeCommit":false,"messageTitle":"Add javadocs for Class InputEntry","messageBody":"","fileTypesAndContributionMap":{"functional-code":{"insertions":20,"deletions":0}}},{"hash":"e59110d4a388dab7a3ef91d8a385df2fa4675af9","isMergeCommit":false,"messageTitle":"Add jacadocs for Class OutputEntry","messageBody":"","fileTypesAndContributionMap":{"functional-code":{"insertions":19,"deletions":1}}},{"hash":"bc04e738e2b0803c2f7251fa0d2b2ecc2afa0180","isMergeCommit":true,"messageTitle":"Merge pull request #98 from rexyyong/v2.0_javadocs","messageBody":"Add javadocs for Calories","fileTypesAndContributionMap":{}},{"hash":"967923778e3e9ba55e2bc879f930bedf325c08c9","isMergeCommit":false,"messageTitle":"Edit user UserGuide","messageBody":"Add quick links\nAdd calories in details\nAdd calories out details\nAdd calories list details\nAdd command summary\n","fileTypesAndContributionMap":{"docs":{"insertions":63,"deletions":13}}},{"hash":"92f1f3648e86927b51ffa4dac4cca45e2e3a80e1","isMergeCommit":true,"messageTitle":"Merge pull request #100 from rexyyong/RexUG","messageBody":"Edit user UserGuide","fileTypesAndContributionMap":{}},{"hash":"f7ae93798b799d35ddd16844199959fc5ffda2b5","isMergeCommit":false,"messageTitle":"Edit developer guide","messageBody":"","fileTypesAndContributionMap":{"docs":{"insertions":29,"deletions":1}}},{"hash":"e83e6abad7220fe08db9dbeab48cc6738e837af6","isMergeCommit":false,"messageTitle":"shift sequence diagram puml file under docs","messageBody":"","fileTypesAndContributionMap":{"docs":{"insertions":0,"deletions":0}}},{"hash":"da2cc1703c24f4833b653abc7faa128e89d3cb08","isMergeCommit":false,"messageTitle":"Display Sequence diagram on DG","messageBody":"","fileTypesAndContributionMap":{"docs":{"insertions":1,"deletions":1}}},{"hash":"bba272aa9b1114481f668f5c0043f3844cbebad3","isMergeCommit":false,"messageTitle":"Add actor in plantUML for wei xiang","messageBody":"","fileTypesAndContributionMap":{"docs":{"insertions":2,"deletions":1}}},{"hash":"6fb6e355c75119fefbb28d7180450b1831598caf","isMergeCommit":false,"messageTitle":"Show sequence diagram for CaloriesAddEntry","messageBody":"","fileTypesAndContributionMap":{"docs":{"insertions":1,"deletions":1}}},{"hash":"7c1033f44d5ecacc37964a43e67040ba066c9a2e","isMergeCommit":true,"messageTitle":"Merge pull request #102 from rexyyong/RexDG","messageBody":"Add sequence diagram into Developer guide","fileTypesAndContributionMap":{}}]}],"a-wild-chocolate":[{"date":"2024-03-08","commitResults":[{"hash":"c2d18df5ddcc987f0c7df9eb04125b572466e440","isMergeCommit":false,"messageTitle":"yanyu","messageBody":"","fileTypesAndContributionMap":{"docs":{"insertions":5,"deletions":7}}}]},{"date":"2024-03-11","commitResults":[{"hash":"0f30b0bdde365448f7b5c880d4753d4081f87c2b","isMergeCommit":true,"messageTitle":"Merge pull request #1 from AY2324S2-CS2113-F15-2/master","messageBody":"Merge to the current version","fileTypesAndContributionMap":{}},{"hash":"bf6bbe44a3d3075e3e4c5c35508f080da0cdf33e","isMergeCommit":false,"messageTitle":"add deleteCalorie","messageBody":"","fileTypesAndContributionMap":{"functional-code":{"insertions":21,"deletions":0}}},{"hash":"d1ba1960e2db5ec6447d6397c380c3f826718690","isMergeCommit":false,"messageTitle":"add successful msg.","messageBody":"","fileTypesAndContributionMap":{"functional-code":{"insertions":2,"deletions":0}}},{"hash":"f4ed49a92c03107e1be34fc02b927dce777038de","isMergeCommit":false,"messageTitle":"modify format","messageBody":"","fileTypesAndContributionMap":{"functional-code":{"insertions":1,"deletions":3}}}]},{"date":"2024-03-14","commitResults":[{"hash":"89977153a4e9347f2988dceb7782f7e155fc73f4","isMergeCommit":true,"messageTitle":"Merge pull request #2 from AY2324S2-CS2113-F15-2/master","messageBody":"Merge changes to personal branch","fileTypesAndContributionMap":{}},{"hash":"9c9883f818ae0b30437c23ba09a403693928a938","isMergeCommit":false,"messageTitle":"Add testDeleteCalorie Junit test function","messageBody":"","fileTypesAndContributionMap":{"test-code":{"insertions":31,"deletions":0}}},{"hash":"5fe3e3fbe33ab5b1ef243c141e92618178a3ea3c","isMergeCommit":false,"messageTitle":"Remove unused import","messageBody":"","fileTypesAndContributionMap":{"test-code":{"insertions":0,"deletions":1}}},{"hash":"197143c1600d31fc46ebfe8dc5e220d72c042b4f","isMergeCommit":false,"messageTitle":"Fix gradle issue","messageBody":"","fileTypesAndContributionMap":{"test-code":{"insertions":6,"deletions":6}}}]},{"date":"2024-03-19","commitResults":[{"hash":"7b47c5b3d4007061ecd3ef08e4bea09b570c53e2","isMergeCommit":true,"messageTitle":"Merge pull request #3 from AY2324S2-CS2113-F15-2/master","messageBody":"update to current version","fileTypesAndContributionMap":{}}]},{"date":"2024-03-21","commitResults":[{"hash":"b97f39a3d3977e0ae44ea4a2b82bb8967dbfc645","isMergeCommit":false,"messageTitle":"add logger","messageBody":"","fileTypesAndContributionMap":{"functional-code":{"insertions":11,"deletions":6}}},{"hash":"aefd9d26f91eaf5b4819ca1d48f0e2e33301e21f","isMergeCommit":true,"messageTitle":"Merge pull request #5 from AY2324S2-CS2113-F15-2/master","messageBody":"Update to current version","fileTypesAndContributionMap":{}},{"hash":"a8ec5fea868a692851697a7a96b5fb317ca0e6aa","isMergeCommit":false,"messageTitle":"add logger","messageBody":"","fileTypesAndContributionMap":{"functional-code":{"insertions":7,"deletions":5}}},{"hash":"1bd0569c2396823ec739306a8c6913facbfd8bac","isMergeCommit":false,"messageTitle":"add logger to LiquidList.java","messageBody":"","fileTypesAndContributionMap":{"functional-code":{"insertions":7,"deletions":5}}},{"hash":"de86dc8e0a91bd7852296cb69d7d9848438a3367","isMergeCommit":false,"messageTitle":"fix gradle","messageBody":"","fileTypesAndContributionMap":{"functional-code":{"insertions":4,"deletions":2}}},{"hash":"fdfd22536d6bd829f04d21ddb5c28c3e761fefee","isMergeCommit":false,"messageTitle":"fix gradle","messageBody":"","fileTypesAndContributionMap":{"functional-code":{"insertions":4,"deletions":4}}},{"hash":"7fa771d94bb7c9c4c7766992fccac29b7705a5b3","isMergeCommit":false,"messageTitle":"fix gradle","messageBody":"","fileTypesAndContributionMap":{"functional-code":{"insertions":8,"deletions":8}}},{"hash":"7fc27168d7ce23be6a4b82a1e0fb1ba329bdbb4c","isMergeCommit":true,"messageTitle":"Merge remote-tracking branch \u0027origin/master\u0027","messageBody":"# Conflicts:\n#\tsrc/main/java/seedu/lifetrack/calories/calorielist/CalorieList.java\n","fileTypesAndContributionMap":{}},{"hash":"0f661b4540742d57a407319bbb4f1e9104aa06ee","isMergeCommit":true,"messageTitle":"Merge branch \u0027master\u0027 into yanyu","messageBody":"# Conflicts:\n#\tsrc/main/java/seedu/lifetrack/calories/calorielist/CalorieList.java\n#\tsrc/main/java/seedu/lifetrack/liquids/liquidlist/LiquidList.java\n","fileTypesAndContributionMap":{}},{"hash":"e2d4562b112b24bbc392df03e9665eac2cd04f1e","isMergeCommit":false,"messageTitle":"fix gradle","messageBody":"","fileTypesAndContributionMap":{"functional-code":{"insertions":0,"deletions":3}}},{"hash":"263595399bbb30d7bc3d6a9d91467f3c0b19e895","isMergeCommit":false,"messageTitle":"add calories delete assert","messageBody":"","fileTypesAndContributionMap":{"functional-code":{"insertions":2,"deletions":0}}},{"hash":"a4f90a4ade39b6fd60c68229ce1211a78ed6d878","isMergeCommit":false,"messageTitle":"fix test","messageBody":"","fileTypesAndContributionMap":{"test-code":{"insertions":4,"deletions":4}}},{"hash":"12f4b046e1d168a5bdbb51e50252e437b989011a","isMergeCommit":true,"messageTitle":"Merge pull request #45 from a-wild-chocolate/yanyu","messageBody":"Add logger","tags":["v1.1"],"fileTypesAndContributionMap":{}}]},{"date":"2024-03-25","commitResults":[{"hash":"03abd95d480c39d2f07094db7b42b6eceda0b820","isMergeCommit":false,"messageTitle":"fix logger","messageBody":"","fileTypesAndContributionMap":{"functional-code":{"insertions":21,"deletions":6}}},{"hash":"63f40e285fde7cc0c47678709a15769219678361","isMergeCommit":false,"messageTitle":"fix gradle problem","messageBody":"","fileTypesAndContributionMap":{"functional-code":{"insertions":2,"deletions":1}}},{"hash":"bad46cd3e763bcefb419b24d6350b33e541b1bfe","isMergeCommit":true,"messageTitle":"Merge pull request #59 from a-wild-chocolate/master","messageBody":"Fix logger","fileTypesAndContributionMap":{}}]},{"date":"2024-03-26","commitResults":[{"hash":"2bd1b1fe71fdba9175ea2a5e4beadc756a684369","isMergeCommit":false,"messageTitle":"Add sleep feature","messageBody":"","fileTypesAndContributionMap":{"functional-code":{"insertions":185,"deletions":4},"test-code":{"insertions":153,"deletions":1}}},{"hash":"bc49ee7a07ff4d369ce3893201e05a7131604f0b","isMergeCommit":false,"messageTitle":"modify sleep add input command format","messageBody":"","fileTypesAndContributionMap":{"functional-code":{"insertions":4,"deletions":4},"test-code":{"insertions":14,"deletions":14}}},{"hash":"d54a9c090d8d431c9c9a5e0726c956921dc95a62","isMergeCommit":false,"messageTitle":"modify sleep add input command format in ui","messageBody":"","fileTypesAndContributionMap":{"functional-code":{"insertions":1,"deletions":1}}}]},{"date":"2024-03-27","commitResults":[{"hash":"05f7c30e05e0b91509999b57f7a2b49857b99fb9","isMergeCommit":true,"messageTitle":"Merge pull request #60 from a-wild-chocolate/master","messageBody":"Add Sleep Feature","fileTypesAndContributionMap":{}}]},{"date":"2024-03-28","commitResults":[{"hash":"caa88bc413ffb0cf95da27d58d73a044a232a1bb","isMergeCommit":false,"messageTitle":"add delete calories feature into DeveloperGuide","messageBody":"","fileTypesAndContributionMap":{"docs":{"insertions":23,"deletions":3}}},{"hash":"706c7d11de44452eef39cca650ed122b1712d95b","isMergeCommit":false,"messageTitle":"Update DeveloperGuide.md","messageBody":"fix img path","fileTypesAndContributionMap":{"docs":{"insertions":1,"deletions":1}}},{"hash":"0e297319de93414722ef471aa31956af5796d78e","isMergeCommit":false,"messageTitle":"Update DeveloperGuide.md","messageBody":"","fileTypesAndContributionMap":{"docs":{"insertions":1,"deletions":1}}}]},{"date":"2024-03-29","commitResults":[{"hash":"fff565323000ae73672bdc5b09ea4f4d250a821e","isMergeCommit":true,"messageTitle":"Merge pull request #82 from a-wild-chocolate/master","messageBody":"Update DG","fileTypesAndContributionMap":{}}]}],"owx0130":[{"date":"2024-03-14","commitResults":[{"hash":"2908bfc413e765a501ea410c377d87281743e9e5","isMergeCommit":false,"messageTitle":"cleanup code, include feature to add calorie outflow","messageBody":"","fileTypesAndContributionMap":{"functional-code":{"insertions":14,"deletions":72}}},{"hash":"9fde183288f6b6a3ef32eaf3d928d50c933296f1","isMergeCommit":false,"messageTitle":"remove static from addEntry method, cleanup code","messageBody":"","fileTypesAndContributionMap":{"functional-code":{"insertions":10,"deletions":10}}},{"hash":"7a61c59be911e79eba3f791cc84fb5a83fdafd15","isMergeCommit":true,"messageTitle":"Merge pull request #15 from shawnpong/list_calories","messageBody":"Add caloric list function","fileTypesAndContributionMap":{}},{"hash":"82b10cdc1a9bae59ced619586fd00f8a5d82a83b","isMergeCommit":true,"messageTitle":"Merge pull request #16 from a-wild-chocolate/master","messageBody":"Add testDeleteCalorie JUnit test function","fileTypesAndContributionMap":{}},{"hash":"5ce1bb83950c72b273ccc644e3b17f91549f5c1c","isMergeCommit":true,"messageTitle":"Merge branch \u0027master\u0027 into add-calorie-outflow","messageBody":"","fileTypesAndContributionMap":{}},{"hash":"a0ae098ad4f69161d0d535aacd0c1eff728a422e","isMergeCommit":true,"messageTitle":"Merge pull request #18 from owx0130/add-calorie-outflow","messageBody":"Add calorie outflow","fileTypesAndContributionMap":{}},{"hash":"12e21bdc4f0b68bf143f7491c3402602567b363a","isMergeCommit":false,"messageTitle":"fix bugs after merging PR #18","messageBody":"","fileTypesAndContributionMap":{"functional-code":{"insertions":23,"deletions":3},"test-code":{"insertions":14,"deletions":18}}},{"hash":"92dde702edb4f1d6a0e8509bc9b66f79c46e4dc9","isMergeCommit":true,"messageTitle":"Merge pull request #21 from owx0130/bugfix","messageBody":"fix bugs after merging PR #18","fileTypesAndContributionMap":{}}]},{"date":"2024-03-15","commitResults":[{"hash":"d6245d804c7593e9c18bd4f27f9a083ec9b5fa81","isMergeCommit":false,"messageTitle":"add JUnit tests for parseCaloriesInput method","messageBody":"","fileTypesAndContributionMap":{"functional-code":{"insertions":12,"deletions":9},"other":{"insertions":20,"deletions":7},"test-code":{"insertions":1,"deletions":1}}},{"hash":"a34730212575a8bccb5c3d9949d56d5491810d33","isMergeCommit":true,"messageTitle":"Merge pull request #26 from owx0130/add-parseCaloriesInput-JUnit-test","messageBody":"add JUnit tests for parseCaloriesInput method","fileTypesAndContributionMap":{}},{"hash":"8f2e8fbe288c6cee4e580b57ce04d6dc8e290746","isMergeCommit":true,"messageTitle":"Merge pull request #28 from rexyyong/CalorieListTest-AddCaloriesIn","messageBody":"Add addEntry test for valid input","fileTypesAndContributionMap":{}}]},{"date":"2024-03-20","commitResults":[{"hash":"7860b7791fd060757691277873adf3dd507cdfc4","isMergeCommit":false,"messageTitle":"add Food, inputEntry and outputEntry classes, change calorieList functions accordingly","messageBody":"","fileTypesAndContributionMap":{"functional-code":{"insertions":191,"deletions":126},"other":{"insertions":1,"deletions":1},"test-code":{"insertions":21,"deletions":23}}},{"hash":"884323ebbe454b123f143a844be4b53bed0046d7","isMergeCommit":false,"messageTitle":"update JUnit Tests","messageBody":"","fileTypesAndContributionMap":{"functional-code":{"insertions":6,"deletions":3},"test-code":{"insertions":19,"deletions":18}}},{"hash":"2f65752695a04f5781843c468d8fc6078119aff5","isMergeCommit":false,"messageTitle":"update Parser jdocs","messageBody":"","fileTypesAndContributionMap":{"functional-code":{"insertions":6,"deletions":7}}},{"hash":"be0c2429df786e05632adb2bd0bb077c7ce86d62","isMergeCommit":true,"messageTitle":"Merge branch \u0027master\u0027 into add-Food","messageBody":"","fileTypesAndContributionMap":{}},{"hash":"bec58244a21e5592a01823e1fd0d0560ddbae694","isMergeCommit":false,"messageTitle":"make edits after merging with upstream base","messageBody":"","fileTypesAndContributionMap":{"functional-code":{"insertions":12,"deletions":12},"other":{"insertions":6,"deletions":6},"test-code":{"insertions":1,"deletions":1}}},{"hash":"49b5d8a4eadd80cc3fd31b345b7c657b4f2eba41","isMergeCommit":true,"messageTitle":"Merge pull request #39 from owx0130/add-Food","messageBody":"Add Food, InputEntry and OutputEntry classes for calorie tracking","fileTypesAndContributionMap":{}}]},{"date":"2024-03-21","commitResults":[{"hash":"6a20c8bd168e38102a423b8051f0ea2817e8f348","isMergeCommit":false,"messageTitle":"add assertions for parseCaloriesInput","messageBody":"","fileTypesAndContributionMap":{"functional-code":{"insertions":4,"deletions":0}}},{"hash":"576561c1a3629cf813c3de01744e806becf838ec","isMergeCommit":true,"messageTitle":"Merge pull request #41 from owx0130/assertion-for-parseCaloriesInput","messageBody":"add assertions for parseCaloriesInput","fileTypesAndContributionMap":{}},{"hash":"6c34c0722cac1f1d3d3fdfd3e585b4897b5a34ff","isMergeCommit":true,"messageTitle":"Merge pull request #43 from rexyyong/moreExceptions","messageBody":"Add more exception handling for Class ParserCalories.java","fileTypesAndContributionMap":{}},{"hash":"bb37281911e9827dd3070b031a5611cd292fa1ca","isMergeCommit":false,"messageTitle":"make ParserCalories more OOP-like, re-organised JUnit tests","messageBody":"","fileTypesAndContributionMap":{"functional-code":{"insertions":85,"deletions":52},"other":{"insertions":5,"deletions":5},"test-code":{"insertions":231,"deletions":206}}},{"hash":"fafc7131431a9e678f4d2c14efc639ba54251dcd","isMergeCommit":true,"messageTitle":"Merge branch \u0027master\u0027 into refactor-ParserCalories-and-JUnit-tests","messageBody":"","fileTypesAndContributionMap":{}},{"hash":"341d91ee361d363919eec86ca48fd165e03eb25d","isMergeCommit":false,"messageTitle":"fix JUnit tests expected input","messageBody":"","fileTypesAndContributionMap":{"functional-code":{"insertions":9,"deletions":7},"test-code":{"insertions":47,"deletions":33}}},{"hash":"5be3890d9487ae889053a5979fb08e2d69511f95","isMergeCommit":false,"messageTitle":"change tabs to spaces for hello and bye messages","messageBody":"","fileTypesAndContributionMap":{"functional-code":{"insertions":6,"deletions":4}}},{"hash":"c6a5070f98f5c6a17ee6b598bcba6f2fc6fd03b1","isMergeCommit":false,"messageTitle":"fix checkstyle error","messageBody":"","fileTypesAndContributionMap":{"functional-code":{"insertions":2,"deletions":1}}},{"hash":"40feefca1a59cbc83aebedb8ec1fdbb977914b77","isMergeCommit":true,"messageTitle":"Merge pull request #48 from owx0130/refactor-ParserCalories-and-JUnit-tests","messageBody":"make ParserCalories more OOP-like, re-organised JUnit tests","fileTypesAndContributionMap":{}},{"hash":"ab2fd1202ac7fa59c20a38f6b485f9be85588284","isMergeCommit":true,"messageTitle":"Merge pull request #50 from rexyyong/hydrationException","messageBody":"Add Exception Handling for hydration features","fileTypesAndContributionMap":{}}]},{"date":"2024-03-22","commitResults":[{"hash":"fc90e78a975186ceab7101e1b1215b8c1a2e0c90","isMergeCommit":false,"messageTitle":"set authors for original writers of JUnit test code after re-org of test folder","messageBody":"","fileTypesAndContributionMap":{"test-code":{"insertions":28,"deletions":12}}},{"hash":"119f3de5d5bbc516bc15ec92788cc82cd03d10f4","isMergeCommit":false,"messageTitle":"fix assertion for JUnit test for ParserLiquid","messageBody":"","fileTypesAndContributionMap":{"test-code":{"insertions":3,"deletions":2}}},{"hash":"6341be3948e338b315f079ccb9a4ee6646344f74","isMergeCommit":true,"messageTitle":"Merge pull request #55 from owx0130/resolve-authoring-issues","messageBody":"set authors for original writers of JUnit test code","fileTypesAndContributionMap":{}},{"hash":"12326cb952419ced5272cc346309a46e161717e5","isMergeCommit":false,"messageTitle":"add JUnit tests for ParserCalories, move error messages for parseCaloriesIn into new class","messageBody":"","fileTypesAndContributionMap":{"functional-code":{"insertions":89,"deletions":24},"test-code":{"insertions":67,"deletions":34}}},{"hash":"f660977fb6270c9efcae61d54efcf59fc91b59b4","isMergeCommit":false,"messageTitle":"fix gradle checkstyle error","messageBody":"","fileTypesAndContributionMap":{"test-code":{"insertions":1,"deletions":1}}},{"hash":"a447d6ad220e73310258364179640a83e03d837a","isMergeCommit":false,"messageTitle":"fix coding standard","messageBody":"","fileTypesAndContributionMap":{"test-code":{"insertions":2,"deletions":1}}},{"hash":"dfc1cb3db6a3b77a0bdd57a974b2e1e2c6c33918","isMergeCommit":true,"messageTitle":"Merge pull request #56 from owx0130/add-JUnit-tests-for-ParserCalories","messageBody":"add JUnit tests for ParserCalories, relocate ParserCalories error messages","fileTypesAndContributionMap":{}}]},{"date":"2024-03-27","commitResults":[{"hash":"12d8054a3f9a0d0d84c36ce68e35e9d8981363ae","isMergeCommit":false,"messageTitle":"add file storage capability, integrate Entry classes for liquids and calories","messageBody":"","fileTypesAndContributionMap":{"functional-code":{"insertions":214,"deletions":79},"other":{"insertions":7,"deletions":9},"test-code":{"insertions":11,"deletions":9}}},{"hash":"c883be170701c7720d3876666f5ac22e4d8444b9","isMergeCommit":true,"messageTitle":"Merge pull request #67 from rexyyong/hydration_exception_messages","messageBody":"Tidy up hydration exception messages","fileTypesAndContributionMap":{}},{"hash":"3e1b99a9a4e51256a29daa26f5a3e44a86e32186","isMergeCommit":true,"messageTitle":"Merge branch \u0027master\u0027 into add-file-storage","messageBody":"","fileTypesAndContributionMap":{}},{"hash":"d4903082608046dc36853927a70d31e79b5ba468","isMergeCommit":false,"messageTitle":"fix different numbers of whitespace being printed on JUnit test vs reality","messageBody":"","fileTypesAndContributionMap":{"functional-code":{"insertions":17,"deletions":20},"test-code":{"insertions":24,"deletions":26}}},{"hash":"0203362a8eddbc5a9361881663813ad20c8d834b","isMergeCommit":false,"messageTitle":"change Sleep class to SleepEntry which extends from Entry class, add storage functionality for sleep and liquids","messageBody":"","fileTypesAndContributionMap":{"functional-code":{"insertions":109,"deletions":25},"other":{"insertions":12,"deletions":3}}},{"hash":"e55c0f6e9988fad2f2ec3b6f2a358aba30782746","isMergeCommit":false,"messageTitle":"add functionality to read from existing text files for sleep and liquids","messageBody":"","fileTypesAndContributionMap":{"functional-code":{"insertions":17,"deletions":31},"test-code":{"insertions":4,"deletions":4}}},{"hash":"e8c75bff12023780eaa5549f2f043b9bc4ed2701","isMergeCommit":false,"messageTitle":"add some DG details for ParserCalories","messageBody":"","fileTypesAndContributionMap":{"docs":{"insertions":12,"deletions":1}}},{"hash":"6b654ab1402afedd4fa5d72560fa8b7f9478f42b","isMergeCommit":true,"messageTitle":"Merge pull request #70 from owx0130/add-DG","messageBody":"Add DG details for ParserCalories","fileTypesAndContributionMap":{}},{"hash":"7523f32b38d372149151b6741f53da35d1684d01","isMergeCommit":true,"messageTitle":"Merge branch \u0027master\u0027 into add-file-storage","messageBody":"","fileTypesAndContributionMap":{}},{"hash":"992a90671f95165454022b6b8cb94f3a901e895c","isMergeCommit":false,"messageTitle":"fix checkstyle errors","messageBody":"","fileTypesAndContributionMap":{"functional-code":{"insertions":4,"deletions":4},"test-code":{"insertions":2,"deletions":3}}},{"hash":"283dc331e63bf9c06a04daddba344b794cde588f","isMergeCommit":false,"messageTitle":"account for absence of file storage for JUnit tests","messageBody":"","fileTypesAndContributionMap":{"functional-code":{"insertions":29,"deletions":19}}}]},{"date":"2024-03-28","commitResults":[{"hash":"07c2e2c5fac3eb0a58a08833eed9a43f6176563b","isMergeCommit":false,"messageTitle":"fix whitespace issue with IO redirection","messageBody":"","fileTypesAndContributionMap":{"functional-code":{"insertions":4,"deletions":2}}},{"hash":"af35a70e3739f76df3ac715c7953e71c923b17d7","isMergeCommit":true,"messageTitle":"Merge branch \u0027master\u0027 into add-file-storage","messageBody":"","fileTypesAndContributionMap":{}},{"hash":"dbfc2e84f0e2815be472d168fc0f59da5845b0fe","isMergeCommit":false,"messageTitle":"reformat all Liquids related classes to Hydration","messageBody":"","fileTypesAndContributionMap":{"functional-code":{"insertions":16,"deletions":17},"other":{"insertions":97,"deletions":92},"test-code":{"insertions":3,"deletions":3}}},{"hash":"23e75fb866de2eb024e214b0f4f1d6dd2cd98b34","isMergeCommit":false,"messageTitle":"standardize UI between lists","messageBody":"","fileTypesAndContributionMap":{"functional-code":{"insertions":79,"deletions":78}}},{"hash":"30ff4e6ef50822e6769669a621078889740a9a7c","isMergeCommit":false,"messageTitle":"update all JUnit test cases to adhere to new input formats","messageBody":"","fileTypesAndContributionMap":{"functional-code":{"insertions":10,"deletions":8},"test-code":{"insertions":57,"deletions":48}}},{"hash":"2c87f2f1360256463b5d459de32ca2657ab938ac","isMergeCommit":false,"messageTitle":"fix checkstyle error","messageBody":"","fileTypesAndContributionMap":{"test-code":{"insertions":0,"deletions":1}}},{"hash":"bc38ba021441f2f18506234ea94cb4af9bfeebd4","isMergeCommit":true,"messageTitle":"Merge pull request #69 from owx0130/add-file-storage","messageBody":"Add file storage capability, change inheritance for Sleep class","fileTypesAndContributionMap":{}},{"hash":"5f1516c64887cc56462e2eac5fa84124bed69d34","isMergeCommit":false,"messageTitle":"update help command output","messageBody":"","fileTypesAndContributionMap":{"functional-code":{"insertions":20,"deletions":13}}},{"hash":"fb08c38908c798c27f84191ffde55a336ad93720","isMergeCommit":false,"messageTitle":"update JUnit test expected input to reflect new changes in InvalidInputExceptionMessage","messageBody":"","fileTypesAndContributionMap":{"test-code":{"insertions":10,"deletions":10}}},{"hash":"b4332561a2bcaf53c4d0b0f7bcf491eb3968ba2f","isMergeCommit":true,"messageTitle":"Merge pull request #72 from owx0130/update-exception-messages","messageBody":"update help command output and exception messages","fileTypesAndContributionMap":{}},{"hash":"7883eda91b440ff186bf1b5f1feaeb498a9ab584","isMergeCommit":false,"messageTitle":"implement file storage for User","messageBody":"","fileTypesAndContributionMap":{"functional-code":{"insertions":88,"deletions":12}}},{"hash":"76b249543369394cb1fd65aef74fda897cfc2c1a","isMergeCommit":false,"messageTitle":"remove static from constants in User","messageBody":"","fileTypesAndContributionMap":{"functional-code":{"insertions":8,"deletions":8}}},{"hash":"e3a11ac1a041b51c26d08b161fc2fb41744a602b","isMergeCommit":true,"messageTitle":"Merge pull request #80 from owx0130/file-storage-for-User","messageBody":"implement file storage for User","fileTypesAndContributionMap":{}}]},{"date":"2024-03-29","commitResults":[{"hash":"b0419cca6f78ee52db0c3e4329b2d71f962bb46b","isMergeCommit":true,"messageTitle":"Merge pull request #83 from rexyyong/CaloriesDateTimeFormat","messageBody":"Add date format for Calories, Hydration and Sleep","fileTypesAndContributionMap":{}}]},{"date":"2024-04-02","commitResults":[{"hash":"3b3ca721ce0293a3ce02a4b41408465f3e8c209e","isMergeCommit":false,"messageTitle":"tidy progress bar output, add file update for calories and hydration progress","messageBody":"","fileTypesAndContributionMap":{"functional-code":{"insertions":21,"deletions":32}}},{"hash":"61257a5d821bb2ea977ac9760ca2f5f3fede3bf8","isMergeCommit":false,"messageTitle":"print hydration goal message","messageBody":"","fileTypesAndContributionMap":{"functional-code":{"insertions":3,"deletions":3}}},{"hash":"9cd4513d8b13433e17596b4375e3d433732bf7cf","isMergeCommit":true,"messageTitle":"Merge branch \u0027master\u0027 into code-tidy-up","messageBody":"","fileTypesAndContributionMap":{}},{"hash":"db3688e8f4bf20d0a1e2f9a5a6691ef4f3864534","isMergeCommit":true,"messageTitle":"Merge pull request #95 from owx0130/code-tidy-up","messageBody":"tidy progress bar output, add file update for calories and hydration progress","fileTypesAndContributionMap":{}},{"hash":"cd9f9f4c6175798aa6d62c121969be0bb0959a71","isMergeCommit":false,"messageTitle":"edit add calorie entries feature in DG","messageBody":"","fileTypesAndContributionMap":{"docs":{"insertions":53,"deletions":8}}},{"hash":"b822c1539c655a055712362d08835082770c60ce","isMergeCommit":true,"messageTitle":"Merge pull request #96 from owx0130/add-DG-seq-diagram","messageBody":"edit add calorie entries feature in DG","fileTypesAndContributionMap":{}},{"hash":"87ca845e7c3464fb8976c2521002d2dc56f58222","isMergeCommit":false,"messageTitle":"add expected output for help command","messageBody":"","fileTypesAndContributionMap":{"docs":{"insertions":23,"deletions":0}}},{"hash":"60998919e6954670f43956082193e542a99ae62f","isMergeCommit":false,"messageTitle":"add expected output for bye command","messageBody":"","fileTypesAndContributionMap":{"docs":{"insertions":5,"deletions":0}}},{"hash":"0bd347e84376abfab68ae9a3eb1e997a60c70ebb","isMergeCommit":false,"messageTitle":"add short introduction","messageBody":"","fileTypesAndContributionMap":{"docs":{"insertions":1,"deletions":1}}},{"hash":"279c9b79bfdf0b494c3d8e4aed32368df7681e13","isMergeCommit":true,"messageTitle":"Merge pull request #97 from owx0130/update-UG","messageBody":"Update UG","fileTypesAndContributionMap":{}}]}],"shawnpong":[{"date":"2024-03-08","commitResults":[{"hash":"722b918ba8311d46e3ca524bccea38ee48ab9d76","isMergeCommit":false,"messageTitle":"Add shawnpong.md and README","messageBody":"","fileTypesAndContributionMap":{"docs":{"insertions":4,"deletions":7}}}]},{"date":"2024-03-14","commitResults":[{"hash":"9b1c9b0a83170c684e81242a00ce70dcb5150772","isMergeCommit":false,"messageTitle":"Add caloric list function","messageBody":"","fileTypesAndContributionMap":{"functional-code":{"insertions":23,"deletions":0}}},{"hash":"8a0b795d0f7df215b3147a2c6512d0ff5c5e4f39","isMergeCommit":false,"messageTitle":"Fix gradle formatting","messageBody":"","fileTypesAndContributionMap":{"functional-code":{"insertions":2,"deletions":1}}}]},{"date":"2024-03-15","commitResults":[{"hash":"96e5bb3de407e40d10c7fc28f0e5729a23bc24ae","isMergeCommit":false,"messageTitle":"Add junit testing for printCalorieList","messageBody":"","fileTypesAndContributionMap":{"functional-code":{"insertions":1,"deletions":1},"test-code":{"insertions":51,"deletions":0}}},{"hash":"f6005c273da388efeb258977641b2ad1a1d0c917","isMergeCommit":true,"messageTitle":"Merge branch \u0027master\u0027 into junittest-list","messageBody":"# Conflicts:\n#\tsrc/test/java/seedu/lifetrack/LifeTrackTest.java\n","fileTypesAndContributionMap":{}}]},{"date":"2024-03-20","commitResults":[{"hash":"cd9d403b125ace44ddff0bc8e6ebaa04298cc2da","isMergeCommit":false,"messageTitle":"Add liquids in","messageBody":"","fileTypesAndContributionMap":{"functional-code":{"insertions":216,"deletions":7},"other":{"insertions":1,"deletions":1},"test-code":{"insertions":4,"deletions":2}}},{"hash":"e2d6b2a59d9b9565acd5574088693152f56c70ed","isMergeCommit":false,"messageTitle":"Update junit testing for calories","messageBody":"","fileTypesAndContributionMap":{"test-code":{"insertions":4,"deletions":4}}},{"hash":"f224557c675998b87f23f9078522751584adbde0","isMergeCommit":false,"messageTitle":"Add junit tests for liquids","messageBody":"","fileTypesAndContributionMap":{"test-code":{"insertions":82,"deletions":0}}},{"hash":"fd5aea845db2e593226a6f3a2cf0050382b4a500","isMergeCommit":false,"messageTitle":"Fix junit test","messageBody":"","fileTypesAndContributionMap":{"functional-code":{"insertions":0,"deletions":1}}},{"hash":"ef38f6922f08a80a2bd33f88bedd51038404c9b8","isMergeCommit":true,"messageTitle":"Merge pull request #38 from shawnpong/add_hydration","messageBody":"","fileTypesAndContributionMap":{}}]},{"date":"2024-03-27","commitResults":[{"hash":"de381b5fd8713be142f49fe276b59493f320316d","isMergeCommit":false,"messageTitle":"Fixing junit tests","messageBody":"","fileTypesAndContributionMap":{"functional-code":{"insertions":108,"deletions":88},"test-code":{"insertions":22,"deletions":28}}},{"hash":"0931479ce6fceea1657bbe39ff196d2fb17441c9","isMergeCommit":true,"messageTitle":"Merge branch \u0027master\u0027 of https://github.com/shawnpong/tp into alter_hydration_input","messageBody":"# Conflicts:\n#\tsrc/main/java/seedu/lifetrack/system/exceptions/InvalidInputExceptionMessage.java\n#\tsrc/main/java/seedu/lifetrack/system/parser/ParserLiquid.java\n#\tsrc/main/java/seedu/lifetrack/ui/Ui.java\n#\tsrc/test/java/seedu/lifetrack/ParserLiquidTest.java\n","fileTypesAndContributionMap":{}},{"hash":"39f2dcd459cecb006a0184f70140ba889566af12","isMergeCommit":false,"messageTitle":"Fix junit tests","messageBody":"","fileTypesAndContributionMap":{"functional-code":{"insertions":15,"deletions":17},"test-code":{"insertions":21,"deletions":36}}},{"hash":"853d10e4c0b51fb651e7642b8ea8e19e8eeacd18","isMergeCommit":true,"messageTitle":"Merge pull request #71 from shawnpong/alter_hydration_input","messageBody":"Alter hydration input","fileTypesAndContributionMap":{}}]},{"date":"2024-03-28","commitResults":[{"hash":"f083ddb90d9177c61f18690018beda1bc26e5029","isMergeCommit":false,"messageTitle":"Add hydration DG","messageBody":"","fileTypesAndContributionMap":{"docs":{"insertions":15,"deletions":0}}},{"hash":"898d88d97c234c878540f55401bb83020a99f3cb","isMergeCommit":false,"messageTitle":"hydration DG","messageBody":"","fileTypesAndContributionMap":{"docs":{"insertions":1,"deletions":1}}},{"hash":"6ce3610f4da3c3e0c7de7d893620240a64711559","isMergeCommit":true,"messageTitle":"Merge pull request #75 from shawnpong/hydration_dg","messageBody":"Hydration dg","fileTypesAndContributionMap":{}}]},{"date":"2024-04-01","commitResults":[{"hash":"6e927b933023d57220a16a0f0cc0975d149e0f9e","isMergeCommit":false,"messageTitle":"Add progress bar calories","messageBody":"","fileTypesAndContributionMap":{"functional-code":{"insertions":40,"deletions":3}}},{"hash":"c48451213d1f55a4ea1a68238db752f1bece3c77","isMergeCommit":true,"messageTitle":"Merge pull request #90 from shawnpong/master","messageBody":"Add progress bar calories","fileTypesAndContributionMap":{}}]},{"date":"2024-04-02","commitResults":[{"hash":"4fec89640aa8cfa0898f9e8b1a6c9aa105136c46","isMergeCommit":false,"messageTitle":"Added userguide","messageBody":"","fileTypesAndContributionMap":{"docs":{"insertions":133,"deletions":2}}},{"hash":"73e9f6a7411ab2050f4bd774d1a54998458b4d0f","isMergeCommit":true,"messageTitle":"Merge pull request #91 from shawnpong/user-guide","messageBody":"Added userguide","fileTypesAndContributionMap":{}},{"hash":"7d61600886fa1e31268fa1fd0d87f9ffef7d1970","isMergeCommit":false,"messageTitle":"Progress bar finishing touches","messageBody":"","fileTypesAndContributionMap":{"functional-code":{"insertions":63,"deletions":12},"docs":{"insertions":4,"deletions":4}}},{"hash":"ccb1e3766a183a9834e53197e17d866bb1a24be7","isMergeCommit":false,"messageTitle":"Checkstyle resolve","messageBody":"","fileTypesAndContributionMap":{"functional-code":{"insertions":5,"deletions":4}}},{"hash":"c1f5658b8a02c629311ae22d6e552a01b1d04f40","isMergeCommit":true,"messageTitle":"Merge pull request #92 from shawnpong/hydration_progressbar","messageBody":"Progress bar finishing touches","fileTypesAndContributionMap":{}},{"hash":"ac4710a477e1a5bed342d3a09ab03b369ee45c1f","isMergeCommit":false,"messageTitle":"Add developer guide for Hydration and Hydration List UML","messageBody":"","fileTypesAndContributionMap":{"functional-code":{"insertions":6,"deletions":4},"docs":{"insertions":76,"deletions":15},"test-code":{"insertions":49,"deletions":1}}},{"hash":"df4445e1909d6b3f76911f64f9e409ef483530df","isMergeCommit":false,"messageTitle":"Checkstyle erros","messageBody":"","fileTypesAndContributionMap":{"functional-code":{"insertions":3,"deletions":4},"test-code":{"insertions":1,"deletions":1}}},{"hash":"0c9b8dc87ac8e7c0500e911bce26152da6d34003","isMergeCommit":false,"messageTitle":"Checkstyle","messageBody":"","fileTypesAndContributionMap":{"test-code":{"insertions":1,"deletions":1}}},{"hash":"2ab6bf3416a9be88cb655b43f3a428feac6da21f","isMergeCommit":false,"messageTitle":"Indentation error","messageBody":"","fileTypesAndContributionMap":{"test-code":{"insertions":1,"deletions":1}}},{"hash":"8eac97ff9bff8d43059a00b4d69e28b2e121aaee","isMergeCommit":true,"messageTitle":"Merge pull request #93 from shawnpong/hydration_progressbar","messageBody":"Add developer guide for Hydration and Hydration List UML","fileTypesAndContributionMap":{}},{"hash":"e65a63cfc19ce0fbcc579a9b1f58ea7cf356b8a1","isMergeCommit":false,"messageTitle":"error handling","messageBody":"","fileTypesAndContributionMap":{"functional-code":{"insertions":69,"deletions":7}}},{"hash":"e163181d2916ec006d2222338bcd76d86ec08cab","isMergeCommit":false,"messageTitle":"Add sequence diagram for hydration delete","messageBody":"","fileTypesAndContributionMap":{"docs":{"insertions":0,"deletions":0}}},{"hash":"27ee869657401e187a05da335b0c77657cf467ef","isMergeCommit":false,"messageTitle":"Add sequence diagram","messageBody":"","fileTypesAndContributionMap":{"docs":{"insertions":40,"deletions":1}}},{"hash":"d0b56dbd2f360a5f429396d89cbbce75ab0adc3b","isMergeCommit":true,"messageTitle":"Merge pull request #94 from shawnpong/hydration_exceptionhandling","messageBody":"error handling","fileTypesAndContributionMap":{}}]}],"paturikarthik":[{"date":"2024-03-08","commitResults":[{"hash":"ec5aa8c234a2abd26fa4dd29df304ab330db7971","isMergeCommit":false,"messageTitle":"Update README.md","messageBody":"","fileTypesAndContributionMap":{"docs":{"insertions":1,"deletions":2}}},{"hash":"7e98e37eed4a0a76b62cc24f57d8e82087e97d98","isMergeCommit":false,"messageTitle":"Trial run","messageBody":"","fileTypesAndContributionMap":{"docs":{"insertions":10,"deletions":7}}},{"hash":"a7ec2d0d0e0e6d2a8a62a5b399a35d5f56f8b021","isMergeCommit":true,"messageTitle":"Merge pull request #1 from a-wild-chocolate/yanyu","messageBody":"yanyu","fileTypesAndContributionMap":{}},{"hash":"fa1d8fb16963f9b9933b848728fb081967e2e9cb","isMergeCommit":true,"messageTitle":"Merge branch \u0027master\u0027 into trial","messageBody":"","fileTypesAndContributionMap":{}},{"hash":"52bd2f5c1ded1be3cd45b73fb6db3950a97b73cb","isMergeCommit":true,"messageTitle":"Merge pull request #2 from paturikarthik/trial","messageBody":"[Karthik] Trial run","fileTypesAndContributionMap":{}},{"hash":"f8d6790eab81f26ba84b976f59d4fd598c5a4f1b","isMergeCommit":true,"messageTitle":"Merge branch \u0027master\u0027 into rex-about-me","messageBody":"","fileTypesAndContributionMap":{}},{"hash":"8adc0ceeac21a0e11df7bf8731b292ef85cb45cc","isMergeCommit":true,"messageTitle":"Merge pull request #3 from rexyyong/rex-about-me","messageBody":"Edit AboutUs.md to include rex yong details","fileTypesAndContributionMap":{}},{"hash":"d1554e8915ccf232362d39ff882327069ccc3038","isMergeCommit":true,"messageTitle":"Merge branch \u0027master\u0027 into working_copy","messageBody":"","fileTypesAndContributionMap":{}},{"hash":"63735f148cd7413f70115dc3c4d5d1d59a8f6a35","isMergeCommit":true,"messageTitle":"Merge pull request #4 from shawnpong/working_copy","messageBody":"Add shawnpong.md and README","fileTypesAndContributionMap":{}},{"hash":"4ed14607e5a4c6597ffb637527c5319d53021386","isMergeCommit":false,"messageTitle":"Update PP","messageBody":"","fileTypesAndContributionMap":{"docs":{"insertions":1,"deletions":1}}},{"hash":"01aa9a2727650adcb27cfd4bedd351885a231190","isMergeCommit":true,"messageTitle":"Merge branch \u0027master\u0027 into trial","messageBody":"","fileTypesAndContributionMap":{}},{"hash":"d4d9295b954563972f296988dc418a0ba983f14a","isMergeCommit":true,"messageTitle":"Merge pull request #5 from paturikarthik/trial","messageBody":"Update PP","fileTypesAndContributionMap":{}}]},{"date":"2024-03-11","commitResults":[{"hash":"6c6b117d445f285d846634608583c8af1e151472","isMergeCommit":false,"messageTitle":"Create Template","messageBody":"","fileTypesAndContributionMap":{"functional-code":{"insertions":139,"deletions":21},"other":{"insertions":3,"deletions":3}}},{"hash":"d7d9c49fecd63d6c5d33c8dacffe5e8302010ad8","isMergeCommit":true,"messageTitle":"Merge pull request #7 from paturikarthik/branch-Create-CalorieClass","messageBody":"Create Template","fileTypesAndContributionMap":{}},{"hash":"1bdbad96b0e7dbe2aa3920124b3cd2cb3ee0793a","isMergeCommit":true,"messageTitle":"Merge pull request #8 from a-wild-chocolate/yanyu","messageBody":"Add deleteCalorie()","fileTypesAndContributionMap":{}}]},{"date":"2024-03-13","commitResults":[{"hash":"45f5c56897b32805c37f12f88734f2f3503ac2da","isMergeCommit":true,"messageTitle":"Merge pull request #12 from rexyyong/calories_in_feature","messageBody":"Calories in feature","fileTypesAndContributionMap":{}}]},{"date":"2024-03-15","commitResults":[{"hash":"b41f5037a05c090ccd916a39713535c3adb1f2a6","isMergeCommit":false,"messageTitle":"clean branch","messageBody":"","fileTypesAndContributionMap":{"functional-code":{"insertions":43,"deletions":24}}},{"hash":"3a9c5f9e96ee2f3e877c723f585daccefd117c29","isMergeCommit":true,"messageTitle":"Merge branch \u0027master\u0027 into branch-clean-and-junit","messageBody":"","fileTypesAndContributionMap":{}},{"hash":"ed781b98b9cf1d3020a75f4a6a4e9330b5571810","isMergeCommit":true,"messageTitle":"Merge pull request #23 from paturikarthik/branch-clean-and-junit","messageBody":"Clean Branch","fileTypesAndContributionMap":{}},{"hash":"61a246ed136157fe4bd208068270003b0e48592b","isMergeCommit":false,"messageTitle":"bye j-unit","messageBody":"","fileTypesAndContributionMap":{"functional-code":{"insertions":21,"deletions":25},"test-code":{"insertions":42,"deletions":0}}},{"hash":"f8f29ecdcaa36c5bbb6ae2dcdb141745aa1a9643","isMergeCommit":false,"messageTitle":"bye j-unit","messageBody":"","fileTypesAndContributionMap":{"test-code":{"insertions":0,"deletions":3}}},{"hash":"4044c3f1024ad4d873bb0d6802385f86de9cb85b","isMergeCommit":true,"messageTitle":"Merge pull request #25 from paturikarthik/bye-J-Unit","messageBody":"Add JUnit test for Exiting the App","fileTypesAndContributionMap":{}},{"hash":"8739c43ece76282762659714d5fac2ec02c211a1","isMergeCommit":true,"messageTitle":"Merge pull request #29 from shawnpong/junittest-list","messageBody":"Add junit testing for printCalorieList","fileTypesAndContributionMap":{}},{"hash":"07ff9cc72d9dedd6b03752c80f5b33285830f8d0","isMergeCommit":false,"messageTitle":"resolve","messageBody":"","fileTypesAndContributionMap":{"test-code":{"insertions":6,"deletions":5}}},{"hash":"bc2c4ddceac1484b82b8c5e5d091902020c9464b","isMergeCommit":true,"messageTitle":"Merge pull request #31 from paturikarthik/resolve","messageBody":"resolve","fileTypesAndContributionMap":{}},{"hash":"2845428768fefd337a3d56fa0753f4b0e01c5056","isMergeCommit":false,"messageTitle":"delete","messageBody":"","fileTypesAndContributionMap":{"functional-code":{"insertions":6,"deletions":2},"test-code":{"insertions":4,"deletions":4}}},{"hash":"1089ceb26899e0d3d2d669f679ab73feeac426af","isMergeCommit":true,"messageTitle":"Merge pull request #32 from paturikarthik/deleteUpdate","messageBody":"delete","fileTypesAndContributionMap":{}}]},{"date":"2024-03-19","commitResults":[{"hash":"f7d5491bf6d06fdea5a39c7b54fe5604f1282e5c","isMergeCommit":false,"messageTitle":"changes","messageBody":"","fileTypesAndContributionMap":{"functional-code":{"insertions":2,"deletions":2},"other":{"insertions":17,"deletions":18},"test-code":{"insertions":6,"deletions":6}}},{"hash":"46d42230f2fee69037000b4c480f44ae5183c141","isMergeCommit":true,"messageTitle":"Merge pull request #33 from paturikarthik/v1.0-final","messageBody":"Create final changes for v1.0","fileTypesAndContributionMap":{}}]},{"date":"2024-03-21","commitResults":[{"hash":"29b7522effbbdfd8a3e76218115cb3d820b18449","isMergeCommit":false,"messageTitle":"UI improvement, better classification of files and added help command","messageBody":"","fileTypesAndContributionMap":{"functional-code":{"insertions":112,"deletions":34}}},{"hash":"c63cd9a3412e66b48c8416c8c6b8bf83f2b9b4d0","isMergeCommit":false,"messageTitle":"Update Tests","messageBody":"","fileTypesAndContributionMap":{"functional-code":{"insertions":10,"deletions":6},"test-code":{"insertions":29,"deletions":11}}},{"hash":"cfa3fe9a8b2104bda8d2de43b0a16ed59c069f72","isMergeCommit":true,"messageTitle":"Merged","messageBody":"","fileTypesAndContributionMap":{}},{"hash":"83efebfc8e3722eb556824d1e222d6dca88229a3","isMergeCommit":true,"messageTitle":"Merge pull request #52 from paturikarthik/UI","messageBody":"Beautify the App","fileTypesAndContributionMap":{}},{"hash":"2f8cb899b3e2902c1630e0fc86e8a7f2f3f3f89f","isMergeCommit":false,"messageTitle":"final","messageBody":"","fileTypesAndContributionMap":{"functional-code":{"insertions":10,"deletions":7}}},{"hash":"01fd612a4327c045de29270bef1e654d3864148e","isMergeCommit":true,"messageTitle":"Merge pull request #53 from paturikarthik/final-v1.1","messageBody":"Final Changes to v1.1 Release","fileTypesAndContributionMap":{}}]},{"date":"2024-03-22","commitResults":[{"hash":"7a9062b0a554ff27dee6b0ac770861e0aaa9d6f2","isMergeCommit":false,"messageTitle":"finalfrfr","messageBody":"","fileTypesAndContributionMap":{"functional-code":{"insertions":2,"deletions":2}}},{"hash":"eb00f29e8450e3e6009fdef0fda27ea374211156","isMergeCommit":true,"messageTitle":"Merge pull request #54 from AY2324S2-CS2113-F15-2/final-v1.1","messageBody":"v1.1.1","tags":["v1.1.1"],"fileTypesAndContributionMap":{}}]},{"date":"2024-03-24","commitResults":[{"hash":"938ff119238ab9949ebf71345be6263841eba65c","isMergeCommit":false,"messageTitle":"initial changes to liquid UI","messageBody":"","fileTypesAndContributionMap":{"functional-code":{"insertions":60,"deletions":10}}},{"hash":"acd5c09b808b60516d8736025587c2895e715f87","isMergeCommit":false,"messageTitle":"initial changes to liquid UI tests","messageBody":"","fileTypesAndContributionMap":{"test-code":{"insertions":13,"deletions":11}}},{"hash":"2c8c9c7ec67dac6a51097c10ab49a6c7a7667df1","isMergeCommit":true,"messageTitle":"Merge pull request #58 from paturikarthik/LiquidUI","messageBody":"Move UI out of Liquid Class","fileTypesAndContributionMap":{}}]},{"date":"2024-03-28","commitResults":[{"hash":"639e706dd33a1a7fc8b168471dc0735d66aa9cc3","isMergeCommit":false,"messageTitle":"first update","messageBody":"","fileTypesAndContributionMap":{"functional-code":{"insertions":32,"deletions":0}}},{"hash":"3209e334db4dcebe875addfb5136a718e9773957","isMergeCommit":false,"messageTitle":"first update","messageBody":"","fileTypesAndContributionMap":{"functional-code":{"insertions":262,"deletions":17},"test-code":{"insertions":3,"deletions":2}}},{"hash":"b5944a2c30f80288cf08109b1a9bc5af42963672","isMergeCommit":true,"messageTitle":"edit","messageBody":"","fileTypesAndContributionMap":{}},{"hash":"5ad00db56427806f6702f075923d76df501176a4","isMergeCommit":false,"messageTitle":"merged","messageBody":"","fileTypesAndContributionMap":{"functional-code":{"insertions":4,"deletions":4},"test-code":{"insertions":0,"deletions":0}}},{"hash":"2b86d109250324112e3656668856d5ef324ea1ed","isMergeCommit":true,"messageTitle":"Merge pull request #73 from paturikarthik/UserandAPI","messageBody":"Add a User Class and Calories Needed calculator","fileTypesAndContributionMap":{}},{"hash":"71a43c74e716eb416703a58913ea70dc0159bcb4","isMergeCommit":false,"messageTitle":"DG","messageBody":"","fileTypesAndContributionMap":{"docs":{"insertions":32,"deletions":0}}},{"hash":"76d35f232f10f233c67d3e93e8ce04342b551b04","isMergeCommit":true,"messageTitle":"Merge branch \u0027master\u0027 into UserandAPI","messageBody":"","fileTypesAndContributionMap":{}},{"hash":"4658efae0fce2cda2528647714adc9a61a7e5580","isMergeCommit":true,"messageTitle":"Merge pull request #79 from paturikarthik/UserandAPI","messageBody":"Added developer guide for the API","fileTypesAndContributionMap":{}}]},{"date":"2024-03-31","commitResults":[{"hash":"b991fa94f42c605655d709bdaf57dd975cd4fa86","isMergeCommit":false,"messageTitle":"added initial checks n javadocs","messageBody":"","fileTypesAndContributionMap":{"functional-code":{"insertions":85,"deletions":7}}}]},{"date":"2024-04-01","commitResults":[{"hash":"ab854a519dd7c6f57d2c572b6dfb3545a2932551","isMergeCommit":false,"messageTitle":"moe exceptions","messageBody":"","fileTypesAndContributionMap":{"functional-code":{"insertions":1,"deletions":1}}},{"hash":"b465e6eac5c3c699d59d97a2ac63b4839adc545f","isMergeCommit":true,"messageTitle":"edit","messageBody":"","fileTypesAndContributionMap":{}},{"hash":"bd82a9c55b9e245e896b10734aa9b2137c45a301","isMergeCommit":false,"messageTitle":"more exceptions","messageBody":"","fileTypesAndContributionMap":{"functional-code":{"insertions":1,"deletions":1}}},{"hash":"8430eeb278c50bbd90faf70e4f9a4405ee0bcea6","isMergeCommit":true,"messageTitle":"Merge pull request #89 from paturikarthik/javadoc-User","messageBody":"Added JavaDocs and some User exceptions","fileTypesAndContributionMap":{}}]}]},"authorFileTypeContributionMap":{"rexyyong":{"docs":141,"functional-code":354,"test-code":151,"other":2},"a-wild-chocolate":{"docs":24,"functional-code":156,"test-code":153},"owx0130":{"docs":83,"functional-code":825,"test-code":121},"shawnpong":{"docs":238,"functional-code":341,"test-code":247},"paturikarthik":{"docs":38,"functional-code":510,"test-code":35,"other":1}},"authorContributionVariance":{"rexyyong":6874.088,"a-wild-chocolate":3605.1174,"owx0130":37212.54,"shawnpong":10671.726,"paturikarthik":5419.0645},"authorDisplayNameMap":{"rexyyong":"CS2113-F15-2 REX ..IANG","a-wild-chocolate":"CS2113-F15-2 MAO ..ANYU","owx0130":"CS2113-F15-2 ONG ..IANG","shawnpong":"CS2113-F15-2 PONG..HAWN","paturikarthik":"CS2113-F15-2 PATU..THIK"}}
