{"authorDailyContributionsMap":{"yuhengr":[{"date":"2024-03-08","commitResults":[{"hash":"602336e6d34aa499fa4adbca425f49c96f8ae31d","isMergeCommit":false,"messageTitle":"Edit AboutUs.md","messageBody":"","fileTypesAndContributionMap":{"docs":{"insertions":5,"deletions":5}}}]},{"date":"2024-03-20","commitResults":[{"hash":"3c850816a4c2495ce8d06772da928362e79f7346","isMergeCommit":false,"messageTitle":"Add class ProgressManager for clearing session results","messageBody":"","fileTypesAndContributionMap":{"functional-code":{"insertions":20,"deletions":0}}},{"hash":"02c366da8d4285baac991896619b48cf3769cddd","isMergeCommit":false,"messageTitle":"Add class ProgressManagerTest skeleton","messageBody":"","fileTypesAndContributionMap":{"test-code":{"insertions":4,"deletions":0}}}]},{"date":"2024-03-21","commitResults":[{"hash":"1a97590fad2d7001a5a33b2a3c630f714125d67c","isMergeCommit":false,"messageTitle":"Add test to clear session results","messageBody":"","fileTypesAndContributionMap":{"functional-code":{"insertions":4,"deletions":0},"test-code":{"insertions":26,"deletions":0}}},{"hash":"7778381c56899ad29147cd1a125c3d6a1637d8f8","isMergeCommit":true,"messageTitle":"Merge pull request #1 from yuhengr/clear-game-progress","messageBody":"Add clear session progress feature","fileTypesAndContributionMap":{}},{"hash":"18775a7b2f0aca0b981412ab581a4840c0e53c37","isMergeCommit":true,"messageTitle":"Merge branch \u0027master\u0027 of https://github.com/AY2324S2-CS2113-F15-1/tp","messageBody":"","fileTypesAndContributionMap":{}},{"hash":"d9c0a7fef8ad1ad15640322f50402bbea7ba422c","isMergeCommit":false,"messageTitle":"Fix undeclared int count bug","messageBody":"","fileTypesAndContributionMap":{"functional-code":{"insertions":2,"deletions":0},"test-code":{"insertions":1,"deletions":1}}},{"hash":"eb7c8bf2894b38574d6f2b3930945c8a6c36f40a","isMergeCommit":false,"messageTitle":"Modify name of test","messageBody":"","fileTypesAndContributionMap":{"test-code":{"insertions":1,"deletions":1}}},{"hash":"72c7a1301e3ba6975879f2d1d04008cc80b70b5c","isMergeCommit":false,"messageTitle":"Add assertion","messageBody":"","fileTypesAndContributionMap":{"test-code":{"insertions":2,"deletions":0}}},{"hash":"55d678f35e58122b8979d501e65f0aad6b4c1d87","isMergeCommit":false,"messageTitle":"Add loggers","messageBody":"","fileTypesAndContributionMap":{"functional-code":{"insertions":5,"deletions":0},"test-code":{"insertions":8,"deletions":0}}},{"hash":"3a0359337c7d124827ca73206e6d8599cb55b8aa","isMergeCommit":false,"messageTitle":"Attempt to fix checkstyle error","messageBody":"","fileTypesAndContributionMap":{"functional-code":{"insertions":3,"deletions":2},"test-code":{"insertions":3,"deletions":2}}},{"hash":"340d5d903f00c0d50ef60b124a56235f70648be9","isMergeCommit":false,"messageTitle":"Try to fix checkstyle error again","messageBody":"","fileTypesAndContributionMap":{"functional-code":{"insertions":1,"deletions":1},"test-code":{"insertions":1,"deletions":1}}},{"hash":"4c68cd31f091880cacd6e5d2d73a1f11207b8601","isMergeCommit":false,"messageTitle":"Try to fix checkstyle error once again","messageBody":"","fileTypesAndContributionMap":{"functional-code":{"insertions":1,"deletions":1}}},{"hash":"acba039db0875e2368f7c1156bb0523805d7bec3","isMergeCommit":false,"messageTitle":"Fix testing error","messageBody":"","fileTypesAndContributionMap":{"functional-code":{"insertions":2,"deletions":1},"test-code":{"insertions":1,"deletions":1}}},{"hash":"2f067396ac3c317f1326503967fe3bb7290de26a","isMergeCommit":false,"messageTitle":"Try to fix ProgressManagerTest","messageBody":"","fileTypesAndContributionMap":{"test-code":{"insertions":13,"deletions":8}}},{"hash":"cd6ffc08aab17bebf5f4bd394b262c5c85a8a6d9","isMergeCommit":true,"messageTitle":"Merge pull request #35 from yuhengr/clear-game-progress","messageBody":"Add clear game progress feature","fileTypesAndContributionMap":{}}]},{"date":"2024-03-29","commitResults":[{"hash":"1741452e4c1fc67fa1f15a07ff174b4a7f73e844","isMergeCommit":false,"messageTitle":"Add class CommandList to contain possible commands","messageBody":"","fileTypesAndContributionMap":{"functional-code":{"insertions":4,"deletions":0}}},{"hash":"3c199e518bb1582f826ba35f31a0441c20d65aa8","isMergeCommit":false,"messageTitle":"Add skeleton for class CommandList","messageBody":"","fileTypesAndContributionMap":{"functional-code":{"insertions":12,"deletions":0}}},{"hash":"1ee5b65a4cfebed370c4dda1ebc09422d370fef7","isMergeCommit":false,"messageTitle":"Add patterns to parse commands","messageBody":"","fileTypesAndContributionMap":{"functional-code":{"insertions":6,"deletions":6}}}]},{"date":"2024-03-30","commitResults":[{"hash":"f16d117f3d82b15ed4fd9b1e3adafcad6f3ff422","isMergeCommit":false,"messageTitle":"Add regex for topic command","messageBody":"","fileTypesAndContributionMap":{"functional-code":{"insertions":88,"deletions":9}}},{"hash":"039279a2de6edf7260c7c17ea53f5749d90698cd","isMergeCommit":true,"messageTitle":"Fix merge conflict when timed mode is added","messageBody":"","fileTypesAndContributionMap":{}},{"hash":"86cfc79df0cca7b954cf9b910075c38b3e7b5215","isMergeCommit":false,"messageTitle":"Fix check error","messageBody":"","fileTypesAndContributionMap":{"functional-code":{"insertions":2,"deletions":1}}},{"hash":"3d8e408c5cbcc36df7f7a669941f269c0d824286","isMergeCommit":true,"messageTitle":"Merge pull request #61 from yuhengr/modify-parser","messageBody":"Modify parser for topic command","fileTypesAndContributionMap":{}}]},{"date":"2024-03-31","commitResults":[{"hash":"0b60a5916d29da44a5377c74aab6906316fd771e","isMergeCommit":false,"messageTitle":"Fix beginStartCommand to generate random topic number","messageBody":"","fileTypesAndContributionMap":{"functional-code":{"insertions":9,"deletions":2}}},{"hash":"abb7777d796e07d1a083e796c5a8a25ddcdebf2b","isMergeCommit":false,"messageTitle":"Add basic structure to change solution command to regex","messageBody":"","fileTypesAndContributionMap":{"functional-code":{"insertions":53,"deletions":2}}},{"hash":"cf295779ba6c9c7e5259b562d935942bf65ff673","isMergeCommit":false,"messageTitle":"Modify solution command to handle regex","messageBody":"","fileTypesAndContributionMap":{"functional-code":{"insertions":56,"deletions":19}}},{"hash":"a22368241049b61c0b47ec75001c5a7440ee5f1b","isMergeCommit":true,"messageTitle":"Merge pull request #70 from yuhengr/solution-command-regex","messageBody":"Add regex to solution command","fileTypesAndContributionMap":{}}]},{"date":"2024-04-03","commitResults":[{"hash":"186eb681f77f3b48718f6c3cbdc43b4363899ab0","isMergeCommit":false,"messageTitle":"Fix bug to handle non existing topic number for solution command","messageBody":"","fileTypesAndContributionMap":{"functional-code":{"insertions":5,"deletions":5}}},{"hash":"28daa906248dd0951aa0e51713032102a8015861","isMergeCommit":true,"messageTitle":"Merge pull request #82 from yuhengr/fix-bug-handleSolutionCommand","messageBody":"Fix bug to handle non existing topic number for solution command","fileTypesAndContributionMap":{}},{"hash":"3a3930391e0224b3fc0bd3976d1ae6f29aae8e5c","isMergeCommit":false,"messageTitle":"Add skeleton to handle custom questions command","messageBody":"","fileTypesAndContributionMap":{"functional-code":{"insertions":14,"deletions":1}}}]},{"date":"2024-04-04","commitResults":[{"hash":"88d5e7f0a4e0ac8f61f3af59ebb9caa6f7c20c27","isMergeCommit":false,"messageTitle":"Add more dummy questions coz y not","messageBody":"","fileTypesAndContributionMap":{"functional-code":{"insertions":10,"deletions":0}}},{"hash":"ef1dc3bdeb2b87e7764439ace18929605e6d5790","isMergeCommit":false,"messageTitle":"Get custom topic number and number of questions from user","messageBody":"","fileTypesAndContributionMap":{"functional-code":{"insertions":46,"deletions":1}}},{"hash":"7a36c4d9a2f34ec750d810aa9433ed0efc6c6e5a","isMergeCommit":false,"messageTitle":"Add functionality to get a list of random questions from a chosen topic","messageBody":"","fileTypesAndContributionMap":{"functional-code":{"insertions":21,"deletions":1}}},{"hash":"b1647a1e6f1aa292ae5c84a12eae95d5e7b74c9a","isMergeCommit":true,"messageTitle":"Fix merge conflict halfway through adding customisation feature","messageBody":"","fileTypesAndContributionMap":{}},{"hash":"e80f3dd67dcb6316bcfa8055dd8a59cc62be9a8b","isMergeCommit":false,"messageTitle":"Add display to show number of topics for choosing in custom mode","messageBody":"","fileTypesAndContributionMap":{"functional-code":{"insertions":3,"deletions":1}}},{"hash":"c303ad83125a79fbe6168d67ec7768ebb7077b1e","isMergeCommit":false,"messageTitle":"Add display for the custom questions and get user answers for them","messageBody":"","fileTypesAndContributionMap":{"functional-code":{"insertions":18,"deletions":2}}},{"hash":"888cd2064032b7f58c5ae6305a7bcdf98f8b1943","isMergeCommit":true,"messageTitle":"Merge pull request #87 from yuhengr/add-customisation-feature","messageBody":"Add customisation feature","fileTypesAndContributionMap":{}},{"hash":"690755afa60e5ca540c85867fc2348b9d175399d","isMergeCommit":false,"messageTitle":"Add skeleton for checkpoint feature","messageBody":"","fileTypesAndContributionMap":{"functional-code":{"insertions":45,"deletions":1}}},{"hash":"edebc53c383ecb072de20ca75cb0e7821290279f","isMergeCommit":false,"messageTitle":"Add progressManager for checkpoint management","messageBody":"","fileTypesAndContributionMap":{"functional-code":{"insertions":8,"deletions":4},"test-code":{"insertions":4,"deletions":1}}},{"hash":"8d4bd0811d7acf8171caa808bea6b7a689d0f43d","isMergeCommit":false,"messageTitle":"Add functionality to store session custom checkpoint","messageBody":"","fileTypesAndContributionMap":{"functional-code":{"insertions":41,"deletions":6}}},{"hash":"46f832e28f0b62c501cffea9de51339538f769c7","isMergeCommit":false,"messageTitle":"Add basic checkpoint feature in custom mode","messageBody":"","fileTypesAndContributionMap":{"functional-code":{"insertions":63,"deletions":20}}},{"hash":"4576bb7632928d1c94790f8892a729914ce8b3c4","isMergeCommit":true,"messageTitle":"Merge pull request #91 from yuhengr/add-checkpoint-feature","messageBody":"Add checkpoint feature","fileTypesAndContributionMap":{}}]},{"date":"2024-04-10","commitResults":[{"hash":"b69696c6e65f41e689849f27e093f460475f0e0f","isMergeCommit":false,"messageTitle":"Fix bug where entering space as command causes a crash","messageBody":"","fileTypesAndContributionMap":{"functional-code":{"insertions":15,"deletions":2}}},{"hash":"28ccd938aebdc6d3c0b292d4eb8ce07c82d10be3","isMergeCommit":true,"messageTitle":"Merge pull request #152 from yuhengr/bugfix-space-as-command-input","messageBody":"Fix bug where entering space as command causes a crash","fileTypesAndContributionMap":{}}]}],"NGXZS":[{"date":"2024-03-08","commitResults":[{"hash":"172de6e743d9a7350ff20ff4b63cdc4e92154418","isMergeCommit":false,"messageTitle":"Update AboutUs","messageBody":"","fileTypesAndContributionMap":{"docs":{"insertions":4,"deletions":4}}},{"hash":"91d8f3f727ebca77995088114908bd9e2b2ab445","isMergeCommit":false,"messageTitle":"AboutUs","messageBody":"","fileTypesAndContributionMap":{"docs":{"insertions":0,"deletions":4}}},{"hash":"15c14c18cc754208ee3162d3e4a6920473811a37","isMergeCommit":true,"messageTitle":"Merge pull request #3 from NGXZS/AboutUs","messageBody":"About us","fileTypesAndContributionMap":{}},{"hash":"48d24c8f20890ded436dd7c1811d142f1a51add2","isMergeCommit":true,"messageTitle":"Merge branch \u0027master\u0027 into master","messageBody":"","fileTypesAndContributionMap":{}},{"hash":"4507fcead792082a21e36a4707c5963569278ce7","isMergeCommit":true,"messageTitle":"Merge pull request #6 from hongyijie06/master","messageBody":"About us","fileTypesAndContributionMap":{}},{"hash":"29820e1746e943ed51c1c5a5e67cf9915d2c00b9","isMergeCommit":true,"messageTitle":"Merge branch \u0027master\u0027 into master","messageBody":"","fileTypesAndContributionMap":{}},{"hash":"dfc286fa1bfb92fce2a7d0151b88606c130cc7ef","isMergeCommit":true,"messageTitle":"Merge pull request #4 from songyuew/master","messageBody":"Updated Songyue\u0027s personal info","fileTypesAndContributionMap":{}},{"hash":"18df44f787c28fab1264cfc9afa150183a7dbcf1","isMergeCommit":true,"messageTitle":"Merge branch \u0027master\u0027 into AboutUs","messageBody":"","fileTypesAndContributionMap":{}},{"hash":"b2a8b44d0daba23da106e6c6be2484ad55b3a626","isMergeCommit":false,"messageTitle":"Update AboutUs","messageBody":"","fileTypesAndContributionMap":{"docs":{"insertions":30,"deletions":6}}},{"hash":"dd95d8ccf1c0dc7573af3b73ac39a0eb535a949e","isMergeCommit":true,"messageTitle":"Merge branch \u0027AboutUs\u0027","messageBody":"","fileTypesAndContributionMap":{}},{"hash":"328943ccbd5b082c50988f621c081931123b8d10","isMergeCommit":true,"messageTitle":"Merge pull request #8 from NGXZS/master","messageBody":"Add Portfolio for ALL","fileTypesAndContributionMap":{}}]},{"date":"2024-03-18","commitResults":[{"hash":"ca365ba27dcce7fa1b9a13d987b275b6b610afb1","isMergeCommit":false,"messageTitle":"Add comments to Results.java, ResultsList.java tests","messageBody":"","fileTypesAndContributionMap":{"test-code":{"insertions":7,"deletions":7}}},{"hash":"b2936b22a926dc57fc6d549538e80e3dafd9b539","isMergeCommit":true,"messageTitle":"Merge pull request #19 from NGXZS/master","messageBody":"Add comments to Results.java, ResultsList.java tests","fileTypesAndContributionMap":{}},{"hash":"8ce0c1287665d2d3ffbf96bb3aa0b3af3e26338f","isMergeCommit":false,"messageTitle":"Add Question, QuestionsList class and QuestionTest.java","messageBody":"","fileTypesAndContributionMap":{"functional-code":{"insertions":51,"deletions":0},"test-code":{"insertions":40,"deletions":0}}},{"hash":"41182681d43baf10e865a8a8f8ab38cf17723e33","isMergeCommit":false,"messageTitle":"Add QuestionListTest.java, CustomException","messageBody":"","fileTypesAndContributionMap":{"functional-code":{"insertions":24,"deletions":3},"test-code":{"insertions":66,"deletions":4}}},{"hash":"d164183ed35008d8327ec8087f021e9905aaf541","isMergeCommit":false,"messageTitle":"feat(QuestionList): add getOneExplanation, getOneSolution, getAllSolutions","messageBody":"","fileTypesAndContributionMap":{"functional-code":{"insertions":28,"deletions":13},"test-code":{"insertions":14,"deletions":14}}},{"hash":"68f0564dd50d902c7afc55a0b4e700d7de69a077","isMergeCommit":true,"messageTitle":"Merge pull request #20 from NGXZS/branch-receive-solutions-v1","messageBody":"Branch receive solutions v1","fileTypesAndContributionMap":{}}]},{"date":"2024-03-19","commitResults":[{"hash":"5887b9a4b697cf62fe8cbabfa710f7a337e57352","isMergeCommit":false,"messageTitle":"BREAKING CHANGE(Player2113)!: refactor duke class to player2113 class, changes to main code, add ui, parser classes: works with question class, have not integrated results class","messageBody":"","fileTypesAndContributionMap":{"functional-code":{"insertions":164,"deletions":22},"other":{"insertions":3,"deletions":3},"test-code":{"insertions":9,"deletions":9}}},{"hash":"8c8c5e474a1e64490359e48ea3a887405694ca00","isMergeCommit":false,"messageTitle":"fix(ui,text-ui-test): fix whitespaces issue that is causing github style checker ./runtest.bat, ./runtest.sh to fail","messageBody":"","fileTypesAndContributionMap":{"functional-code":{"insertions":6,"deletions":6}}},{"hash":"c2a147856811f4d557c7af0defbdda8366d5f810","isMergeCommit":true,"messageTitle":"Merge pull request #21 from NGXZS/branch-mainloop","messageBody":"BREAKING CHANGE(Player2113)!: refactor duke class to player2113 class…","fileTypesAndContributionMap":{}}]},{"date":"2024-03-21","commitResults":[{"hash":"7ccedb04318fd5d35ce2170f1c733f7a8faeb2c7","isMergeCommit":false,"messageTitle":"build(build.gradle): enable assertions","messageBody":"","fileTypesAndContributionMap":{"functional-code":{"insertions":1,"deletions":1},"other":{"insertions":1,"deletions":0}}},{"hash":"1b0fb5439f909311fe2ee301d5c10a2bb4a28177","isMergeCommit":false,"messageTitle":"style: add assertions","messageBody":"","fileTypesAndContributionMap":{"functional-code":{"insertions":6,"deletions":4}}},{"hash":"5d3a3d4ad5e3b774648fa25df2e7323c1cb43cd5","isMergeCommit":false,"messageTitle":"style(QuestionsListTest): add logging","messageBody":"","fileTypesAndContributionMap":{"functional-code":{"insertions":0,"deletions":1},"test-code":{"insertions":17,"deletions":1}}},{"hash":"34d9a6dfa1b2456fc8994c48d83bd0676c25aaf8","isMergeCommit":false,"messageTitle":"style(resultslist): fix checkstyle error for static final zero_results","messageBody":"","fileTypesAndContributionMap":{"functional-code":{"insertions":1,"deletions":1}}},{"hash":"466b86143f7e207922f7fc216cffe0529940de8b","isMergeCommit":true,"messageTitle":"merge with upstream","messageBody":"","fileTypesAndContributionMap":{}},{"hash":"f15d4ff8df03b2daa16a45aa334757d2fde32e32","isMergeCommit":true,"messageTitle":"Merge pull request #37 from NGXZS/branch-receive-solutions-v1","messageBody":"add assert, logging","fileTypesAndContributionMap":{}},{"hash":"3b2d597b4ea7a86609dbd63b324659ca6fc83fad","isMergeCommit":false,"messageTitle":"style(parser): add hasfinishedtopic flag and appropriate ui display","messageBody":"","fileTypesAndContributionMap":{"functional-code":{"insertions":4,"deletions":2}}}]},{"date":"2024-03-22","commitResults":[{"hash":"b96683a6f5401795c7cfa71defee0b602936bbf3","isMergeCommit":false,"messageTitle":"ci(ui): modify expected.txt to pass github checks","messageBody":"","fileTypesAndContributionMap":{"functional-code":{"insertions":1,"deletions":1}}},{"hash":"f5d563ffaf6f6ebca04cd37cab28bc8bd7c4cd16","isMergeCommit":true,"messageTitle":"Merge pull request #40 from NGXZS/branch-integrate-v1","messageBody":"Add hasFinishedTopic flag and appropriate UI display","fileTypesAndContributionMap":{}}]},{"date":"2024-03-27","commitResults":[{"hash":"4c5f5230197a8bf6d54c451a11be5831a4aed860","isMergeCommit":false,"messageTitle":"feat(ui):add random topic option in printchosentopic()","messageBody":"","fileTypesAndContributionMap":{"functional-code":{"insertions":6,"deletions":3}}}]},{"date":"2024-03-28","commitResults":[{"hash":"bbc9d1119d3f9927444b21b09d2ef15d721bd1f2","isMergeCommit":false,"messageTitle":"feat(helper, parser, ui): add random-generated-topic feature","messageBody":"","fileTypesAndContributionMap":{"functional-code":{"insertions":14,"deletions":5}}},{"hash":"32f4334dacbb8616b99b5a450e2b1da2c55ccfb1","isMergeCommit":false,"messageTitle":"test(helper): add test casesfor generaterandomnumber()","messageBody":"","fileTypesAndContributionMap":{"functional-code":{"insertions":4,"deletions":4},"test-code":{"insertions":14,"deletions":3}}},{"hash":"c890c4a01b6801bd49f987eca2d1538c34c38378","isMergeCommit":false,"messageTitle":"bug(helper): fix bug in generaterandomnumber() as it may return 0, which is invalid","messageBody":"","fileTypesAndContributionMap":{"functional-code":{"insertions":16,"deletions":2},"test-code":{"insertions":2,"deletions":7}}},{"hash":"ff27f9a1c3f45f7216de5fac02090f14fafd4400","isMergeCommit":true,"messageTitle":"Merge pull request #54 from NGXZS/branch-random-feat","messageBody":"Branch random feat","fileTypesAndContributionMap":{}},{"hash":"6d6d6d04445fbcd6a1bfba93480bcf403cbf39b5","isMergeCommit":false,"messageTitle":"style(parser): change static variables to local variables","messageBody":"","fileTypesAndContributionMap":{"functional-code":{"insertions":14,"deletions":14}}},{"hash":"a82d92caff55260075c85a3b4cac0d65a4a2d510","isMergeCommit":false,"messageTitle":"style(parser): remove redundant lines of code in process solution command","messageBody":"","fileTypesAndContributionMap":{"functional-code":{"insertions":39,"deletions":45}}}]},{"date":"2024-03-29","commitResults":[{"hash":"142c8481f7455cffb7bf3b9461e1c900fba2c128","isMergeCommit":false,"messageTitle":"feat(parser)!: add get all explanations feature and tests","messageBody":"","fileTypesAndContributionMap":{"functional-code":{"insertions":88,"deletions":75},"test-code":{"insertions":33,"deletions":11}}},{"hash":"c805a73fdb16c81fa199a090799fe2ae7506a9c5","isMergeCommit":true,"messageTitle":"Merge branch \u0027master\u0027 of https://github.com/AY2324S2-CS2113-F15-1/tp into feat-solutions","messageBody":"","fileTypesAndContributionMap":{}},{"hash":"b08abe517a7e9ce03db0c08624863c94c5b076a2","isMergeCommit":true,"messageTitle":"Merge pull request #57 from NGXZS/feat-solutions","messageBody":"Add features: solution and explain","fileTypesAndContributionMap":{}},{"hash":"fd99b5b7f2dd41c2efecb0779b7be42afd43cd96","isMergeCommit":false,"messageTitle":"docs(developerguide): add solution feature in developer guide","messageBody":"","fileTypesAndContributionMap":{"docs":{"insertions":33,"deletions":0}}},{"hash":"ed022fd1dd784f26e8c8e1274eae2512377f8c29","isMergeCommit":false,"messageTitle":"docs(developerguide.md): add intended explain feature documentation","messageBody":"","fileTypesAndContributionMap":{"docs":{"insertions":19,"deletions":2}}},{"hash":"46ce5cee70759a27b82b04d7edde0b9f5e07e8b9","isMergeCommit":true,"messageTitle":"Merge pull request #58 from NGXZS/DGv1","messageBody":"Add solution feature in DeveloperGuide.md","fileTypesAndContributionMap":{}}]},{"date":"2024-03-30","commitResults":[{"hash":"795afe79933e0fe69cb1ca60c408f32d535e5099","isMergeCommit":true,"messageTitle":"Merge branch \u0027master\u0027 into DGv1","messageBody":"","fileTypesAndContributionMap":{}}]},{"date":"2024-03-31","commitResults":[{"hash":"3950a1b0957c0eaaeaace239f40078c7b9749b76","isMergeCommit":false,"messageTitle":"Fix solution feature bug due to lowerCaseCommand.contentEquals() instead of commandParts[0].contentEquals(). Remove explain feature too","messageBody":"","fileTypesAndContributionMap":{"functional-code":{"insertions":31,"deletions":37}}},{"hash":"d49f9b793c1a5abdb51a7331ff3cb75447279ab4","isMergeCommit":false,"messageTitle":"Extract explain feature from solution feature","messageBody":"","fileTypesAndContributionMap":{"functional-code":{"insertions":8,"deletions":5}}},{"hash":"a937089f2f4281c14adc3de75aee9e3c5650521c","isMergeCommit":false,"messageTitle":"Refactor processSolutionCommand()","messageBody":"","fileTypesAndContributionMap":{"functional-code":{"insertions":42,"deletions":33}}},{"hash":"405a82e4942c0753e33089d20cc38af50a1fd919","isMergeCommit":false,"messageTitle":"Add explain feature","messageBody":"","fileTypesAndContributionMap":{"functional-code":{"insertions":53,"deletions":32}}},{"hash":"fc01a92456a774a377e3ee0ae905f43574cac9e4","isMergeCommit":false,"messageTitle":"Fix checkstyleMain errors","messageBody":"","fileTypesAndContributionMap":{"functional-code":{"insertions":22,"deletions":18}}},{"hash":"8e3e81d99b987a87be15dfb15fdfd01947439549","isMergeCommit":true,"messageTitle":"Merge pull request #67 from NGXZS/DGv1","messageBody":"Fix solution, explain features ","fileTypesAndContributionMap":{}},{"hash":"ac920410fa13c1f7cb3c57fa90fb46f18388465f","isMergeCommit":false,"messageTitle":"Fix testGetTopic sametopicName and getTopic() zero-index bug","messageBody":"","fileTypesAndContributionMap":{"functional-code":{"insertions":3,"deletions":3},"test-code":{"insertions":8,"deletions":2}}},{"hash":"4cba1b312fc8e2c88830b34c3bd338c0b5105caa","isMergeCommit":false,"messageTitle":"Add choose randomTopic feature test in TopicListTest","messageBody":"","fileTypesAndContributionMap":{"functional-code":{"insertions":4,"deletions":4},"test-code":{"insertions":15,"deletions":5}}},{"hash":"2c101e0676d5bb3aa01b7c0a0e6d29009e5d1be1","isMergeCommit":false,"messageTitle":"Fix format errors to pass github checks","messageBody":"","fileTypesAndContributionMap":{"functional-code":{"insertions":2,"deletions":2}}},{"hash":"6b5a633fcc0988a7620e85b83b2e6c6fe8fb55db","isMergeCommit":true,"messageTitle":"Merge pull request #68 from NGXZS/DGv1","messageBody":"Add test for random topic feature","fileTypesAndContributionMap":{}},{"hash":"c24f3d0fe9c8b574c75ada9a9981f116b3327520","isMergeCommit":false,"messageTitle":"Update DG solution and explain features","messageBody":"","fileTypesAndContributionMap":{"docs":{"insertions":83,"deletions":23}}},{"hash":"58a96aa59ec6e92ef0b9612526d516e69e73f063","isMergeCommit":false,"messageTitle":"Update User Guide","messageBody":"","fileTypesAndContributionMap":{"docs":{"insertions":136,"deletions":142}}},{"hash":"4c44111143d32d9ab7403814b80861aa42f263be","isMergeCommit":true,"messageTitle":"Merge pull request #69 from NGXZS/DGv1","messageBody":"Update User Guide","fileTypesAndContributionMap":{}}]},{"date":"2024-04-02","commitResults":[{"hash":"d3fe9f11fd155c44defa5f38d62c3a6e9f10c531","isMergeCommit":false,"messageTitle":"Add test for parser, comment out handleSolutionCommandRegEx() due to regression","messageBody":"","fileTypesAndContributionMap":{"functional-code":{"insertions":3,"deletions":2},"test-code":{"insertions":145,"deletions":2}}},{"hash":"0ad0f024283aaf93dff6f371f3e8cff3d3b15cfd","isMergeCommit":true,"messageTitle":"Merge branch \u0027master\u0027 of https://github.com/AY2324S2-CS2113-F15-1/tp into DGv1","messageBody":"","fileTypesAndContributionMap":{}},{"hash":"d2fbcaf9517290cc23e79836c9e0c780e9491972","isMergeCommit":false,"messageTitle":"Fix checkstyle errors, left 2 checkstyleMain errors in handleSolutionCommandRegEx()","messageBody":"","fileTypesAndContributionMap":{"functional-code":{"insertions":19,"deletions":27},"test-code":{"insertions":3,"deletions":3}}},{"hash":"96a31cb215802379081eb54a826e0c112ec34772","isMergeCommit":true,"messageTitle":"Merge pull request #75 from NGXZS/DGv1","messageBody":"Fix Regression for solution feature","fileTypesAndContributionMap":{}},{"hash":"d3e98563f050cf68d6212766c4eb5a697d6b1d7b","isMergeCommit":false,"messageTitle":"Update DG","messageBody":"","fileTypesAndContributionMap":{"docs":{"insertions":22,"deletions":22}}},{"hash":"3c44a7e199c4417f1915c905937c484954a0e85e","isMergeCommit":false,"messageTitle":"Update UG","messageBody":"","fileTypesAndContributionMap":{"docs":{"insertions":5,"deletions":4}}},{"hash":"086403666c9d65aecb6668742b2c87f760958de9","isMergeCommit":false,"messageTitle":"Update UML diagram","messageBody":"","fileTypesAndContributionMap":{"docs":{"insertions":96,"deletions":33}}},{"hash":"71c028dce119d0d9ff8a3a3f515e07f0d6818d0f","isMergeCommit":false,"messageTitle":"Update solutions UML, DG","messageBody":"","fileTypesAndContributionMap":{"docs":{"insertions":31,"deletions":21}}},{"hash":"7dfa56dfcfbbc6c8013f6549523d50438979039d","isMergeCommit":true,"messageTitle":"Merge branch \u0027master\u0027 of https://github.com/AY2324S2-CS2113-F15-1/tp into DGv1","messageBody":"","fileTypesAndContributionMap":{}},{"hash":"a4dc08f52bb25ce573e2f7c563743d5d73e47070","isMergeCommit":false,"messageTitle":"Fix checkstyleMain errors","messageBody":"","fileTypesAndContributionMap":{"functional-code":{"insertions":0,"deletions":2}}},{"hash":"b35211d296b2c77c5e29f99477e9cc5b54806aa7","isMergeCommit":true,"messageTitle":"Merge pull request #78 from NGXZS/DGv1","messageBody":"Update DG, UG, fix checkstyle errors haha","fileTypesAndContributionMap":{}}]},{"date":"2024-04-03","commitResults":[{"hash":"2038e64fa63d9356a5696c638abc8b427951d6de","isMergeCommit":false,"messageTitle":"Remove magic literals in parseCommand()","messageBody":"","fileTypesAndContributionMap":{"functional-code":{"insertions":30,"deletions":21}}}]},{"date":"2024-04-04","commitResults":[{"hash":"0ba218801cfacacad1a37c8974a1630d2f2acb62","isMergeCommit":false,"messageTitle":"Replace more magic literals in Parser.java","messageBody":"","fileTypesAndContributionMap":{"functional-code":{"insertions":17,"deletions":15}}},{"hash":"a36bd466abeb0a490bde8871d5570f87fde40a2d","isMergeCommit":false,"messageTitle":"Remove redundant constants in Parser.java","messageBody":"","fileTypesAndContributionMap":{"functional-code":{"insertions":8,"deletions":10}}},{"hash":"0e05220b938af31e32e6333b46e386c914e914e3","isMergeCommit":false,"messageTitle":"Add unused folder to store unused code","messageBody":"","fileTypesAndContributionMap":{"functional-code":{"insertions":1,"deletions":1}}},{"hash":"e0f6d9a8dd5b8032cccaac239c7487fe76f81030","isMergeCommit":false,"messageTitle":"Update checkstyleMain, expected.txt to pass tests","messageBody":"","fileTypesAndContributionMap":{"functional-code":{"insertions":5,"deletions":3}}},{"hash":"4fd7942c89eede695b168ab315b68843be4ba858","isMergeCommit":true,"messageTitle":"Merge pull request #86 from NGXZS/code-quality","messageBody":"Improve Code quality","fileTypesAndContributionMap":{}}]},{"date":"2024-04-09","commitResults":[{"hash":"6435b39b39b4b94a004b6faa98623419cff89545","isMergeCommit":false,"messageTitle":"Fix UserGuide format issues","messageBody":"","fileTypesAndContributionMap":{"docs":{"insertions":2,"deletions":2}}},{"hash":"36f410995ca49b771437a682be26f7e8f742dabb","isMergeCommit":false,"messageTitle":"Add createQuestions function and dataset","messageBody":"","fileTypesAndContributionMap":{"functional-code":{"insertions":120,"deletions":51}}}]},{"date":"2024-04-10","commitResults":[{"hash":"2cde8d21ee69f6d29586e97ffea26b0f3c211e1f","isMergeCommit":false,"messageTitle":"Fix checkstyle errors, code clean up in Parser.java","messageBody":"","fileTypesAndContributionMap":{"functional-code":{"insertions":10,"deletions":44}}},{"hash":"529bcf1a4369ac33128d588d6067a323a186d4f9","isMergeCommit":false,"messageTitle":"Add testing code for question dataset","messageBody":"","fileTypesAndContributionMap":{"functional-code":{"insertions":18,"deletions":2}}},{"hash":"3ea46ccfeca4ab072a3ffb7cbf4c9aa5f1032b41","isMergeCommit":false,"messageTitle":"Fix handleException() to pass github checks","messageBody":"","fileTypesAndContributionMap":{"functional-code":{"insertions":16,"deletions":19}}},{"hash":"009f971ea3d6d6799ed60e3bd9c4ea5f29a8ed60","isMergeCommit":false,"messageTitle":"Remove testing code","messageBody":"","fileTypesAndContributionMap":{"functional-code":{"insertions":0,"deletions":9}}},{"hash":"c8934092fd586a7d728e940275398ac94ced65ec","isMergeCommit":false,"messageTitle":"Add hardcoded questions format","messageBody":"","fileTypesAndContributionMap":{"functional-code":{"insertions":71,"deletions":43}}},{"hash":"25416051d8d1261b07d538fab61ac5aa3b7e918d","isMergeCommit":true,"messageTitle":"merge with upstream","messageBody":"","fileTypesAndContributionMap":{}},{"hash":"93ce583772814290af85080eca1991cf9a055345","isMergeCommit":false,"messageTitle":"Add sample questions","messageBody":"","fileTypesAndContributionMap":{"functional-code":{"insertions":80,"deletions":24}}},{"hash":"cdb8bdc547906b757dee2e2f673266d1bd898f97","isMergeCommit":false,"messageTitle":"Fix checkstyle errors","messageBody":"","fileTypesAndContributionMap":{"functional-code":{"insertions":47,"deletions":18}}},{"hash":"affeb350290424304fa068780ab928e64a9c69a8","isMergeCommit":true,"messageTitle":"Merge pull request #149 from NGXZS/PED-bugs","messageBody":"Add hardcoded questions","fileTypesAndContributionMap":{}},{"hash":"35d5bced4601cef35b716eb2d5a0d7a230468763","isMergeCommit":false,"messageTitle":"Add steps for adding hardcoded questions","messageBody":"","fileTypesAndContributionMap":{"functional-code":{"insertions":7,"deletions":2}}},{"hash":"235aef27107f01f44dc7330449e6e69720507c75","isMergeCommit":false,"messageTitle":"Fix UG format for help","messageBody":"","fileTypesAndContributionMap":{"docs":{"insertions":9,"deletions":5}}},{"hash":"b50f2ab3f93ae3172d65441924f95da93cd4044b","isMergeCommit":false,"messageTitle":"Add timed mode example in UG","messageBody":"","fileTypesAndContributionMap":{"docs":{"insertions":3,"deletions":0}}},{"hash":"d197d424977cc83796eb02b2e7da2f85a6f6be6c","isMergeCommit":false,"messageTitle":"Fix scrollbar issue in UG","messageBody":"","fileTypesAndContributionMap":{"docs":{"insertions":3,"deletions":3}}},{"hash":"ca167fa999b26fd4de7500ca3a3508bc12ec4f49","isMergeCommit":true,"messageTitle":"Merge branch \u0027master\u0027 of https://github.com/AY2324S2-CS2113-F15-1/tp into PED-bugs","messageBody":"","fileTypesAndContributionMap":{}},{"hash":"51eed721ff0d1ead2d44811838035315d634a17c","isMergeCommit":false,"messageTitle":"Change FAQ in UG","messageBody":"","fileTypesAndContributionMap":{"docs":{"insertions":3,"deletions":3}}},{"hash":"f02b10332773172dc8c9906f559dad64d5f1fbae","isMergeCommit":true,"messageTitle":"Merge pull request #153 from NGXZS/PED-bugs","messageBody":"Fix some PED bugs in UG","fileTypesAndContributionMap":{}},{"hash":"234e44e24aaf3f51e32b2d4d5605a816b05b91ab","isMergeCommit":false,"messageTitle":"Add reposense","messageBody":"","fileTypesAndContributionMap":{"functional-code":{"insertions":22,"deletions":14},"docs":{"insertions":2,"deletions":2},"test-code":{"insertions":6,"deletions":9}}},{"hash":"d980b8693433a3ee936b5e240554e3d9675661a1","isMergeCommit":false,"messageTitle":"Add UI formatting","messageBody":"","fileTypesAndContributionMap":{"functional-code":{"insertions":8,"deletions":4},"test-code":{"insertions":0,"deletions":3}}},{"hash":"5a0844c97418f379f6c5737253d3fc16657be660","isMergeCommit":false,"messageTitle":"Add DONE flag for topic, Refactor UI code","messageBody":"","fileTypesAndContributionMap":{"functional-code":{"insertions":34,"deletions":13}}},{"hash":"c1d0349dde432f53336244f52367df6f3e0b2fb0","isMergeCommit":false,"messageTitle":"Fix checkstyle error in CommandList.java","messageBody":"","fileTypesAndContributionMap":{"functional-code":{"insertions":1,"deletions":2}}},{"hash":"df2e2c4ba054a5c500407983b4c7f9e4d68615bc","isMergeCommit":true,"messageTitle":"Merge pull request #155 from NGXZS/PED-bugs","messageBody":"PED bug: improve user friendliness","fileTypesAndContributionMap":{}},{"hash":"86d5b00e2cc9e7549f174574d2202d2cb5798c34","isMergeCommit":false,"messageTitle":"Fix blank name infinite loop bug","messageBody":"","fileTypesAndContributionMap":{"functional-code":{"insertions":63,"deletions":35}}},{"hash":"55a0bda58df897d77039102cf7026fbe95bf48f2","isMergeCommit":true,"messageTitle":"Merge branch \u0027master\u0027 of https://github.com/AY2324S2-CS2113-F15-1/tp into PED-bugs","messageBody":"","fileTypesAndContributionMap":{}},{"hash":"73ea74e0f6a7e0b6653288d862ba0d81020da3a4","isMergeCommit":false,"messageTitle":"Fix checkstyle errors","messageBody":"","fileTypesAndContributionMap":{"functional-code":{"insertions":5,"deletions":4}}},{"hash":"5b767868f91c8f987d922d79a44cab18754c5648","isMergeCommit":true,"messageTitle":"Merge pull request #156 from NGXZS/PED-bugs","messageBody":"Fix PED Bug + fix infinite sayHi loop bug","fileTypesAndContributionMap":{}}]},{"date":"2024-04-11","commitResults":[{"hash":"afad7134edbdbc0a8064c1f356322f17b6c078f5","isMergeCommit":false,"messageTitle":"Add PPP","messageBody":"","fileTypesAndContributionMap":{"docs":{"insertions":61,"deletions":0}}},{"hash":"e433ac3f15ab2b25581114556e3981167a6f87c2","isMergeCommit":true,"messageTitle":"Merge pull request #159 from NGXZS/PED-bugs","messageBody":"Add PPP","fileTypesAndContributionMap":{}},{"hash":"5cb2cdb01e6230caf7a58686590d4a20a858918b","isMergeCommit":false,"messageTitle":"Reformat UserGuide.md to follow template","messageBody":"","fileTypesAndContributionMap":{"docs":{"insertions":43,"deletions":25}}},{"hash":"390cf28d2cb4c3c7b8c61ba0bf93057e296e086f","isMergeCommit":false,"messageTitle":"Add template format for DG","messageBody":"","fileTypesAndContributionMap":{"docs":{"insertions":41,"deletions":25}}},{"hash":"ddfac3016635abb0f3dcb1a6056fb69d43e6eb30","isMergeCommit":true,"messageTitle":"Merge pull request #161 from NGXZS/PED-bugs","messageBody":"Modify/ Add template format for UG, DG","fileTypesAndContributionMap":{}}]}],"songyuew":[{"date":"2024-03-08","commitResults":[{"hash":"8bf8b62d1d8d595adcba128fa7226efb1c689019","isMergeCommit":false,"messageTitle":"Update README.md","messageBody":"","fileTypesAndContributionMap":{"docs":{"insertions":1,"deletions":1}}},{"hash":"8ff17519248f36308b24d8e1acc2e5b4743be6cc","isMergeCommit":false,"messageTitle":"Songyue Wang personal info","messageBody":"","fileTypesAndContributionMap":{"docs":{"insertions":7,"deletions":13}}},{"hash":"650f9b771fc22cb0b6da61f0dcdd31c113b7a90d","isMergeCommit":true,"messageTitle":"Merge pull request #1 from songyuew/personal-info","messageBody":"Songyue Wang personal info","fileTypesAndContributionMap":{}}]},{"date":"2024-03-19","commitResults":[{"hash":"648220535308b93f4e562021bfd09104bdb570f4","isMergeCommit":false,"messageTitle":"Basic help/UG viewing function","messageBody":"","fileTypesAndContributionMap":{"functional-code":{"insertions":77,"deletions":4},"other":{"insertions":1,"deletions":0}}},{"hash":"4462036185f68dbf7fd13dd3d96241d3dc8aaf5e","isMergeCommit":true,"messageTitle":"Merge pull request #24 from songyuew/master","messageBody":"Basic help/UG viewing function","fileTypesAndContributionMap":{}},{"hash":"168bbfea2d737f687d257608a00b4086df644202","isMergeCommit":false,"messageTitle":"Refactored Helper.java code","messageBody":"","fileTypesAndContributionMap":{"functional-code":{"insertions":6,"deletions":2}}},{"hash":"d528dacaf7bde28784ac68c018b04b0965b2bb16","isMergeCommit":false,"messageTitle":"Changed TableBuilder","messageBody":"","fileTypesAndContributionMap":{"functional-code":{"insertions":8,"deletions":7},"other":{"insertions":1,"deletions":1}}},{"hash":"c96d1d0ab4138a83f1b5944500b2b71a985af061","isMergeCommit":false,"messageTitle":"Changed variable names","messageBody":"","fileTypesAndContributionMap":{"functional-code":{"insertions":2,"deletions":2}}},{"hash":"2ba687fb1bcfda9655f4cb5b8e6b4afd8124d53d","isMergeCommit":true,"messageTitle":"Merge branch \u0027master\u0027 into UG-Display","messageBody":"","fileTypesAndContributionMap":{}},{"hash":"a5636c96a3ad1adc4b23e2e019f2a5be12fe9045","isMergeCommit":true,"messageTitle":"Merge pull request #29 from songyuew/UG-Display","messageBody":"Changed variable naming ","fileTypesAndContributionMap":{}}]},{"date":"2024-03-22","commitResults":[{"hash":"2eef84b35e972ee6fdee1d1235d9fb1880d59430","isMergeCommit":false,"messageTitle":"UG Readme","messageBody":"","fileTypesAndContributionMap":{"functional-code":{"insertions":3,"deletions":3},"docs":{"insertions":172,"deletions":45}}},{"hash":"c69af921f187cfaa330ddf103418790c07508f85","isMergeCommit":false,"messageTitle":"UG code refactored","messageBody":"","fileTypesAndContributionMap":{"functional-code":{"insertions":31,"deletions":9}}},{"hash":"47a35a2386fa33c226e2805be5daee446c08e0f0","isMergeCommit":true,"messageTitle":"Merge pull request #42 from songyuew/UG","messageBody":"UG code refactored","fileTypesAndContributionMap":{}},{"hash":"d6055a3d90ab4623066a8f5df7607e92614a79e8","isMergeCommit":false,"messageTitle":"list topic functions","messageBody":"","fileTypesAndContributionMap":{"functional-code":{"insertions":33,"deletions":3},"docs":{"insertions":7,"deletions":44}}},{"hash":"baa234e01076a8447f883fcf178f07ceb725199f","isMergeCommit":true,"messageTitle":"Merge pull request #43 from songyuew/master","messageBody":"list topic functions","fileTypesAndContributionMap":{}}]},{"date":"2024-03-27","commitResults":[{"hash":"597c02e9509384e1af428a7e8a66e20717b1a1e5","isMergeCommit":false,"messageTitle":"Added JUnit","messageBody":"","fileTypesAndContributionMap":{"functional-code":{"insertions":4,"deletions":0},"test-code":{"insertions":15,"deletions":0}}},{"hash":"06e85ef3623ed25e20ae39a9451c0951063e62ca","isMergeCommit":true,"messageTitle":"Merge pull request #45 from songyuew/master","messageBody":"Added JUnit","fileTypesAndContributionMap":{}},{"hash":"2ca70e395bd15ed477e450a47740aaeef0051408","isMergeCommit":false,"messageTitle":"Used assert in code","messageBody":"","fileTypesAndContributionMap":{"functional-code":{"insertions":3,"deletions":0},"test-code":{"insertions":2,"deletions":2}}},{"hash":"014646ab218b98a8b88f81e6816afe797bddd010","isMergeCommit":true,"messageTitle":"Merge pull request #46 from songyuew/master","messageBody":"Used assert in code","fileTypesAndContributionMap":{}}]},{"date":"2024-03-28","commitResults":[{"hash":"84108c372113b0868789b33d1a54f3b401c80d96","isMergeCommit":false,"messageTitle":"Updated DG","messageBody":"","fileTypesAndContributionMap":{"docs":{"insertions":20,"deletions":13}}},{"hash":"3eff17cd874401eb727f294c2710faf2fd6ee1d3","isMergeCommit":true,"messageTitle":"Merge pull request #55 from songyuew/master","messageBody":"Updated DG - songyuew","fileTypesAndContributionMap":{}}]},{"date":"2024-04-04","commitResults":[{"hash":"9330d06cea5600ded1b721bd103613fb0d512462","isMergeCommit":false,"messageTitle":"Updated UG","messageBody":"","fileTypesAndContributionMap":{"docs":{"insertions":9,"deletions":14}}},{"hash":"ee674d397a4cccf24079a2221e65a7c22c978162","isMergeCommit":true,"messageTitle":"Merge pull request #92 from songyuew/master","messageBody":"Updated UG","fileTypesAndContributionMap":{}},{"hash":"8b16fc3545da633cfc6dffe5a0e3c3b834c34ce4","isMergeCommit":false,"messageTitle":"Added progress bar for topics in main menu","messageBody":"","fileTypesAndContributionMap":{"functional-code":{"insertions":65,"deletions":0}}},{"hash":"b1aee861776e2cc9953ac0538b26d40e52523fc9","isMergeCommit":true,"messageTitle":"Merge pull request #93 from songyuew/master","messageBody":"Added progress bar for topics in main menu","fileTypesAndContributionMap":{}},{"hash":"c691a34daa1520a911227e0db0f58966c3e087d3","isMergeCommit":false,"messageTitle":"Added progress tracker for each question set","messageBody":"","fileTypesAndContributionMap":{"functional-code":{"insertions":23,"deletions":4}}},{"hash":"2e27a1a532cfcffffed82a2f8340ee28366fab26","isMergeCommit":true,"messageTitle":"Merge pull request #94 from songyuew/master","messageBody":"Added progress tracker for each question set","fileTypesAndContributionMap":{}},{"hash":"e0edd1dec0cf79ac4e50cf0b489f2a3db31af9f9","isMergeCommit":false,"messageTitle":"Minor format fix","messageBody":"","fileTypesAndContributionMap":{"functional-code":{"insertions":2,"deletions":4}}},{"hash":"c71262a7cbec24de33dce4c1eaa75e82af3127f4","isMergeCommit":true,"messageTitle":"Merge pull request #95 from songyuew/master","messageBody":"Minor format fix","fileTypesAndContributionMap":{}},{"hash":"ec33e9286278fa9e21bc214aa8b802832138b05c","isMergeCommit":false,"messageTitle":"Minor format fix","messageBody":"","fileTypesAndContributionMap":{"functional-code":{"insertions":6,"deletions":16}}},{"hash":"265aa83e2ac6c0bba011085e59b561841f8be685","isMergeCommit":true,"messageTitle":"Merge pull request #96 from songyuew/master","messageBody":"Minor format fix","fileTypesAndContributionMap":{}},{"hash":"52c0d0c2c19dfaae52790f36ab6985938ee4842f","isMergeCommit":false,"messageTitle":"Final UG","messageBody":"","fileTypesAndContributionMap":{"docs":{"insertions":159,"deletions":7}}},{"hash":"021b22fd8f52ae1e6502aadb6455fdf6705bf5cc","isMergeCommit":true,"messageTitle":"Merge pull request #97 from songyuew/master","messageBody":"Final UG","tags":["v2.0"],"fileTypesAndContributionMap":{}}]},{"date":"2024-04-05","commitResults":[{"hash":"3ef358d221986d15f10b02aabdb0e3fc597ba9bb","isMergeCommit":false,"messageTitle":"UI test fix","messageBody":"","fileTypesAndContributionMap":{"functional-code":{"insertions":1,"deletions":1}}},{"hash":"9f14ed53cbd8155115fef67dff2a1b8e17186c6f","isMergeCommit":true,"messageTitle":"Merge pull request #98 from songyuew/master","messageBody":"UI test fix","fileTypesAndContributionMap":{}}]},{"date":"2024-04-11","commitResults":[{"hash":"ab62f894bf7b2b1e91d9a771ab0540543af037e9","isMergeCommit":false,"messageTitle":"added PPP: songyuew","messageBody":"","fileTypesAndContributionMap":{"docs":{"insertions":28,"deletions":3}}},{"hash":"1d497dba8aeccbe179988baaeb05692c09ddca96","isMergeCommit":true,"messageTitle":"Merge pull request #160 from songyuew/master","messageBody":"added PPP: songyuew","fileTypesAndContributionMap":{}},{"hash":"0ce7b57bbceb0074d69354790c005aaab56b8d57","isMergeCommit":false,"messageTitle":"Minor update to list feature","messageBody":"","fileTypesAndContributionMap":{"functional-code":{"insertions":11,"deletions":1}}},{"hash":"aae2c3384ef73f753ed1ecc5f8e65766c1c5c298","isMergeCommit":true,"messageTitle":"Merge pull request #163 from songyuew/master","messageBody":"Minor update to list feature","fileTypesAndContributionMap":{}},{"hash":"954e13c7b90866ead779cde440efd73afe4d8821","isMergeCommit":false,"messageTitle":"Minor update to UG","messageBody":"","fileTypesAndContributionMap":{"functional-code":{"insertions":1,"deletions":0},"docs":{"insertions":12,"deletions":2}}},{"hash":"9504063aa97bcaa3133aabcbf4346dd9bd2e6f4d","isMergeCommit":false,"messageTitle":"Minor updates to UG 1","messageBody":"","fileTypesAndContributionMap":{"functional-code":{"insertions":0,"deletions":1}}},{"hash":"a0e99982240df351a8d112aa20504c8385d63f3c","isMergeCommit":true,"messageTitle":"Merge pull request #165 from songyuew/master","messageBody":"Minor updates to UG","fileTypesAndContributionMap":{}}]}],"hongyijie06":[{"date":"2024-03-08","commitResults":[{"hash":"70f400afcac29e5693c942aa7c91179d65f26f8a","isMergeCommit":false,"messageTitle":"Change name","messageBody":"","fileTypesAndContributionMap":{"docs":{"insertions":4,"deletions":7}}},{"hash":"bc130bc0ef6453912a91c883cee72195d1b45472","isMergeCommit":true,"messageTitle":"Merge branch \u0027in-class-activity\u0027","messageBody":"","fileTypesAndContributionMap":{}},{"hash":"84a882199a6a4d5fcc691f6cfd92a0e00185929e","isMergeCommit":false,"messageTitle":"add details","messageBody":"","fileTypesAndContributionMap":{"docs":{"insertions":1,"deletions":1}}}]},{"date":"2024-03-19","commitResults":[{"hash":"0667e7afaa7c6e79e7c41f44977b697cb6d969fa","isMergeCommit":false,"messageTitle":"add choose topic","messageBody":"","fileTypesAndContributionMap":{"functional-code":{"insertions":138,"deletions":9}}},{"hash":"f68d8d82cb64a4ff0b5e971c699b702d3dcef92d","isMergeCommit":false,"messageTitle":"add startGame","messageBody":"","fileTypesAndContributionMap":{"functional-code":{"insertions":22,"deletions":29}}},{"hash":"3ee4e73924a70d8e307025257f8f99e944599a8b","isMergeCommit":true,"messageTitle":"Merge branch \u0027master\u0027 into master","messageBody":"","fileTypesAndContributionMap":{}},{"hash":"2810f329fc41da8db19921310e37c17f4063e2e1","isMergeCommit":true,"messageTitle":"Merge pull request #25 from hongyijie06/master","messageBody":"choose topics","fileTypesAndContributionMap":{}},{"hash":"793a4620f8d859d5d95881b8f0b4a2e142f82202","isMergeCommit":false,"messageTitle":"separate question sets by topic","messageBody":"","fileTypesAndContributionMap":{"functional-code":{"insertions":83,"deletions":26}}},{"hash":"ad7ca434e48e6d62fcb50c1724055b7afe370560","isMergeCommit":false,"messageTitle":"adhere to gradle checkstyle","messageBody":"","fileTypesAndContributionMap":{"functional-code":{"insertions":11,"deletions":11}}},{"hash":"aa72a2f2ed65acf31ed57ab9bb0ee40c244875bc","isMergeCommit":false,"messageTitle":"add input answers for each question","messageBody":"","fileTypesAndContributionMap":{"functional-code":{"insertions":18,"deletions":5}}}]},{"date":"2024-03-20","commitResults":[{"hash":"952c42068de29fa58187c7b73edd51da5a1cd800","isMergeCommit":false,"messageTitle":"resolve bugs for solution and explanation","messageBody":"","fileTypesAndContributionMap":{"functional-code":{"insertions":37,"deletions":14}}},{"hash":"b78734f1942dca89debf1fa3d44603d7536a043b","isMergeCommit":false,"messageTitle":"add comments on where to integrate results","messageBody":"","fileTypesAndContributionMap":{"functional-code":{"insertions":11,"deletions":2}}}]},{"date":"2024-03-24","commitResults":[{"hash":"f0786eef5600d86ffe9edfafe85d78320fcc1187","isMergeCommit":false,"messageTitle":"add topicListTest","messageBody":"","fileTypesAndContributionMap":{"functional-code":{"insertions":0,"deletions":7},"test-code":{"insertions":35,"deletions":0}}}]},{"date":"2024-03-26","commitResults":[{"hash":"6160b65e862ffc5eb62e3612becdb7c85ce6563a","isMergeCommit":false,"messageTitle":"add access to solutions/ explanations only after attempting","messageBody":"","fileTypesAndContributionMap":{"functional-code":{"insertions":20,"deletions":4}}},{"hash":"c01d6bfbce7393ecb1ba5db62008159e09551a51","isMergeCommit":false,"messageTitle":"use more OOP","messageBody":"","fileTypesAndContributionMap":{"functional-code":{"insertions":5,"deletions":8}}},{"hash":"3788af77b4d2436cb6f450473e97a6936ff2d0a0","isMergeCommit":false,"messageTitle":"add assertions","messageBody":"","fileTypesAndContributionMap":{"functional-code":{"insertions":5,"deletions":5}}},{"hash":"1b6da14c9996ee6513742a9f250026d261c8b31c","isMergeCommit":true,"messageTitle":"Merge pull request #44 from hongyijie06/master","messageBody":"add access to solutions/explanations after attempting topic","fileTypesAndContributionMap":{}}]},{"date":"2024-03-29","commitResults":[{"hash":"41971c2e5c9e2b4cc58085824f4b9a871d9bd6cf","isMergeCommit":false,"messageTitle":"add topicsList feature (todo: add class diagrams)","messageBody":"","fileTypesAndContributionMap":{"docs":{"insertions":28,"deletions":6}}},{"hash":"0b0de6b099207226d78c740f2ee3ea1fbe55a867","isMergeCommit":false,"messageTitle":"add class diagrams","messageBody":"","fileTypesAndContributionMap":{"docs":{"insertions":6,"deletions":0}}},{"hash":"b7a4217419c70573ba6ce95f1b887c07387f42f6","isMergeCommit":true,"messageTitle":"Merge branch \u0027master\u0027 into master","messageBody":"","fileTypesAndContributionMap":{}},{"hash":"2f6ff1014d5fd8b99fb6393de83715b9997ea242","isMergeCommit":true,"messageTitle":"Merge pull request #59 from hongyijie06/master","messageBody":"add topics feature in DG","fileTypesAndContributionMap":{}}]},{"date":"2024-03-30","commitResults":[{"hash":"c2ab756a13e78769c3bd8b15167a98a624adcc56","isMergeCommit":false,"messageTitle":"add timer mode","messageBody":"","fileTypesAndContributionMap":{"functional-code":{"insertions":67,"deletions":13},"docs":{"insertions":2,"deletions":1}}},{"hash":"3ba2c104b3d741efe7f58ecb1b67d837b40be6cb","isMergeCommit":true,"messageTitle":"Merge branch \u0027master\u0027 of https://github.com/hongyijie06/tp","messageBody":"# Conflicts:\n#\tdocs/DeveloperGuide.md\n","fileTypesAndContributionMap":{}},{"hash":"a8111b5c28443a525b897012a43294f3c81b5c5a","isMergeCommit":false,"messageTitle":"fix DG formatting","messageBody":"","fileTypesAndContributionMap":{"docs":{"insertions":1,"deletions":1}}},{"hash":"74f06d660de18f0a96d59be4a6a16c91c8f94fb5","isMergeCommit":false,"messageTitle":"fix timed mode bug","messageBody":"","fileTypesAndContributionMap":{"functional-code":{"insertions":19,"deletions":16}}},{"hash":"011e249beb16b6f1107d240e315e4e537f2c2ffc","isMergeCommit":true,"messageTitle":"Merge pull request #60 from hongyijie06/master","messageBody":"add timed mode","fileTypesAndContributionMap":{}}]},{"date":"2024-04-02","commitResults":[{"hash":"283192fff77fc8d0998cf8e66c1c28d58b266541","isMergeCommit":false,"messageTitle":"add assertions","messageBody":"","fileTypesAndContributionMap":{"functional-code":{"insertions":2,"deletions":1}}}]},{"date":"2024-04-03","commitResults":[{"hash":"9109aa58a7cf81414f515d4a90045152dbc91fdc","isMergeCommit":false,"messageTitle":"remove magic strings and refactor fixed-size bool arrays","messageBody":"","fileTypesAndContributionMap":{"functional-code":{"insertions":38,"deletions":27}}},{"hash":"3b22a155fcbaa3a63330655e3ed2b7eaad571026","isMergeCommit":false,"messageTitle":"reduce nesting","messageBody":"","fileTypesAndContributionMap":{"functional-code":{"insertions":58,"deletions":47}}},{"hash":"7b631c335e56c3f88b9274348f69eebd49801636","isMergeCommit":true,"messageTitle":"Merge branch \u0027master\u0027 into add_assertions","messageBody":"","fileTypesAndContributionMap":{}},{"hash":"ff42c7967f6334075c30f7b3975e53339ec263d2","isMergeCommit":true,"messageTitle":"Merge pull request #3 from hongyijie06/add_assertions","messageBody":"Improve Code Quality","fileTypesAndContributionMap":{}},{"hash":"7dc22d3dc9059f29e9bf06038948f162e2bc3baa","isMergeCommit":false,"messageTitle":"fix error","messageBody":"","fileTypesAndContributionMap":{"functional-code":{"insertions":6,"deletions":6}}},{"hash":"e239fd821dfefc80c9d1c6b47dea3d78c4358227","isMergeCommit":false,"messageTitle":"gradle check","messageBody":"","fileTypesAndContributionMap":{"functional-code":{"insertions":2,"deletions":2}}},{"hash":"80e5fc201354ac8b659eaf7d5cfc712c6fac2d2b","isMergeCommit":false,"messageTitle":"add answer tracker test","messageBody":"","fileTypesAndContributionMap":{"functional-code":{"insertions":3,"deletions":1},"test-code":{"insertions":120,"deletions":2}}},{"hash":"3ab35923ab08bf6b1b524eccfaee47a263a98f37","isMergeCommit":true,"messageTitle":"Merge pull request #81 from hongyijie06/master","messageBody":"add test cases","fileTypesAndContributionMap":{}},{"hash":"b24e6459997dde9669d66f6902831d425a4198c9","isMergeCommit":false,"messageTitle":"add user set timer and make pause resume smoother","messageBody":"","fileTypesAndContributionMap":{"functional-code":{"insertions":105,"deletions":17},"docs":{"insertions":15,"deletions":6}}},{"hash":"f5130be3cca7f1102b878134d2025c4dc917d10d","isMergeCommit":false,"messageTitle":"resolve checkstyle errors","messageBody":"","fileTypesAndContributionMap":{"functional-code":{"insertions":3,"deletions":4}}},{"hash":"90bab54eddb2a9912259e9f70b5135f8bfd40490","isMergeCommit":true,"messageTitle":"Merge pull request #84 from hongyijie06/master","messageBody":"resolve checkstyle errors","fileTypesAndContributionMap":{}},{"hash":"d67fa275aa3822488c23fc723702170a95af2c8d","isMergeCommit":false,"messageTitle":"standardise format of UG","messageBody":"","fileTypesAndContributionMap":{"docs":{"insertions":10,"deletions":10}}},{"hash":"7400780e2c832661526e86885c8950db3d150c1e","isMergeCommit":true,"messageTitle":"Merge pull request #85 from hongyijie06/master","messageBody":"standardise format of UG","fileTypesAndContributionMap":{}}]},{"date":"2024-04-11","commitResults":[{"hash":"b8d7dcc6751acdd47bc7d7a57fc5d449b6fb0be8","isMergeCommit":false,"messageTitle":"resolve bugs #130 and #134","messageBody":"","fileTypesAndContributionMap":{"functional-code":{"insertions":5,"deletions":4},"docs":{"insertions":39,"deletions":3}}},{"hash":"556e3fa9fdf8f88cdcfd79f26a33fabf15ab72ff","isMergeCommit":true,"messageTitle":"Merge branch \u0027master\u0027 of https://github.com/hongyijie06/tp","messageBody":"# Conflicts:\n#\tsrc/main/java/seedu/duke/Parser.java\n#\tsrc/main/java/seedu/duke/Ui.java\n","fileTypesAndContributionMap":{}},{"hash":"9132a6c11fd502fba31ba32c3bc7fbeb0f74e777","isMergeCommit":false,"messageTitle":"tag @","messageBody":"","fileTypesAndContributionMap":{"functional-code":{"insertions":11,"deletions":3},"test-code":{"insertions":2,"deletions":1}}},{"hash":"7bec6d6c6334db564c0d9d0d8dc3d54c262fb8da","isMergeCommit":true,"messageTitle":"Merge pull request #157 from hongyijie06/master","messageBody":"resolve some PED bugs","fileTypesAndContributionMap":{}}]}],"cyhjason29":[{"date":"2024-03-08","commitResults":[{"hash":"76eb3b196ac8c2363a8d4dda0a98aa10956432f2","isMergeCommit":false,"messageTitle":"Update About Us","messageBody":"","fileTypesAndContributionMap":{"docs":{"insertions":8,"deletions":8}}},{"hash":"1c98f2e5a2f8d9eeeb757e95dfb39e3740f29bc0","isMergeCommit":true,"messageTitle":"Merge branch \u0027master\u0027 into master","messageBody":"","fileTypesAndContributionMap":{}},{"hash":"04e3b276ae59807508f837e32a5f07ee035a7ed4","isMergeCommit":true,"messageTitle":"Merge pull request #5 from cyhjason29/master","messageBody":"Update About Us","fileTypesAndContributionMap":{}},{"hash":"5196cea01275c2d750f2709142e76ecaf820031c","isMergeCommit":true,"messageTitle":"Merge branch \u0027master\u0027 into AboutUs","messageBody":"","fileTypesAndContributionMap":{}},{"hash":"a7fe2ba490e2785677b2abc7a336ce68c8e00f59","isMergeCommit":true,"messageTitle":"Merge pull request #7 from yuhengr/AboutUs","messageBody":"Edit AboutUs.md","fileTypesAndContributionMap":{}},{"hash":"28b073b59f1aad8fa30b9834c62a7f008ed0c2a2","isMergeCommit":true,"messageTitle":"Merge branch \u0027master\u0027 of https://github.com/AY2324S2-CS2113-F15-1/tp","messageBody":"","fileTypesAndContributionMap":{}},{"hash":"73bba7512271d96581b6431e41a082da6d8da19e","isMergeCommit":true,"messageTitle":"Merge branch \u0027master\u0027 of https://github.com/AY2324S2-CS2113-F15-1/tp","messageBody":"","fileTypesAndContributionMap":{}}]},{"date":"2024-03-14","commitResults":[{"hash":"328dd898872a12deefef75019b104ae12722cb1b","isMergeCommit":false,"messageTitle":"Create Results class","messageBody":"","fileTypesAndContributionMap":{"functional-code":{"insertions":4,"deletions":0}}},{"hash":"4982fbc69b9767a44df6302a9e23b6c9fcde1f33","isMergeCommit":false,"messageTitle":"Add support to record score of each round","messageBody":"","fileTypesAndContributionMap":{"functional-code":{"insertions":28,"deletions":0}}},{"hash":"d6ecc485e6cd2c74d7f7ee6d4029f2a0f0608c19","isMergeCommit":false,"messageTitle":"Fix typo regarding private/public method","messageBody":"","fileTypesAndContributionMap":{"functional-code":{"insertions":1,"deletions":1}}},{"hash":"740e58662f5c1e8535ac6757e024e57a847e5907","isMergeCommit":false,"messageTitle":"Create ResultsList class","messageBody":"","fileTypesAndContributionMap":{"functional-code":{"insertions":4,"deletions":0}}},{"hash":"4d96b490e9f5a192e70fd3cb6330411204178b53","isMergeCommit":false,"messageTitle":"Add support to record results from all rounds","messageBody":"","fileTypesAndContributionMap":{"functional-code":{"insertions":20,"deletions":0}}},{"hash":"81b123c0e87787e60458bab49fa14808c42c22dc","isMergeCommit":false,"messageTitle":"Fix type casting errors regarding score calculations","messageBody":"","fileTypesAndContributionMap":{"functional-code":{"insertions":1,"deletions":1}}},{"hash":"0cbd763da7d03292e041f6bfe52c4771a1274baf","isMergeCommit":false,"messageTitle":"Test score calculation for a round","messageBody":"","fileTypesAndContributionMap":{"test-code":{"insertions":17,"deletions":0}}}]},{"date":"2024-03-15","commitResults":[{"hash":"6498d4729c974bb4a3bb8397e727fc8d63860bff","isMergeCommit":false,"messageTitle":"Fix errors regarding static variables","messageBody":"","fileTypesAndContributionMap":{"functional-code":{"insertions":8,"deletions":7}}},{"hash":"7cb2b43993690cdc2ef9a2d664c1fe9f66cee7b6","isMergeCommit":false,"messageTitle":"Add toString method for ResultsList","messageBody":"","fileTypesAndContributionMap":{"functional-code":{"insertions":16,"deletions":5}}},{"hash":"1de4e5e777133d10343bfd8d728dca62c8d0a9f5","isMergeCommit":false,"messageTitle":"Cleanup code for ResultsTest","messageBody":"","fileTypesAndContributionMap":{"test-code":{"insertions":12,"deletions":6}}},{"hash":"c4ea946f08d0395304d50a0b74ed19df30beb06c","isMergeCommit":false,"messageTitle":"Test listing of two results","messageBody":"","fileTypesAndContributionMap":{"test-code":{"insertions":32,"deletions":0}}},{"hash":"5eaa054d42f94b196bead5cabc04013f12e1dbb4","isMergeCommit":true,"messageTitle":"Merge branch \u0027feature-Results\u0027","messageBody":"","fileTypesAndContributionMap":{}},{"hash":"a057b4dd1c73ef2be076a81d6985b3c8f1bb2a07","isMergeCommit":true,"messageTitle":"Merge pull request #15 from cyhjason29/master","messageBody":"Add support for Results feature and some test codes","fileTypesAndContributionMap":{}},{"hash":"abf40be359262e28f855cf6d7c0fd4930436ec65","isMergeCommit":false,"messageTitle":"Cleanup code","messageBody":"","fileTypesAndContributionMap":{"functional-code":{"insertions":5,"deletions":4}}},{"hash":"636c7c94a33056c619ebbedcd8cdb1c93a442155","isMergeCommit":false,"messageTitle":"Cleanup code","messageBody":"","fileTypesAndContributionMap":{"test-code":{"insertions":4,"deletions":4}}},{"hash":"078e3ac1fabd5e3de423c7e0895b2a165865aa52","isMergeCommit":true,"messageTitle":"Merge pull request #17 from cyhjason29/master","messageBody":"Cleanup code","fileTypesAndContributionMap":{}}]},{"date":"2024-03-19","commitResults":[{"hash":"c82bc3fe63c3326a54fa43a9497f104e2c6ee44d","isMergeCommit":true,"messageTitle":"Merge branch \u0027master\u0027 of https://github.com/AY2324S2-CS2113-F15-1/tp","messageBody":"","fileTypesAndContributionMap":{}},{"hash":"8b4dafc651e9e066a55afc09c3d334a7f1f4c1db","isMergeCommit":false,"messageTitle":"Remove magic literals","messageBody":"","fileTypesAndContributionMap":{"functional-code":{"insertions":3,"deletions":1}}},{"hash":"f263e4e2be124a03ec398437aa0ee49e56732bd7","isMergeCommit":true,"messageTitle":"Merge pull request #22 from cyhjason29/master","messageBody":"Cleanup code","fileTypesAndContributionMap":{}},{"hash":"abd121c03c8f381d9d1bf1279309c3c306b09786","isMergeCommit":false,"messageTitle":"Add exception for ResultsList","messageBody":"","fileTypesAndContributionMap":{"functional-code":{"insertions":2,"deletions":2}}}]},{"date":"2024-03-20","commitResults":[{"hash":"a832beb38783c5917ccc86263a5fd6558570e7ca","isMergeCommit":false,"messageTitle":"Add support to view results with questions","messageBody":"","fileTypesAndContributionMap":{"functional-code":{"insertions":32,"deletions":3},"test-code":{"insertions":22,"deletions":4}}},{"hash":"1d963fc42050d85f1aecd34de8f139a3f0438baf","isMergeCommit":false,"messageTitle":"Add Ui messages regarding results","messageBody":"","fileTypesAndContributionMap":{"functional-code":{"insertions":9,"deletions":0}}},{"hash":"83e9340deb0f1268e66ad012f7588aaf0b0369e8","isMergeCommit":true,"messageTitle":"Merge branch \u0027master\u0027 of https://github.com/hongyijie06/tp","messageBody":"","fileTypesAndContributionMap":{}},{"hash":"06861d079d0cd856de365ebdc24b01f2216dbb36","isMergeCommit":true,"messageTitle":"Merge branch \u0027feature-ResultsWithQuestions\u0027","messageBody":"","fileTypesAndContributionMap":{}}]},{"date":"2024-03-21","commitResults":[{"hash":"e568a838aa3be3f1bf28fb4d55c545fb4549d331","isMergeCommit":false,"messageTitle":"Add recognition of results command","messageBody":"","fileTypesAndContributionMap":{"functional-code":{"insertions":53,"deletions":6}}},{"hash":"234c5116ba2ed2af797da036d9e310b0cece6378","isMergeCommit":false,"messageTitle":"Comment out hasChosenTopic","messageBody":"","fileTypesAndContributionMap":{"functional-code":{"insertions":3,"deletions":3}}},{"hash":"1215d03335594df3ff56d447b5906009ba872cfc","isMergeCommit":false,"messageTitle":"Add feature to get all questions","messageBody":"","fileTypesAndContributionMap":{"functional-code":{"insertions":14,"deletions":33}}},{"hash":"c45201c6927f261210301d296b638b0767082a55","isMergeCommit":false,"messageTitle":"Add ability to print results","messageBody":"","fileTypesAndContributionMap":{"functional-code":{"insertions":33,"deletions":11}}},{"hash":"aec7587b5aca4a1fd367f785a5c566218fb97da8","isMergeCommit":false,"messageTitle":"Update test case","messageBody":"","fileTypesAndContributionMap":{"test-code":{"insertions":5,"deletions":3}}},{"hash":"b36808e84d63b5f0f5c114b8ff170095b3a269cc","isMergeCommit":true,"messageTitle":"Merge branch \u0027master\u0027 into integration-Results","messageBody":"","fileTypesAndContributionMap":{}},{"hash":"6b1c7dc34aabf0af113fc527938821258f378880","isMergeCommit":true,"messageTitle":"Merge pull request #30 from cyhjason29/integration-Results","messageBody":"Integration of choosing topics and showing results","fileTypesAndContributionMap":{}},{"hash":"d034edc3596d33fb8b2d0f2fc0942cc179d248f8","isMergeCommit":true,"messageTitle":"Merge branch \u0027master\u0027 of https://github.com/AY2324S2-CS2113-F15-1/tp","messageBody":"","fileTypesAndContributionMap":{}},{"hash":"3e1b18b1d2ecde0895bf408a00d85c9ce6656fff","isMergeCommit":false,"messageTitle":"Cleanup code","messageBody":"","fileTypesAndContributionMap":{"functional-code":{"insertions":5,"deletions":5}}},{"hash":"71125a0a59a81061e09245f33e4dba5bb571c2c8","isMergeCommit":false,"messageTitle":"Edit text UI tests","messageBody":"","fileTypesAndContributionMap":{"functional-code":{"insertions":4,"deletions":4}}},{"hash":"51f2575637681fc711f4e0f530b56f8d46f41233","isMergeCommit":false,"messageTitle":"Cleanup code","messageBody":"","fileTypesAndContributionMap":{"functional-code":{"insertions":2,"deletions":2}}},{"hash":"c884cf8f78143da42111577d3a1b0c899e445c2f","isMergeCommit":true,"messageTitle":"Merge pull request #32 from cyhjason29/master","messageBody":"Cleanup code and text UI tests","fileTypesAndContributionMap":{}},{"hash":"75eee6c23148f856923591d721f36b47491803e7","isMergeCommit":false,"messageTitle":"Add AnswerTracker class","messageBody":"","fileTypesAndContributionMap":{"functional-code":{"insertions":29,"deletions":0}}},{"hash":"3fc408580ff72d9ee9a382861deb22876e440074","isMergeCommit":false,"messageTitle":"Add support to track user answers","messageBody":"","fileTypesAndContributionMap":{"functional-code":{"insertions":41,"deletions":35}}},{"hash":"ce553ec324eba34718294c4dc1e5366521579094","isMergeCommit":false,"messageTitle":"Add support to track user answers","messageBody":"","fileTypesAndContributionMap":{"functional-code":{"insertions":6,"deletions":3}}},{"hash":"dfdd32c6641c4e83b9a05a16954b60af17815b6b","isMergeCommit":false,"messageTitle":"Add exceptions for Results feature","messageBody":"","fileTypesAndContributionMap":{"functional-code":{"insertions":43,"deletions":16}}},{"hash":"aaad82fb783da2a536a9504f94bf2358f6f12fe5","isMergeCommit":false,"messageTitle":"Add assertions","messageBody":"","fileTypesAndContributionMap":{"functional-code":{"insertions":1,"deletions":0}}},{"hash":"08802abcad7358494ab678c39d8aa8b8131e5099","isMergeCommit":true,"messageTitle":"Merge pull request #34 from cyhjason29/feature-AnswerTracker","messageBody":"Add support to track user answers and correctness","fileTypesAndContributionMap":{}},{"hash":"f1d80f73ca63ee2e8d9156036464647dbb3f10b3","isMergeCommit":true,"messageTitle":"Merge branch \u0027master\u0027 of https://github.com/AY2324S2-CS2113-F15-1/tp","messageBody":"","fileTypesAndContributionMap":{}},{"hash":"2d4d422052e9aa7651a5b7bb11219dc89ca6ec01","isMergeCommit":true,"messageTitle":"Merge branch \u0027master\u0027 of https://github.com/AY2324S2-CS2113-F15-1/tp","messageBody":"","fileTypesAndContributionMap":{}},{"hash":"b7c43a78cd79da4e902e345f190ff3a19bd7bbbd","isMergeCommit":false,"messageTitle":"Update Helper list of commands","messageBody":"","fileTypesAndContributionMap":{"functional-code":{"insertions":8,"deletions":3}}},{"hash":"914cd4ba27e9762306ed5413ff91efecb18a35a1","isMergeCommit":false,"messageTitle":"Remove duplicate code","messageBody":"","fileTypesAndContributionMap":{"functional-code":{"insertions":0,"deletions":7}}},{"hash":"d0fbe43844618b8a0df359a7417acc9e04ac55e5","isMergeCommit":false,"messageTitle":"Remove duplicate code","messageBody":"","fileTypesAndContributionMap":{"test-code":{"insertions":2,"deletions":2}}},{"hash":"af6c8581a0f98bc423a76be69d8a03e767acfa17","isMergeCommit":true,"messageTitle":"Merge pull request #36 from cyhjason29/master","messageBody":"Update Helper list of commands and clean up code","fileTypesAndContributionMap":{}},{"hash":"518676316bb07c0b42f3bbf7dfc846c3fbee83d4","isMergeCommit":false,"messageTitle":"Add logging","messageBody":"","fileTypesAndContributionMap":{"functional-code":{"insertions":7,"deletions":0}}},{"hash":"06d4f30ef5a3772bc81cbac30e42680b11a6cb43","isMergeCommit":true,"messageTitle":"Merge pull request #38 from cyhjason29/branch-logging","messageBody":"Add logging to results","tags":["v1.0"],"fileTypesAndContributionMap":{}},{"hash":"7b8a7d0e15caaecffd4624642e09514320021c92","isMergeCommit":true,"messageTitle":"Merge branch \u0027master\u0027 of https://github.com/AY2324S2-CS2113-F15-1/tp","messageBody":"","fileTypesAndContributionMap":{}},{"hash":"75d7b0a6b59dc8a53d783f555163143cd503225c","isMergeCommit":false,"messageTitle":"FIx logging","messageBody":"","fileTypesAndContributionMap":{"functional-code":{"insertions":3,"deletions":0}}},{"hash":"b3773abcc799ff69170a725d0dfd2876ea1e7d58","isMergeCommit":true,"messageTitle":"Merge pull request #39 from cyhjason29/master","messageBody":"Fix logging","fileTypesAndContributionMap":{}}]},{"date":"2024-03-28","commitResults":[{"hash":"2923dce7942ce6d49a206d6d0302264faee085c2","isMergeCommit":true,"messageTitle":"Merge branch \u0027master\u0027 of https://github.com/AY2324S2-CS2113-F15-1/tp","messageBody":"","fileTypesAndContributionMap":{}},{"hash":"680fe36ee71fcad92e889566c65134f1d6327b1a","isMergeCommit":false,"messageTitle":"Update DG with results feature","messageBody":"","fileTypesAndContributionMap":{"docs":{"insertions":121,"deletions":0}}},{"hash":"727745fd47b25881e79ec8962e79e28101b7303c","isMergeCommit":true,"messageTitle":"Merge pull request #56 from cyhjason29/developerGuide-Results","messageBody":"Update DG with results feature","fileTypesAndContributionMap":{}},{"hash":"d3e9a94ba10506162e5748df2ae45ed73ec223da","isMergeCommit":true,"messageTitle":"Merge branch \u0027master\u0027 of https://github.com/AY2324S2-CS2113-F15-1/tp","messageBody":"","fileTypesAndContributionMap":{}}]},{"date":"2024-03-30","commitResults":[{"hash":"96e57613de81338fbbd4ab0b009fba2cf293ef0a","isMergeCommit":true,"messageTitle":"Merge branch \u0027master\u0027 of https://github.com/AY2324S2-CS2113-F15-1/tp","messageBody":"","fileTypesAndContributionMap":{}}]},{"date":"2024-04-01","commitResults":[{"hash":"bfe638639c8e2c5ea2b56392ca800cdb74be5f6d","isMergeCommit":false,"messageTitle":"Add Storage class","messageBody":"","fileTypesAndContributionMap":{"functional-code":{"insertions":164,"deletions":0}}},{"hash":"02afb39d988c092a2959a688a3ee9ee61485d452","isMergeCommit":false,"messageTitle":"Fix format errors","messageBody":"","fileTypesAndContributionMap":{"functional-code":{"insertions":6,"deletions":12}}},{"hash":"0bd86725f86a21aa064c6e98eea7b97ee8ac5d8f","isMergeCommit":false,"messageTitle":"Fix format errors","messageBody":"","fileTypesAndContributionMap":{"functional-code":{"insertions":5,"deletions":6}}},{"hash":"1c3f2556bd89476b657b4dba6d771038607ea0c8","isMergeCommit":false,"messageTitle":"Add support to save and load results","messageBody":"","fileTypesAndContributionMap":{"functional-code":{"insertions":75,"deletions":8}}}]},{"date":"2024-04-02","commitResults":[{"hash":"a8cc8e7243826d516bd986676ad7e9c8f0ca3214","isMergeCommit":false,"messageTitle":"Add support to pause while playing","messageBody":"","fileTypesAndContributionMap":{"functional-code":{"insertions":77,"deletions":14}}},{"hash":"0df54f254a26e1d796f7eb68b52f1440488b0e1a","isMergeCommit":false,"messageTitle":"Add support to exit and return while paused","messageBody":"","fileTypesAndContributionMap":{"functional-code":{"insertions":187,"deletions":14}}},{"hash":"865c9fe35453ef6b4ef43d28be1a9b05d9a6cf0a","isMergeCommit":true,"messageTitle":"Merge branch \u0027master\u0027 into feature-Storage","messageBody":"","fileTypesAndContributionMap":{}},{"hash":"899f6d8824aac59efccf718d75e94cf7634993eb","isMergeCommit":false,"messageTitle":"Merge branch \u0027master\u0027 into feature-Storage","messageBody":"","fileTypesAndContributionMap":{"functional-code":{"insertions":67,"deletions":199},"docs":{"insertions":165,"deletions":219},"test-code":{"insertions":2,"deletions":18}}},{"hash":"247d861e64d07e897442a8bd92205a0ad89f407f","isMergeCommit":true,"messageTitle":"Merge pull request #72 from cyhjason29/feature-Storage","messageBody":"Add Storage class to support Save and Pause features","fileTypesAndContributionMap":{}},{"hash":"396bb777ac499c31ee46ef24f7f3a5672ff45a47","isMergeCommit":false,"messageTitle":"Revert \"Add Storage class to support Save and Pause features\"","messageBody":"","fileTypesAndContributionMap":{"functional-code":{"insertions":229,"deletions":563},"docs":{"insertions":219,"deletions":165},"test-code":{"insertions":18,"deletions":2}}},{"hash":"60a0afd1cf3a42b1b3483ad52fff0cb26188e77d","isMergeCommit":true,"messageTitle":"Merge pull request #73 from AY2324S2-CS2113-F15-1/revert-72-feature-Storage","messageBody":"Revert \"Add Storage class to support Save and Pause features\"","fileTypesAndContributionMap":{}},{"hash":"d2f8ead8d10e2dbbc97da0dee77f08e0ea0359e7","isMergeCommit":true,"messageTitle":"Merge branch \u0027master\u0027 of https://github.com/AY2324S2-CS2113-F15-1/tp","messageBody":"","fileTypesAndContributionMap":{}},{"hash":"fa571218dd54e2ed9f5c7c8ff6857a244346e968","isMergeCommit":true,"messageTitle":"Merge branch \u0027master\u0027 of https://github.com/AY2324S2-CS2113-F15-1/tp","messageBody":"","fileTypesAndContributionMap":{}},{"hash":"a9507f9e19a8fcb91df7902b37000e0d3bd5f319","isMergeCommit":false,"messageTitle":"Add support to pause and resume game","messageBody":"","fileTypesAndContributionMap":{"functional-code":{"insertions":503,"deletions":43}}},{"hash":"2d4147b9aaee5d57cf9fa7f9f8b15e1c45add774","isMergeCommit":true,"messageTitle":"Merge branch \u0027master\u0027 into feature-Pause","messageBody":"","fileTypesAndContributionMap":{}},{"hash":"2f2ee9cba444c423b37402cd48b341e3c2fcd548","isMergeCommit":true,"messageTitle":"Merge pull request #76 from cyhjason29/feature-Pause","messageBody":"Add support to pause and resume game","fileTypesAndContributionMap":{}},{"hash":"022eabb0883e410310c46b3ce187d88cfa59ebc9","isMergeCommit":true,"messageTitle":"Merge branch \u0027master\u0027 of https://github.com/AY2324S2-CS2113-F15-1/tp","messageBody":"","fileTypesAndContributionMap":{}},{"hash":"bbcd6c6e3bb40819ae6b2f662167b198b0d2e93c","isMergeCommit":false,"messageTitle":"Cleanup code in ParserTest","messageBody":"","fileTypesAndContributionMap":{"test-code":{"insertions":3,"deletions":1}}},{"hash":"59283065447d0deee5a6d76527bee095d7f61dad","isMergeCommit":true,"messageTitle":"Merge pull request #77 from cyhjason29/master","messageBody":"Cleanup code","fileTypesAndContributionMap":{}}]},{"date":"2024-04-04","commitResults":[{"hash":"3de3236bbbb80b697988da2b6ee657b82458175e","isMergeCommit":true,"messageTitle":"Merge branch \u0027master\u0027 of https://github.com/AY2324S2-CS2113-F15-1/tp","messageBody":"","fileTypesAndContributionMap":{}},{"hash":"5beb58d3a56f8376e06759d6ad4c70fded6655f4","isMergeCommit":false,"messageTitle":"Update DG","messageBody":"","fileTypesAndContributionMap":{"docs":{"insertions":199,"deletions":2}}},{"hash":"a65e16a7840ba2245e3c4b099b1abc6e0be165c5","isMergeCommit":false,"messageTitle":"Update UG","messageBody":"","fileTypesAndContributionMap":{"docs":{"insertions":31,"deletions":4}}},{"hash":"1e4c5fdc056dd37334decb543bf9d0f9c2d3809c","isMergeCommit":false,"messageTitle":"Fix bugs relating to showing Cannot Pause message","messageBody":"","fileTypesAndContributionMap":{"functional-code":{"insertions":3,"deletions":2}}},{"hash":"f1bdbf8cf48d40fe88acec84b07e54d09b38c0e8","isMergeCommit":false,"messageTitle":"Update UG","messageBody":"","fileTypesAndContributionMap":{"docs":{"insertions":2,"deletions":1}}},{"hash":"633f52a6fb8a2696bcb1971004ac392b1d6ee30a","isMergeCommit":true,"messageTitle":"Merge pull request #89 from cyhjason29/update-Guides","messageBody":"Update UG and DG","fileTypesAndContributionMap":{}},{"hash":"313e831b3cfa118eaf202400290b3c2f38eba962","isMergeCommit":false,"messageTitle":"Update Question class to MCQ style","messageBody":"","fileTypesAndContributionMap":{"functional-code":{"insertions":38,"deletions":15},"test-code":{"insertions":40,"deletions":17}}},{"hash":"2afc61347009afcdda23ee3da0d20fcf99426e14","isMergeCommit":true,"messageTitle":"Merge pull request #90 from cyhjason29/update-Guides","messageBody":"Update Question class to MCQ style","fileTypesAndContributionMap":{}},{"hash":"9bcd9cbdea4c2a2659978238439b1a5a76a3fdfa","isMergeCommit":true,"messageTitle":"Merge branch \u0027master\u0027 of https://github.com/AY2324S2-CS2113-F15-1/tp","messageBody":"","fileTypesAndContributionMap":{}}]},{"date":"2024-04-10","commitResults":[{"hash":"8dc71f5786893bd929ec56f7660c4c8986f45253","isMergeCommit":true,"messageTitle":"Merge branch \u0027master\u0027 of https://github.com/AY2324S2-CS2113-F15-1/tp","messageBody":"","fileTypesAndContributionMap":{}},{"hash":"d2faa04104baf158c8d99ffd71c164f74462a818","isMergeCommit":false,"messageTitle":"Update UG to avoid reader confusion","messageBody":"","fileTypesAndContributionMap":{"docs":{"insertions":11,"deletions":8}}},{"hash":"32039d44da51a977e2779a52c7aef1e1923dd440","isMergeCommit":false,"messageTitle":"Fix bug relating to repeated pause message","messageBody":"","fileTypesAndContributionMap":{"functional-code":{"insertions":1,"deletions":1}}},{"hash":"1bcc39ab33dccc4530a0e570ed0f3593e9584489","isMergeCommit":false,"messageTitle":"Fix bug relating to adding extra spaces behind parameters","messageBody":"","fileTypesAndContributionMap":{"functional-code":{"insertions":2,"deletions":0}}},{"hash":"4b4b1684468f170ab667c49b64a18d7cf3745511","isMergeCommit":false,"messageTitle":"Add attempt numbers to results","messageBody":"","fileTypesAndContributionMap":{"functional-code":{"insertions":3,"deletions":2}}},{"hash":"914bc99bb39c6aa5d7d6b8767dfaab4875f7c917","isMergeCommit":false,"messageTitle":"Fix bug relating to extra resume message","messageBody":"","fileTypesAndContributionMap":{"functional-code":{"insertions":0,"deletions":1}}},{"hash":"8eff36c6f1aed4196c2dfa88d7da3709fc53caaa","isMergeCommit":false,"messageTitle":"FIx aesthetics for time limit message","messageBody":"","fileTypesAndContributionMap":{"functional-code":{"insertions":1,"deletions":1}}},{"hash":"926e8834670a06a5e0b71f9566bd6f2448ae3254","isMergeCommit":false,"messageTitle":"Fix bugs relating to occasional crashing when exiting","messageBody":"","fileTypesAndContributionMap":{"functional-code":{"insertions":10,"deletions":4}}},{"hash":"96c77497c0ad677640a80fb1ca644cd5af638dbc","isMergeCommit":true,"messageTitle":"Merge pull request #150 from cyhjason29/bug-Fixes","messageBody":"Bug fixes mostly relating to results and storage and pausing","fileTypesAndContributionMap":{}},{"hash":"b72385e2215db86042ce69d257b28665badd89eb","isMergeCommit":true,"messageTitle":"Merge branch \u0027master\u0027 of https://github.com/AY2324S2-CS2113-F15-1/tp","messageBody":"","fileTypesAndContributionMap":{}},{"hash":"87ffeeebc909be10f42ad1c844dceed02af4c7a7","isMergeCommit":false,"messageTitle":"Update UG regarding pausing in timed mode","messageBody":"","fileTypesAndContributionMap":{"docs":{"insertions":1,"deletions":0}}},{"hash":"97c33ae70b8ae7c57b06b2d915e10fefc5421dd6","isMergeCommit":true,"messageTitle":"Merge pull request #151 from cyhjason29/update-UG","messageBody":"Update UG regarding pausing in timed mode","fileTypesAndContributionMap":{}},{"hash":"ebe04c58437ec91d2d5a5b7fd6cc4fcfb16c0afb","isMergeCommit":true,"messageTitle":"Merge branch \u0027master\u0027 of https://github.com/AY2324S2-CS2113-F15-1/tp","messageBody":"","fileTypesAndContributionMap":{}},{"hash":"068ed9e6163c29a2b5d6fd3dd8c4a94d9767bb4c","isMergeCommit":false,"messageTitle":"Add authorship tags","messageBody":"","fileTypesAndContributionMap":{"functional-code":{"insertions":17,"deletions":1}}},{"hash":"99e8a58bef0ca131d26997a7eb3b132911253e57","isMergeCommit":true,"messageTitle":"Merge pull request #154 from cyhjason29/branch-Authorship","messageBody":"Fix authorship","fileTypesAndContributionMap":{}}]},{"date":"2024-04-11","commitResults":[{"hash":"d5ff416fc64d2935092a64323d7160a54ab8068c","isMergeCommit":true,"messageTitle":"Merge branch \u0027master\u0027 of https://github.com/AY2324S2-CS2113-F15-1/tp","messageBody":"","fileTypesAndContributionMap":{}},{"hash":"551fe6537a7cd1ce47024750ce2bb16ca07dd1c5","isMergeCommit":false,"messageTitle":"Add Javadoc documentation","messageBody":"","fileTypesAndContributionMap":{"functional-code":{"insertions":352,"deletions":1}}},{"hash":"f5147ab5634c9b5dfc842d3ebaea5b77aadf2cde","isMergeCommit":false,"messageTitle":"Remove magic literals","messageBody":"","fileTypesAndContributionMap":{"functional-code":{"insertions":40,"deletions":19}}},{"hash":"6bceb77ce1e9dea75d4f717f68985df82bc9a8dc","isMergeCommit":false,"messageTitle":"Add check for answer format","messageBody":"","fileTypesAndContributionMap":{"functional-code":{"insertions":11,"deletions":3}}},{"hash":"4e80714b6b0d0f8e7e390aadafcadb3e026faf11","isMergeCommit":false,"messageTitle":"Fix aesthetic","messageBody":"","fileTypesAndContributionMap":{"functional-code":{"insertions":3,"deletions":4},"docs":{"insertions":0,"deletions":1}}},{"hash":"01caa57a59a16bea52eab50a14a8024ab2e0e0e4","isMergeCommit":true,"messageTitle":"Merge branch \u0027master\u0027 into fix-Bugs","messageBody":"","fileTypesAndContributionMap":{}},{"hash":"df0a39e4f294337484b0e3cd24056593ef35d788","isMergeCommit":true,"messageTitle":"Merge pull request #162 from cyhjason29/fix-Bugs","messageBody":"Fix bugs","fileTypesAndContributionMap":{}},{"hash":"f38645afa5b5dff3bb65a8d6f2aae385a3c3e262","isMergeCommit":true,"messageTitle":"Merge branch \u0027master\u0027 of https://github.com/AY2324S2-CS2113-F15-1/tp","messageBody":"","fileTypesAndContributionMap":{}},{"hash":"7332fb35596356ef04993fd48797536de30f67c6","isMergeCommit":false,"messageTitle":"Cleanup code","messageBody":"","fileTypesAndContributionMap":{"functional-code":{"insertions":1,"deletions":1}}},{"hash":"919fb724fa0fa2d68f2dc2d96fed79bab9b3bfb9","isMergeCommit":true,"messageTitle":"Merge pull request #164 from cyhjason29/master","messageBody":"Cleanup code","fileTypesAndContributionMap":{}},{"hash":"f0ab5cb951176d0bfc71ae79da4c7164ebb0ad73","isMergeCommit":false,"messageTitle":"Update PPP","messageBody":"","fileTypesAndContributionMap":{"docs":{"insertions":41,"deletions":7}}},{"hash":"b95bc2232ccee50e81533dc26fb7beae641360b6","isMergeCommit":true,"messageTitle":"Merge pull request #166 from cyhjason29/update-PPP","messageBody":"Update PPP","fileTypesAndContributionMap":{}}]}]},"authorFileTypeContributionMap":{"yuhengr":{"docs":1,"functional-code":266,"test-code":42},"NGXZS":{"docs":416,"functional-code":574,"test-code":240,"other":3},"songyuew":{"docs":228,"functional-code":244,"test-code":10,"other":1},"hongyijie06":{"docs":83,"functional-code":540,"test-code":174},"cyhjason29":{"docs":395,"functional-code":1119,"test-code":152}},"authorContributionVariance":{"yuhengr":2398.4695,"NGXZS":24930.2,"songyuew":4470.646,"hongyijie06":7228.0244,"cyhjason29":153418.78},"authorDisplayNameMap":{"yuhengr":"CS2113-F15-1 REN ..HENG","NGXZS":"CS2113-F15-1 NG X..SEAN","songyuew":"CS2113-F15-1 WANG..GYUE","hongyijie06":"CS2113-F15-1 HONG.. JIE","cyhjason29":"CS2113-F15-1 CHAN..ASON"}}
