{"authorDailyContributionsMap":{"yuhengr":[{"date":"2024-03-08","commitResults":[{"hash":"602336e6d34aa499fa4adbca425f49c96f8ae31d","isMergeCommit":false,"messageTitle":"Edit AboutUs.md","messageBody":"","fileTypesAndContributionMap":{"docs":{"insertions":5,"deletions":5}}}]}],"NGXZS":[{"date":"2024-03-08","commitResults":[{"hash":"172de6e743d9a7350ff20ff4b63cdc4e92154418","isMergeCommit":false,"messageTitle":"Update AboutUs","messageBody":"","fileTypesAndContributionMap":{"docs":{"insertions":4,"deletions":4}}},{"hash":"91d8f3f727ebca77995088114908bd9e2b2ab445","isMergeCommit":false,"messageTitle":"AboutUs","messageBody":"","fileTypesAndContributionMap":{"docs":{"insertions":0,"deletions":4}}},{"hash":"15c14c18cc754208ee3162d3e4a6920473811a37","isMergeCommit":true,"messageTitle":"Merge pull request #3 from NGXZS/AboutUs","messageBody":"About us","fileTypesAndContributionMap":{}},{"hash":"48d24c8f20890ded436dd7c1811d142f1a51add2","isMergeCommit":true,"messageTitle":"Merge branch \u0027master\u0027 into master","messageBody":"","fileTypesAndContributionMap":{}},{"hash":"4507fcead792082a21e36a4707c5963569278ce7","isMergeCommit":true,"messageTitle":"Merge pull request #6 from hongyijie06/master","messageBody":"About us","fileTypesAndContributionMap":{}},{"hash":"29820e1746e943ed51c1c5a5e67cf9915d2c00b9","isMergeCommit":true,"messageTitle":"Merge branch \u0027master\u0027 into master","messageBody":"","fileTypesAndContributionMap":{}},{"hash":"dfc286fa1bfb92fce2a7d0151b88606c130cc7ef","isMergeCommit":true,"messageTitle":"Merge pull request #4 from songyuew/master","messageBody":"Updated Songyue\u0027s personal info","fileTypesAndContributionMap":{}},{"hash":"18df44f787c28fab1264cfc9afa150183a7dbcf1","isMergeCommit":true,"messageTitle":"Merge branch \u0027master\u0027 into AboutUs","messageBody":"","fileTypesAndContributionMap":{}},{"hash":"b2a8b44d0daba23da106e6c6be2484ad55b3a626","isMergeCommit":false,"messageTitle":"Update AboutUs","messageBody":"","fileTypesAndContributionMap":{"docs":{"insertions":30,"deletions":6}}},{"hash":"dd95d8ccf1c0dc7573af3b73ac39a0eb535a949e","isMergeCommit":true,"messageTitle":"Merge branch \u0027AboutUs\u0027","messageBody":"","fileTypesAndContributionMap":{}},{"hash":"328943ccbd5b082c50988f621c081931123b8d10","isMergeCommit":true,"messageTitle":"Merge pull request #8 from NGXZS/master","messageBody":"Add Portfolio for ALL","fileTypesAndContributionMap":{}}]},{"date":"2024-03-18","commitResults":[{"hash":"ca365ba27dcce7fa1b9a13d987b275b6b610afb1","isMergeCommit":false,"messageTitle":"Add comments to Results.java, ResultsList.java tests","messageBody":"","fileTypesAndContributionMap":{"test-code":{"insertions":7,"deletions":7}}},{"hash":"b2936b22a926dc57fc6d549538e80e3dafd9b539","isMergeCommit":true,"messageTitle":"Merge pull request #19 from NGXZS/master","messageBody":"Add comments to Results.java, ResultsList.java tests","fileTypesAndContributionMap":{}},{"hash":"8ce0c1287665d2d3ffbf96bb3aa0b3af3e26338f","isMergeCommit":false,"messageTitle":"Add Question, QuestionsList class and QuestionTest.java","messageBody":"","fileTypesAndContributionMap":{"functional-code":{"insertions":51,"deletions":0},"test-code":{"insertions":40,"deletions":0}}},{"hash":"41182681d43baf10e865a8a8f8ab38cf17723e33","isMergeCommit":false,"messageTitle":"Add QuestionListTest.java, CustomException","messageBody":"","fileTypesAndContributionMap":{"functional-code":{"insertions":24,"deletions":3},"test-code":{"insertions":66,"deletions":4}}},{"hash":"d164183ed35008d8327ec8087f021e9905aaf541","isMergeCommit":false,"messageTitle":"feat(QuestionList): add getOneExplanation, getOneSolution, getAllSolutions","messageBody":"","fileTypesAndContributionMap":{"functional-code":{"insertions":28,"deletions":13},"test-code":{"insertions":14,"deletions":14}}},{"hash":"68f0564dd50d902c7afc55a0b4e700d7de69a077","isMergeCommit":true,"messageTitle":"Merge pull request #20 from NGXZS/branch-receive-solutions-v1","messageBody":"Branch receive solutions v1","fileTypesAndContributionMap":{}}]},{"date":"2024-03-19","commitResults":[{"hash":"5887b9a4b697cf62fe8cbabfa710f7a337e57352","isMergeCommit":false,"messageTitle":"BREAKING CHANGE(Player2113)!: refactor duke class to player2113 class, changes to main code, add ui, parser classes: works with question class, have not integrated results class","messageBody":"","fileTypesAndContributionMap":{"functional-code":{"insertions":164,"deletions":22},"other":{"insertions":3,"deletions":3},"test-code":{"insertions":9,"deletions":9}}},{"hash":"8c8c5e474a1e64490359e48ea3a887405694ca00","isMergeCommit":false,"messageTitle":"fix(ui,text-ui-test): fix whitespaces issue that is causing github style checker ./runtest.bat, ./runtest.sh to fail","messageBody":"","fileTypesAndContributionMap":{"functional-code":{"insertions":6,"deletions":6}}},{"hash":"c2a147856811f4d557c7af0defbdda8366d5f810","isMergeCommit":true,"messageTitle":"Merge pull request #21 from NGXZS/branch-mainloop","messageBody":"BREAKING CHANGE(Player2113)!: refactor duke class to player2113 class…","fileTypesAndContributionMap":{}}]}],"songyuew":[{"date":"2024-03-08","commitResults":[{"hash":"8bf8b62d1d8d595adcba128fa7226efb1c689019","isMergeCommit":false,"messageTitle":"Update README.md","messageBody":"","fileTypesAndContributionMap":{"docs":{"insertions":1,"deletions":1}}},{"hash":"8ff17519248f36308b24d8e1acc2e5b4743be6cc","isMergeCommit":false,"messageTitle":"Songyue Wang personal info","messageBody":"","fileTypesAndContributionMap":{"docs":{"insertions":7,"deletions":13}}},{"hash":"650f9b771fc22cb0b6da61f0dcdd31c113b7a90d","isMergeCommit":true,"messageTitle":"Merge pull request #1 from songyuew/personal-info","messageBody":"Songyue Wang personal info","fileTypesAndContributionMap":{}}]},{"date":"2024-03-19","commitResults":[{"hash":"648220535308b93f4e562021bfd09104bdb570f4","isMergeCommit":false,"messageTitle":"Basic help/UG viewing function","messageBody":"","fileTypesAndContributionMap":{"functional-code":{"insertions":77,"deletions":4},"other":{"insertions":1,"deletions":0}}},{"hash":"4462036185f68dbf7fd13dd3d96241d3dc8aaf5e","isMergeCommit":true,"messageTitle":"Merge pull request #24 from songyuew/master","messageBody":"Basic help/UG viewing function","fileTypesAndContributionMap":{}},{"hash":"168bbfea2d737f687d257608a00b4086df644202","isMergeCommit":false,"messageTitle":"Refactored Helper.java code","messageBody":"","fileTypesAndContributionMap":{"functional-code":{"insertions":6,"deletions":2}}},{"hash":"d528dacaf7bde28784ac68c018b04b0965b2bb16","isMergeCommit":false,"messageTitle":"Changed TableBuilder","messageBody":"","fileTypesAndContributionMap":{"functional-code":{"insertions":8,"deletions":7},"other":{"insertions":1,"deletions":1}}},{"hash":"c96d1d0ab4138a83f1b5944500b2b71a985af061","isMergeCommit":false,"messageTitle":"Changed variable names","messageBody":"","fileTypesAndContributionMap":{"functional-code":{"insertions":2,"deletions":2}}},{"hash":"2ba687fb1bcfda9655f4cb5b8e6b4afd8124d53d","isMergeCommit":true,"messageTitle":"Merge branch \u0027master\u0027 into UG-Display","messageBody":"","fileTypesAndContributionMap":{}},{"hash":"a5636c96a3ad1adc4b23e2e019f2a5be12fe9045","isMergeCommit":true,"messageTitle":"Merge pull request #29 from songyuew/UG-Display","messageBody":"Changed variable naming ","fileTypesAndContributionMap":{}}]}],"hongyijie06":[{"date":"2024-03-08","commitResults":[{"hash":"70f400afcac29e5693c942aa7c91179d65f26f8a","isMergeCommit":false,"messageTitle":"Change name","messageBody":"","fileTypesAndContributionMap":{"docs":{"insertions":4,"deletions":7}}},{"hash":"bc130bc0ef6453912a91c883cee72195d1b45472","isMergeCommit":true,"messageTitle":"Merge branch \u0027in-class-activity\u0027","messageBody":"","fileTypesAndContributionMap":{}},{"hash":"84a882199a6a4d5fcc691f6cfd92a0e00185929e","isMergeCommit":false,"messageTitle":"add details","messageBody":"","fileTypesAndContributionMap":{"docs":{"insertions":1,"deletions":1}}}]},{"date":"2024-03-19","commitResults":[{"hash":"0667e7afaa7c6e79e7c41f44977b697cb6d969fa","isMergeCommit":false,"messageTitle":"add choose topic","messageBody":"","fileTypesAndContributionMap":{"functional-code":{"insertions":138,"deletions":9}}},{"hash":"f68d8d82cb64a4ff0b5e971c699b702d3dcef92d","isMergeCommit":false,"messageTitle":"add startGame","messageBody":"","fileTypesAndContributionMap":{"functional-code":{"insertions":22,"deletions":29}}},{"hash":"3ee4e73924a70d8e307025257f8f99e944599a8b","isMergeCommit":true,"messageTitle":"Merge branch \u0027master\u0027 into master","messageBody":"","fileTypesAndContributionMap":{}},{"hash":"2810f329fc41da8db19921310e37c17f4063e2e1","isMergeCommit":true,"messageTitle":"Merge pull request #25 from hongyijie06/master","messageBody":"choose topics","fileTypesAndContributionMap":{}},{"hash":"793a4620f8d859d5d95881b8f0b4a2e142f82202","isMergeCommit":false,"messageTitle":"separate question sets by topic","messageBody":"","fileTypesAndContributionMap":{"functional-code":{"insertions":83,"deletions":26}}},{"hash":"ad7ca434e48e6d62fcb50c1724055b7afe370560","isMergeCommit":false,"messageTitle":"adhere to gradle checkstyle","messageBody":"","fileTypesAndContributionMap":{"functional-code":{"insertions":11,"deletions":11}}},{"hash":"aa72a2f2ed65acf31ed57ab9bb0ee40c244875bc","isMergeCommit":false,"messageTitle":"add input answers for each question","messageBody":"","fileTypesAndContributionMap":{"functional-code":{"insertions":18,"deletions":5}}}]},{"date":"2024-03-20","commitResults":[{"hash":"952c42068de29fa58187c7b73edd51da5a1cd800","isMergeCommit":false,"messageTitle":"resolve bugs for solution and explanation","messageBody":"","fileTypesAndContributionMap":{"functional-code":{"insertions":37,"deletions":14}}},{"hash":"b78734f1942dca89debf1fa3d44603d7536a043b","isMergeCommit":false,"messageTitle":"add comments on where to integrate results","messageBody":"","fileTypesAndContributionMap":{"functional-code":{"insertions":11,"deletions":2}}}]}],"cyhjason29":[{"date":"2024-03-08","commitResults":[{"hash":"76eb3b196ac8c2363a8d4dda0a98aa10956432f2","isMergeCommit":false,"messageTitle":"Update About Us","messageBody":"","fileTypesAndContributionMap":{"docs":{"insertions":8,"deletions":8}}},{"hash":"1c98f2e5a2f8d9eeeb757e95dfb39e3740f29bc0","isMergeCommit":true,"messageTitle":"Merge branch \u0027master\u0027 into master","messageBody":"","fileTypesAndContributionMap":{}},{"hash":"04e3b276ae59807508f837e32a5f07ee035a7ed4","isMergeCommit":true,"messageTitle":"Merge pull request #5 from cyhjason29/master","messageBody":"Update About Us","fileTypesAndContributionMap":{}},{"hash":"5196cea01275c2d750f2709142e76ecaf820031c","isMergeCommit":true,"messageTitle":"Merge branch \u0027master\u0027 into AboutUs","messageBody":"","fileTypesAndContributionMap":{}},{"hash":"a7fe2ba490e2785677b2abc7a336ce68c8e00f59","isMergeCommit":true,"messageTitle":"Merge pull request #7 from yuhengr/AboutUs","messageBody":"Edit AboutUs.md","fileTypesAndContributionMap":{}},{"hash":"28b073b59f1aad8fa30b9834c62a7f008ed0c2a2","isMergeCommit":true,"messageTitle":"Merge branch \u0027master\u0027 of https://github.com/AY2324S2-CS2113-F15-1/tp","messageBody":"","fileTypesAndContributionMap":{}},{"hash":"73bba7512271d96581b6431e41a082da6d8da19e","isMergeCommit":true,"messageTitle":"Merge branch \u0027master\u0027 of https://github.com/AY2324S2-CS2113-F15-1/tp","messageBody":"","fileTypesAndContributionMap":{}}]},{"date":"2024-03-14","commitResults":[{"hash":"328dd898872a12deefef75019b104ae12722cb1b","isMergeCommit":false,"messageTitle":"Create Results class","messageBody":"","fileTypesAndContributionMap":{"functional-code":{"insertions":4,"deletions":0}}},{"hash":"4982fbc69b9767a44df6302a9e23b6c9fcde1f33","isMergeCommit":false,"messageTitle":"Add support to record score of each round","messageBody":"","fileTypesAndContributionMap":{"functional-code":{"insertions":28,"deletions":0}}},{"hash":"d6ecc485e6cd2c74d7f7ee6d4029f2a0f0608c19","isMergeCommit":false,"messageTitle":"Fix typo regarding private/public method","messageBody":"","fileTypesAndContributionMap":{"functional-code":{"insertions":1,"deletions":1}}},{"hash":"740e58662f5c1e8535ac6757e024e57a847e5907","isMergeCommit":false,"messageTitle":"Create ResultsList class","messageBody":"","fileTypesAndContributionMap":{"functional-code":{"insertions":4,"deletions":0}}},{"hash":"4d96b490e9f5a192e70fd3cb6330411204178b53","isMergeCommit":false,"messageTitle":"Add support to record results from all rounds","messageBody":"","fileTypesAndContributionMap":{"functional-code":{"insertions":20,"deletions":0}}},{"hash":"81b123c0e87787e60458bab49fa14808c42c22dc","isMergeCommit":false,"messageTitle":"Fix type casting errors regarding score calculations","messageBody":"","fileTypesAndContributionMap":{"functional-code":{"insertions":1,"deletions":1}}},{"hash":"0cbd763da7d03292e041f6bfe52c4771a1274baf","isMergeCommit":false,"messageTitle":"Test score calculation for a round","messageBody":"","fileTypesAndContributionMap":{"test-code":{"insertions":17,"deletions":0}}}]},{"date":"2024-03-15","commitResults":[{"hash":"6498d4729c974bb4a3bb8397e727fc8d63860bff","isMergeCommit":false,"messageTitle":"Fix errors regarding static variables","messageBody":"","fileTypesAndContributionMap":{"functional-code":{"insertions":8,"deletions":7}}},{"hash":"7cb2b43993690cdc2ef9a2d664c1fe9f66cee7b6","isMergeCommit":false,"messageTitle":"Add toString method for ResultsList","messageBody":"","fileTypesAndContributionMap":{"functional-code":{"insertions":16,"deletions":5}}},{"hash":"1de4e5e777133d10343bfd8d728dca62c8d0a9f5","isMergeCommit":false,"messageTitle":"Cleanup code for ResultsTest","messageBody":"","fileTypesAndContributionMap":{"test-code":{"insertions":12,"deletions":6}}},{"hash":"c4ea946f08d0395304d50a0b74ed19df30beb06c","isMergeCommit":false,"messageTitle":"Test listing of two results","messageBody":"","fileTypesAndContributionMap":{"test-code":{"insertions":32,"deletions":0}}},{"hash":"5eaa054d42f94b196bead5cabc04013f12e1dbb4","isMergeCommit":true,"messageTitle":"Merge branch \u0027feature-Results\u0027","messageBody":"","fileTypesAndContributionMap":{}},{"hash":"a057b4dd1c73ef2be076a81d6985b3c8f1bb2a07","isMergeCommit":true,"messageTitle":"Merge pull request #15 from cyhjason29/master","messageBody":"Add support for Results feature and some test codes","fileTypesAndContributionMap":{}},{"hash":"abf40be359262e28f855cf6d7c0fd4930436ec65","isMergeCommit":false,"messageTitle":"Cleanup code","messageBody":"","fileTypesAndContributionMap":{"functional-code":{"insertions":5,"deletions":4}}},{"hash":"636c7c94a33056c619ebbedcd8cdb1c93a442155","isMergeCommit":false,"messageTitle":"Cleanup code","messageBody":"","fileTypesAndContributionMap":{"test-code":{"insertions":4,"deletions":4}}},{"hash":"078e3ac1fabd5e3de423c7e0895b2a165865aa52","isMergeCommit":true,"messageTitle":"Merge pull request #17 from cyhjason29/master","messageBody":"Cleanup code","fileTypesAndContributionMap":{}}]},{"date":"2024-03-19","commitResults":[{"hash":"c82bc3fe63c3326a54fa43a9497f104e2c6ee44d","isMergeCommit":true,"messageTitle":"Merge branch \u0027master\u0027 of https://github.com/AY2324S2-CS2113-F15-1/tp","messageBody":"","fileTypesAndContributionMap":{}},{"hash":"8b4dafc651e9e066a55afc09c3d334a7f1f4c1db","isMergeCommit":false,"messageTitle":"Remove magic literals","messageBody":"","fileTypesAndContributionMap":{"functional-code":{"insertions":3,"deletions":1}}},{"hash":"f263e4e2be124a03ec398437aa0ee49e56732bd7","isMergeCommit":true,"messageTitle":"Merge pull request #22 from cyhjason29/master","messageBody":"Cleanup code","fileTypesAndContributionMap":{}},{"hash":"abd121c03c8f381d9d1bf1279309c3c306b09786","isMergeCommit":false,"messageTitle":"Add exception for ResultsList","messageBody":"","fileTypesAndContributionMap":{"functional-code":{"insertions":2,"deletions":2}}}]},{"date":"2024-03-20","commitResults":[{"hash":"a832beb38783c5917ccc86263a5fd6558570e7ca","isMergeCommit":false,"messageTitle":"Add support to view results with questions","messageBody":"","fileTypesAndContributionMap":{"functional-code":{"insertions":32,"deletions":3},"test-code":{"insertions":22,"deletions":4}}},{"hash":"1d963fc42050d85f1aecd34de8f139a3f0438baf","isMergeCommit":false,"messageTitle":"Add Ui messages regarding results","messageBody":"","fileTypesAndContributionMap":{"functional-code":{"insertions":9,"deletions":0}}},{"hash":"83e9340deb0f1268e66ad012f7588aaf0b0369e8","isMergeCommit":true,"messageTitle":"Merge branch \u0027master\u0027 of https://github.com/hongyijie06/tp","messageBody":"","fileTypesAndContributionMap":{}},{"hash":"06861d079d0cd856de365ebdc24b01f2216dbb36","isMergeCommit":true,"messageTitle":"Merge branch \u0027feature-ResultsWithQuestions\u0027","messageBody":"","fileTypesAndContributionMap":{}}]},{"date":"2024-03-21","commitResults":[{"hash":"e568a838aa3be3f1bf28fb4d55c545fb4549d331","isMergeCommit":false,"messageTitle":"Add recognition of results command","messageBody":"","fileTypesAndContributionMap":{"functional-code":{"insertions":53,"deletions":6}}},{"hash":"234c5116ba2ed2af797da036d9e310b0cece6378","isMergeCommit":false,"messageTitle":"Comment out hasChosenTopic","messageBody":"","fileTypesAndContributionMap":{"functional-code":{"insertions":3,"deletions":3}}},{"hash":"1215d03335594df3ff56d447b5906009ba872cfc","isMergeCommit":false,"messageTitle":"Add feature to get all questions","messageBody":"","fileTypesAndContributionMap":{"functional-code":{"insertions":14,"deletions":33}}},{"hash":"c45201c6927f261210301d296b638b0767082a55","isMergeCommit":false,"messageTitle":"Add ability to print results","messageBody":"","fileTypesAndContributionMap":{"functional-code":{"insertions":33,"deletions":11}}},{"hash":"aec7587b5aca4a1fd367f785a5c566218fb97da8","isMergeCommit":false,"messageTitle":"Update test case","messageBody":"","fileTypesAndContributionMap":{"test-code":{"insertions":5,"deletions":3}}},{"hash":"b36808e84d63b5f0f5c114b8ff170095b3a269cc","isMergeCommit":true,"messageTitle":"Merge branch \u0027master\u0027 into integration-Results","messageBody":"","fileTypesAndContributionMap":{}},{"hash":"6b1c7dc34aabf0af113fc527938821258f378880","isMergeCommit":true,"messageTitle":"Merge pull request #30 from cyhjason29/integration-Results","messageBody":"Integration of choosing topics and showing results","fileTypesAndContributionMap":{}},{"hash":"d034edc3596d33fb8b2d0f2fc0942cc179d248f8","isMergeCommit":true,"messageTitle":"Merge branch \u0027master\u0027 of https://github.com/AY2324S2-CS2113-F15-1/tp","messageBody":"","fileTypesAndContributionMap":{}},{"hash":"3e1b18b1d2ecde0895bf408a00d85c9ce6656fff","isMergeCommit":false,"messageTitle":"Cleanup code","messageBody":"","fileTypesAndContributionMap":{"functional-code":{"insertions":5,"deletions":5}}},{"hash":"71125a0a59a81061e09245f33e4dba5bb571c2c8","isMergeCommit":false,"messageTitle":"Edit text UI tests","messageBody":"","fileTypesAndContributionMap":{"functional-code":{"insertions":4,"deletions":4}}},{"hash":"51f2575637681fc711f4e0f530b56f8d46f41233","isMergeCommit":false,"messageTitle":"Cleanup code","messageBody":"","fileTypesAndContributionMap":{"functional-code":{"insertions":2,"deletions":2}}},{"hash":"c884cf8f78143da42111577d3a1b0c899e445c2f","isMergeCommit":true,"messageTitle":"Merge pull request #32 from cyhjason29/master","messageBody":"Cleanup code and text UI tests","fileTypesAndContributionMap":{}}]}]},"authorFileTypeContributionMap":{"yuhengr":{"docs":1,"functional-code":0,"test-code":0},"NGXZS":{"docs":21,"functional-code":215,"test-code":108,"other":2},"songyuew":{"docs":1,"functional-code":78,"test-code":0,"other":1},"hongyijie06":{"docs":1,"functional-code":243,"test-code":0},"cyhjason29":{"docs":3,"functional-code":177,"test-code":70}},"authorContributionVariance":{"yuhengr":3.4438765,"NGXZS":4092.004,"songyuew":434.75894,"hongyijie06":4342.718,"cyhjason29":1742.7449},"authorDisplayNameMap":{"yuhengr":"CS2113-F15-1 REN ..HENG","NGXZS":"CS2113-F15-1 NG X..SEAN","songyuew":"CS2113-F15-1 WANG..GYUE","hongyijie06":"CS2113-F15-1 HONG.. JIE","cyhjason29":"CS2113-F15-1 CHAN..ASON"}}
