{"authorDailyContributionsMap":{"V4Vern":[{"date":"2024-03-08","commitResults":[{"hash":"5196c305c419b0b4774ce690f0539ffac137b602","isMergeCommit":false,"messageTitle":"Change name","messageBody":"","fileTypesAndContributionMap":{"docs":{"insertions":5,"deletions":5}}},{"hash":"52ea98d13bedeb2b880cbf20bf3666609db96733","isMergeCommit":true,"messageTitle":"Merge pull request #2 from V4Vern/test-AboutUs","messageBody":"Change name","fileTypesAndContributionMap":{}}]}],"LWachtel1":[],"joshualeejunyi":[{"date":"2024-03-08","commitResults":[{"hash":"b23cfccbd7e318a6fc4b6a48d6cda9d0a3ffa728","isMergeCommit":false,"messageTitle":"Changed John Doe","messageBody":"","fileTypesAndContributionMap":{"docs":{"insertions":7,"deletions":7}}},{"hash":"e4af0724ec9c0bd00c5e51408c721815624e4968","isMergeCommit":true,"messageTitle":"Merge branch \u0027master\u0027 into joshualee-AboutUs","messageBody":"","fileTypesAndContributionMap":{}},{"hash":"9debdb7e3b7d038824a41488181aafccd029829b","isMergeCommit":true,"messageTitle":"Merge pull request #1 from joshualeejunyi/joshualee-AboutUs","messageBody":"Changed John Doe","fileTypesAndContributionMap":{}}]}],"pqienso":[{"date":"2024-03-08","commitResults":[{"hash":"90b03fa1a7417d3dcb1d585898da8c7d4d70caf3","isMergeCommit":false,"messageTitle":"Add about me (Yu An)","messageBody":"","fileTypesAndContributionMap":{"docs":{"insertions":7,"deletions":7}}},{"hash":"157142166122551ce8c26ff3d98601f6f5f03e90","isMergeCommit":true,"messageTitle":"Merge branch \u0027master\u0027 into yuAn-AboutUs","messageBody":"","fileTypesAndContributionMap":{}},{"hash":"cff2e38c014c426aa14fa8373d5931a4a391ba5e","isMergeCommit":true,"messageTitle":"Merge pull request #3 from pqienso/yuAn-AboutUs","messageBody":"Add about me (Yu An)","fileTypesAndContributionMap":{}}]}]},"authorFileTypeContributionMap":{"V4Vern":{"docs":1,"functional-code":0,"test-code":0},"LWachtel1":{"docs":0,"functional-code":0,"test-code":0},"joshualeejunyi":{"docs":2,"functional-code":0,"test-code":0},"pqienso":{"docs":1,"functional-code":0,"test-code":0}},"authorContributionVariance":{"V4Vern":6.222222,"LWachtel1":0.0,"joshualeejunyi":12.195556,"pqienso":12.195556},"authorDisplayNameMap":{"V4Vern":"CS2113-F14-3 TAY ..RNON","LWachtel1":"CS2113-F14-3 WACH..THAN","joshualeejunyi":"CS2113-F14-3 LEE ..SHUA","pqienso":"CS2113-F14-3 LIM ..U AN"}}
