{"authorDailyContributionsMap":{"classskipper351":[{"date":"2024-03-07","commitResults":[{"hash":"24d79a36c43016f39b9c01cfb27f7b38747f15e2","isMergeCommit":false,"messageTitle":"added my name yaochenguang","messageBody":"","fileTypesAndContributionMap":{"docs":{"insertions":1,"deletions":7}}},{"hash":"80d0d81e4344c750222235caef31ea1186bf0ad7","isMergeCommit":true,"messageTitle":"Merge pull request #1 from classskipper351/add_name_yaochenguang","messageBody":"added my name yaochenguang","fileTypesAndContributionMap":{}}]},{"date":"2024-03-12","commitResults":[{"hash":"04910d7724a2636ae1909d31f61e3d08da2bda29","isMergeCommit":false,"messageTitle":"增加了生成题目的功能， 接受数量，运算符号和最大的位数三个参数，（有默认参数），并生成题目，保存在test中。 题目暂时有description和answer的部分，出题的时候不把answer打印出来 We added a feature to generate questions. It accepts three parameters: the number of questions, arithmetic operators, and maximum number of digits (with default parameters). It generates questions and saves them in \u0027test\u0027. Each question currently consists of a description and an answer. When generating questions, the answers are not printed.","messageBody":"","fileTypesAndContributionMap":{"functional-code":{"insertions":159,"deletions":0}}}]},{"date":"2024-03-13","commitResults":[{"hash":"1a757c8571a8ad73a8b75f8f5eb5d9e6731fca01","isMergeCommit":true,"messageTitle":"Merge pull request #6 from classskipper351/generate_problems","messageBody":"生成问题generate problems","fileTypesAndContributionMap":{}}]},{"date":"2024-03-19","commitResults":[{"hash":"3161d0416382771c8468fc10c2c52b996a45629e","isMergeCommit":false,"messageTitle":"add test class","messageBody":"","fileTypesAndContributionMap":{"functional-code":{"insertions":47,"deletions":22}}},{"hash":"88e5c535effbef6e132251e93690736f8eee3f17","isMergeCommit":true,"messageTitle":"Merge branch \u0027master\u0027 into generate_problems","messageBody":"","fileTypesAndContributionMap":{}},{"hash":"d093f9bcefe8de4054d686979976fb4e53031064","isMergeCommit":true,"messageTitle":"Merge pull request #13 from classskipper351/generate_problems","messageBody":"add test class","fileTypesAndContributionMap":{}},{"hash":"2b4ea98bd7a2649ae50827ea9a458c6425a0e92f","isMergeCommit":false,"messageTitle":"solve merge conflicts","messageBody":"","fileTypesAndContributionMap":{"functional-code":{"insertions":7,"deletions":7}}},{"hash":"9f0af63651d1cc968f434aac38f2ce39279c6289","isMergeCommit":true,"messageTitle":"Merge pull request #14 from classskipper351/generate_problems","messageBody":"solve merge conflicts","fileTypesAndContributionMap":{}},{"hash":"c945d16fe66dae507eedb446619ef2b62f683cd8","isMergeCommit":false,"messageTitle":"add message when using default parameters and add my profile 使用默认参数时添加了消息并添加了我的配置文件","messageBody":"","fileTypesAndContributionMap":{"functional-code":{"insertions":9,"deletions":1},"docs":{"insertions":1,"deletions":1}}},{"hash":"ee629bcfc492b8a5a0bd8f02e52f38fef631d24e","isMergeCommit":true,"messageTitle":"Merge pull request #17 from classskipper351/master","messageBody":"add message when using default parameters and add my profile","fileTypesAndContributionMap":{}},{"hash":"429d9c1c26c531011ac04c71c010316cd3bccc75","isMergeCommit":false,"messageTitle":"code style problems","messageBody":"","fileTypesAndContributionMap":{"functional-code":{"insertions":7,"deletions":17}}},{"hash":"479257b64f5e46de9dd1b841100a90dbf1c41bc6","isMergeCommit":true,"messageTitle":"Merge pull request #19 from classskipper351/master","messageBody":"code style problems","fileTypesAndContributionMap":{}}]},{"date":"2024-03-28","commitResults":[{"hash":"8b1883fae1b8c599fd37995affae08454f1d216a","isMergeCommit":false,"messageTitle":"update UML diagram and DG","messageBody":"","fileTypesAndContributionMap":{"functional-code":{"insertions":402,"deletions":0},"docs":{"insertions":21,"deletions":1}}},{"hash":"75a151974aab61cf6b5783a11239af95f475cf7b","isMergeCommit":true,"messageTitle":"Merge pull request #29 from classskipper351/master","messageBody":"update UML diagram and DG","fileTypesAndContributionMap":{}}]},{"date":"2024-04-03","commitResults":[{"hash":"d65dbc9d89b4dfdec8c045b99adff54933ea1584","isMergeCommit":false,"messageTitle":"增加了长算式功能， Test类新增操作数参数 ，新增了一个计算器类来计算算式 The long calculation function has been added, the operand parameter has been added to the Test class, and a calculator class has been added to calculate the formula","messageBody":"","fileTypesAndContributionMap":{"functional-code":{"insertions":210,"deletions":11},"test-code":{"insertions":15,"deletions":0}}},{"hash":"4208c2119e08a6ea8543c05f360983471163880f","isMergeCommit":true,"messageTitle":"Merge pull request #35 from classskipper351/long_formula","messageBody":"增加了长算式功能， Test类新增操作数参数 ，新增了一个计算器类来计算算式","fileTypesAndContributionMap":{}},{"hash":"9bc890d9614d78c517b36bb55b35b6136b3bebdc","isMergeCommit":false,"messageTitle":"修改了我的部分的DG， 修改了UML类图 Modified my part of the DG, modified the UML class diagram","messageBody":"","fileTypesAndContributionMap":{"functional-code":{"insertions":28,"deletions":2},"docs":{"insertions":6,"deletions":5}}},{"hash":"f4beea1230402bc78f269d4a5e55d18467d352a6","isMergeCommit":true,"messageTitle":"Merge branch \u0027master\u0027 into master","messageBody":"","fileTypesAndContributionMap":{}},{"hash":"b8070d1f49e29fe043d49f2ec21d9afbf28f4c09","isMergeCommit":true,"messageTitle":"Merge pull request #44 from classskipper351/master","messageBody":"修改了我的部分的DG， 修改了UML类图","fileTypesAndContributionMap":{}}]},{"date":"2024-04-10","commitResults":[{"hash":"ae832426cabefbdfc0b4608074cb3a8f3c398f34","isMergeCommit":false,"messageTitle":"added validity check of generation input number 增加了输入的合法性检查","messageBody":"","fileTypesAndContributionMap":{"functional-code":{"insertions":110,"deletions":18}}},{"hash":"c6a82c4096ce888431070f376c03a1e681bf2086","isMergeCommit":true,"messageTitle":"Merge pull request #86 from classskipper351/master","messageBody":"added validity check of generation input number","fileTypesAndContributionMap":{}},{"hash":"be513f1a57903846589c15aa485f491bae6c708e","isMergeCommit":false,"messageTitle":"drafted my ppp","messageBody":"","fileTypesAndContributionMap":{"docs":{"insertions":27,"deletions":0}}},{"hash":"f123d1b865a3dfa934b4a2a9cb89410f08863a69","isMergeCommit":true,"messageTitle":"Merge pull request #89 from classskipper351/master","messageBody":"drafted my ppp","fileTypesAndContributionMap":{}}]}],"Geinzit":[{"date":"2024-03-07","commitResults":[{"hash":"0a8e23cad097bd75ce8609992bfac7aa3830a5cd","isMergeCommit":false,"messageTitle":"Edit docs to include information for user Geinzit.","messageBody":"","fileTypesAndContributionMap":{"docs":{"insertions":12,"deletions":13}}},{"hash":"2b0a8c7d6e59428fed9ea1a31dc4568d5e1168ef","isMergeCommit":true,"messageTitle":"Merge branch \u0027master\u0027 into branch-heinzhuang","messageBody":"","fileTypesAndContributionMap":{}},{"hash":"e4b4cc7440703b41b935a4fdb203673689d6adbc","isMergeCommit":true,"messageTitle":"Merge pull request #4 from Geinzit/branch-heinzhuang","messageBody":"Edit docs to include information for user Geinzit.","fileTypesAndContributionMap":{}}]},{"date":"2024-03-14","commitResults":[{"hash":"31e4e12f46218b2b1011555f1d83ab2de44ee091","isMergeCommit":false,"messageTitle":"Fix pathing in AboutUs.md. Add class Storage and Record for data persistance feature.","messageBody":"","fileTypesAndContributionMap":{"functional-code":{"insertions":142,"deletions":0},"docs":{"insertions":1,"deletions":1}}}]},{"date":"2024-03-19","commitResults":[{"hash":"a563082219679efc327321da2a51f3bba75ef3ad","isMergeCommit":false,"messageTitle":"Refine code style. Add read file in main.","messageBody":"","fileTypesAndContributionMap":{"functional-code":{"insertions":8,"deletions":13}}},{"hash":"c755f0770d1b56fdfa48b65709012755c842aaf2","isMergeCommit":true,"messageTitle":"Merge branch \u0027master\u0027 into master","messageBody":"","fileTypesAndContributionMap":{}},{"hash":"3b68b6a800cfbab85c59148c06dee612989f90f0","isMergeCommit":true,"messageTitle":"Merge pull request #7 from Geinzit/master","messageBody":"Fix pathing in AboutUs.md. Add class Storage and Record for data pers…","fileTypesAndContributionMap":{}},{"hash":"b416f4b954a67639e75defc9aa50b9179c6288c7","isMergeCommit":false,"messageTitle":"Fix parsing bug in Storage. Integrate Storage write-to-file function in parser.","messageBody":"","fileTypesAndContributionMap":{"functional-code":{"insertions":18,"deletions":5}}},{"hash":"590b6b93eca7eb47a83a0fdb23e20cf852c04044","isMergeCommit":true,"messageTitle":"Merge branch \u0027master\u0027 into branch-heinzhuang","messageBody":"","fileTypesAndContributionMap":{}},{"hash":"a7037e088e4d0552a6e024d22653d4c34a02809a","isMergeCommit":false,"messageTitle":"fix code style to fit standard.","messageBody":"","fileTypesAndContributionMap":{"functional-code":{"insertions":50,"deletions":41},"test-code":{"insertions":0,"deletions":1}}},{"hash":"4a1f5589bd592556de0f76bedfc450278edd3d9f","isMergeCommit":true,"messageTitle":"resolve conflicts.","messageBody":"","fileTypesAndContributionMap":{}},{"hash":"e117d1c688872f8ed1da18d3feff2cbdd892166f","isMergeCommit":true,"messageTitle":"merge files.","messageBody":"","fileTypesAndContributionMap":{}},{"hash":"a0c578fc3a5b4356243d211085a302e78e095a1e","isMergeCommit":true,"messageTitle":"Merge pull request #21 from Geinzit/branch-heinzhuang","messageBody":"Fix parsing bug in Storage. Integrate Storage write-to-file function …","fileTypesAndContributionMap":{}},{"hash":"f95ed6358517e3eae8942e3e20d68008bb84e778","isMergeCommit":false,"messageTitle":"fix bug so that parameters will properly load.","messageBody":"","fileTypesAndContributionMap":{"functional-code":{"insertions":1,"deletions":1}}},{"hash":"5b6f9e19e25c6bddb7e0c3b10753e61852b97f7a","isMergeCommit":true,"messageTitle":"Merge pull request #22 from Geinzit/branch-heinzhuang","messageBody":"fix bug so that parameters will properly load.","tags":["v1.0"],"fileTypesAndContributionMap":{}}]},{"date":"2024-03-27","commitResults":[{"hash":"5b7fb0e31e3bd1e0c3f401813740210e1376287c","isMergeCommit":false,"messageTitle":"add Record and Storage entries to the DG.","messageBody":"","fileTypesAndContributionMap":{"docs":{"insertions":28,"deletions":0}}},{"hash":"dd83f610136e44bfdf335c790622b794dc40f16e","isMergeCommit":true,"messageTitle":"Merge pull request #26 from Geinzit/branch-heinzhuang","messageBody":"add Record and Storage entries to the DG.","fileTypesAndContributionMap":{}}]},{"date":"2024-04-02","commitResults":[{"hash":"2dd468cd7b6660d3bce4b88002f52a7afdb083b0","isMergeCommit":false,"messageTitle":"Add Record viewing feature, with multiple viewing and sorting options. Minor adjustments and fixes.","messageBody":"","fileTypesAndContributionMap":{"functional-code":{"insertions":156,"deletions":15},"docs":{"insertions":1,"deletions":1}}}]},{"date":"2024-04-03","commitResults":[{"hash":"01f0bee9b3eee822c736bacf56406f9be7281357","isMergeCommit":true,"messageTitle":"Merge pull request #34 from Geinzit/branch-heinzhuang","messageBody":"Add Record viewing feature, with multiple viewing and sorting options…","fileTypesAndContributionMap":{}},{"hash":"de248632f3876f54fe3523de3568eb69f353e1d9","isMergeCommit":false,"messageTitle":"update Developer Guide regarding Record and Storage. Remove magic numbers. Minor bug fixes.","messageBody":"","fileTypesAndContributionMap":{"functional-code":{"insertions":26,"deletions":11},"docs":{"insertions":37,"deletions":6}}},{"hash":"ef85d752a113cc0854810d2c99c7698db2914893","isMergeCommit":true,"messageTitle":"Merge pull request #39 from Geinzit/branch-heinzhuang","messageBody":"update Developer Guide regarding Record and Storage. Remove magic num…","fileTypesAndContributionMap":{}},{"hash":"96ed050d6409a2f89c1c475e72c8d47973c9978d","isMergeCommit":false,"messageTitle":"update UserGuide with better formatting and additional information.","messageBody":"","fileTypesAndContributionMap":{"docs":{"insertions":61,"deletions":37}}},{"hash":"d2d0b854e447e418f5e8101dfe0d95d4c4c06223","isMergeCommit":true,"messageTitle":"Merge pull request #41 from Geinzit/branch-heinzhuang","messageBody":"update UserGuide with better formatting and additional information.","fileTypesAndContributionMap":{}},{"hash":"3d95139e7eca9396debcc98b5fee7f8d88bef809","isMergeCommit":false,"messageTitle":"improve code style.","messageBody":"","fileTypesAndContributionMap":{"functional-code":{"insertions":9,"deletions":45}}},{"hash":"1fde2dcc9112f614158df3c8d8d14726ab45a491","isMergeCommit":true,"messageTitle":"Merge pull request #43 from Geinzit/master","messageBody":"improve code style.","fileTypesAndContributionMap":{}}]},{"date":"2024-04-09","commitResults":[{"hash":"0b08f879edb98728eff6eccf08ca48351c1abade","isMergeCommit":false,"messageTitle":"Update UserGuide.md, better highlighting for records display format.","messageBody":"","fileTypesAndContributionMap":{"docs":{"insertions":5,"deletions":5}}},{"hash":"ef3cb7de5fe802ebf67e6e4a513f226e3e40004f","isMergeCommit":false,"messageTitle":"Update help command to show explanation for \u0027exit\u0027 command.","messageBody":"","fileTypesAndContributionMap":{"functional-code":{"insertions":4,"deletions":1}}},{"hash":"c1962968bc541b2053ddeb15d2266b6d7cf9a2bb","isMergeCommit":true,"messageTitle":"Merge pull request #81 from Geinzit/master","messageBody":"Update help command to show explanation for \u0027exit\u0027 command.","fileTypesAndContributionMap":{}},{"hash":"b1e3eeaf46d506cb55e226c55649af7b585c929d","isMergeCommit":false,"messageTitle":"Update help command\u0027s default display","messageBody":"","fileTypesAndContributionMap":{"functional-code":{"insertions":3,"deletions":6}}},{"hash":"79549cc8eddf2e07673b6a5731403c69410d9db7","isMergeCommit":true,"messageTitle":"Merge branch \u0027AY2324S2-CS2113-T13-1:master\u0027 into master","messageBody":"","fileTypesAndContributionMap":{}},{"hash":"1b9a938efc3e2954d461cd7d9630380b1f7039c1","isMergeCommit":true,"messageTitle":"Merge pull request #82 from Geinzit/master","messageBody":"Update help command\u0027s default display","fileTypesAndContributionMap":{}},{"hash":"c8f530f160e53c665a1c794bd02babb44fe015a4","isMergeCommit":false,"messageTitle":"add \u0027retry\u0027 feature to retry priviously attempted problem sets. Remove some redundant code and some ui adjustments.","messageBody":"","fileTypesAndContributionMap":{"functional-code":{"insertions":94,"deletions":43}}},{"hash":"acf4fa8bd9898330a9b3e1a1c12005240b18c277","isMergeCommit":false,"messageTitle":"fix to switch case. Display speed as \u0027problems per minute\u0027","messageBody":"","fileTypesAndContributionMap":{"functional-code":{"insertions":4,"deletions":2}}},{"hash":"032ee55f1c69c8954bca9496470d603572b24248","isMergeCommit":true,"messageTitle":"Merge pull request #83 from Geinzit/master","messageBody":"add \u0027retry\u0027 feature to retry priviously attempted problem sets. Remov… ","fileTypesAndContributionMap":{}}]},{"date":"2024-04-10","commitResults":[{"hash":"8edba223613d41ae378f14f426751dfcbf722c1a","isMergeCommit":false,"messageTitle":"fix gradle reported issues.","messageBody":"","fileTypesAndContributionMap":{"functional-code":{"insertions":2,"deletions":3},"test-code":{"insertions":1,"deletions":1}}},{"hash":"836eb5b583a3c7dcd991495cf95ea6bb889296e7","isMergeCommit":false,"messageTitle":"removed chinese comments.","messageBody":"","fileTypesAndContributionMap":{"test-code":{"insertions":0,"deletions":8}}},{"hash":"2f803f798959a070f36cb742fe76b777f330780f","isMergeCommit":false,"messageTitle":"removed more chinese comments.","messageBody":"","fileTypesAndContributionMap":{"test-code":{"insertions":1,"deletions":3}}},{"hash":"7a27a773ddcc34ce5b20607761a093844dd1e1ea","isMergeCommit":false,"messageTitle":"removed all \\n and \\t signs in tests.","messageBody":"","fileTypesAndContributionMap":{"test-code":{"insertions":16,"deletions":12}}},{"hash":"4527161f430ab1f98ca820b78e5f9468744dc54b","isMergeCommit":true,"messageTitle":"Merge branch \u0027master\u0027 of https://github.com/AY2324S2-CS2113-T13-1/tp","messageBody":"","fileTypesAndContributionMap":{}},{"hash":"9c373ad7e9e2576a695bdb711a7da2fec09e43e7","isMergeCommit":false,"messageTitle":"fix illegal forwarding bug.","messageBody":"","fileTypesAndContributionMap":{"functional-code":{"insertions":1,"deletions":1}}},{"hash":"3e1f517d548074b55132a93a882b98cedfd0f5f8","isMergeCommit":false,"messageTitle":"fix code style for gradle","messageBody":"","fileTypesAndContributionMap":{"functional-code":{"insertions":13,"deletions":10}}},{"hash":"b445e3820b522da8f3d5baa341ae87d520e6c874","isMergeCommit":true,"messageTitle":"Merge pull request #85 from Geinzit/master","messageBody":"update text-ui-test content for Java CI tests and more fixes","fileTypesAndContributionMap":{}},{"hash":"04e791f724f356ace97892dfc875f259d3718309","isMergeCommit":false,"messageTitle":"remove \\r symbols during testing.","messageBody":"","fileTypesAndContributionMap":{"functional-code":{"insertions":2,"deletions":2},"test-code":{"insertions":1,"deletions":1}}},{"hash":"3be3a289528745e509e99a5739391072a6ff82cb","isMergeCommit":true,"messageTitle":"Merge branch \u0027master\u0027 of https://github.com/AY2324S2-CS2113-T13-1/tp","messageBody":"","fileTypesAndContributionMap":{}},{"hash":"c1383bec1ae90120947996025a302fc3235b439e","isMergeCommit":false,"messageTitle":"add clean output to all Uitests","messageBody":"","fileTypesAndContributionMap":{"test-code":{"insertions":10,"deletions":5}}},{"hash":"4fe5cbc5e47770000c6594aa25933f9b4f630a30","isMergeCommit":true,"messageTitle":"Merge pull request #88 from Geinzit/master","messageBody":"remove \\r symbols during testing.","fileTypesAndContributionMap":{}}]},{"date":"2024-04-11","commitResults":[{"hash":"249fe318eb59ec68a1b9c79c4714ee8073d14144","isMergeCommit":false,"messageTitle":"add PPP for user Geinzit","messageBody":"","fileTypesAndContributionMap":{"docs":{"insertions":44,"deletions":0}}},{"hash":"1ac7c97376f1cc300cf902c9652b2eac43591c73","isMergeCommit":true,"messageTitle":"Merge pull request #90 from Geinzit/master","messageBody":"add PPP for user Geinzit","fileTypesAndContributionMap":{}},{"hash":"8f4f753727c90c6ddd990f82bd7561b4eaabf3cb","isMergeCommit":false,"messageTitle":"adjust file paths for portfolios","messageBody":"","fileTypesAndContributionMap":{"docs":{"insertions":2,"deletions":2}}},{"hash":"1c949b2179a6dae3bfb2949bf0c3be09a217d7c6","isMergeCommit":true,"messageTitle":"Merge branch \u0027master\u0027 of https://github.com/AY2324S2-CS2113-T13-1/tp","messageBody":"","fileTypesAndContributionMap":{}},{"hash":"ff00bb3690c876b6a844ab147049aed7f6469fee","isMergeCommit":true,"messageTitle":"Merge pull request #93 from Geinzit/master","messageBody":"Adjust file paths","fileTypesAndContributionMap":{}},{"hash":"6ab24d6afd606f58bcf9bcb9d120c010b49b14e1","isMergeCommit":false,"messageTitle":"fix file paths in AboutUs.md","messageBody":"","fileTypesAndContributionMap":{"docs":{"insertions":2,"deletions":2}}},{"hash":"0ec7acd85feb634e84ce10ddb590bde37138ebb0","isMergeCommit":true,"messageTitle":"Merge branch \u0027master\u0027 of https://github.com/AY2324S2-CS2113-T13-1/tp","messageBody":"","fileTypesAndContributionMap":{}},{"hash":"d004d84e9d89fd3603c31e0a2a7e6fa1cfc6d330","isMergeCommit":true,"messageTitle":"Merge pull request #94 from Geinzit/master","messageBody":"fix file paths in AboutUs.md","fileTypesAndContributionMap":{}}]}],"Celineyaa":[{"date":"2024-03-07","commitResults":[{"hash":"094fcbfd6d6a4993c3c649ab525454d34867116b","isMergeCommit":false,"messageTitle":"about me","messageBody":"","fileTypesAndContributionMap":{"docs":{"insertions":4,"deletions":7}}},{"hash":"af96070cb6bd61ec83b426466ab20e42fa335444","isMergeCommit":true,"messageTitle":"Merge branch \u0027master\u0027 into LIN-Siyan-AboutUs","messageBody":"","fileTypesAndContributionMap":{}},{"hash":"46dcf56edbf24740dbb96751ca01ee0b35487afe","isMergeCommit":true,"messageTitle":"Merge pull request #5 from Celineyaa/LIN-Siyan-AboutUs","messageBody":"LINSiyan Aboutus","fileTypesAndContributionMap":{}}]},{"date":"2024-03-20","commitResults":[{"hash":"1ca2f59c7124eac7435d5164553ddcadcc5d6d7c","isMergeCommit":false,"messageTitle":"Add a Jar file","messageBody":"","fileTypesAndContributionMap":{"functional-code":{"insertions":1,"deletions":1}}}]},{"date":"2024-03-22","commitResults":[{"hash":"982d91d6ba289207676a4b869a06bb50ea7a0d0a","isMergeCommit":false,"messageTitle":"Add JUnit tests for ProblemGenerator, to test whether the generated problem sets\u0027 operator types, numbers of problem and digits are match with the user input.","messageBody":"","fileTypesAndContributionMap":{"functional-code":{"insertions":1,"deletions":0},"test-code":{"insertions":84,"deletions":0}}},{"hash":"1ae266d23b7f562afa99e59c977e5659dde2221a","isMergeCommit":false,"messageTitle":"Adapted according to checkstyle","messageBody":"","fileTypesAndContributionMap":{"test-code":{"insertions":13,"deletions":7}}},{"hash":"fa0ea55b5154b341419a17b88b6bde1ce4014767","isMergeCommit":false,"messageTitle":"Adapt the checkstyle again","messageBody":"","fileTypesAndContributionMap":{"test-code":{"insertions":1,"deletions":1}}},{"hash":"40e746c06e693854325080c5f064338636ecd7e1","isMergeCommit":true,"messageTitle":"Merge pull request #23 from Celineyaa/master","messageBody":"Add JUnit test for ProblemGenerator","fileTypesAndContributionMap":{}}]},{"date":"2024-03-27","commitResults":[{"hash":"09d995312b7abb0c3d0ddb26ed445838222fb3ce","isMergeCommit":false,"messageTitle":"Add test case and Instructions for manual testing in DG","messageBody":"","fileTypesAndContributionMap":{"docs":{"insertions":55,"deletions":3}}},{"hash":"477b1b48cc8c3bce6fae0e37bf46734d84ac2908","isMergeCommit":true,"messageTitle":"Merge branch \u0027master\u0027 into master","messageBody":"","fileTypesAndContributionMap":{}},{"hash":"3337e7d704b1acc5c173039015471ffd3816d1bc","isMergeCommit":true,"messageTitle":"Merge pull request #28 from Celineyaa/master","messageBody":"Add test case and Instructions for manual testing in DG","fileTypesAndContributionMap":{}}]},{"date":"2024-04-03","commitResults":[{"hash":"4841f2baf6d70ab538ac19707db45a4bd676b7d7","isMergeCommit":false,"messageTitle":"Update the testcase part of DG","messageBody":"","fileTypesAndContributionMap":{"docs":{"insertions":37,"deletions":25}}},{"hash":"fdc18bcf0d674bb3d61d68e71be8eb286dc39dce","isMergeCommit":true,"messageTitle":"Merge pull request #1 from AY2324S2-CS2113-T13-1/master","messageBody":"Update the part of the testcase in DG","fileTypesAndContributionMap":{}},{"hash":"ba74725ba37a3dcd9ff633c5a8d3cb2cbf8b9019","isMergeCommit":true,"messageTitle":"Update the User guide of version 1","messageBody":"","fileTypesAndContributionMap":{}},{"hash":"73db9be8cd50e7ae96d34a87b08f8fa672a163dc","isMergeCommit":false,"messageTitle":"no message","messageBody":"","fileTypesAndContributionMap":{"docs":{"insertions":0,"deletions":57}}},{"hash":"772b9bb7668e3af3f747c1533c0860f14f3c3c4e","isMergeCommit":false,"messageTitle":"Update the UserGuide of ver1","messageBody":"","fileTypesAndContributionMap":{"docs":{"insertions":57,"deletions":0}}},{"hash":"ecb3b84c3ff2e83ed98d702f674132f025ecb556","isMergeCommit":true,"messageTitle":"Remove UserGuide.md","messageBody":"","fileTypesAndContributionMap":{}},{"hash":"3f6cc69a0e8a011415c08e60e81126093f926fe3","isMergeCommit":false,"messageTitle":"Update User Guide for version1","messageBody":"","fileTypesAndContributionMap":{"docs":{"insertions":57,"deletions":0}}},{"hash":"93e9e1d0d7947e32318c1b219fe1daa08b2b7cf3","isMergeCommit":true,"messageTitle":"Merge pull request #36 from Celineyaa/master","messageBody":"Update the version 1 user guide","fileTypesAndContributionMap":{}},{"hash":"104bd8d1634ad818078ac80768e339f3f13b4778","isMergeCommit":false,"messageTitle":"Correct the gradle errors","messageBody":"","fileTypesAndContributionMap":{"functional-code":{"insertions":1,"deletions":1},"other":{"insertions":4,"deletions":4},"test-code":{"insertions":4,"deletions":4}}},{"hash":"a4e4d9443c004761cc88c92d953ebef35dcaf462","isMergeCommit":true,"messageTitle":"Merge pull request #42 from Celineyaa/master","messageBody":"Correct the gradle errors","fileTypesAndContributionMap":{}},{"hash":"c7b3ddbdbf4e88ca35c901bd5c75b4939527bbc2","isMergeCommit":false,"messageTitle":"no message","messageBody":"","fileTypesAndContributionMap":{"functional-code":{"insertions":0,"deletions":2}}}]},{"date":"2024-04-04","commitResults":[{"hash":"229d36a3eb7fe558281d4bc8a8a696e2a67d3055","isMergeCommit":true,"messageTitle":"Increase and updated testcases for ProblemGenerator, Checker, UI, Storage. Add an accessor of records in Storage. Modify a typo in Storage.","messageBody":"","fileTypesAndContributionMap":{}},{"hash":"17f1677c8604c94c00a763b9604373db7ea7517c","isMergeCommit":false,"messageTitle":"Remove trial.java","messageBody":"","fileTypesAndContributionMap":{"test-code":{"insertions":0,"deletions":31}}},{"hash":"c932975980bc5f9a12d6f1684beda0e90e45b8b2","isMergeCommit":false,"messageTitle":"Adapted the code suggested by gradle.","messageBody":"","fileTypesAndContributionMap":{"test-code":{"insertions":2,"deletions":21}}},{"hash":"fd996a2a2762c2fe06d5b5c173f7c8c907f01bf1","isMergeCommit":true,"messageTitle":"Merge pull request #46 from Celineyaa/master","messageBody":"Update testcases, Add an accessor in Storage","fileTypesAndContributionMap":{}}]}],"Andy123qq4":[{"date":"2024-03-07","commitResults":[{"hash":"e537389581304eb249f5303281f2dfb0f6dab3c3","isMergeCommit":false,"messageTitle":"Update name: Andy","messageBody":"","fileTypesAndContributionMap":{"docs":{"insertions":1,"deletions":7}}},{"hash":"3218aeac0154daf109dc091cedd02faa08514e61","isMergeCommit":false,"messageTitle":"Revert \"Update README.md\"","messageBody":"This reverts commit ba54d6a75b0eeb80667d6167ccf9b7bdf099098d.\n","fileTypesAndContributionMap":{"docs":{"insertions":3,"deletions":3}}},{"hash":"bb6bd2c2f327d13e0a0865714ad48e66bd784565","isMergeCommit":false,"messageTitle":"Update AboutUs.md","messageBody":"","fileTypesAndContributionMap":{"docs":{"insertions":1,"deletions":1}}},{"hash":"fec695633d5ad2b6f53f35d6e35b1397f9693ae1","isMergeCommit":true,"messageTitle":"Merge branch \u0027master\u0027 into Andy123qq4","messageBody":"","fileTypesAndContributionMap":{}},{"hash":"cc1da1f7bc1278b8d07f543f9ab15a7c5e8765aa","isMergeCommit":true,"messageTitle":"Merge pull request #3 from Andy123qq4/Andy123qq4","messageBody":"AboutUS.md: Add my name Yung Ka Shing","fileTypesAndContributionMap":{}}]},{"date":"2024-03-14","commitResults":[{"hash":"cd0ec10bf5dca7f8114c4cb0da7363f64e44101f","isMergeCommit":false,"messageTitle":"Default UI version: get input command from ProblemGenerator; Add UI.java and Parser.java","messageBody":"","fileTypesAndContributionMap":{"functional-code":{"insertions":174,"deletions":21}}}]},{"date":"2024-03-19","commitResults":[{"hash":"6f21468e171cc54bee8bcad933c834fb72271102","isMergeCommit":false,"messageTitle":"Little bug fix on ProblemGen and UI","messageBody":"","fileTypesAndContributionMap":{"functional-code":{"insertions":77,"deletions":100}}},{"hash":"d95be236b03968cb5da9c46794e46d385531d25f","isMergeCommit":false,"messageTitle":"Fix code style and typos.","messageBody":"","fileTypesAndContributionMap":{"functional-code":{"insertions":66,"deletions":70}}},{"hash":"6d9861b5f2a4312c108ff6bce8d90937414e7a17","isMergeCommit":true,"messageTitle":"Merge pull request #15 from Andy123qq4/master","messageBody":"Fix code style and typos.","fileTypesAndContributionMap":{}},{"hash":"45b89ae865ae77f12390a7f5c901dd21597c7abd","isMergeCommit":false,"messageTitle":"Code style formatting \u0026 UI help function fix","messageBody":"","fileTypesAndContributionMap":{"functional-code":{"insertions":81,"deletions":101}}},{"hash":"f6b91745ea18e5eb62dfbd94a8fef99b227c187f","isMergeCommit":false,"messageTitle":"Code style formatting \u0026 UI help function fix","messageBody":"","fileTypesAndContributionMap":{"functional-code":{"insertions":87,"deletions":102}}},{"hash":"1aa0e0beac3934301a6fb5b342f4219ecb16aec6","isMergeCommit":true,"messageTitle":"Merge branch \u0027master\u0027 of https://github.com/Andy123qq4/tp","messageBody":"","fileTypesAndContributionMap":{}},{"hash":"3e427ed7b920c1ddea97fd4e9dab0498b1d0ece0","isMergeCommit":true,"messageTitle":"Gradle + UI","messageBody":"","fileTypesAndContributionMap":{}},{"hash":"98fb1afddcbbc408e0ba74ddd2c957015893013e","isMergeCommit":true,"messageTitle":"Merge branch \u0027master\u0027 into master","messageBody":"","fileTypesAndContributionMap":{}},{"hash":"4469e1e82312a6d050eae00d7a7d9b8caeeb0905","isMergeCommit":true,"messageTitle":"Merge pull request #20 from Andy123qq4/master","messageBody":"Gradle + UI","fileTypesAndContributionMap":{}}]},{"date":"2024-04-04","commitResults":[{"hash":"658f4cd9564979430cea82f942f7bbf64a68e3f4","isMergeCommit":false,"messageTitle":"UI intergration v2 + formatting","messageBody":"","fileTypesAndContributionMap":{"functional-code":{"insertions":119,"deletions":89}}},{"hash":"7b90adba63ae75a4d449aa0844fd3e37d5748a0d","isMergeCommit":false,"messageTitle":"UI intergration v2 + formatting","messageBody":"","fileTypesAndContributionMap":{"functional-code":{"insertions":119,"deletions":89}}},{"hash":"f318701b52053c463dcc6d8275a07c74232d91ab","isMergeCommit":true,"messageTitle":"Merge remote-tracking branch \u0027origin/master\u0027","messageBody":"# Conflicts:\n#\tsrc/main/java/seedu/duke/Record.java\n","fileTypesAndContributionMap":{}},{"hash":"026220e8ef33bab34acb9f861e4c2d98053ed0cb","isMergeCommit":true,"messageTitle":"Merge pull request #47 from Andy123qq4/master","messageBody":"UI intergration v2 + formatting","fileTypesAndContributionMap":{}},{"hash":"93a6fd8fa69e4f1a8176e9b973316fb9b4878fa6","isMergeCommit":false,"messageTitle":"UI intergration v2 + formatting","messageBody":"","fileTypesAndContributionMap":{"functional-code":{"insertions":8,"deletions":10}}},{"hash":"c00b75ffcb9032c294920560a816a678d138dd5d","isMergeCommit":false,"messageTitle":"UI intergration v2 + formatting","messageBody":"","fileTypesAndContributionMap":{"functional-code":{"insertions":8,"deletions":10}}},{"hash":"5cabff367ea1fcb9d77a1880cb734c86e24de4f5","isMergeCommit":true,"messageTitle":"Merge remote-tracking branch \u0027origin/master\u0027","messageBody":"","fileTypesAndContributionMap":{}},{"hash":"c68c8954ae03ca3d7fe3c1485b473409e065ecc6","isMergeCommit":true,"messageTitle":"Merge remote-tracking branch \u0027origin/master\u0027","messageBody":"","fileTypesAndContributionMap":{}},{"hash":"e4b4efe1867fb4ee4f6dba41c7aaa337d5202b33","isMergeCommit":true,"messageTitle":"Merge pull request #48 from Andy123qq4/master","messageBody":"Fix checker and bug","fileTypesAndContributionMap":{}},{"hash":"5b943125282a95f2fe2595c70062b74d826baaf4","isMergeCommit":false,"messageTitle":"Fix missing photo on DG: Move asset/image to DG folder","messageBody":"","fileTypesAndContributionMap":{"docs":{"insertions":4,"deletions":4}}},{"hash":"aa2117e112c42aaf35f8535f9acbd33881c7967d","isMergeCommit":false,"messageTitle":"Fix missing photo on DG: Move asset/image to DG folder","messageBody":"","fileTypesAndContributionMap":{"docs":{"insertions":4,"deletions":4}}},{"hash":"dcc08fe777d4cecd5155a880f6e30490329f39b0","isMergeCommit":true,"messageTitle":"Merge pull request #49 from Andy123qq4/master","messageBody":"Fix missing photo on DG: Move asset/image to DG folder","fileTypesAndContributionMap":{}}]},{"date":"2024-04-10","commitResults":[{"hash":"5772cd46a874ccc7c1dcb848de91c335f4c90ff7","isMergeCommit":false,"messageTitle":"invalid input","messageBody":"","fileTypesAndContributionMap":{"functional-code":{"insertions":60,"deletions":62}}},{"hash":"1b3808f1831ee6526f672507e8915749a3a4c3b5","isMergeCommit":true,"messageTitle":"Merge branch \u0027master\u0027 into master","messageBody":"","fileTypesAndContributionMap":{}},{"hash":"03fcf0c5c8d424abf90502d83cae07568017b4b8","isMergeCommit":true,"messageTitle":"Merge pull request #84 from Andy123qq4/master","messageBody":"invalid input","fileTypesAndContributionMap":{}},{"hash":"55ee1809d75d41ab49ff03a0b231fb321071ebfc","isMergeCommit":false,"messageTitle":"Fix AboutUs.md","messageBody":"","fileTypesAndContributionMap":{"docs":{"insertions":10,"deletions":5}}},{"hash":"511986f63df6eaf793b5a96529c05afead77c93d","isMergeCommit":false,"messageTitle":"Fix wrong spelling","messageBody":"","fileTypesAndContributionMap":{"functional-code":{"insertions":14,"deletions":0}}},{"hash":"84c225176668fc7f92f9dbd30d7e30fc1c1cdb16","isMergeCommit":true,"messageTitle":"Merge pull request #87 from Andy123qq4/master","messageBody":"Fix PE-D UserGuide \u0026 DeveloperGuide","fileTypesAndContributionMap":{}},{"hash":"19b6c562b9b5a64001e7365a7504ac6dcdba2abb","isMergeCommit":false,"messageTitle":"Move all UML diagram to another folder","messageBody":"","fileTypesAndContributionMap":{"docs":{"insertions":0,"deletions":0}}},{"hash":"d67eb366be6aaa3cb2d46a00b2dba281e074b4b4","isMergeCommit":false,"messageTitle":"Minor adjustments","messageBody":"","fileTypesAndContributionMap":{"functional-code":{"insertions":36,"deletions":45}}},{"hash":"f092e09721be648648d68a2264e2756465066259","isMergeCommit":false,"messageTitle":"Better readability in UI and better help function","messageBody":"","fileTypesAndContributionMap":{"functional-code":{"insertions":31,"deletions":27}}},{"hash":"a0aae51f39b5f31bce81904e657833d2abe17c64","isMergeCommit":false,"messageTitle":"Enhance and add more detail for 2 guides","messageBody":"","fileTypesAndContributionMap":{"docs":{"insertions":121,"deletions":74}}},{"hash":"8e73deb3b661140df27637ed6e9f946a9a238c90","isMergeCommit":false,"messageTitle":"Enhance and add more detail for 2 guides","messageBody":"","fileTypesAndContributionMap":{"functional-code":{"insertions":0,"deletions":14},"docs":{"insertions":121,"deletions":74}}},{"hash":"4260ebacfe315101e49ad2fb0a0f726e40418c58","isMergeCommit":true,"messageTitle":"Merge branch \u0027master\u0027 of https://github.com/Andy123qq4/tp","messageBody":"","fileTypesAndContributionMap":{}},{"hash":"4bf8c014517a0c4d7609f299cb9badc9e82b77c2","isMergeCommit":false,"messageTitle":"Fix Ui and UiTest for gradle checking","messageBody":"","fileTypesAndContributionMap":{"functional-code":{"insertions":11,"deletions":8},"test-code":{"insertions":11,"deletions":8}}}]},{"date":"2024-04-11","commitResults":[{"hash":"8caae7e263aa359ef9fb5d8ceed9c4a26d43c019","isMergeCommit":true,"messageTitle":"Merge branch \u0027master\u0027 into master","messageBody":"","fileTypesAndContributionMap":{}},{"hash":"b84a32efc00f73a86a67a1101001e52c994fc931","isMergeCommit":true,"messageTitle":"Merge pull request #91 from Andy123qq4/master","messageBody":"Fix PE-D bugs","fileTypesAndContributionMap":{}}]}],"yzhanglp":[{"date":"2024-03-05","commitResults":[{"hash":"ba54d6a75b0eeb80667d6167ccf9b7bdf099098d","isMergeCommit":false,"messageTitle":"Update README.md","messageBody":"","fileTypesAndContributionMap":{"docs":{"insertions":3,"deletions":3}}}]},{"date":"2024-03-07","commitResults":[{"hash":"87b46b4af9651b710181f7689d16b8474fa88f13","isMergeCommit":false,"messageTitle":"add the yzhanglp aboutme","messageBody":"","fileTypesAndContributionMap":{"docs":{"insertions":4,"deletions":7}}},{"hash":"3581cdb1fbc5a1df0348aff155e0578bad18928e","isMergeCommit":true,"messageTitle":"Merge branch \u0027master\u0027 into yuhao-AboutUs","messageBody":"","fileTypesAndContributionMap":{}},{"hash":"4a5895107dced514135341a9be90bb36f8e304c5","isMergeCommit":true,"messageTitle":"Merge pull request #2 from yzhanglp/yuhao-AboutUs","messageBody":"add the yuhao aboutme","fileTypesAndContributionMap":{}}]},{"date":"2024-03-13","commitResults":[{"hash":"59251be0c78d0862f6c57e6f7e8aa424d565f0c9","isMergeCommit":false,"messageTitle":"add the checker and checkTest","messageBody":"","fileTypesAndContributionMap":{"functional-code":{"insertions":30,"deletions":0},"test-code":{"insertions":11,"deletions":0}}}]},{"date":"2024-03-17","commitResults":[{"hash":"6d3089251d9278bd25411ceab19da9ed0082ce8f","isMergeCommit":true,"messageTitle":"Merge branch \u0027master\u0027 of https://github.com/AY2324S2-CS2113-T13-1/tp","messageBody":"","fileTypesAndContributionMap":{}}]},{"date":"2024-03-19","commitResults":[{"hash":"c71da02590f28912bd93c4e9b485be51b4d9fefe","isMergeCommit":false,"messageTitle":"fix some bugs in checker","messageBody":"","fileTypesAndContributionMap":{"functional-code":{"insertions":16,"deletions":2}}},{"hash":"d061e6fae2d1b32379d43ada7fe3c835661b76bc","isMergeCommit":true,"messageTitle":"merge upstream","messageBody":"","fileTypesAndContributionMap":{}},{"hash":"fe746f7aa4ecd492f4f06ef07f2163615a29519b","isMergeCommit":false,"messageTitle":"update checker to receive user input answer","messageBody":"","fileTypesAndContributionMap":{"functional-code":{"insertions":59,"deletions":36}}},{"hash":"0f777295b963c2661b9f9791b77f78fd9a0128f7","isMergeCommit":true,"messageTitle":"merge upstream and fix conflict","messageBody":"","fileTypesAndContributionMap":{}},{"hash":"30b950704051395a780978c5f45dd943c048aadb","isMergeCommit":false,"messageTitle":"Add the time","messageBody":"","fileTypesAndContributionMap":{"functional-code":{"insertions":6,"deletions":4}}},{"hash":"fb880a26ca6a678c178b02798d4cfb9a9e8924d0","isMergeCommit":true,"messageTitle":"Merge pull request #18 from yzhanglp/master","messageBody":"Add the checker class","fileTypesAndContributionMap":{}}]},{"date":"2024-03-27","commitResults":[{"hash":"ac3dcf056b3d4c35d2c47f6b7f3296884f0d1478","isMergeCommit":false,"messageTitle":"update the DG with userstudy and etc.","messageBody":"","fileTypesAndContributionMap":{"docs":{"insertions":15,"deletions":8}}},{"hash":"29dd4732b8ee7fc432dfb84516c46cd4ad6f52c2","isMergeCommit":true,"messageTitle":"Merge pull request #25 from yzhanglp/master","messageBody":"update the DG with userstudy and etc.","fileTypesAndContributionMap":{}},{"hash":"aa2b9ca5a255837e6462fd34b0a8a170c268eb36","isMergeCommit":false,"messageTitle":"add the implematation of checker","messageBody":"","fileTypesAndContributionMap":{"docs":{"insertions":31,"deletions":1}}},{"hash":"4c8a9c41dcce83cd22f5ce5ba26ebc904b77b1be","isMergeCommit":true,"messageTitle":"Merge branch \u0027master\u0027 of https://github.com/AY2324S2-CS2113-T13-1/tp","messageBody":"","fileTypesAndContributionMap":{}},{"hash":"83d195876641fa9c654c76c5ba1e85b8e6aa83ba","isMergeCommit":true,"messageTitle":"Merge pull request #27 from yzhanglp/master","messageBody":"Add the checker component","fileTypesAndContributionMap":{}}]},{"date":"2024-04-03","commitResults":[{"hash":"705d63a302b140fb061a4fb8f605facbb17f9152","isMergeCommit":false,"messageTitle":"Let the checker to show the incorrect answer","messageBody":"","fileTypesAndContributionMap":{"functional-code":{"insertions":42,"deletions":7}}},{"hash":"258dc484db43fe877def363a131165722f0a2a82","isMergeCommit":true,"messageTitle":"Merge branch \u0027master\u0027 into master","messageBody":"","fileTypesAndContributionMap":{}},{"hash":"0fb890a760376a7eb4f0dece85628fea2f0aeb0f","isMergeCommit":true,"messageTitle":"Merge pull request #37 from yzhanglp/master","messageBody":"Checker V2.0","fileTypesAndContributionMap":{}},{"hash":"02b896cb33ea90367ac0b363f5a9a6e6b9d6625f","isMergeCommit":false,"messageTitle":"add the sequence diagram, fix some bugs in UG","messageBody":"","fileTypesAndContributionMap":{"docs":{"insertions":56,"deletions":41}}},{"hash":"ebc57318862b8de07040b229086a03b34aff1958","isMergeCommit":true,"messageTitle":"Merge pull request #45 from yzhanglp/master","messageBody":"add the sequence diagram, fix some bugs in UG","tags":["v2.0"],"fileTypesAndContributionMap":{}}]},{"date":"2024-04-10","commitResults":[{"hash":"dd074b71b6b8f21b91c592b94bb85a5cab09aeec","isMergeCommit":false,"messageTitle":"add the explanation","messageBody":"","fileTypesAndContributionMap":{"functional-code":{"insertions":38,"deletions":0}}},{"hash":"b76674d6ade6decc08eb2bf51b03a043e3295919","isMergeCommit":false,"messageTitle":"add the simple explanation","messageBody":"","fileTypesAndContributionMap":{"functional-code":{"insertions":62,"deletions":21}}},{"hash":"68e8a885f232dbd65e68d7e32ebb08a40f473f86","isMergeCommit":true,"messageTitle":"fix merge conflict","messageBody":"","fileTypesAndContributionMap":{}},{"hash":"d19bb7af6c075cd5dbfcba8d4ccae52d8f69ea1e","isMergeCommit":true,"messageTitle":"Merge branch \u0027master\u0027 of https://github.com/AY2324S2-CS2113-T13-1/tp","messageBody":"","fileTypesAndContributionMap":{}}]},{"date":"2024-04-11","commitResults":[{"hash":"69264402493096678078c0ac1cc36fb42abc4b0c","isMergeCommit":false,"messageTitle":"add the ppp and some parts of explanation generator","messageBody":"","fileTypesAndContributionMap":{"functional-code":{"insertions":5,"deletions":4},"docs":{"insertions":13,"deletions":0}}},{"hash":"e1b854dceec25e3f831a6a0cd6b5b7d40c3a04f6","isMergeCommit":true,"messageTitle":"Merge pull request #92 from yzhanglp/master","messageBody":"Add PPP and first versin of explanation generator","fileTypesAndContributionMap":{}}]}]},"authorFileTypeContributionMap":{"classskipper351":{"docs":881,"functional-code":343,"test-code":11},"Geinzit":{"docs":123,"functional-code":422,"test-code":15},"Celineyaa":{"docs":75,"functional-code":10,"test-code":261},"Andy123qq4":{"docs":137,"functional-code":240,"test-code":11},"yzhanglp":{"docs":72,"functional-code":157,"test-code":8}},"authorContributionVariance":{"classskipper351":5988.1733,"Geinzit":2889.7595,"Celineyaa":1572.7037,"Andy123qq4":23906.389,"yzhanglp":1036.8983},"authorDisplayNameMap":{"classskipper351":"CS2113-T13-1 YAO ..UANG","Geinzit":"CS2113-T13-1 HUAN..DIAN","Celineyaa":"CS2113-T13-1 LIN ..IYAN","Andy123qq4":"CS2113-T13-1 YUNG..HING","yzhanglp":"CS2113-T13-1 ZHAN..UHAO"}}
