{"authorDailyContributionsMap":{"hwc0419":[{"date":"2024-03-20","commitResults":[{"hash":"04478aeb82064ab829a28ec37074fc1d9e0807fb","isMergeCommit":false,"messageTitle":"Add Parser","messageBody":"","fileTypesAndContributionMap":{"functional-code":{"insertions":657,"deletions":58}}},{"hash":"37031876e9664618a59fb29389773d98b6425d43","isMergeCommit":true,"messageTitle":"Merge pull request #36 from AY2324S2-CS2113-F15-3/branch-Parser","messageBody":"Add Parser","fileTypesAndContributionMap":{}}]},{"date":"2024-03-21","commitResults":[{"hash":"a0670727038da0aba68db7c54954c3022711b8c6","isMergeCommit":false,"messageTitle":"Reformat code","messageBody":"","fileTypesAndContributionMap":{"functional-code":{"insertions":28,"deletions":172},"other":{"insertions":2,"deletions":2}}},{"hash":"da05874f897f63bb9ed79ddaa09cc3bc0c39aeea","isMergeCommit":true,"messageTitle":"Merge branch \u0027branch-Parser\u0027","messageBody":"# Conflicts:\n#\tsrc/main/java/seedu/duke/CommandList.java\n#\tsrc/main/java/seedu/duke/Duke.java\n#\tsrc/main/java/seedu/duke/Formatter.java\n#\tsrc/main/java/seedu/duke/exception/BadTokenException.java\n#\tsrc/main/java/seedu/duke/exception/ProcessInputException.java\n#\tsrc/main/java/seedu/duke/ui/Ui.java\n","fileTypesAndContributionMap":{}},{"hash":"e3960546ff500d3813943632b00f68c088657c12","isMergeCommit":true,"messageTitle":"Merge branch \u0027master\u0027 of https://github.com/AY2324S2-CS2113-F15-3/tp","messageBody":"# Conflicts:\n#\tsrc/main/java/seedu/duke/CommandList.java\n#\tsrc/main/java/seedu/duke/Duke.java\n#\tsrc/main/java/seedu/duke/ui/Ui.java\n","fileTypesAndContributionMap":{}},{"hash":"327b3d14fc2abcdfcc765485785cf4d15637dc8d","isMergeCommit":false,"messageTitle":"Package exceptions","messageBody":"","fileTypesAndContributionMap":{"functional-code":{"insertions":10,"deletions":6},"other":{"insertions":4,"deletions":4}}},{"hash":"8055a17d7f6bd968bbb7bb33e45860e389db4411","isMergeCommit":true,"messageTitle":"Merge pull request #51 from hwc0419/branch-Parser","messageBody":"Package exceptions","fileTypesAndContributionMap":{}},{"hash":"f941bfa35d5d246409864b8f275cfea31212d559","isMergeCommit":false,"messageTitle":"Add ParserTest for v1.0","messageBody":"","fileTypesAndContributionMap":{"functional-code":{"insertions":1,"deletions":1},"test-code":{"insertions":53,"deletions":34}}},{"hash":"1272750abdad07ce8cdaba257693f728d1f4af99","isMergeCommit":true,"messageTitle":"Merge pull request #53 from hwc0419/branch-Parser","messageBody":"Add ParserTest for v1.0","fileTypesAndContributionMap":{}},{"hash":"e7b33addec252d523b04df93b7507f97565a9f1a","isMergeCommit":false,"messageTitle":"Add assert and logging to Parser","messageBody":"","fileTypesAndContributionMap":{"functional-code":{"insertions":6,"deletions":0}}},{"hash":"da618f13a6975190835b132b53e9e6d8f0ab619e","isMergeCommit":true,"messageTitle":"Merge pull request #54 from hwc0419/branch-Parser","messageBody":"Add assert and logging to Parser","tags":["v1.0"],"fileTypesAndContributionMap":{}}]},{"date":"2024-03-23","commitResults":[{"hash":"7d34bf5b88aa25673077744691a67bf446e2052a","isMergeCommit":false,"messageTitle":"Code quality","messageBody":"","fileTypesAndContributionMap":{"functional-code":{"insertions":74,"deletions":125},"test-code":{"insertions":34,"deletions":34}}},{"hash":"aba41084e661a053c73c2c96b851dc6df42bd4b7","isMergeCommit":true,"messageTitle":"Merge branch \u0027branch-CodeQuality-v1\u0027","messageBody":"# Conflicts:\n#\tsrc/main/java/seedu/duke/CommandList.java\n#\tsrc/main/java/seedu/duke/Parser.java\n#\tsrc/main/java/seedu/duke/ui/Ui.java\n#\tsrc/test/java/seedu/duke/ui/UiTest.java\n","fileTypesAndContributionMap":{}},{"hash":"0e9765c76f034d47842c9336fde5085d6d22a0ea","isMergeCommit":true,"messageTitle":"Merge pull request #59 from hwc0419/branch-CodeQuality-v1","messageBody":"Branch code quality v1","fileTypesAndContributionMap":{}}]}],"IncyBot":[{"date":"2024-03-08","commitResults":[{"hash":"c31885961d250703321df016f7a16377a53c171d","isMergeCommit":false,"messageTitle":"Updated Developer Info","messageBody":"","fileTypesAndContributionMap":{"docs":{"insertions":1,"deletions":5}}}]},{"date":"2024-03-15","commitResults":[{"hash":"d6f73e9b55078da702cf78f9d1aa229483b0f967","isMergeCommit":true,"messageTitle":"Merge branch \u0027master\u0027 into Dev-Info","messageBody":"","fileTypesAndContributionMap":{}},{"hash":"027ada1205f32705549ce6aa79122f4dc0d39066","isMergeCommit":true,"messageTitle":"Merge pull request #3 from IncyBot/Dev-Info","messageBody":"Dev info","fileTypesAndContributionMap":{}}]},{"date":"2024-03-21","commitResults":[{"hash":"7e4a8f8775531e4c6ff963c3a13d10003cf14ec8","isMergeCommit":false,"messageTitle":"Added Shoot Function","messageBody":"","fileTypesAndContributionMap":{"functional-code":{"insertions":29,"deletions":0}}},{"hash":"ecd18a66af5fd71a6868d5f9c46b7c15a04ab211","isMergeCommit":false,"messageTitle":"Added Penalty Command","messageBody":"","fileTypesAndContributionMap":{"functional-code":{"insertions":50,"deletions":2}}},{"hash":"1d2f08463329ba660398a3b8e2c1bcabe1d4df1b","isMergeCommit":true,"messageTitle":"Merge pull request #52 from IncyBot/Dev-Info","messageBody":"Added Shoot and Penalty Function","fileTypesAndContributionMap":{}}]},{"date":"2024-03-25","commitResults":[{"hash":"a82f5b96b6ed1c0669dd50ed8a45624ac7856f56","isMergeCommit":false,"messageTitle":"Removed Shot Functionality for Penalty","messageBody":"","fileTypesAndContributionMap":{"functional-code":{"insertions":23,"deletions":45}}}]},{"date":"2024-03-26","commitResults":[{"hash":"d36d6fd2acbaa3ae7cc71cc74fa026422fcef556","isMergeCommit":false,"messageTitle":"Updated as per comments","messageBody":"","fileTypesAndContributionMap":{"functional-code":{"insertions":8,"deletions":11}}},{"hash":"a66467cd904d0ed77d1de99f142ea1746a1e711d","isMergeCommit":false,"messageTitle":"Updated next line issue","messageBody":"","fileTypesAndContributionMap":{"functional-code":{"insertions":1,"deletions":1}}},{"hash":"d6370d77932ed6395d47d5f4ed96a08f0d3962a0","isMergeCommit":true,"messageTitle":"Merge branch \u0027master\u0027 into Dev-Info","messageBody":"","fileTypesAndContributionMap":{}},{"hash":"aa9e5adeda00bf0816ba2eba574e0507ab865602","isMergeCommit":true,"messageTitle":"Merge pull request #63 from IncyBot/Dev-Info","messageBody":"Removed Shoot Functionality for Penalty","fileTypesAndContributionMap":{}}]}],"runxinghuan":[{"date":"2024-03-08","commitResults":[{"hash":"116b5652b04cb3a6df6808ab585d58f01afd0b59","isMergeCommit":false,"messageTitle":"Update README.md","messageBody":"","fileTypesAndContributionMap":{"docs":{"insertions":1,"deletions":1}}},{"hash":"64c1ffbc3b993c15d9ca192cc9701b8a46606ae1","isMergeCommit":false,"messageTitle":"Change AboutUs","messageBody":"","fileTypesAndContributionMap":{"docs":{"insertions":3,"deletions":7}}},{"hash":"bb097ca98a65ad85cc14a2360505cf701add876e","isMergeCommit":true,"messageTitle":"Merge branch \u0027master\u0027 of https://github.com/AY2324S2-CS2113-F15-3/tp into Xinghuan-AboutUs","messageBody":"# Conflicts:\n#\tdocs/AboutUs.md\n","fileTypesAndContributionMap":{}},{"hash":"5a7cfbf57f866adee1ccd9ecc68a2bbf2cac83c8","isMergeCommit":true,"messageTitle":"Merge pull request #2 from runxinghuan/Xinghuan-AboutUs","messageBody":"Change AboutUs","fileTypesAndContributionMap":{}}]},{"date":"2024-03-12","commitResults":[{"hash":"fe2a53c5f9b9c8b2595ddac99e2863bc6d901ee7","isMergeCommit":false,"messageTitle":"Add Ai class","messageBody":"Ai class determines reactions of the game\n","fileTypesAndContributionMap":{"functional-code":{"insertions":26,"deletions":0}}}]},{"date":"2024-03-13","commitResults":[{"hash":"694e1d497f05b0dd5f2d4f53ecda75f98b8de2f3","isMergeCommit":true,"messageTitle":"Merge pull request #11 from runxinghuan/branch-AI-GK","messageBody":"Add Ai class","fileTypesAndContributionMap":{}}]},{"date":"2024-03-15","commitResults":[{"hash":"8da0ae327581616bfa9b4a9deb2c5d4c578df5f0","isMergeCommit":false,"messageTitle":"Add directionIsLegal JUnit Test","messageBody":"directionIsLegal asserts that the direction generated by the Ai class is\na legal direction.\n","fileTypesAndContributionMap":{"test-code":{"insertions":18,"deletions":0}}},{"hash":"4bf1c7412fafefded419fe80b9326a7dc0dbb810","isMergeCommit":true,"messageTitle":"Merge pull request #21 from runxinghuan/branch-JUnit-Test","messageBody":"Add directionIsLegal JUnit Test","fileTypesAndContributionMap":{}}]},{"date":"2024-03-18","commitResults":[{"hash":"cd2a1f8044c0841573925762f6b8d4a24ce3788b","isMergeCommit":false,"messageTitle":"Enable assertions","messageBody":"Enable assertions so that we can use \"assert\" in the code.\n","fileTypesAndContributionMap":{"other":{"insertions":1,"deletions":0}}}]},{"date":"2024-03-19","commitResults":[{"hash":"1d718790ff4a440a8c5080849ee3df240a12e08c","isMergeCommit":true,"messageTitle":"Merge pull request #25 from runxinghuan/branch-Enable-Assertion","messageBody":"Enable assertions","fileTypesAndContributionMap":{}},{"hash":"c2149ffbe527ae7403deeccf1cfa62fa0f753a03","isMergeCommit":false,"messageTitle":"Solve three checkstyle errors","messageBody":"","fileTypesAndContributionMap":{"functional-code":{"insertions":6,"deletions":3},"other":{"insertions":4,"deletions":3},"test-code":{"insertions":0,"deletions":1}}},{"hash":"d630fea9da76ef454caa8efb92d6e4568b1171a8","isMergeCommit":true,"messageTitle":"Merge pull request #27 from runxinghuan/branch-Fix-Checkstyle","messageBody":"Solve three checkstyle errors","fileTypesAndContributionMap":{}},{"hash":"ec208e1ae29d4d32a9a5027886b6e354c23c9522","isMergeCommit":false,"messageTitle":"Make the Ai class more defensive using assert","messageBody":"","fileTypesAndContributionMap":{"functional-code":{"insertions":15,"deletions":1}}},{"hash":"d795caf898b4262cf82c56e57e83c0c4e3dca9bb","isMergeCommit":true,"messageTitle":"Merge pull request #31 from runxinghuan/branch-More-Defensive","messageBody":"Make the Ai class more defensive using assert","fileTypesAndContributionMap":{}}]},{"date":"2024-03-24","commitResults":[{"hash":"457081490ec0a61e79eac89bfdc201f0907d25e2","isMergeCommit":false,"messageTitle":"Delete text ui test","messageBody":"As we can use JUnit test now.\n","fileTypesAndContributionMap":{"other":{"insertions":0,"deletions":42}}},{"hash":"1615467e772f8d7fa5e63f7706c9485959ea889d","isMergeCommit":true,"messageTitle":"Merge pull request #61 from runxinghuan/branch-Delete-Text-ui-test","messageBody":"Delete text ui test","fileTypesAndContributionMap":{}}]},{"date":"2024-03-25","commitResults":[{"hash":"a490c060a6d8f87a2141961494eda04b61f20658","isMergeCommit":false,"messageTitle":"Add real penalty shootout setting","messageBody":"Only make changes with shoot, need change again after penalty is used.\nNeed to change after save command\n","fileTypesAndContributionMap":{"functional-code":{"insertions":112,"deletions":11}}}]},{"date":"2024-03-26","commitResults":[{"hash":"638ae62743888801b4690973af12efc4a066e5de","isMergeCommit":false,"messageTitle":"Edit the code based on Hao Wen\u0027s comments","messageBody":"","fileTypesAndContributionMap":{"functional-code":{"insertions":16,"deletions":16}}},{"hash":"c9d1d1e60034b7037b84a124f68a83d481886009","isMergeCommit":false,"messageTitle":"Revert \"Save Penalty\"","messageBody":"","fileTypesAndContributionMap":{"functional-code":{"insertions":2,"deletions":49}}},{"hash":"3b89f0b113ffa26b26e30e5cfd0b2f10de903b12","isMergeCommit":true,"messageTitle":"Merge pull request #67 from AY2324S2-CS2113-F15-3/revert-66-my-branch","messageBody":"Revert \"Save Penalty\"","fileTypesAndContributionMap":{}},{"hash":"293ec06e2e7b6da53b837dd2f24f18d07c5acc89","isMergeCommit":true,"messageTitle":"Merge pull request #64 from runxinghuan/branch-Shootout-Setting","messageBody":"Add real penalty shootout setting","fileTypesAndContributionMap":{}}]}],"HenryGan138":[{"date":"2024-03-08","commitResults":[{"hash":"b23be96261d8e5a2f838170a02da75823c948022","isMergeCommit":false,"messageTitle":"Update Jiahao to AboutUs","messageBody":"","fileTypesAndContributionMap":{"docs":{"insertions":3,"deletions":7}}},{"hash":"55bfba0fb629d92dfdde6de8257591089b2d66f4","isMergeCommit":true,"messageTitle":"Merge pull request #1 from HenryGan138/JiahaoGan-AboutUs","messageBody":"Update Jiahao to AboutUs","fileTypesAndContributionMap":{}}]},{"date":"2024-03-15","commitResults":[{"hash":"b11a922a1e27d4b46fb67e1ae442ed2437c0f7eb","isMergeCommit":false,"messageTitle":"Add Ui package for user interfacing","messageBody":"","fileTypesAndContributionMap":{"functional-code":{"insertions":25,"deletions":0}}},{"hash":"5cc396e1e281b540318cdfdf92202ea6eefc1d66","isMergeCommit":false,"messageTitle":"Add main logic function for NUSFC24 v1.0","messageBody":"","fileTypesAndContributionMap":{"functional-code":{"insertions":33,"deletions":11}}},{"hash":"139d12ff32920cbf4f87e7471970affe3411092c","isMergeCommit":true,"messageTitle":"Merge branch \u0027master\u0027 of https://github.com/AY2324S2-CS2113-F15-3/tp","messageBody":"","fileTypesAndContributionMap":{}},{"hash":"d7e609f962a30bba05e30aaa6ac2f791b904eaa5","isMergeCommit":true,"messageTitle":"Merge branch \u0027master\u0027 into branch-v1.0UiMain","messageBody":"# Conflicts:\n#\tsrc/main/java/seedu/duke/Duke.java\n","fileTypesAndContributionMap":{}},{"hash":"60478ee9b6117474cfd3eeb56bf21635df1df3b2","isMergeCommit":true,"messageTitle":"Merge pull request #16 from HenryGan138/branch-v1.0UiMain","messageBody":"Branch v1.0 UI main and Resolves #7 ","fileTypesAndContributionMap":{}},{"hash":"974f918a198a83d22ca38a88efd8b1b1ac863ff7","isMergeCommit":false,"messageTitle":"Add UiTest for v1.0","messageBody":"","fileTypesAndContributionMap":{"test-code":{"insertions":34,"deletions":0}}},{"hash":"c4d0ff792393a995b95f33fccb4f36bf095c6644","isMergeCommit":true,"messageTitle":"Merge pull request #23 from HenryGan138/branch-v1.0UiMain","messageBody":"Add UiTest for v1.0","fileTypesAndContributionMap":{}}]},{"date":"2024-03-21","commitResults":[{"hash":"f85392749587deaf35e51f2456016dd1c31cc934","isMergeCommit":false,"messageTitle":"Edition to the Duke","messageBody":"","fileTypesAndContributionMap":{"functional-code":{"insertions":60,"deletions":327},"other":{"insertions":4,"deletions":4},"test-code":{"insertions":6,"deletions":6}}},{"hash":"d19af3967f5d033a2e637c7668567024805cc0fd","isMergeCommit":true,"messageTitle":"Merge pull request #40 from HenryGan138/master","messageBody":"Edition to the v1.0b","fileTypesAndContributionMap":{}},{"hash":"0aa777264c0560df54baf900285a2af28ee9e037","isMergeCommit":false,"messageTitle":"Revert \"Edition to the v1.0b\"","messageBody":"","fileTypesAndContributionMap":{"functional-code":{"insertions":327,"deletions":60},"other":{"insertions":4,"deletions":4},"test-code":{"insertions":6,"deletions":6}}},{"hash":"624fbbaa36081c5698c357ba80308a53cb0c84f7","isMergeCommit":true,"messageTitle":"Merge pull request #45 from AY2324S2-CS2113-F15-3/revert-40-master","messageBody":"Revert \"Edition to the v1.0b\"","fileTypesAndContributionMap":{}},{"hash":"a461380c2a93d527e16e5d318c11d803dfdcbd2c","isMergeCommit":false,"messageTitle":"Add Assert into goalcheck","messageBody":"","fileTypesAndContributionMap":{"functional-code":{"insertions":13,"deletions":34}}},{"hash":"6730c33a6f75f670c4fc356ead43978208f792c1","isMergeCommit":false,"messageTitle":"Add logging into Ui","messageBody":"","fileTypesAndContributionMap":{"functional-code":{"insertions":6,"deletions":0}}},{"hash":"573e992cc7372ce2b3d50a3c5ee5b4941feb6d7d","isMergeCommit":true,"messageTitle":"Merge branch \u0027master\u0027 of https://github.com/AY2324S2-CS2113-F15-3/tp into branch-v1.0b-assert","messageBody":"# Conflicts:\n#\tsrc/main/java/seedu/duke/CommandList.java\n#\tsrc/main/java/seedu/duke/Formatter.java\n","fileTypesAndContributionMap":{}},{"hash":"7a6dad48108eaee3d9ab01c4994b4e7f68cd9611","isMergeCommit":true,"messageTitle":"Merge pull request #50 from HenryGan138/branch-v1.0b-assert","messageBody":"Add assert and logging into function","fileTypesAndContributionMap":{}}]}],"ymirmeddeb":[{"date":"2024-03-08","commitResults":[{"hash":"0ae5bd58d093db7cf7a479dbd572719cb5bc8ccd","isMergeCommit":false,"messageTitle":"edited \"about us\"","messageBody":"","fileTypesAndContributionMap":{"docs":{"insertions":3,"deletions":7}}}]},{"date":"2024-03-15","commitResults":[{"hash":"b055ba295fd1f1c80fae802ce2739471a46209d6","isMergeCommit":false,"messageTitle":"viewGoal and goalCheck","messageBody":"","fileTypesAndContributionMap":{"functional-code":{"insertions":32,"deletions":0}}},{"hash":"493305fe90fe8024d618109559d7601b8902ad50","isMergeCommit":true,"messageTitle":"Merge branch \u0027master\u0027 into my-branch","messageBody":"","fileTypesAndContributionMap":{}},{"hash":"7d3367eb0be923c9ad9f4861af65b87a26bd420a","isMergeCommit":true,"messageTitle":"Merge branch \u0027master\u0027 into my-branch","messageBody":"","fileTypesAndContributionMap":{}},{"hash":"4866d977a75f431f37bd9012907c9dcd192f110f","isMergeCommit":true,"messageTitle":"Merge pull request #22 from ymirmeddeb/my-branch","messageBody":"viewGoal and goalCheck","fileTypesAndContributionMap":{}}]},{"date":"2024-03-21","commitResults":[{"hash":"f21663ab95d890fe3e22b955b8a77d67ccadc8e9","isMergeCommit":false,"messageTitle":"no message","messageBody":"","fileTypesAndContributionMap":{"functional-code":{"insertions":0,"deletions":1}}},{"hash":"f92d83a014ae42d2330b46d3a9fbf20396875fed","isMergeCommit":true,"messageTitle":"Merge pull request #37 from ymirmeddeb/my-branch","messageBody":"minor edits v1.0","fileTypesAndContributionMap":{}},{"hash":"694274398b9c377864a8da9170d1d918c2176141","isMergeCommit":false,"messageTitle":"added added assert and logging to printGoalBeforeShot and printGoalAfterShot","messageBody":"","fileTypesAndContributionMap":{"functional-code":{"insertions":6,"deletions":5}}},{"hash":"e54019ced0ba7b203f689ac51bff9f09615ca2cc","isMergeCommit":true,"messageTitle":"Merge pull request #38 from ymirmeddeb/my-branch","messageBody":"assert and logging","fileTypesAndContributionMap":{}}]},{"date":"2024-03-26","commitResults":[{"hash":"8cf467fa52022c03e111b1f4de1fcc9c26b8e22e","isMergeCommit":false,"messageTitle":"added penalty saving functionnality","messageBody":"","fileTypesAndContributionMap":{"functional-code":{"insertions":49,"deletions":2}}},{"hash":"04c34c86aa90822685f776e8c27698e9501e1139","isMergeCommit":true,"messageTitle":"Merge pull request #66 from ymirmeddeb/my-branch","messageBody":"Save Penalty","fileTypesAndContributionMap":{}}]}]},"authorFileTypeContributionMap":{"hwc0419":{"docs":0,"functional-code":455,"test-code":53},"IncyBot":{"docs":1,"functional-code":68,"test-code":0},"runxinghuan":{"docs":3,"functional-code":144,"test-code":17,"other":1},"HenryGan138":{"docs":1,"functional-code":30,"test-code":0},"ymirmeddeb":{"docs":2,"functional-code":4,"test-code":0}},"authorContributionVariance":{"hwc0419":19249.578,"IncyBot":324.9495,"runxinghuan":683.4563,"HenryGan138":22221.064,"ymirmeddeb":107.11847},"authorDisplayNameMap":{"hwc0419":"CS2113-F15-3 CHOO.. WEN","IncyBot":"CS2113-F15-3 SPAR..ARSH","runxinghuan":"CS2113-F15-3 RUN ..HUAN","HenryGan138":"CS2113-F15-3 GAN ..AHAO","ymirmeddeb":"CS2113-F15-3 MEDD..YMIR"}}
