{"authorDailyContributionsMap":{"hwc0419":[{"date":"2024-03-20","commitResults":[{"hash":"04478aeb82064ab829a28ec37074fc1d9e0807fb","isMergeCommit":false,"messageTitle":"Add Parser","messageBody":"","fileTypesAndContributionMap":{"functional-code":{"insertions":657,"deletions":58}}},{"hash":"37031876e9664618a59fb29389773d98b6425d43","isMergeCommit":true,"messageTitle":"Merge pull request #36 from AY2324S2-CS2113-F15-3/branch-Parser","messageBody":"Add Parser","fileTypesAndContributionMap":{}}]},{"date":"2024-03-21","commitResults":[{"hash":"a0670727038da0aba68db7c54954c3022711b8c6","isMergeCommit":false,"messageTitle":"Reformat code","messageBody":"","fileTypesAndContributionMap":{"functional-code":{"insertions":28,"deletions":172},"other":{"insertions":2,"deletions":2}}},{"hash":"da05874f897f63bb9ed79ddaa09cc3bc0c39aeea","isMergeCommit":true,"messageTitle":"Merge branch \u0027branch-Parser\u0027","messageBody":"# Conflicts:\n#\tsrc/main/java/seedu/duke/CommandList.java\n#\tsrc/main/java/seedu/duke/Duke.java\n#\tsrc/main/java/seedu/duke/Formatter.java\n#\tsrc/main/java/seedu/duke/exception/BadTokenException.java\n#\tsrc/main/java/seedu/duke/exception/ProcessInputException.java\n#\tsrc/main/java/seedu/duke/ui/Ui.java\n","fileTypesAndContributionMap":{}},{"hash":"e3960546ff500d3813943632b00f68c088657c12","isMergeCommit":true,"messageTitle":"Merge branch \u0027master\u0027 of https://github.com/AY2324S2-CS2113-F15-3/tp","messageBody":"# Conflicts:\n#\tsrc/main/java/seedu/duke/CommandList.java\n#\tsrc/main/java/seedu/duke/Duke.java\n#\tsrc/main/java/seedu/duke/ui/Ui.java\n","fileTypesAndContributionMap":{}},{"hash":"327b3d14fc2abcdfcc765485785cf4d15637dc8d","isMergeCommit":false,"messageTitle":"Package exceptions","messageBody":"","fileTypesAndContributionMap":{"functional-code":{"insertions":10,"deletions":6},"other":{"insertions":4,"deletions":4}}},{"hash":"8055a17d7f6bd968bbb7bb33e45860e389db4411","isMergeCommit":true,"messageTitle":"Merge pull request #51 from hwc0419/branch-Parser","messageBody":"Package exceptions","fileTypesAndContributionMap":{}},{"hash":"f941bfa35d5d246409864b8f275cfea31212d559","isMergeCommit":false,"messageTitle":"Add ParserTest for v1.0","messageBody":"","fileTypesAndContributionMap":{"functional-code":{"insertions":1,"deletions":1},"test-code":{"insertions":53,"deletions":34}}},{"hash":"1272750abdad07ce8cdaba257693f728d1f4af99","isMergeCommit":true,"messageTitle":"Merge pull request #53 from hwc0419/branch-Parser","messageBody":"Add ParserTest for v1.0","fileTypesAndContributionMap":{}},{"hash":"e7b33addec252d523b04df93b7507f97565a9f1a","isMergeCommit":false,"messageTitle":"Add assert and logging to Parser","messageBody":"","fileTypesAndContributionMap":{"functional-code":{"insertions":6,"deletions":0}}},{"hash":"da618f13a6975190835b132b53e9e6d8f0ab619e","isMergeCommit":true,"messageTitle":"Merge pull request #54 from hwc0419/branch-Parser","messageBody":"Add assert and logging to Parser","tags":["v1.0"],"fileTypesAndContributionMap":{}}]},{"date":"2024-03-23","commitResults":[{"hash":"7d34bf5b88aa25673077744691a67bf446e2052a","isMergeCommit":false,"messageTitle":"Code quality","messageBody":"","fileTypesAndContributionMap":{"functional-code":{"insertions":74,"deletions":125},"test-code":{"insertions":34,"deletions":34}}},{"hash":"aba41084e661a053c73c2c96b851dc6df42bd4b7","isMergeCommit":true,"messageTitle":"Merge branch \u0027branch-CodeQuality-v1\u0027","messageBody":"# Conflicts:\n#\tsrc/main/java/seedu/duke/CommandList.java\n#\tsrc/main/java/seedu/duke/Parser.java\n#\tsrc/main/java/seedu/duke/ui/Ui.java\n#\tsrc/test/java/seedu/duke/ui/UiTest.java\n","fileTypesAndContributionMap":{}},{"hash":"0e9765c76f034d47842c9336fde5085d6d22a0ea","isMergeCommit":true,"messageTitle":"Merge pull request #59 from hwc0419/branch-CodeQuality-v1","messageBody":"Branch code quality v1","fileTypesAndContributionMap":{}}]}],"IncyBot":[{"date":"2024-03-08","commitResults":[{"hash":"6c10dc0a2d2612ab9832abcbd12823558d37615a","isMergeCommit":false,"messageTitle":"Added Developer Info","messageBody":"","fileTypesAndContributionMap":{"docs":{"insertions":1,"deletions":5}}},{"hash":"c31885961d250703321df016f7a16377a53c171d","isMergeCommit":false,"messageTitle":"Updated Developer Info","messageBody":"","fileTypesAndContributionMap":{"docs":{"insertions":1,"deletions":5}}}]},{"date":"2024-03-15","commitResults":[{"hash":"d6f73e9b55078da702cf78f9d1aa229483b0f967","isMergeCommit":true,"messageTitle":"Merge branch \u0027master\u0027 into Dev-Info","messageBody":"","fileTypesAndContributionMap":{}},{"hash":"027ada1205f32705549ce6aa79122f4dc0d39066","isMergeCommit":true,"messageTitle":"Merge pull request #3 from IncyBot/Dev-Info","messageBody":"Dev info","fileTypesAndContributionMap":{}}]},{"date":"2024-03-21","commitResults":[{"hash":"7e4a8f8775531e4c6ff963c3a13d10003cf14ec8","isMergeCommit":false,"messageTitle":"Added Shoot Function","messageBody":"","fileTypesAndContributionMap":{"functional-code":{"insertions":29,"deletions":0}}},{"hash":"ecd18a66af5fd71a6868d5f9c46b7c15a04ab211","isMergeCommit":false,"messageTitle":"Added Penalty Command","messageBody":"","fileTypesAndContributionMap":{"functional-code":{"insertions":50,"deletions":2}}},{"hash":"1d2f08463329ba660398a3b8e2c1bcabe1d4df1b","isMergeCommit":true,"messageTitle":"Merge pull request #52 from IncyBot/Dev-Info","messageBody":"Added Shoot and Penalty Function","fileTypesAndContributionMap":{}}]},{"date":"2024-03-25","commitResults":[{"hash":"a82f5b96b6ed1c0669dd50ed8a45624ac7856f56","isMergeCommit":false,"messageTitle":"Removed Shot Functionality for Penalty","messageBody":"","fileTypesAndContributionMap":{"functional-code":{"insertions":23,"deletions":45}}}]},{"date":"2024-03-26","commitResults":[{"hash":"d36d6fd2acbaa3ae7cc71cc74fa026422fcef556","isMergeCommit":false,"messageTitle":"Updated as per comments","messageBody":"","fileTypesAndContributionMap":{"functional-code":{"insertions":8,"deletions":11}}},{"hash":"a66467cd904d0ed77d1de99f142ea1746a1e711d","isMergeCommit":false,"messageTitle":"Updated next line issue","messageBody":"","fileTypesAndContributionMap":{"functional-code":{"insertions":1,"deletions":1}}},{"hash":"d6370d77932ed6395d47d5f4ed96a08f0d3962a0","isMergeCommit":true,"messageTitle":"Merge branch \u0027master\u0027 into Dev-Info","messageBody":"","fileTypesAndContributionMap":{}},{"hash":"aa9e5adeda00bf0816ba2eba574e0507ab865602","isMergeCommit":true,"messageTitle":"Merge pull request #63 from IncyBot/Dev-Info","messageBody":"Removed Shoot Functionality for Penalty","fileTypesAndContributionMap":{}},{"hash":"0b39546f93252283f111c8f2e07093d112c82d80","isMergeCommit":false,"messageTitle":"Added Difficulty Levels","messageBody":"","fileTypesAndContributionMap":{"functional-code":{"insertions":54,"deletions":29}}}]},{"date":"2024-03-29","commitResults":[{"hash":"b33e5b54a9789610aedc10a33b01f824094c0dc7","isMergeCommit":false,"messageTitle":"Update DeveloperGuide.md","messageBody":"","fileTypesAndContributionMap":{"docs":{"insertions":224,"deletions":0}}},{"hash":"2fb603bdd3e33357a8f758ac5c4831b2df6d0c84","isMergeCommit":true,"messageTitle":"Merge branch \u0027master\u0027 of https://github.com/IncyBot/tp","messageBody":"","fileTypesAndContributionMap":{}},{"hash":"a35bbc9df1866c30ad58651cdb7cb6918c76d373","isMergeCommit":true,"messageTitle":"Merge branch \u0027Dev-Info\u0027","messageBody":"","fileTypesAndContributionMap":{}},{"hash":"0a6ab1f1cb236f835496ce1ce00f04ff8d67eaaf","isMergeCommit":true,"messageTitle":"Merge pull request #76 from IncyBot/master","messageBody":"Updated Difficulty and DG","fileTypesAndContributionMap":{}}]}],"runxinghuan":[{"date":"2024-03-08","commitResults":[{"hash":"116b5652b04cb3a6df6808ab585d58f01afd0b59","isMergeCommit":false,"messageTitle":"Update README.md","messageBody":"","fileTypesAndContributionMap":{"docs":{"insertions":1,"deletions":1}}},{"hash":"64c1ffbc3b993c15d9ca192cc9701b8a46606ae1","isMergeCommit":false,"messageTitle":"Change AboutUs","messageBody":"","fileTypesAndContributionMap":{"docs":{"insertions":3,"deletions":7}}},{"hash":"bb097ca98a65ad85cc14a2360505cf701add876e","isMergeCommit":true,"messageTitle":"Merge branch \u0027master\u0027 of https://github.com/AY2324S2-CS2113-F15-3/tp into Xinghuan-AboutUs","messageBody":"# Conflicts:\n#\tdocs/AboutUs.md\n","fileTypesAndContributionMap":{}},{"hash":"5a7cfbf57f866adee1ccd9ecc68a2bbf2cac83c8","isMergeCommit":true,"messageTitle":"Merge pull request #2 from runxinghuan/Xinghuan-AboutUs","messageBody":"Change AboutUs","fileTypesAndContributionMap":{}}]},{"date":"2024-03-12","commitResults":[{"hash":"fe2a53c5f9b9c8b2595ddac99e2863bc6d901ee7","isMergeCommit":false,"messageTitle":"Add Ai class","messageBody":"Ai class determines reactions of the game\n","fileTypesAndContributionMap":{"functional-code":{"insertions":26,"deletions":0}}}]},{"date":"2024-03-13","commitResults":[{"hash":"694e1d497f05b0dd5f2d4f53ecda75f98b8de2f3","isMergeCommit":true,"messageTitle":"Merge pull request #11 from runxinghuan/branch-AI-GK","messageBody":"Add Ai class","fileTypesAndContributionMap":{}}]},{"date":"2024-03-15","commitResults":[{"hash":"8da0ae327581616bfa9b4a9deb2c5d4c578df5f0","isMergeCommit":false,"messageTitle":"Add directionIsLegal JUnit Test","messageBody":"directionIsLegal asserts that the direction generated by the Ai class is\na legal direction.\n","fileTypesAndContributionMap":{"test-code":{"insertions":18,"deletions":0}}},{"hash":"4bf1c7412fafefded419fe80b9326a7dc0dbb810","isMergeCommit":true,"messageTitle":"Merge pull request #21 from runxinghuan/branch-JUnit-Test","messageBody":"Add directionIsLegal JUnit Test","fileTypesAndContributionMap":{}}]},{"date":"2024-03-18","commitResults":[{"hash":"cd2a1f8044c0841573925762f6b8d4a24ce3788b","isMergeCommit":false,"messageTitle":"Enable assertions","messageBody":"Enable assertions so that we can use \"assert\" in the code.\n","fileTypesAndContributionMap":{"other":{"insertions":1,"deletions":0}}}]},{"date":"2024-03-19","commitResults":[{"hash":"1d718790ff4a440a8c5080849ee3df240a12e08c","isMergeCommit":true,"messageTitle":"Merge pull request #25 from runxinghuan/branch-Enable-Assertion","messageBody":"Enable assertions","fileTypesAndContributionMap":{}},{"hash":"c2149ffbe527ae7403deeccf1cfa62fa0f753a03","isMergeCommit":false,"messageTitle":"Solve three checkstyle errors","messageBody":"","fileTypesAndContributionMap":{"functional-code":{"insertions":6,"deletions":3},"other":{"insertions":4,"deletions":3},"test-code":{"insertions":0,"deletions":1}}},{"hash":"d630fea9da76ef454caa8efb92d6e4568b1171a8","isMergeCommit":true,"messageTitle":"Merge pull request #27 from runxinghuan/branch-Fix-Checkstyle","messageBody":"Solve three checkstyle errors","fileTypesAndContributionMap":{}},{"hash":"ec208e1ae29d4d32a9a5027886b6e354c23c9522","isMergeCommit":false,"messageTitle":"Make the Ai class more defensive using assert","messageBody":"","fileTypesAndContributionMap":{"functional-code":{"insertions":15,"deletions":1}}},{"hash":"d795caf898b4262cf82c56e57e83c0c4e3dca9bb","isMergeCommit":true,"messageTitle":"Merge pull request #31 from runxinghuan/branch-More-Defensive","messageBody":"Make the Ai class more defensive using assert","fileTypesAndContributionMap":{}}]},{"date":"2024-03-24","commitResults":[{"hash":"457081490ec0a61e79eac89bfdc201f0907d25e2","isMergeCommit":false,"messageTitle":"Delete text ui test","messageBody":"As we can use JUnit test now.\n","fileTypesAndContributionMap":{"other":{"insertions":0,"deletions":42}}},{"hash":"1615467e772f8d7fa5e63f7706c9485959ea889d","isMergeCommit":true,"messageTitle":"Merge pull request #61 from runxinghuan/branch-Delete-Text-ui-test","messageBody":"Delete text ui test","fileTypesAndContributionMap":{}}]},{"date":"2024-03-25","commitResults":[{"hash":"a490c060a6d8f87a2141961494eda04b61f20658","isMergeCommit":false,"messageTitle":"Add real penalty shootout setting","messageBody":"Only make changes with shoot, need change again after penalty is used.\nNeed to change after save command\n","fileTypesAndContributionMap":{"functional-code":{"insertions":112,"deletions":11}}}]},{"date":"2024-03-26","commitResults":[{"hash":"638ae62743888801b4690973af12efc4a066e5de","isMergeCommit":false,"messageTitle":"Edit the code based on Hao Wen\u0027s comments","messageBody":"","fileTypesAndContributionMap":{"functional-code":{"insertions":16,"deletions":16}}},{"hash":"c9d1d1e60034b7037b84a124f68a83d481886009","isMergeCommit":false,"messageTitle":"Revert \"Save Penalty\"","messageBody":"","fileTypesAndContributionMap":{"functional-code":{"insertions":2,"deletions":49}}},{"hash":"3b89f0b113ffa26b26e30e5cfd0b2f10de903b12","isMergeCommit":true,"messageTitle":"Merge pull request #67 from AY2324S2-CS2113-F15-3/revert-66-my-branch","messageBody":"Revert \"Save Penalty\"","fileTypesAndContributionMap":{}},{"hash":"293ec06e2e7b6da53b837dd2f24f18d07c5acc89","isMergeCommit":true,"messageTitle":"Merge pull request #64 from runxinghuan/branch-Shootout-Setting","messageBody":"Add real penalty shootout setting","fileTypesAndContributionMap":{}},{"hash":"71cde74ea6c0c4ab3d3fc1edf141bb84a77bcb9d","isMergeCommit":false,"messageTitle":"Add explanation to one of my feature added","messageBody":"I will add a class diagram later.\n","fileTypesAndContributionMap":{"docs":{"insertions":23,"deletions":0}}}]},{"date":"2024-03-28","commitResults":[{"hash":"6b8f502969183c6303a4009c0bfd878c305666ba","isMergeCommit":false,"messageTitle":"Add a class diagram for MatchStat class","messageBody":"","fileTypesAndContributionMap":{"docs":{"insertions":29,"deletions":2}}},{"hash":"47608dc27ce57144033b808ce1a601865f36cf96","isMergeCommit":false,"messageTitle":"Try to makes the UML diagram visible","messageBody":"","fileTypesAndContributionMap":{"docs":{"insertions":1,"deletions":1}}},{"hash":"cedc563fb2f3149735df7c628cc634fd22d862e4","isMergeCommit":false,"messageTitle":"Try to make the UML diagram visible","messageBody":"","fileTypesAndContributionMap":{"docs":{"insertions":1,"deletions":1}}},{"hash":"c345b5eacba60adf9a662f8f9aa1c94f4de7bebc","isMergeCommit":false,"messageTitle":"Another try","messageBody":"","fileTypesAndContributionMap":{"docs":{"insertions":1,"deletions":1}}},{"hash":"e4ca8b1547b264cc90fec4e44ecb47146d4a1c3d","isMergeCommit":false,"messageTitle":"Try to show the diagram using copy and paste","messageBody":"","fileTypesAndContributionMap":{"docs":{"insertions":1,"deletions":1}}},{"hash":"f3efe97a34c86787bb95bbffb965cff26274cdf0","isMergeCommit":true,"messageTitle":"Merge branch \u0027branch-UG-1\u0027 of https://github.com/runxinghuan/tp into branch-UG-1","messageBody":"# Conflicts:\n#\tdocs/DeveloperGuide.md\n","fileTypesAndContributionMap":{}}]},{"date":"2024-03-29","commitResults":[{"hash":"11ed4803ed27de89a14595257b4fee3cbd2c851f","isMergeCommit":true,"messageTitle":"Merge branch \u0027master\u0027 into branch-UG-1","messageBody":"","fileTypesAndContributionMap":{}},{"hash":"1bfa106535b6de57632f263b7f838bed9307c105","isMergeCommit":true,"messageTitle":"Merge pull request #70 from runxinghuan/branch-UG-1","messageBody":"Add explanation to one of my feature added","fileTypesAndContributionMap":{}},{"hash":"ef78563e2b055230e738cfa52eb8eac42cdbe04b","isMergeCommit":true,"messageTitle":"Merge branch \u0027master\u0027 into my-branch","messageBody":"","fileTypesAndContributionMap":{}},{"hash":"d33aee0099f15a4e09246fcb8162ea5442135f19","isMergeCommit":true,"messageTitle":"Merge pull request #68 from ymirmeddeb/my-branch","messageBody":"Save Penalty","fileTypesAndContributionMap":{}},{"hash":"3e675e7587134fc60eae1325e76366532b99a524","isMergeCommit":false,"messageTitle":"Change the author of the MatchStat class","messageBody":"","fileTypesAndContributionMap":{"functional-code":{"insertions":33,"deletions":29},"test-code":{"insertions":2,"deletions":1}}},{"hash":"ae8244deabf37e01387d38b259ef77cb26f33f98","isMergeCommit":true,"messageTitle":"Merge pull request #78 from runxinghuan/branch-Change-Author","messageBody":"Change the author of the MatchStat class","fileTypesAndContributionMap":{}},{"hash":"49896346978aa6a572d2751509ab4c1318068041","isMergeCommit":false,"messageTitle":"Improve the MatchStat class","messageBody":"Add logic for best-of-five kicks rule, and ensure that only \u0027yes\u0027 or\n\u0027no\u0027 can be entered after a match ends.\n","fileTypesAndContributionMap":{"functional-code":{"insertions":45,"deletions":24}}},{"hash":"4dedce9b8c5bc9afffd8bf50c7ef85e67e22ec51","isMergeCommit":false,"messageTitle":"Add header comments for MatchStat class","messageBody":"","fileTypesAndContributionMap":{"functional-code":{"insertions":23,"deletions":0}}},{"hash":"f757679a4abdc3bd14f6c54b0c6f5d7bdfb797e9","isMergeCommit":true,"messageTitle":"Merge pull request #79 from runxinghuan/branch-Improve-Shootout-Setting","messageBody":"Improve the MatchStat class","fileTypesAndContributionMap":{}}]},{"date":"2024-03-30","commitResults":[{"hash":"979ad428c0f6dd5f5250342e560f2eae24832389","isMergeCommit":false,"messageTitle":"Enables player and Ai to take turn to shoot","messageBody":"The save function is not working though.\n","fileTypesAndContributionMap":{"functional-code":{"insertions":129,"deletions":36}}},{"hash":"455230b5d402eacc114fc40a986a3f2383fd0c7d","isMergeCommit":true,"messageTitle":"Merge pull request #81 from runxinghuan/branch-take-turns","messageBody":"Enables player and Ai to take turn to shoot","fileTypesAndContributionMap":{}},{"hash":"dc79cf52b6a5cbdead41cf38709d463ebd46ea50","isMergeCommit":false,"messageTitle":"Fix a small bug in updating the score","messageBody":"","fileTypesAndContributionMap":{"functional-code":{"insertions":3,"deletions":3}}}]},{"date":"2024-03-31","commitResults":[{"hash":"4f6b975e1c780221536c3c8a3fceec6b658f9beb","isMergeCommit":true,"messageTitle":"Merge pull request #84 from ymirmeddeb/my-branch","messageBody":"fix bug in save command","fileTypesAndContributionMap":{}},{"hash":"55645ceb478040d49fd864b8e469de06873b622c","isMergeCommit":true,"messageTitle":"Merge pull request #83 from runxinghuan/branch-take-turns","messageBody":"Fix a small bug in updating the score","fileTypesAndContributionMap":{}},{"hash":"0f6f6942aae8b4645947560085f03197cc5a09f5","isMergeCommit":false,"messageTitle":"Fix a few bugs","messageBody":"Fix the bug of isPlayerTurn is not updated.\nFix the bug of Ai only generating direction 0.\nFix the bug of treating isGoalSaved as isGoal.\nAdd showing the score after saving.\n","fileTypesAndContributionMap":{"functional-code":{"insertions":11,"deletions":5}}},{"hash":"561910751c5f68585c934b749bb5bd434dea3545","isMergeCommit":true,"messageTitle":"Merge pull request #85 from runxinghuan/branch-v2.0-bug-fix","messageBody":"Fix a few bugs","tags":["v2.0"],"fileTypesAndContributionMap":{}},{"hash":"07258402b31ee81268f7029896b1e59ae00cac3f","isMergeCommit":false,"messageTitle":"Add introduction and quick start parts of the UG","messageBody":"","fileTypesAndContributionMap":{"docs":{"insertions":52,"deletions":18}}},{"hash":"53df0c71f9354da577b7370ae6115345e427521f","isMergeCommit":true,"messageTitle":"Merge pull request #88 from runxinghuan/branch-UG-v2.0","messageBody":"Add introduction and quick start parts of the UG","fileTypesAndContributionMap":{}}]},{"date":"2024-04-01","commitResults":[{"hash":"8ea78dfb8c4dab538501901ae8471aba45b4f984","isMergeCommit":false,"messageTitle":"Update the class diagram for MatchStat","messageBody":"","fileTypesAndContributionMap":{"docs":{"insertions":17,"deletions":8}}},{"hash":"c0fe42f451a137b9bb526862b39d37accb3c0e96","isMergeCommit":false,"messageTitle":"Add sequential diagram of MatchStat class to the DG","messageBody":"","fileTypesAndContributionMap":{"functional-code":{"insertions":2,"deletions":2},"docs":{"insertions":63,"deletions":0}}}]},{"date":"2024-04-03","commitResults":[{"hash":"9a0635326c1ba7f701416a3cd83a23fe4dccab7e","isMergeCommit":true,"messageTitle":"Merge pull request #91 from runxinghuan/branch-DG-Sequential-Diagram","messageBody":"Branch dg sequential diagram","fileTypesAndContributionMap":{}}]}],"HenryGan138":[{"date":"2024-03-08","commitResults":[{"hash":"b23be96261d8e5a2f838170a02da75823c948022","isMergeCommit":false,"messageTitle":"Update Jiahao to AboutUs","messageBody":"","fileTypesAndContributionMap":{"docs":{"insertions":3,"deletions":7}}},{"hash":"55bfba0fb629d92dfdde6de8257591089b2d66f4","isMergeCommit":true,"messageTitle":"Merge pull request #1 from HenryGan138/JiahaoGan-AboutUs","messageBody":"Update Jiahao to AboutUs","fileTypesAndContributionMap":{}}]},{"date":"2024-03-15","commitResults":[{"hash":"b11a922a1e27d4b46fb67e1ae442ed2437c0f7eb","isMergeCommit":false,"messageTitle":"Add Ui package for user interfacing","messageBody":"","fileTypesAndContributionMap":{"functional-code":{"insertions":25,"deletions":0}}},{"hash":"5cc396e1e281b540318cdfdf92202ea6eefc1d66","isMergeCommit":false,"messageTitle":"Add main logic function for NUSFC24 v1.0","messageBody":"","fileTypesAndContributionMap":{"functional-code":{"insertions":33,"deletions":11}}},{"hash":"139d12ff32920cbf4f87e7471970affe3411092c","isMergeCommit":true,"messageTitle":"Merge branch \u0027master\u0027 of https://github.com/AY2324S2-CS2113-F15-3/tp","messageBody":"","fileTypesAndContributionMap":{}},{"hash":"d7e609f962a30bba05e30aaa6ac2f791b904eaa5","isMergeCommit":true,"messageTitle":"Merge branch \u0027master\u0027 into branch-v1.0UiMain","messageBody":"# Conflicts:\n#\tsrc/main/java/seedu/duke/Duke.java\n","fileTypesAndContributionMap":{}},{"hash":"60478ee9b6117474cfd3eeb56bf21635df1df3b2","isMergeCommit":true,"messageTitle":"Merge pull request #16 from HenryGan138/branch-v1.0UiMain","messageBody":"Branch v1.0 UI main and Resolves #7 ","fileTypesAndContributionMap":{}},{"hash":"974f918a198a83d22ca38a88efd8b1b1ac863ff7","isMergeCommit":false,"messageTitle":"Add UiTest for v1.0","messageBody":"","fileTypesAndContributionMap":{"test-code":{"insertions":34,"deletions":0}}},{"hash":"c4d0ff792393a995b95f33fccb4f36bf095c6644","isMergeCommit":true,"messageTitle":"Merge pull request #23 from HenryGan138/branch-v1.0UiMain","messageBody":"Add UiTest for v1.0","fileTypesAndContributionMap":{}}]},{"date":"2024-03-21","commitResults":[{"hash":"f85392749587deaf35e51f2456016dd1c31cc934","isMergeCommit":false,"messageTitle":"Edition to the Duke","messageBody":"","fileTypesAndContributionMap":{"functional-code":{"insertions":60,"deletions":327},"other":{"insertions":4,"deletions":4},"test-code":{"insertions":6,"deletions":6}}},{"hash":"d19af3967f5d033a2e637c7668567024805cc0fd","isMergeCommit":true,"messageTitle":"Merge pull request #40 from HenryGan138/master","messageBody":"Edition to the v1.0b","fileTypesAndContributionMap":{}},{"hash":"0253006a9cf584764b051c13992d3911180144ee","isMergeCommit":false,"messageTitle":"Slight change 2 on v1.0b","messageBody":"","fileTypesAndContributionMap":{"functional-code":{"insertions":5,"deletions":5},"other":{"insertions":1,"deletions":1}}},{"hash":"2cf5f835574e9197570af5a32c50bc82a8a602c7","isMergeCommit":false,"messageTitle":"Revert \"Slight change 2 on v1.0b\"","messageBody":"This reverts commit 0253006a9cf584764b051c13992d3911180144ee.\n","fileTypesAndContributionMap":{"functional-code":{"insertions":5,"deletions":5},"other":{"insertions":1,"deletions":1}}},{"hash":"0aa777264c0560df54baf900285a2af28ee9e037","isMergeCommit":false,"messageTitle":"Revert \"Edition to the v1.0b\"","messageBody":"","fileTypesAndContributionMap":{"functional-code":{"insertions":327,"deletions":60},"other":{"insertions":4,"deletions":4},"test-code":{"insertions":6,"deletions":6}}},{"hash":"624fbbaa36081c5698c357ba80308a53cb0c84f7","isMergeCommit":true,"messageTitle":"Merge pull request #45 from AY2324S2-CS2113-F15-3/revert-40-master","messageBody":"Revert \"Edition to the v1.0b\"","fileTypesAndContributionMap":{}},{"hash":"a461380c2a93d527e16e5d318c11d803dfdcbd2c","isMergeCommit":false,"messageTitle":"Add Assert into goalcheck","messageBody":"","fileTypesAndContributionMap":{"functional-code":{"insertions":13,"deletions":34}}},{"hash":"6730c33a6f75f670c4fc356ead43978208f792c1","isMergeCommit":false,"messageTitle":"Add logging into Ui","messageBody":"","fileTypesAndContributionMap":{"functional-code":{"insertions":6,"deletions":0}}},{"hash":"573e992cc7372ce2b3d50a3c5ee5b4941feb6d7d","isMergeCommit":true,"messageTitle":"Merge branch \u0027master\u0027 of https://github.com/AY2324S2-CS2113-F15-3/tp into branch-v1.0b-assert","messageBody":"# Conflicts:\n#\tsrc/main/java/seedu/duke/CommandList.java\n#\tsrc/main/java/seedu/duke/Formatter.java\n","fileTypesAndContributionMap":{}},{"hash":"7a6dad48108eaee3d9ab01c4994b4e7f68cd9611","isMergeCommit":true,"messageTitle":"Merge pull request #50 from HenryGan138/branch-v1.0b-assert","messageBody":"Add assert and logging into function","fileTypesAndContributionMap":{}}]},{"date":"2024-03-24","commitResults":[{"hash":"30011f4c7639588e24bcd02f94697053fe9680f9","isMergeCommit":false,"messageTitle":"Week 9 Tutorial work","messageBody":"","fileTypesAndContributionMap":{"functional-code":{"insertions":3,"deletions":32}}},{"hash":"da02edb315c58fbf08d47d2858b33e854732e67d","isMergeCommit":true,"messageTitle":"Merge branch \u0027branch-v1.0b-assert\u0027","messageBody":"","fileTypesAndContributionMap":{}},{"hash":"1f2fe0ec143a5aba3208c49387c0694fc747fc6c","isMergeCommit":true,"messageTitle":"Merge remote-tracking branch \u0027tpmaster/master\u0027","messageBody":"# Conflicts:\n#\tsrc/main/java/seedu/duke/Formatter.java\n","fileTypesAndContributionMap":{}},{"hash":"6b37cc40ac9309e37e0b78c7bfac898e4c7972d0","isMergeCommit":false,"messageTitle":"Add Duke Class back","messageBody":"","fileTypesAndContributionMap":{"functional-code":{"insertions":28,"deletions":0}}}]},{"date":"2024-03-26","commitResults":[{"hash":"5a51e2877bd63a18a1c304aa832de58bd802275a","isMergeCommit":false,"messageTitle":"Design the Shooter Class as the parent Class","messageBody":"","fileTypesAndContributionMap":{"functional-code":{"insertions":37,"deletions":0}}},{"hash":"fc366f4b70c490459a5adfa36c8612b9fcc11dce","isMergeCommit":false,"messageTitle":"Beginner, Meidum, ExpertSkill class all implements Shooter Class function","messageBody":"","fileTypesAndContributionMap":{"functional-code":{"insertions":162,"deletions":0}}},{"hash":"0dbf2c06b2a253c7313dc31d26f17d7458618ae3","isMergeCommit":false,"messageTitle":"ArrayList manage the Shooter Class (for polymorphism implementation like different goal picture)","messageBody":"","fileTypesAndContributionMap":{"functional-code":{"insertions":9,"deletions":0}}},{"hash":"7f4da887bb9190a6a562bee6400ef2aa7831bbe4","isMergeCommit":false,"messageTitle":"Add upgrade command","messageBody":"","fileTypesAndContributionMap":{"functional-code":{"insertions":52,"deletions":8}}},{"hash":"96e4833e0f0543a70c69f545b7b8d83d0001a2c4","isMergeCommit":false,"messageTitle":"V2.0 Test1","messageBody":"","fileTypesAndContributionMap":{"functional-code":{"insertions":3,"deletions":2}}},{"hash":"c0cda27fec938e6e7bdae529f5c5282508a15651","isMergeCommit":false,"messageTitle":"Minor change to improve the code","messageBody":"","fileTypesAndContributionMap":{"functional-code":{"insertions":39,"deletions":50},"other":{"insertions":44,"deletions":16}}},{"hash":"2d35c7f52bb741886b389a1ea92fbec9e7a26335","isMergeCommit":true,"messageTitle":"Merge remote-tracking branch \u0027tpmaster/master\u0027","messageBody":"","fileTypesAndContributionMap":{}},{"hash":"84315a987ad088c4f2576917cb285c1a34ebfc77","isMergeCommit":false,"messageTitle":"Change for compiling error","messageBody":"","fileTypesAndContributionMap":{"functional-code":{"insertions":6,"deletions":65}}}]},{"date":"2024-03-27","commitResults":[{"hash":"4c648f4a97a28de6996bff1a46df054acfbb49f1","isMergeCommit":true,"messageTitle":"Merge branch \u0027master\u0027 into branch-v2.0","messageBody":"# Conflicts:\n#\tsrc/main/java/seedu/duke/CommandList.java\n#\tsrc/main/java/seedu/duke/Duke.java\n#\tsrc/main/java/seedu/duke/Formatter.java\n#\tsrc/main/java/seedu/duke/SyntaxAnalyser.java\n#\tsrc/main/java/seedu/duke/ui/Ui.java\n","fileTypesAndContributionMap":{}},{"hash":"7ba78fe39b588be3f0acb3582fe20246c122c2b7","isMergeCommit":false,"messageTitle":"Implement Automatically update player function","messageBody":"","fileTypesAndContributionMap":{"functional-code":{"insertions":32,"deletions":1}}},{"hash":"315a7f4b53248fe655ac7bfde03513f95d7f2e59","isMergeCommit":false,"messageTitle":"Improve the code of player class","messageBody":"","fileTypesAndContributionMap":{"functional-code":{"insertions":37,"deletions":22}}},{"hash":"b922d9bd817838915058471ab65ab8ece2755428","isMergeCommit":false,"messageTitle":"Connect MatchStat with the player class","messageBody":"","fileTypesAndContributionMap":{"functional-code":{"insertions":68,"deletions":0}}},{"hash":"98a8ef82b4bb8fdcb922df3459006a20304042dd","isMergeCommit":false,"messageTitle":"Changes to implement V2.0","messageBody":"","fileTypesAndContributionMap":{"functional-code":{"insertions":83,"deletions":119},"other":{"insertions":0,"deletions":42},"test-code":{"insertions":0,"deletions":34}}},{"hash":"1a469f09d92afa6cd9bb2564e22b089383c45150","isMergeCommit":true,"messageTitle":"Merge pull request #72 from HenryGan138/branch-v2.0-t1","messageBody":"Branch v2.0 Add Player Class","fileTypesAndContributionMap":{}}]},{"date":"2024-03-29","commitResults":[{"hash":"fcbb2f3b2c4ad96e9ac5d8031be539811b346e22","isMergeCommit":false,"messageTitle":"Update to DG","messageBody":"","fileTypesAndContributionMap":{"docs":{"insertions":155,"deletions":1}}},{"hash":"7651670046b085d9c2e5aa9225e5b347d2429ba2","isMergeCommit":true,"messageTitle":"Merge branch \u0027branch-DGv1\u0027 into branch-v2.0-t1","messageBody":"","fileTypesAndContributionMap":{}},{"hash":"01313fc80b1d0b1bbde93e10ca8825272dad2a4c","isMergeCommit":true,"messageTitle":"Merge pull request #75 from HenryGan138/branch-v2.0-t1","messageBody":"Update to DG v1","fileTypesAndContributionMap":{}}]},{"date":"2024-03-31","commitResults":[{"hash":"e93e45949d3312d09262e915114468326b4c80db","isMergeCommit":false,"messageTitle":"TestCoverage","messageBody":"","fileTypesAndContributionMap":{"test-code":{"insertions":55,"deletions":0}}},{"hash":"800306b8cd3c533af5fc4a75f808eb2e455c5795","isMergeCommit":true,"messageTitle":"Merge branch \u0027master\u0027 into branch-v2.0","messageBody":"","fileTypesAndContributionMap":{}},{"hash":"ecebe8acbba44c3b4c94ba30af421c434bbf74a5","isMergeCommit":true,"messageTitle":"Merge branch \u0027master\u0027 of https://github.com/AY2324S2-CS2113-F15-3/tp into branch-v2.0","messageBody":"","fileTypesAndContributionMap":{}},{"hash":"4935fa5b56cf70444be14569a73e35fb298c6991","isMergeCommit":false,"messageTitle":"MInor change to pull mistakes on update command","messageBody":"","fileTypesAndContributionMap":{"functional-code":{"insertions":1,"deletions":1}}}]},{"date":"2024-04-02","commitResults":[{"hash":"5889b694722e9f1250abd740deb1fee34a2232c9","isMergeCommit":false,"messageTitle":"Improve the visual effect of the game","messageBody":"","fileTypesAndContributionMap":{"functional-code":{"insertions":238,"deletions":13}}},{"hash":"b04657654f96d7c502825142947053def2731412","isMergeCommit":false,"messageTitle":"Add OOP function to implement shoot function concern power and difficulty","messageBody":"","fileTypesAndContributionMap":{"functional-code":{"insertions":179,"deletions":1}}},{"hash":"d1b5af194096536761a8db2f70a92a4658487e5b","isMergeCommit":false,"messageTitle":"Adapt shoot direction from 0-2 to 0-8","messageBody":"","fileTypesAndContributionMap":{"functional-code":{"insertions":34,"deletions":21}}},{"hash":"a241af8c79aa6f0ee9b08e208f46d80d2f733895","isMergeCommit":false,"messageTitle":"Rename the function to make it more understandable","messageBody":"","fileTypesAndContributionMap":{"functional-code":{"insertions":15,"deletions":21}}},{"hash":"057d5104aee2433a1636f0805b9ddc0bc5c8c268","isMergeCommit":false,"messageTitle":"Change to DG","messageBody":"","fileTypesAndContributionMap":{"docs":{"insertions":304,"deletions":125}}},{"hash":"4e4605f4b6799304e3e466f50a4356b0d24a1886","isMergeCommit":false,"messageTitle":"Change to UG","messageBody":"","fileTypesAndContributionMap":{"docs":{"insertions":34,"deletions":1}}}]},{"date":"2024-04-03","commitResults":[{"hash":"933ea62afb8ee76cdf4db3ae708722e346df29bf","isMergeCommit":false,"messageTitle":"Minor changes on code quality","messageBody":"","fileTypesAndContributionMap":{"functional-code":{"insertions":28,"deletions":21},"docs":{"insertions":4,"deletions":102},"test-code":{"insertions":23,"deletions":23}}},{"hash":"335a522627c0f17217ebd770f8c0362dc3c0dde2","isMergeCommit":false,"messageTitle":"Fix class name for player class","messageBody":"","fileTypesAndContributionMap":{"functional-code":{"insertions":362,"deletions":0}}},{"hash":"47687310e6bf6d93549130a65e58ab47d3058a7a","isMergeCommit":true,"messageTitle":"Merge remote-tracking branch \u0027tpmaster/master\u0027","messageBody":"","fileTypesAndContributionMap":{}},{"hash":"da5685adaa571c73c42743714ee2174aad8c8163","isMergeCommit":true,"messageTitle":"Merge branch \u0027master\u0027 into branch-v2.0c","messageBody":"# Conflicts:\n#\tsrc/main/java/seedu/duke/CommandList.java\n","fileTypesAndContributionMap":{}},{"hash":"dac68d02394f2e877030401a942985dd1ce58694","isMergeCommit":true,"messageTitle":"Merge pull request #101 from HenryGan138/branch-v2.0c","messageBody":"Branch v2.0c","fileTypesAndContributionMap":{}}]}],"ymirmeddeb":[{"date":"2024-03-08","commitResults":[{"hash":"0ae5bd58d093db7cf7a479dbd572719cb5bc8ccd","isMergeCommit":false,"messageTitle":"edited \"about us\"","messageBody":"","fileTypesAndContributionMap":{"docs":{"insertions":3,"deletions":7}}}]},{"date":"2024-03-15","commitResults":[{"hash":"b055ba295fd1f1c80fae802ce2739471a46209d6","isMergeCommit":false,"messageTitle":"viewGoal and goalCheck","messageBody":"","fileTypesAndContributionMap":{"functional-code":{"insertions":32,"deletions":0}}},{"hash":"493305fe90fe8024d618109559d7601b8902ad50","isMergeCommit":true,"messageTitle":"Merge branch \u0027master\u0027 into my-branch","messageBody":"","fileTypesAndContributionMap":{}},{"hash":"7d3367eb0be923c9ad9f4861af65b87a26bd420a","isMergeCommit":true,"messageTitle":"Merge branch \u0027master\u0027 into my-branch","messageBody":"","fileTypesAndContributionMap":{}},{"hash":"4866d977a75f431f37bd9012907c9dcd192f110f","isMergeCommit":true,"messageTitle":"Merge pull request #22 from ymirmeddeb/my-branch","messageBody":"viewGoal and goalCheck","fileTypesAndContributionMap":{}}]},{"date":"2024-03-21","commitResults":[{"hash":"f21663ab95d890fe3e22b955b8a77d67ccadc8e9","isMergeCommit":false,"messageTitle":"no message","messageBody":"","fileTypesAndContributionMap":{"functional-code":{"insertions":0,"deletions":1}}},{"hash":"f92d83a014ae42d2330b46d3a9fbf20396875fed","isMergeCommit":true,"messageTitle":"Merge pull request #37 from ymirmeddeb/my-branch","messageBody":"minor edits v1.0","fileTypesAndContributionMap":{}},{"hash":"694274398b9c377864a8da9170d1d918c2176141","isMergeCommit":false,"messageTitle":"added added assert and logging to printGoalBeforeShot and printGoalAfterShot","messageBody":"","fileTypesAndContributionMap":{"functional-code":{"insertions":6,"deletions":5}}},{"hash":"e54019ced0ba7b203f689ac51bff9f09615ca2cc","isMergeCommit":true,"messageTitle":"Merge pull request #38 from ymirmeddeb/my-branch","messageBody":"assert and logging","fileTypesAndContributionMap":{}}]},{"date":"2024-03-26","commitResults":[{"hash":"8cf467fa52022c03e111b1f4de1fcc9c26b8e22e","isMergeCommit":false,"messageTitle":"added penalty saving functionnality","messageBody":"","fileTypesAndContributionMap":{"functional-code":{"insertions":49,"deletions":2}}},{"hash":"04c34c86aa90822685f776e8c27698e9501e1139","isMergeCommit":true,"messageTitle":"Merge pull request #66 from ymirmeddeb/my-branch","messageBody":"Save Penalty","fileTypesAndContributionMap":{}},{"hash":"9422af4a9aac30bfe6c5ed99ee7eb54867191e82","isMergeCommit":false,"messageTitle":"added penalty saving functionnality","messageBody":"","fileTypesAndContributionMap":{"functional-code":{"insertions":56,"deletions":2}}}]},{"date":"2024-03-29","commitResults":[{"hash":"5769043b52480431abdf4267ad65390958719191","isMergeCommit":false,"messageTitle":"added save class to developer guide","messageBody":"","fileTypesAndContributionMap":{"docs":{"insertions":55,"deletions":0}}},{"hash":"39a68399b08998cf8bda9398e0f336ae3334b2e9","isMergeCommit":true,"messageTitle":"Merge pull request #77 from ymirmeddeb/my-branch","messageBody":"save class to DG","fileTypesAndContributionMap":{}}]},{"date":"2024-03-30","commitResults":[{"hash":"f3c8fa9bff982dd7bf63ef0dfb8c9204675c4c99","isMergeCommit":false,"messageTitle":"fix Save class","messageBody":"","fileTypesAndContributionMap":{"functional-code":{"insertions":16,"deletions":11}}}]},{"date":"2024-03-31","commitResults":[{"hash":"020bc899d5ef3fed2c168ca5455ce5e8758ed1b8","isMergeCommit":false,"messageTitle":"fix save command","messageBody":"","fileTypesAndContributionMap":{"functional-code":{"insertions":11,"deletions":4}}},{"hash":"756f0cb17ffdf64398157709ecebbf498bee17fb","isMergeCommit":false,"messageTitle":"no message","messageBody":"","fileTypesAndContributionMap":{"functional-code":{"insertions":1,"deletions":0}}}]}]},"authorFileTypeContributionMap":{"hwc0419":{"docs":0,"functional-code":405,"test-code":19},"IncyBot":{"docs":224,"functional-code":108,"test-code":0},"runxinghuan":{"docs":179,"functional-code":263,"test-code":18,"other":1},"HenryGan138":{"docs":264,"functional-code":870,"test-code":55},"ymirmeddeb":{"docs":57,"functional-code":49,"test-code":0}},"authorContributionVariance":{"hwc0419":15739.171,"IncyBot":1621.6776,"runxinghuan":1990.576,"HenryGan138":54033.72,"ymirmeddeb":377.98813},"authorDisplayNameMap":{"hwc0419":"CS2113-F15-3 CHOO.. WEN","IncyBot":"CS2113-F15-3 SPAR..ARSH","runxinghuan":"CS2113-F15-3 RUN ..HUAN","HenryGan138":"CS2113-F15-3 GAN ..AHAO","ymirmeddeb":"CS2113-F15-3 MEDD..YMIR"}}
