{"authorDailyContributionsMap":{"azamanis":[{"date":"2024-03-06","commitResults":[{"hash":"fa2480776ed27673263a76134cc6b65b00e07ad8","isMergeCommit":false,"messageTitle":"Update README.md","messageBody":"","fileTypesAndContributionMap":{"docs":{"insertions":1,"deletions":1}}},{"hash":"ff2b1f7447c59161be05ba9ab2b589d483a8740e","isMergeCommit":false,"messageTitle":"Modify AboutUs to include Álvaro\u0027s information.","messageBody":"","fileTypesAndContributionMap":{"docs":{"insertions":3,"deletions":7}}},{"hash":"70afe310ba44f69bd4833e8c7344dca15d8a0a8b","isMergeCommit":true,"messageTitle":"Merge branch \u0027master\u0027 of https://github.com/AY2324S2-CS2113-W14-4/tp into Alvaro-AboutUs","messageBody":"* \u0027master\u0027 of https://github.com/AY2324S2-CS2113-W14-4/tp:\n  delete pic added by mistake\n  Add Zhen Kang profile to AboutUs\n  modify about us\n","fileTypesAndContributionMap":{}},{"hash":"616815c492e2a68132f4042ddc501cc810f82a72","isMergeCommit":true,"messageTitle":"Merge branch \u0027Alvaro-AboutUs\u0027","messageBody":"","fileTypesAndContributionMap":{}}]},{"date":"2024-03-13","commitResults":[{"hash":"d699474922eadf3b05676bcb31922f796fac1693","isMergeCommit":true,"messageTitle":"Merge branch \u0027master\u0027 of https://github.com/AY2324S2-CS2113-W14-4/tp","messageBody":"* \u0027master\u0027 of https://github.com/AY2324S2-CS2113-W14-4/tp:\n  aboutis\n  aboutus\n  update aboutus\n","fileTypesAndContributionMap":{}},{"hash":"334d6a80c138458070340566ee4d3b9e138d15fd","isMergeCommit":false,"messageTitle":"Implement Trip class.","messageBody":"","fileTypesAndContributionMap":{"functional-code":{"insertions":2,"deletions":0},"other":{"insertions":0,"deletions":0}}},{"hash":"13c9959cba8a1d7fdb28162315ebb2f7064d9cf1","isMergeCommit":false,"messageTitle":"Add comment in trip class (and fix error in AboutUs).","messageBody":"","fileTypesAndContributionMap":{"functional-code":{"insertions":73,"deletions":4},"docs":{"insertions":1,"deletions":1},"test-code":{"insertions":1,"deletions":1}}},{"hash":"5f8b18d1eaf012d290e108a51a4d7aa8a9365fc2","isMergeCommit":true,"messageTitle":"Merge branch \u0027TripClass\u0027","messageBody":"","fileTypesAndContributionMap":{}},{"hash":"56d1ada3233099cb2b667bf25d1a739dc2b48233","isMergeCommit":false,"messageTitle":"Add newline to pass Gradle test.","messageBody":"","fileTypesAndContributionMap":{"functional-code":{"insertions":1,"deletions":1}}},{"hash":"3c0b87f10feef54e49607c19940a445f6dbdb825","isMergeCommit":false,"messageTitle":"Change mainClass in build.gradle.","messageBody":"","fileTypesAndContributionMap":{"other":{"insertions":2,"deletions":2}}},{"hash":"f41532025690010e386f92f5bbac87354d62fa10","isMergeCommit":true,"messageTitle":"Merge pull request #6 from azamanis/TripClass","messageBody":"Trip class","fileTypesAndContributionMap":{}},{"hash":"14e06ae41c2a2547fdc19995b546a9c3bf5c751f","isMergeCommit":true,"messageTitle":"Merge pull request #7 from azamanis/FixGradleWeek8","messageBody":"Fix gradle week8","fileTypesAndContributionMap":{}}]},{"date":"2024-03-14","commitResults":[{"hash":"8381fd924663333af810b74a24b579e91d074a9a","isMergeCommit":true,"messageTitle":"Merge branch \u0027FixGradleWeek8\u0027","messageBody":"","fileTypesAndContributionMap":{}},{"hash":"189e87d8ea73e3237bd4ec8f41a2da7abf78be5d","isMergeCommit":false,"messageTitle":"Implement JUnit test for Trip class.","messageBody":"","fileTypesAndContributionMap":{"functional-code":{"insertions":58,"deletions":0},"test-code":{"insertions":88,"deletions":0}}},{"hash":"9ad4b79bd2fdb3f6950e4e92e9b7d7aeffe19688","isMergeCommit":true,"messageTitle":"Merge branch \u0027JunitTestTrip\u0027","messageBody":"","fileTypesAndContributionMap":{}},{"hash":"d4a4d3da1d61a1f2e565c86b120e59667a235061","isMergeCommit":true,"messageTitle":"Merge branch \u0027master\u0027 of https://github.com/AY2324S2-CS2113-W14-4/tp","messageBody":"* \u0027master\u0027 of https://github.com/AY2324S2-CS2113-W14-4/tp:\n  Added Currency, Profile, and VoyagerException class\n","fileTypesAndContributionMap":{}},{"hash":"c215eda4d79cb9777eba63e54c3bdf045a7b0f32","isMergeCommit":true,"messageTitle":"Merge pull request #10 from azamanis/JunitTestTrip","messageBody":"Junit test trip","fileTypesAndContributionMap":{}}]},{"date":"2024-03-16","commitResults":[{"hash":"f76c198a2fc63a0bcaaebb1672376881ce5ae94d","isMergeCommit":true,"messageTitle":"Merge branch \u0027master\u0027 of https://github.com/AY2324S2-CS2113-W14-4/tp","messageBody":"* \u0027master\u0027 of https://github.com/AY2324S2-CS2113-W14-4/tp:\n  currencytests\n  currencytest\n  junit tests\n  Delete redundant import statements in ParserTest class Reformat code.\n  Implement JUnit test for Parser class\n  Change confirmPartialInfo to a method that returns boolean isPartialTrip info Move user input to confirm adding trip with partial trip details to within addMainTrip\n  Update setName, setLocation to parse the sentence after the flag\n  Create StorageTest.java\n  update text file\n  Update EXPECTED.TXT\n  Delete redundant readme\n  add storage\n  update readme and UG, remove redundant import\n  Update Voyagers.java\n  Update AboutUs.md\n  Remove pint statement when addmaintrip default case is reached\n  Fix gradle check errors\n  Implement Parser class\n  Update AboutUs.md\n","fileTypesAndContributionMap":{}},{"hash":"f62ad634207277e81f9bf90ead655f8baad7b40b","isMergeCommit":false,"messageTitle":"Add Ui, Command and TaskList class","messageBody":"","fileTypesAndContributionMap":{"functional-code":{"insertions":262,"deletions":0}}},{"hash":"4fb69f3cd22df442d81198594e220601b6b2344e","isMergeCommit":false,"messageTitle":"Add logger to the storage.","messageBody":"","fileTypesAndContributionMap":{"functional-code":{"insertions":6,"deletions":0}}},{"hash":"37cdb0d3de6dd746c61c9544514ae943e64c0d48","isMergeCommit":false,"messageTitle":"Add assert in Trip constructor.","messageBody":"","fileTypesAndContributionMap":{"functional-code":{"insertions":2,"deletions":0}}},{"hash":"e3337cdb31fedecf8e2e7a697bbf47ebdb5bbd13","isMergeCommit":false,"messageTitle":"Fix gradle for Ui class.","messageBody":"","fileTypesAndContributionMap":{"functional-code":{"insertions":4,"deletions":4}}},{"hash":"b19885a18a3b8b5c55e8cd8a291aa6f996ef7b65","isMergeCommit":false,"messageTitle":"Remove star import from Storage.","messageBody":"","fileTypesAndContributionMap":{"functional-code":{"insertions":2,"deletions":1}}}]},{"date":"2024-03-17","commitResults":[{"hash":"2bd04cb0f2394ef7057782014f6298e2ab0ad963","isMergeCommit":true,"messageTitle":"Merge pull request #22 from azamanis/CommandClass","messageBody":"Command class","fileTypesAndContributionMap":{}}]},{"date":"2024-03-19","commitResults":[{"hash":"8fb79c75277e41335cbd9a21c86674478df490d6","isMergeCommit":true,"messageTitle":"Merge branch \u0027CommandClass\u0027","messageBody":"","fileTypesAndContributionMap":{}},{"hash":"2d9c5cbf2035cdbada46c360abfa95cdaa59a295","isMergeCommit":true,"messageTitle":"Merge branch \u0027master\u0027 of https://github.com/AY2324S2-CS2113-W14-4/tp","messageBody":"* \u0027master\u0027 of https://github.com/AY2324S2-CS2113-W14-4/tp:\n  Remove space that was causing runtest.bat to fail\n  Add new lines to lines over 120 characters long\n  Remove examples in the comments on Parser class methods\n  reindent #2\n  reindent comments\n  Indent code\n  Fix readTripFile in Storage class to add trips to ArrayList\u003ctrips\u003e Change readTripFile to require name of text file as parameter of type String\n  add assert statements to commandAddMainTrip in Parser class\n  Indent lines2, add new lines for long comments\n  Indent lines\n  Add comments explaining methods in Parser class Remove unnecessary parameter in addWordsAfterSeparator\n  Rename Parser class\u0027s set\u003cTripAttribute\u003e to commandSet\u003cTripAttribute\u003e\n  Fix setdescription to parse location with String of more than 1 word Add checks for inputs to setName, setDates, setLocation, and setDescription\n","fileTypesAndContributionMap":{}},{"hash":"d197d418ebe38db5239746066cba7ef5fb9212fe","isMergeCommit":false,"messageTitle":"Simplify Parser class. Implement a class for each command.","messageBody":"","fileTypesAndContributionMap":{"functional-code":{"insertions":43,"deletions":0}}},{"hash":"f867d3cf428a33089bdeed6a99bff42a35f7c9ab","isMergeCommit":false,"messageTitle":"Add more commands.","messageBody":"","fileTypesAndContributionMap":{"functional-code":{"insertions":283,"deletions":163}}},{"hash":"eead94f1ba4e0831172c9a6fcfda7626a7e88287","isMergeCommit":false,"messageTitle":"Add a help command.","messageBody":"","fileTypesAndContributionMap":{"functional-code":{"insertions":25,"deletions":3}}},{"hash":"3407b9e918ffe2842c22723bbe1316cf698c3651","isMergeCommit":false,"messageTitle":"Util class for parsing dates.","messageBody":"","fileTypesAndContributionMap":{"functional-code":{"insertions":60,"deletions":15},"test-code":{"insertions":12,"deletions":13}}},{"hash":"3f701237ea891433556d27c652fe4a2bb8927bfd","isMergeCommit":false,"messageTitle":"Fix main.","messageBody":"","fileTypesAndContributionMap":{"functional-code":{"insertions":15,"deletions":8}}},{"hash":"9ec2d12052b9eba4c3914089b876c01012ad8980","isMergeCommit":false,"messageTitle":"Implement addSubTrip.","messageBody":"","fileTypesAndContributionMap":{"functional-code":{"insertions":93,"deletions":31}}},{"hash":"bec924d5a065e508ebcca0e2fddd87679e4008cb","isMergeCommit":false,"messageTitle":"Fix test ParserTest.","messageBody":"","fileTypesAndContributionMap":{"test-code":{"insertions":8,"deletions":6}}},{"hash":"8581090ea875679b9b2bea6a71ee35478490f482","isMergeCommit":false,"messageTitle":"Add constraint of English Language when converting dates.","messageBody":"","fileTypesAndContributionMap":{"test-code":{"insertions":2,"deletions":1}}},{"hash":"f038bbb52626000d6e2c3a2c72ec1c876baa08bc","isMergeCommit":false,"messageTitle":"Fix gradle problems.","messageBody":"","fileTypesAndContributionMap":{"functional-code":{"insertions":41,"deletions":34}}},{"hash":"f17abf689016fed37395d0f69d9c47d73b9343bb","isMergeCommit":true,"messageTitle":"Merge branch \u0027master\u0027 into Week9","messageBody":"","fileTypesAndContributionMap":{}},{"hash":"8ae17b234cd3efb90f9e3c926fa424d2a12f2696","isMergeCommit":true,"messageTitle":"Merge pull request #26 from azamanis/Week9","messageBody":"Week9","fileTypesAndContributionMap":{}}]},{"date":"2024-03-20","commitResults":[{"hash":"8f958172a6a4087e91b29d78aea3042cd1285997","isMergeCommit":false,"messageTitle":"Implement new Parser.","messageBody":"","fileTypesAndContributionMap":{"functional-code":{"insertions":197,"deletions":2}}},{"hash":"ecf881b4981e8ebf1660478ffc1c69083de995e8","isMergeCommit":false,"messageTitle":"Fix gradle","messageBody":"","fileTypesAndContributionMap":{"functional-code":{"insertions":32,"deletions":28}}},{"hash":"08cc1de598215dfb92119c4b7fb052d8b9f5eda1","isMergeCommit":false,"messageTitle":"More fixing","messageBody":"","fileTypesAndContributionMap":{"functional-code":{"insertions":0,"deletions":3}}}]},{"date":"2024-03-21","commitResults":[{"hash":"2d441d42f8e87b0ee14669acc15a1dcfec4aa9fa","isMergeCommit":false,"messageTitle":"Make line shorter for gradle.","messageBody":"","fileTypesAndContributionMap":{"functional-code":{"insertions":2,"deletions":1}}},{"hash":"4bc2fc8ab4485cce4d9985ec8f1b3c0e5de5513b","isMergeCommit":false,"messageTitle":"Remove : for comment line.","messageBody":"","fileTypesAndContributionMap":{"functional-code":{"insertions":2,"deletions":2}}},{"hash":"55f1b4b6908a17d96df05cf133fb3c37783da9d8","isMergeCommit":true,"messageTitle":"Merge pull request #34 from azamanis/NewParser","messageBody":"Implement new Parser.","fileTypesAndContributionMap":{}}]},{"date":"2024-03-27","commitResults":[{"hash":"dcc4af9c6c0d48bdae2424eb2dbf48dc586c053e","isMergeCommit":true,"messageTitle":"Merge branch \u0027NewParser\u0027","messageBody":"","fileTypesAndContributionMap":{}},{"hash":"29d2b63184f739a7d29d988749c2b86970471c56","isMergeCommit":true,"messageTitle":"Merge branch \u0027master\u0027 of https://github.com/AY2324S2-CS2113-W14-4/tp","messageBody":"* \u0027master\u0027 of https://github.com/AY2324S2-CS2113-W14-4/tp:\n  Edit import statements to comply with gradle checks\n  Fix setdate, fix setname\n  update DG\n  build and payable fixing gradle errors\n  bill and payable\n  assert false\n  Update DeveloperGuide.md\n  Create Status.java\n  Rename ReviewTripCommand to ReviewMainTripCommand\n  Fix Storage to work with Trip object\u0027s reviewScore attribute\n  Change import statements in NewParser to important individual Command subclasses\n  Implement review command to set attribute reviewScore for Trip\n  fix gradle style error\n  add log and assert\n  add assertion\n","fileTypesAndContributionMap":{}},{"hash":"e1ac40d68f322dece8f74dd541639d17bcd4e9e5","isMergeCommit":false,"messageTitle":"Fix bill class.","messageBody":"","fileTypesAndContributionMap":{"functional-code":{"insertions":41,"deletions":1}}},{"hash":"2c23c202a962e4625934731177e976b77ead5dc8","isMergeCommit":false,"messageTitle":"Comple Developer Guide.","messageBody":"","fileTypesAndContributionMap":{"functional-code":{"insertions":7,"deletions":8},"docs":{"insertions":32,"deletions":0}}}]},{"date":"2024-03-28","commitResults":[{"hash":"661efe438f286dda3e9ebbe886cc11f23575b93e","isMergeCommit":false,"messageTitle":"Include sequence diagram for basic flow.","messageBody":"","fileTypesAndContributionMap":{"docs":{"insertions":4,"deletions":1}}},{"hash":"dff5d98b801c36c6cd7c3e638af75130a47796b7","isMergeCommit":true,"messageTitle":"Merge pull request #45 from azamanis/DG_alvaro","messageBody":"Dg alvaro","fileTypesAndContributionMap":{}},{"hash":"2d463d4cd3a18e2dbf9e00b0b80e075c7814b8f7","isMergeCommit":false,"messageTitle":"Enable assertions in gradle.","messageBody":"","fileTypesAndContributionMap":{"other":{"insertions":3,"deletions":0}}},{"hash":"52f35a094b095c66f31d41f00dbba191c83b9a8c","isMergeCommit":true,"messageTitle":"Merge pull request #47 from azamanis/DG_alvaro","messageBody":"Enable assertions in gradle.","fileTypesAndContributionMap":{}},{"hash":"4a953b24f1e4d988f7fc26276aa449e2debd992c","isMergeCommit":false,"messageTitle":"Update DeveloperGuide.md","messageBody":"","fileTypesAndContributionMap":{"docs":{"insertions":1,"deletions":1}}}]},{"date":"2024-03-31","commitResults":[{"hash":"dd35f62181777a240b65155568e4a76a8a541fa8","isMergeCommit":false,"messageTitle":"Start developping BillSettler.","messageBody":"","fileTypesAndContributionMap":{"functional-code":{"insertions":2,"deletions":0}}},{"hash":"cd1f07cf84480225dc13436779a7522a47d46c50","isMergeCommit":false,"messageTitle":"Implement BillSetler algorithm.","messageBody":"","fileTypesAndContributionMap":{"functional-code":{"insertions":548,"deletions":5}}},{"hash":"c2097cc6f3fb438d39926af32247d70e4f61526e","isMergeCommit":false,"messageTitle":"Organize files.","messageBody":"","fileTypesAndContributionMap":{"functional-code":{"insertions":7,"deletions":1}}},{"hash":"efe61efb14f640d8abebbb79d2535c348f952234","isMergeCommit":false,"messageTitle":"Fix gradle.","messageBody":"","fileTypesAndContributionMap":{"functional-code":{"insertions":31,"deletions":20}}},{"hash":"23d703d572047fefcb89ab178cbab00bfd3e4d1d","isMergeCommit":false,"messageTitle":"Fix more gradle errors.","messageBody":"","fileTypesAndContributionMap":{"functional-code":{"insertions":18,"deletions":8}}},{"hash":"5b7d94b6959862fb38f07085efb0baa864190532","isMergeCommit":false,"messageTitle":"Eliminate redundant lines.","messageBody":"","fileTypesAndContributionMap":{"functional-code":{"insertions":7,"deletions":3}}},{"hash":"fb815220c882a1b076a919086f0aea790488ac26","isMergeCommit":false,"messageTitle":"Clean code.","messageBody":"","fileTypesAndContributionMap":{"functional-code":{"insertions":5,"deletions":3}}},{"hash":"ddd708486a86d7c33aa79044e88fa16a0b693cc0","isMergeCommit":false,"messageTitle":"Change order of definition of variables.","messageBody":"","fileTypesAndContributionMap":{"functional-code":{"insertions":29,"deletions":24}}},{"hash":"dbff71105e8bfd27de9c2ed49a9cef05d557aa77","isMergeCommit":true,"messageTitle":"Merge pull request #53 from azamanis/BillSetler","messageBody":"Bill setler","fileTypesAndContributionMap":{}}]},{"date":"2024-04-07","commitResults":[{"hash":"ecb216ced9407aa091a1911d2bd1771fce045cb4","isMergeCommit":false,"messageTitle":"Complete user guide","messageBody":"","fileTypesAndContributionMap":{"docs":{"insertions":80,"deletions":1}}},{"hash":"69d7f515aeddfe4c47d2ad510f3e26cda922bfcd","isMergeCommit":false,"messageTitle":"Add new sequence diagram.","messageBody":"","fileTypesAndContributionMap":{"docs":{"insertions":58,"deletions":20}}},{"hash":"02c706c74ada41c3b3f694195f8d665fe3cdffaa","isMergeCommit":true,"messageTitle":"Merge pull request #94 from azamanis/Guide","messageBody":"Guide","fileTypesAndContributionMap":{}},{"hash":"c314be65da1ff3050b871bd0722431cac1d4ef6a","isMergeCommit":false,"messageTitle":"Update DeveloperGuide.md","messageBody":"","fileTypesAndContributionMap":{"docs":{"insertions":1,"deletions":1}}}]}],"Luo-Z-Y":[{"date":"2024-03-06","commitResults":[{"hash":"edea104dec70a05be95d576cfacc56bbc2d09313","isMergeCommit":false,"messageTitle":"modify about us","messageBody":"","fileTypesAndContributionMap":{"docs":{"insertions":3,"deletions":13}}},{"hash":"9fa85fe73995fdfe99f7796be41934f9bb040b2b","isMergeCommit":true,"messageTitle":"Merge pull request #2 from Luo-Z-Y/master","messageBody":"modify about us","fileTypesAndContributionMap":{}},{"hash":"2ba55977ba09e5f0d3177cd474e5a893913b529d","isMergeCommit":true,"messageTitle":"Merge branch \u0027master\u0027 into Alvaro-AboutUs","messageBody":"","fileTypesAndContributionMap":{}},{"hash":"573ac322fcaa91a46a11de337a139c03239297e0","isMergeCommit":true,"messageTitle":"Merge pull request #1 from azamanis/Alvaro-AboutUs","messageBody":"Modify AboutUs to include Álvaro\u0027s information.","fileTypesAndContributionMap":{}}]},{"date":"2024-03-08","commitResults":[{"hash":"684bebef9b816ca9a1f63bf6da5325a10f54d197","isMergeCommit":true,"messageTitle":"Merge remote-tracking branch \u0027upstream/master\u0027","messageBody":"","fileTypesAndContributionMap":{}},{"hash":"4292c698269bcb99d8d8d76c2f6b48eb01799478","isMergeCommit":false,"messageTitle":"Update AboutUs.md","messageBody":"","fileTypesAndContributionMap":{"docs":{"insertions":0,"deletions":1}}}]},{"date":"2024-03-15","commitResults":[{"hash":"10e65f9dd66fe0b85a224726a8d1d307dce49320","isMergeCommit":false,"messageTitle":"Update AboutUs.md","messageBody":"","fileTypesAndContributionMap":{"docs":{"insertions":1,"deletions":1}}},{"hash":"c0833d623a1db842fa0f880c0af33f8e84bf8326","isMergeCommit":true,"messageTitle":"Pull from upstream","messageBody":"","fileTypesAndContributionMap":{}},{"hash":"d27f8b2e33e33d9d155d2bd83ab4f6db249438f2","isMergeCommit":false,"messageTitle":"Update Voyagers.java","messageBody":"","fileTypesAndContributionMap":{"functional-code":{"insertions":20,"deletions":13}}},{"hash":"8379b9fa7c28a614b338cc1c0ae8692af66124b1","isMergeCommit":true,"messageTitle":"Merge pull request #14 from Luo-Z-Y/master","messageBody":"update Voyagers.java","fileTypesAndContributionMap":{}},{"hash":"e4a5e8a36634cab441b7a3e1c2a622a0d1d11537","isMergeCommit":false,"messageTitle":"update readme and UG, remove redundant import","messageBody":"","fileTypesAndContributionMap":{"functional-code":{"insertions":0,"deletions":2},"docs":{"insertions":44,"deletions":26}}},{"hash":"8ac2bbd305a0895165719b5e98a33c7d7b571a3a","isMergeCommit":false,"messageTitle":"add storage","messageBody":"to be fixed: data format issue\n","fileTypesAndContributionMap":{"functional-code":{"insertions":77,"deletions":3}}},{"hash":"535356aaf5a101b5da60f34a5729da59a03eedd7","isMergeCommit":false,"messageTitle":"Delete redundant readme","messageBody":"","fileTypesAndContributionMap":{"docs":{"insertions":0,"deletions":64}}},{"hash":"f34ec96a7511c44efa53eab86d554c58ca6877da","isMergeCommit":false,"messageTitle":"update text file","messageBody":"","fileTypesAndContributionMap":{"functional-code":{"insertions":0,"deletions":1}}},{"hash":"11f4e29ca0d693ef5efdede25b01813754c5861e","isMergeCommit":true,"messageTitle":"Merge pull request #15 from Luo-Z-Y/master","messageBody":"update readme and UG, remove redundant import","fileTypesAndContributionMap":{}},{"hash":"7b78acc49a6429ee8f781b37c5c04cfa75789715","isMergeCommit":false,"messageTitle":"Create StorageTest.java","messageBody":"","fileTypesAndContributionMap":{"test-code":{"insertions":85,"deletions":0}}},{"hash":"0f3989e4aea2de33c0df37efa2846181c0975638","isMergeCommit":true,"messageTitle":"Merge pull request #17 from Luo-Z-Y/master","messageBody":"add storage test","fileTypesAndContributionMap":{}}]},{"date":"2024-03-18","commitResults":[{"hash":"b77ee0b79bfc099c7126840d4fc97c03059ed1ce","isMergeCommit":true,"messageTitle":"Merge remote-tracking branch \u0027upstream/master\u0027","messageBody":"","fileTypesAndContributionMap":{}}]},{"date":"2024-03-19","commitResults":[{"hash":"d9a6d5cb1eea80b7ea6c8bee78b32c9863038825","isMergeCommit":false,"messageTitle":"Correct displayed message when trip list is empty","messageBody":"","fileTypesAndContributionMap":{"functional-code":{"insertions":7,"deletions":3}}},{"hash":"0c521ed6bbec7827c20cba7efcd9b13e71ea8066","isMergeCommit":true,"messageTitle":"Merge remote-tracking branch \u0027upstream/master\u0027","messageBody":"","fileTypesAndContributionMap":{}},{"hash":"165a102ad99db6a96df7521ab60e1fa4ee1c7fce","isMergeCommit":true,"messageTitle":"Merge pull request #27 from Luo-Z-Y/master","messageBody":"Correct displayed message when trip is empty","fileTypesAndContributionMap":{}},{"hash":"422e520fc037914471080e3e8ad64471fdfbf27d","isMergeCommit":false,"messageTitle":"Manage package","messageBody":"","fileTypesAndContributionMap":{"functional-code":{"insertions":9,"deletions":5},"other":{"insertions":15,"deletions":6},"test-code":{"insertions":6,"deletions":0}}},{"hash":"a44cb52ba7051beacac775dc14f92f3fa7e7d9a0","isMergeCommit":true,"messageTitle":"Merge remote-tracking branch \u0027upstream/master\u0027","messageBody":"","fileTypesAndContributionMap":{}},{"hash":"10fc16a2a558cbac2cd1774beea842b5c862e5dc","isMergeCommit":false,"messageTitle":"fix storage and clean up code","messageBody":"","fileTypesAndContributionMap":{"functional-code":{"insertions":44,"deletions":44},"other":{"insertions":2,"deletions":3}}},{"hash":"0a95e63f3ed1138962dba897e5b35326770477ff","isMergeCommit":false,"messageTitle":"wip fix gradle errors","messageBody":"","fileTypesAndContributionMap":{"functional-code":{"insertions":2,"deletions":2},"other":{"insertions":1,"deletions":1},"test-code":{"insertions":2,"deletions":0}}},{"hash":"c709b93c5e0464a46ce7590eb971fe2d203c69cb","isMergeCommit":true,"messageTitle":"Merge pull request #29 from Luo-Z-Y/master","messageBody":"fix storage","fileTypesAndContributionMap":{}},{"hash":"b7f17612129c0e278f325dfd80b30c46931d7d78","isMergeCommit":true,"messageTitle":"Merge remote-tracking branch \u0027upstream/master\u0027 into storage-wip","messageBody":"","fileTypesAndContributionMap":{}},{"hash":"6e6dd986ec8fceec2882b559854e96b40fb7206c","isMergeCommit":false,"messageTitle":"Update Storage.java","messageBody":"","fileTypesAndContributionMap":{"functional-code":{"insertions":13,"deletions":1}}},{"hash":"6f40e1e29e360d848d280047fd33b3bc5b6cc492","isMergeCommit":true,"messageTitle":"Merge pull request #31 from Luo-Z-Y/storage-wip","messageBody":"Storage wip","fileTypesAndContributionMap":{}},{"hash":"203a1f37971a2061ece3ce19cd9bf7a6736a38c9","isMergeCommit":false,"messageTitle":"fix style error","messageBody":"","fileTypesAndContributionMap":{"functional-code":{"insertions":18,"deletions":22}}},{"hash":"d4ab9d3d5a352d86b6745cf145d0e14422cc3c6a","isMergeCommit":true,"messageTitle":"Merge pull request #32 from Luo-Z-Y/gradle-style-wip","messageBody":"fix style error","fileTypesAndContributionMap":{}},{"hash":"7699a055018e4272f8a1d6ce7d99548e61982bdd","isMergeCommit":false,"messageTitle":"add assertion","messageBody":"","fileTypesAndContributionMap":{"functional-code":{"insertions":3,"deletions":4}}}]},{"date":"2024-03-21","commitResults":[{"hash":"5c64c8d329d9d809837d82f8919207b2b6569386","isMergeCommit":false,"messageTitle":"add log and assert","messageBody":"","fileTypesAndContributionMap":{"functional-code":{"insertions":9,"deletions":3}}},{"hash":"d508430592e5cf4fc802be18461481d74da58aa3","isMergeCommit":true,"messageTitle":"Merge remote-tracking branch \u0027upstream/master\u0027 into Week-9","messageBody":"","fileTypesAndContributionMap":{}},{"hash":"7db218b672d1fc1de102dccc87d82b04ea3ad57a","isMergeCommit":true,"messageTitle":"Merge remote-tracking branch \u0027upstream/master\u0027 into Week-9","messageBody":"","fileTypesAndContributionMap":{}},{"hash":"cb9d282fb839c55fc3b1d56a0c183c068d46416c","isMergeCommit":false,"messageTitle":"fix gradle style error","messageBody":"","fileTypesAndContributionMap":{"functional-code":{"insertions":5,"deletions":4}}},{"hash":"6ac382bc14a7d3d75e466d36979d60573abd894a","isMergeCommit":true,"messageTitle":"Merge pull request #35 from Luo-Z-Y/Week-9","messageBody":"Week 9, logger and assert","fileTypesAndContributionMap":{}}]},{"date":"2024-03-24","commitResults":[{"hash":"e109e2ddd0b1c27f4579a9567b0a2f2263538738","isMergeCommit":false,"messageTitle":"Create Status.java","messageBody":"","fileTypesAndContributionMap":{"functional-code":{"insertions":5,"deletions":0}}},{"hash":"3410b3e0cd485f5ee13edebd087a8e33851f44b8","isMergeCommit":false,"messageTitle":"Update DeveloperGuide.md","messageBody":"","fileTypesAndContributionMap":{"docs":{"insertions":6,"deletions":3}}},{"hash":"8a43fc487ae9e99cfc1205f8a108b21efb7ccf0f","isMergeCommit":true,"messageTitle":"Merge pull request #37 from Luo-Z-Y/Week-10","messageBody":"Week 10","fileTypesAndContributionMap":{}},{"hash":"571e08bc9038a1666d5c23e55fe657bc5fe32904","isMergeCommit":false,"messageTitle":"Update Voyagers.java","messageBody":"","fileTypesAndContributionMap":{"functional-code":{"insertions":6,"deletions":2}}}]},{"date":"2024-03-27","commitResults":[{"hash":"5ae1c3b3d1d3e1f5649612c4d6edd95a65ed5b55","isMergeCommit":true,"messageTitle":"Merge remote-tracking branch \u0027upstream/master\u0027 into Week-10","messageBody":"","fileTypesAndContributionMap":{}},{"hash":"e425e5be9bf16a5657771a850af0e4fb717035c8","isMergeCommit":false,"messageTitle":"update status","messageBody":"","fileTypesAndContributionMap":{"functional-code":{"insertions":12,"deletions":0}}},{"hash":"a65ba94317471a71bdae7438b31d9f8947e0ee25","isMergeCommit":false,"messageTitle":"update status","messageBody":"","fileTypesAndContributionMap":{"functional-code":{"insertions":48,"deletions":6},"docs":{"insertions":29,"deletions":0}}},{"hash":"45cc2edf2a0e49cb4452c6d31127dc47639ce117","isMergeCommit":true,"messageTitle":"Merge remote-tracking branch \u0027upstream/master\u0027 into Week-10","messageBody":"","fileTypesAndContributionMap":{}},{"hash":"acc5f20bb72367eea62cae6126c4b7ce76f96091","isMergeCommit":false,"messageTitle":"add status of trip","messageBody":"","fileTypesAndContributionMap":{"functional-code":{"insertions":29,"deletions":24}}},{"hash":"0e1fdaeaed1f79fc9c8775e2a203c2f87825d015","isMergeCommit":true,"messageTitle":"Merge remote-tracking branch \u0027upstream/master\u0027 into Week-10","messageBody":"","fileTypesAndContributionMap":{}},{"hash":"eabecb0214df2ff9a50b2148813f2981127618c0","isMergeCommit":true,"messageTitle":"Merge pull request #46 from Luo-Z-Y/Week-10","messageBody":"Week 10 add status of trips","fileTypesAndContributionMap":{}}]},{"date":"2024-04-03","commitResults":[{"hash":"ebaba554484ad76c24d1f3b21bf99bbb8616ebd9","isMergeCommit":false,"messageTitle":"update DG","messageBody":"","fileTypesAndContributionMap":{"functional-code":{"insertions":7,"deletions":1},"docs":{"insertions":15,"deletions":13}}},{"hash":"8941226eeb81250e524bee452a92e43aa5331772","isMergeCommit":true,"messageTitle":"Merge remote-tracking branch \u0027upstream/master\u0027 into week-11","messageBody":"","fileTypesAndContributionMap":{}},{"hash":"d1e6b3511ee5ca0c49db8c26978c35051fb7ae85","isMergeCommit":true,"messageTitle":"Merge pull request #60 from Luo-Z-Y/week-11","messageBody":"Update DG and status update","fileTypesAndContributionMap":{}},{"hash":"a1e5506cf5e0fdc541822b292d6ad382864e392c","isMergeCommit":false,"messageTitle":"Update UserGuide.md","messageBody":"","fileTypesAndContributionMap":{"docs":{"insertions":6,"deletions":0}}}]},{"date":"2024-04-04","commitResults":[{"hash":"ea113c8ae7ce41c9e235550ba8b66a66ccb932ab","isMergeCommit":false,"messageTitle":"Update Currency.java","messageBody":"","fileTypesAndContributionMap":{"functional-code":{"insertions":25,"deletions":1}}},{"hash":"e4375a05107b42d657ca0ca77052220afd773f66","isMergeCommit":true,"messageTitle":"Merge remote-tracking branch \u0027upstream/master\u0027 into week-11","messageBody":"","fileTypesAndContributionMap":{}}]},{"date":"2024-04-07","commitResults":[{"hash":"31ed41ed1be25b0ae374a55a8b6bb15838b3780d","isMergeCommit":false,"messageTitle":"correct the basic functions syntax on UG","messageBody":"","fileTypesAndContributionMap":{"functional-code":{"insertions":10,"deletions":3},"docs":{"insertions":10,"deletions":4}}},{"hash":"8a5483a864b70331cca5e17581e2026c3943216c","isMergeCommit":true,"messageTitle":"Merge pull request #91 from Luo-Z-Y/week-11","messageBody":"Update UG to ensure the correctness of basic functions","fileTypesAndContributionMap":{}},{"hash":"90e30e527912fde9baabb09d8c0596c3295f02ed","isMergeCommit":false,"messageTitle":"Complete Status","messageBody":"","fileTypesAndContributionMap":{"functional-code":{"insertions":31,"deletions":7},"docs":{"insertions":12,"deletions":0}}},{"hash":"9e8731bd280979f69d99e57c3c870163a3226688","isMergeCommit":true,"messageTitle":"Merge pull request #93 from Luo-Z-Y/week-11","messageBody":"Complete Status","fileTypesAndContributionMap":{}},{"hash":"53a2b2888a542f5b994f025cd032b7aa8f995c08","isMergeCommit":true,"messageTitle":"Merge remote-tracking branch \u0027upstream/master\u0027 into Week-12","messageBody":"","fileTypesAndContributionMap":{}},{"hash":"3df3f71c549fb5dfe843d9448b8f5f4173fffc7d","isMergeCommit":false,"messageTitle":"add autosave function","messageBody":"","fileTypesAndContributionMap":{"functional-code":{"insertions":16,"deletions":4}}},{"hash":"43718f00463e4b9a1dacdeebb63bf647a0413f7d","isMergeCommit":false,"messageTitle":"improve subtrip","messageBody":"","fileTypesAndContributionMap":{"functional-code":{"insertions":29,"deletions":13}}}]},{"date":"2024-04-09","commitResults":[{"hash":"af15d27368a37b077ce6c3447fa1377c49da0ca9","isMergeCommit":true,"messageTitle":"Merge remote-tracking branch \u0027upstream/master\u0027 into Week-12","messageBody":"","fileTypesAndContributionMap":{}},{"hash":"672b0676a1ce7c0ab41b1cc951867abf3fa719a6","isMergeCommit":false,"messageTitle":"fix subtrip function, add profile and bill storage file","messageBody":"","fileTypesAndContributionMap":{"functional-code":{"insertions":101,"deletions":4}}},{"hash":"5db99862037b30d670e26c91cef7b5217baafa4c","isMergeCommit":true,"messageTitle":"Merge pull request #96 from Luo-Z-Y/Week-12","messageBody":"fix subtrip, add storage for profile and bill","fileTypesAndContributionMap":{}}]},{"date":"2024-04-11","commitResults":[{"hash":"a50be80debdbef07145988370e27e890cf7738da","isMergeCommit":false,"messageTitle":"update simplybill and billstorage","messageBody":"","fileTypesAndContributionMap":{"functional-code":{"insertions":131,"deletions":24}}},{"hash":"e4e019cb95dbedf568f946f7eff2e4bb1bd2e708","isMergeCommit":true,"messageTitle":"Merge branch \u0027AY2324S2-CS2113-W14-4:master\u0027 into Week-12","messageBody":"","fileTypesAndContributionMap":{}},{"hash":"3c59d115fcf7af646c3cca5b2f7b580a7f44c66a","isMergeCommit":true,"messageTitle":"Merge pull request #98 from Luo-Z-Y/Week-12","messageBody":"update simplifybill and billstorage","fileTypesAndContributionMap":{}},{"hash":"63aae070637511e87943b051df2935a043509018","isMergeCommit":false,"messageTitle":"update simplifybill command","messageBody":"","fileTypesAndContributionMap":{"functional-code":{"insertions":61,"deletions":45}}},{"hash":"866bb5e6b0de7772647ec0a79924e7cc8dcd06a2","isMergeCommit":true,"messageTitle":"Merge branch \u0027AY2324S2-CS2113-W14-4:master\u0027 into Week-12","messageBody":"","fileTypesAndContributionMap":{}},{"hash":"1cc0c18ab7916886b9aa1752cbdc8e0ab4bca663","isMergeCommit":true,"messageTitle":"Merge pull request #99 from Luo-Z-Y/Week-12","messageBody":"Update simplifybill","fileTypesAndContributionMap":{}}]},{"date":"2024-04-12","commitResults":[{"hash":"2eb403a981f2d6f01d96d07db5e15fe9d0e13338","isMergeCommit":false,"messageTitle":"Update UserGuide.md","messageBody":"","fileTypesAndContributionMap":{"docs":{"insertions":10,"deletions":4}}},{"hash":"19f9046bbefb7d5cddcbd25af242d268c26484c0","isMergeCommit":true,"messageTitle":"Merge branch \u0027AY2324S2-CS2113-W14-4:master\u0027 into Week-12","messageBody":"","fileTypesAndContributionMap":{}},{"hash":"857d453a4c4a856d694bbefac44fc27eac6cdaac","isMergeCommit":true,"messageTitle":"Merge pull request #106 from Luo-Z-Y/Week-12","messageBody":"Update UG","fileTypesAndContributionMap":{}},{"hash":"2cfd7db9bdfce193e32f97fccedad88c36983133","isMergeCommit":false,"messageTitle":"Update LUO-Z-Y\u0027s PPP","messageBody":"","fileTypesAndContributionMap":{"docs":{"insertions":38,"deletions":1}}},{"hash":"f948249e7d3ba315b2c44d6b54d255098a3f43e1","isMergeCommit":true,"messageTitle":"Merge branch \u0027AY2324S2-CS2113-W14-4:master\u0027 into Week-12","messageBody":"","fileTypesAndContributionMap":{}},{"hash":"9bf9b61d77ead5c3cf107e153ffd5e30223ec260","isMergeCommit":true,"messageTitle":"Merge pull request #107 from Luo-Z-Y/Week-12","messageBody":"Week 12 update PPP","fileTypesAndContributionMap":{}}]}],"CerealMiller":[{"date":"2024-03-06","commitResults":[{"hash":"0165c9077037137341f66d84d60b55d2b5418172","isMergeCommit":false,"messageTitle":"Add Zhen Kang profile to AboutUs","messageBody":"","fileTypesAndContributionMap":{"docs":{"insertions":3,"deletions":7}}},{"hash":"33ed9be0b55ffe29a96774fad0942083e4a32588","isMergeCommit":true,"messageTitle":"Resolve merge conflict","messageBody":"","fileTypesAndContributionMap":{}}]},{"date":"2024-03-14","commitResults":[{"hash":"95b356a2e56f98f03a32e6cd104b3f5a098e4323","isMergeCommit":false,"messageTitle":"Implement Parser class","messageBody":"","fileTypesAndContributionMap":{"functional-code":{"insertions":287,"deletions":0}}},{"hash":"e19954b5d5af48f7a1fdc6b91d621395924b8692","isMergeCommit":false,"messageTitle":"Fix gradle check errors","messageBody":"","fileTypesAndContributionMap":{"functional-code":{"insertions":11,"deletions":5}}},{"hash":"7bbd98748e8fe1355c4327714e3bb514d5c730bc","isMergeCommit":false,"messageTitle":"Remove pint statement when addmaintrip default case is reached","messageBody":"","fileTypesAndContributionMap":{"functional-code":{"insertions":1,"deletions":1}}},{"hash":"aa685e66e426467daa0c17a1117442e8634d6831","isMergeCommit":true,"messageTitle":"Merge pull request #13 from CerealMiller/master","messageBody":"Implement Parser class","fileTypesAndContributionMap":{}}]},{"date":"2024-03-15","commitResults":[{"hash":"352e7fe2a14115ef94d262fc6fdd17981bdce73b","isMergeCommit":false,"messageTitle":"Update setName, setLocation to parse the sentence after the flag","messageBody":"","fileTypesAndContributionMap":{"functional-code":{"insertions":38,"deletions":32}}},{"hash":"ebea7d48589bdc62c9a9606ada84af75c1bde35c","isMergeCommit":false,"messageTitle":"Change confirmPartialInfo to a method that returns boolean isPartialTrip info Move user input to confirm adding trip with partial trip details to within addMainTrip","messageBody":"","fileTypesAndContributionMap":{"functional-code":{"insertions":21,"deletions":17}}},{"hash":"dfb595727eade1889d22c79451fc5aba07af671c","isMergeCommit":false,"messageTitle":"Implement JUnit test for Parser class","messageBody":"","fileTypesAndContributionMap":{"test-code":{"insertions":91,"deletions":0}}},{"hash":"e35387a36d25723ddc061c0f5e6eff2f5074e70d","isMergeCommit":false,"messageTitle":"Delete redundant import statements in ParserTest class Reformat code.","messageBody":"","fileTypesAndContributionMap":{"functional-code":{"insertions":12,"deletions":12},"test-code":{"insertions":4,"deletions":5}}},{"hash":"8452b7f58491c9765bf25368d79afc72bda7a6f6","isMergeCommit":true,"messageTitle":"Merge pull request #1 from AY2324S2-CS2113-W14-4/master","messageBody":"Pulling from Team repo at commit \"Merge pull request #17 from Luo-Z-Y/master\"","fileTypesAndContributionMap":{}},{"hash":"67146f26f158ce1bc3452e7736fb727f1ee00292","isMergeCommit":true,"messageTitle":"Merge pull request #18 from CerealMiller/master","messageBody":"Implement JUnit test for Parser class.\r\nUpdate setLocation, setName. Replace confirmPartialInfo with isPartialTripInfo.","fileTypesAndContributionMap":{}}]},{"date":"2024-03-17","commitResults":[{"hash":"1be8da43c1e1dcaf58678fd4d1ef3fa28bccd903","isMergeCommit":false,"messageTitle":"Fix setdescription to parse location with String of more than 1 word Add checks for inputs to setName, setDates, setLocation, and setDescription","messageBody":"","fileTypesAndContributionMap":{"functional-code":{"insertions":94,"deletions":30}}},{"hash":"dac308298fd4e4dc77afc5a7faf6b662d8862fc5","isMergeCommit":false,"messageTitle":"Rename Parser class\u0027s set\u003cTripAttribute\u003e to commandSet\u003cTripAttribute\u003e","messageBody":"","fileTypesAndContributionMap":{"functional-code":{"insertions":10,"deletions":10}}},{"hash":"0dbd3bb8b4aad379ccc122e191157b098b0a1e34","isMergeCommit":false,"messageTitle":"Add comments explaining methods in Parser class Remove unnecessary parameter in addWordsAfterSeparator","messageBody":"","fileTypesAndContributionMap":{"functional-code":{"insertions":78,"deletions":17}}},{"hash":"718a259ee47ca3fe90e59c8657c21b08856eedfb","isMergeCommit":false,"messageTitle":"Indent lines","messageBody":"","fileTypesAndContributionMap":{"functional-code":{"insertions":41,"deletions":33}}},{"hash":"b02467b21ac6e2ec74a72118d43f5c41b9d7b559","isMergeCommit":false,"messageTitle":"Indent lines2, add new lines for long comments","messageBody":"","fileTypesAndContributionMap":{"functional-code":{"insertions":6,"deletions":4}}},{"hash":"51a6894e5f42f7964319a261e1cdcc89c8a7c0a5","isMergeCommit":true,"messageTitle":"Merge pull request #23 from CerealMiller/master","messageBody":"Fix setDescription","fileTypesAndContributionMap":{}}]},{"date":"2024-03-18","commitResults":[{"hash":"0d790bf806c437b4f70d61ce521ba7261a79268a","isMergeCommit":false,"messageTitle":"add assert statements to commandAddMainTrip in Parser class","messageBody":"","fileTypesAndContributionMap":{"functional-code":{"insertions":2,"deletions":0}}},{"hash":"2295380ec91ceee1ed8674ee2d2ca38f1fc37ca8","isMergeCommit":true,"messageTitle":"Merge pull request #24 from CerealMiller/master","messageBody":"add assert statements to commandAddMainTrip in Parser class","fileTypesAndContributionMap":{}},{"hash":"8afe76ec586e2c50930b7df8b3574f70f881f0d9","isMergeCommit":false,"messageTitle":"Fix readTripFile in Storage class to add trips to ArrayList\u003ctrips\u003e Change readTripFile to require name of text file as parameter of type String","messageBody":"","fileTypesAndContributionMap":{"functional-code":{"insertions":8,"deletions":4},"test-code":{"insertions":9,"deletions":8}}},{"hash":"74a29f6ed8af851769cd6e41935d5eab81bdd6bb","isMergeCommit":false,"messageTitle":"Indent code","messageBody":"","fileTypesAndContributionMap":{"functional-code":{"insertions":15,"deletions":10}}},{"hash":"e2f4bf915c2448d41b89a729cabeefbf8233c913","isMergeCommit":false,"messageTitle":"reindent comments","messageBody":"","fileTypesAndContributionMap":{"functional-code":{"insertions":4,"deletions":4}}},{"hash":"82e8cc60689c85bc3585ecb4f24dd22b0624a796","isMergeCommit":false,"messageTitle":"reindent #2","messageBody":"","fileTypesAndContributionMap":{"functional-code":{"insertions":3,"deletions":3}}},{"hash":"04ad91668defec631811eab6d98d98b4a2235e7e","isMergeCommit":false,"messageTitle":"Remove examples in the comments on Parser class methods","messageBody":"","fileTypesAndContributionMap":{"functional-code":{"insertions":6,"deletions":36}}},{"hash":"ca6e132b4d6b14c1e2a81fd478fdb719bb3b5c67","isMergeCommit":false,"messageTitle":"Add new lines to lines over 120 characters long","messageBody":"","fileTypesAndContributionMap":{"functional-code":{"insertions":8,"deletions":4}}},{"hash":"3c5993f7cf35fd46eb18f8c9fd61b63b9a3573f0","isMergeCommit":false,"messageTitle":"Remove space that was causing runtest.bat to fail","messageBody":"","fileTypesAndContributionMap":{"functional-code":{"insertions":1,"deletions":1}}},{"hash":"a40484f96588df4588dd3e7a0a6b8fbaadeea666","isMergeCommit":true,"messageTitle":"Merge pull request #25 from CerealMiller/master","messageBody":"Fix readTripFile in Storage class. Fix testReadTripFile in StorageTest class.","fileTypesAndContributionMap":{}}]},{"date":"2024-03-19","commitResults":[{"hash":"8ee13f48629bac21fc150005b0645453121a9aa0","isMergeCommit":false,"messageTitle":"Edit user guide setname example, add setdates example","messageBody":"","fileTypesAndContributionMap":{"docs":{"insertions":6,"deletions":2}}},{"hash":"30014486f230096c054b5bda445396c30ce826f5","isMergeCommit":true,"messageTitle":"Merge pull request #28 from CerealMiller/master","messageBody":"Edit user guide setname example, add setdates example","fileTypesAndContributionMap":{}}]},{"date":"2024-03-23","commitResults":[{"hash":"ae15a763e539c3e44555a8d17ef9d4fbca94633d","isMergeCommit":false,"messageTitle":"Implement review command to set attribute reviewScore for Trip","messageBody":"","fileTypesAndContributionMap":{"functional-code":{"insertions":62,"deletions":13},"test-code":{"insertions":4,"deletions":2}}},{"hash":"25fd8c42cbae144cf4145582a6003bc48c50a768","isMergeCommit":false,"messageTitle":"Change import statements in NewParser to important individual Command subclasses","messageBody":"","fileTypesAndContributionMap":{"functional-code":{"insertions":9,"deletions":1}}},{"hash":"4de6f82534efd766754e717ac96c00befebeef63","isMergeCommit":false,"messageTitle":"Fix Storage to work with Trip object\u0027s reviewScore attribute","messageBody":"","fileTypesAndContributionMap":{"functional-code":{"insertions":4,"deletions":4},"test-code":{"insertions":22,"deletions":13}}},{"hash":"d98d5efdca89b7d41a70ddac30053dce11ae8a60","isMergeCommit":false,"messageTitle":"Rename ReviewTripCommand to ReviewMainTripCommand","messageBody":"","fileTypesAndContributionMap":{"functional-code":{"insertions":3,"deletions":3},"other":{"insertions":2,"deletions":2}}},{"hash":"e340b6cbb8cc5486ef14c6d07803db028e75807c","isMergeCommit":true,"messageTitle":"Merge pull request #36 from CerealMiller/master","messageBody":"Implement review command to set attribute reviewScore for Trip","fileTypesAndContributionMap":{}}]},{"date":"2024-03-27","commitResults":[{"hash":"2ef947ba1f0d2238ed773bcd652b7ab8418b75ee","isMergeCommit":false,"messageTitle":"Fix setdate, fix setname","messageBody":"","fileTypesAndContributionMap":{"functional-code":{"insertions":9,"deletions":3}}},{"hash":"4cb99a452a4bc79334eca95a5f24b7ccc6ce852d","isMergeCommit":false,"messageTitle":"Edit import statements to comply with gradle checks","messageBody":"","fileTypesAndContributionMap":{"functional-code":{"insertions":10,"deletions":2}}},{"hash":"cfbb0aa686c54935480e8b3b2df1ef217383999f","isMergeCommit":true,"messageTitle":"Merge pull request #42 from CerealMiller/master","messageBody":"Fix setdate, fix setname","fileTypesAndContributionMap":{}},{"hash":"bb52e1e2a0b29c57b7aa689db98a24887d581959","isMergeCommit":false,"messageTitle":"Fix ParserTest","messageBody":"","fileTypesAndContributionMap":{"test-code":{"insertions":16,"deletions":35}}},{"hash":"14bc0ac18351dfcb68856f8a6be7e5d43dd917ae","isMergeCommit":false,"messageTitle":"Removed unused import java.io.ByteArrayInputStream","messageBody":"","fileTypesAndContributionMap":{"test-code":{"insertions":0,"deletions":2}}},{"hash":"b36cbe9a852f8a6db8c8fcdcb9f27a5ff46ad1aa","isMergeCommit":true,"messageTitle":"Merge pull request #44 from CerealMiller/master","messageBody":"Fix ParserTest","fileTypesAndContributionMap":{}}]},{"date":"2024-03-29","commitResults":[{"hash":"fbb0bfa6b69f8cde82b0a65b08cb9760e84b1c4c","isMergeCommit":false,"messageTitle":"Remove reviewScore attribute of Trip class and its implementation","messageBody":"","fileTypesAndContributionMap":{"functional-code":{"insertions":3,"deletions":19},"test-code":{"insertions":8,"deletions":16}}},{"hash":"03c1b443663eb2a6dc10d19b7fe6dd948974152b","isMergeCommit":false,"messageTitle":"Rename Storage and StorageTest classes to TripStorage and TripStorageTest","messageBody":"","fileTypesAndContributionMap":{"functional-code":{"insertions":6,"deletions":6},"other":{"insertions":11,"deletions":11}}},{"hash":"8111196f9f5e2802d0962974a0ec3b57997a09da","isMergeCommit":false,"messageTitle":"Rename Storage and StorageTest classes to TripStorage and TripStorageTest 2","messageBody":"","fileTypesAndContributionMap":{"functional-code":{"insertions":20,"deletions":20}}},{"hash":"5e19cc855415ed8b316419a354200726a9a066f6","isMergeCommit":false,"messageTitle":"Create and implement Review, ReviewCommand, ReadReviewCommand classes","messageBody":"","fileTypesAndContributionMap":{"functional-code":{"insertions":138,"deletions":42}}},{"hash":"0bd1f5143f03dd939f4fd55ac8069cf149cd5811","isMergeCommit":false,"messageTitle":"Remove ununsed imports, indent code","messageBody":"","fileTypesAndContributionMap":{"functional-code":{"insertions":1,"deletions":7},"test-code":{"insertions":4,"deletions":2}}},{"hash":"547bff434c6a6904860847f6a02efde47c2de423","isMergeCommit":true,"messageTitle":"Merge pull request #48 from CerealMiller/master","messageBody":"Implement Review, ReviewCommand, and ReadReviewCommand classes","fileTypesAndContributionMap":{}},{"hash":"b96bcdf760de39f2cecf1fda58d9f62b6c9c090b","isMergeCommit":false,"messageTitle":"Update DG and UG with Review class","messageBody":"","fileTypesAndContributionMap":{"docs":{"insertions":22,"deletions":0}}},{"hash":"9590d3e22f8d6bcbedfc3e0181c57789cdb4af41","isMergeCommit":true,"messageTitle":"Merge pull request #49 from CerealMiller/master","messageBody":"Update DG and UG with Review class","fileTypesAndContributionMap":{}}]},{"date":"2024-03-30","commitResults":[{"hash":"6156dd1a91c8abded34bf1e83de85f2ba2b20701","isMergeCommit":false,"messageTitle":"Implement ReviewStorage class to save trip reviews in \"local-reviews.txt\"","messageBody":"","fileTypesAndContributionMap":{"functional-code":{"insertions":107,"deletions":4}}},{"hash":"deeecd4ba84e25719c5fd524eec7a413cd19eb5b","isMergeCommit":false,"messageTitle":"Indent ReviewStorage","messageBody":"","fileTypesAndContributionMap":{"functional-code":{"insertions":69,"deletions":69}}},{"hash":"571accb9a4a7d63f7e25132db1d7b8cc3bb10fdb","isMergeCommit":false,"messageTitle":"Update TripStorageTest assert statement to expect Trip2 COMPLETED","messageBody":"","fileTypesAndContributionMap":{"test-code":{"insertions":1,"deletions":1}}},{"hash":"84fa8d5ec44d2af3055ba0bb70fdc3bf021b303d","isMergeCommit":false,"messageTitle":"Add catch java.io.IOException in ReviewStorage","messageBody":"","fileTypesAndContributionMap":{"functional-code":{"insertions":2,"deletions":5}}},{"hash":"c8e74bf02176f585f13f015bb637f079f6e0405a","isMergeCommit":false,"messageTitle":"Remove unused import java.text.ParseException in ReviewStorage","messageBody":"","fileTypesAndContributionMap":{"functional-code":{"insertions":0,"deletions":1}}},{"hash":"403fd104cb7ed705456c1d674536a55aae434845","isMergeCommit":false,"messageTitle":"Update Storage classes\u0027 error messages to specify which file faces error","messageBody":"","fileTypesAndContributionMap":{"functional-code":{"insertions":8,"deletions":8}}},{"hash":"4af096bba815e525fab98b7d295bf7d9306e256c","isMergeCommit":true,"messageTitle":"Merge pull request #51 from CerealMiller/master","messageBody":"Implement ReviewStorage class to save trip reviews in \"local-reviews.txt\"","fileTypesAndContributionMap":{}},{"hash":"9888cedb6d1ebbd91f2fddc6066dadda524a440e","isMergeCommit":false,"messageTitle":"Add catch NullPointerException to ReviewStorage","messageBody":"","fileTypesAndContributionMap":{"functional-code":{"insertions":4,"deletions":0}}},{"hash":"8a89a7a13227979d6ed0c4a9398b15eb6704adfa","isMergeCommit":true,"messageTitle":"Merge pull request #52 from CerealMiller/master","messageBody":"Add catch NullPointerException to ReviewStorage","fileTypesAndContributionMap":{}}]},{"date":"2024-04-02","commitResults":[{"hash":"a75ce9de958e70fd753abc8a00ec9a21c6ec78f4","isMergeCommit":false,"messageTitle":"Fix bug where ReviewStorage class\u0027s writeReviewFile would crash by accessing null pointer when calling review.getScore()","messageBody":"","fileTypesAndContributionMap":{"functional-code":{"insertions":1,"deletions":1}}},{"hash":"c6b0648652176cebd6000297b9e3e521315951dd","isMergeCommit":true,"messageTitle":"Merge pull request #58 from CerealMiller/master","messageBody":"Fix bug where ReviewStorage class\u0027s writeReviewFile would crash accesing null pointer","fileTypesAndContributionMap":{}},{"hash":"90fd19b380bcf8dd0927f409bd3caefa8a39c8aa","isMergeCommit":false,"messageTitle":"Fix bug where Trip constructor used in main loop doesn\u0027t declare status for trip object","messageBody":"","fileTypesAndContributionMap":{"functional-code":{"insertions":11,"deletions":8}}},{"hash":"0c8744a3ebe4f4208033b537a0ffc4462fb5e4fe","isMergeCommit":true,"messageTitle":"Merge pull request #59 from CerealMiller/master","messageBody":"Fix bug where Trip constructor used in main loop doesn\u0027t declare status","tags":["v2.0"],"fileTypesAndContributionMap":{}}]},{"date":"2024-04-11","commitResults":[{"hash":"a45bb1281ae553a55795c82addf575b34a8ee67e","isMergeCommit":false,"messageTitle":"Add date checks for AddSubTripCommand","messageBody":"","fileTypesAndContributionMap":{"functional-code":{"insertions":23,"deletions":2}}},{"hash":"16502ef0185c2fd478a6dc3494dde675945eb7ed","isMergeCommit":false,"messageTitle":"Fix checkstyle errors","messageBody":"","fileTypesAndContributionMap":{"functional-code":{"insertions":105,"deletions":80}}},{"hash":"ba87deada2017dc9e696e0b851efcb774c651f5f","isMergeCommit":true,"messageTitle":"Merge pull request #97 from CerealMiller/master","messageBody":"Add date checks for AddSubTripCommand","fileTypesAndContributionMap":{}},{"hash":"6a679b061bf917641a8d543f55153e1b737ea3ec","isMergeCommit":false,"messageTitle":"Replace \u0027listall\u0027 command with \u0027list\u0027, able to specify specific trip status","messageBody":"","fileTypesAndContributionMap":{"functional-code":{"insertions":99,"deletions":2}}},{"hash":"4d7fb610f8a1a07e15c8bde4abc79d9a99dc9eec","isMergeCommit":false,"messageTitle":"Fix check for zero trips of specfied status","messageBody":"","fileTypesAndContributionMap":{"functional-code":{"insertions":9,"deletions":9}}},{"hash":"afc4b63666a27197e4bdf99a7faab79e3e14e3cd","isMergeCommit":true,"messageTitle":"Merge pull request #101 from CerealMiller/master","messageBody":"Replace \u0027listall\u0027 command with \u0027list\u0027, able to specify specific trip","fileTypesAndContributionMap":{}},{"hash":"07daaff99833b698a9ed143812c9cd7816bea6de","isMergeCommit":false,"messageTitle":"Fix ListCommand not to double print subtrips","messageBody":"","fileTypesAndContributionMap":{"functional-code":{"insertions":18,"deletions":13}}},{"hash":"dc0c303a6ea8e210e68a7c7e42aff7ab05e3d65a","isMergeCommit":true,"messageTitle":"Merge pull request #102 from CerealMiller/master","messageBody":"Fix ListCommand not to double print subtrips","fileTypesAndContributionMap":{}},{"hash":"7abf25cb5ed0e85b43ac0ff8780323309df85bf0","isMergeCommit":false,"messageTitle":"Fix bug where printing any trip prints line \"Sub-trips:\" Only main trips will be printed with this header.","messageBody":"","fileTypesAndContributionMap":{"functional-code":{"insertions":6,"deletions":3}}},{"hash":"4a88670b36b57cd0340b258094d30452ee4e0218","isMergeCommit":true,"messageTitle":"Merge pull request #103 from CerealMiller/master","messageBody":"Fix bug where printing any trip prints line \"Sub-trips:\" ","fileTypesAndContributionMap":{}},{"hash":"17f404fefa252cc267289c1d71a3963865d7f371","isMergeCommit":false,"messageTitle":"Fix TripStorage to write subtrips to file","messageBody":"","fileTypesAndContributionMap":{"functional-code":{"insertions":34,"deletions":17},"test-code":{"insertions":1,"deletions":1}}}]},{"date":"2024-04-12","commitResults":[{"hash":"31fbd3a9eaf4b7046122a4cda38028b5d8926275","isMergeCommit":false,"messageTitle":"Fix TripStorage double writing subtrips to file","messageBody":"","fileTypesAndContributionMap":{"functional-code":{"insertions":1,"deletions":1}}},{"hash":"4eca81f5f656a626789c5ea2f4455b979e683e1b","isMergeCommit":false,"messageTitle":"Set ReviewStorage to store reviews of only main trips","messageBody":"","fileTypesAndContributionMap":{"functional-code":{"insertions":15,"deletions":7}}},{"hash":"1de195b4e5a562932d63b1b334079bfbeb3fae1d","isMergeCommit":false,"messageTitle":"Add \u0027list cancelled\u0027 as a command to list all cancelled trips","messageBody":"","fileTypesAndContributionMap":{"functional-code":{"insertions":26,"deletions":3}}},{"hash":"571f90dc4147c419b696173d56018380d7423880","isMergeCommit":true,"messageTitle":"Merge pull request #104 from CerealMiller/master","messageBody":"Fix TripStorage to work with subtrips, add \u0027list cancelled\u0027 to print all cancelled trips","fileTypesAndContributionMap":{}},{"hash":"2f1000eb3393b3876a1d451c4737267c0cab40f6","isMergeCommit":false,"messageTitle":"Update UG with new \u0027list\u0027 command","messageBody":"","fileTypesAndContributionMap":{"docs":{"insertions":15,"deletions":4}}},{"hash":"dea05b55f2fe36adfbca739ded5f7001b63c18a5","isMergeCommit":true,"messageTitle":"Merge pull request #105 from CerealMiller/master","messageBody":"Update UG with new \u0027list\u0027 command","fileTypesAndContributionMap":{}}]}],"jthibault03":[{"date":"2024-03-08","commitResults":[{"hash":"0fe145d9669250d342760913e641ca5419ad1ba5","isMergeCommit":true,"messageTitle":"Merge branch \u0027master\u0027 into master","messageBody":"","fileTypesAndContributionMap":{}},{"hash":"84aa925d066a81e0ffb96c7fa33a790655b32d7b","isMergeCommit":true,"messageTitle":"Merge pull request #4 from jthibault03/master","messageBody":"update aboutus","fileTypesAndContributionMap":{}},{"hash":"8c2222874fad11e844c3fb46ed5a5116e50b2f1b","isMergeCommit":true,"messageTitle":"Merge pull request #5 from jthibault03/master","messageBody":"aboutus","fileTypesAndContributionMap":{}},{"hash":"3507b309e6a50dc559a5640d3e17dc1af2864705","isMergeCommit":false,"messageTitle":"update aboutus","messageBody":"","fileTypesAndContributionMap":{"other":{"insertions":0,"deletions":1},"docs":{"insertions":7,"deletions":7}}},{"hash":"be87aa0142fd7c1b9d93bcb9d446d882f9472236","isMergeCommit":false,"messageTitle":"aboutus","messageBody":"","fileTypesAndContributionMap":{"docs":{"insertions":1,"deletions":1}}},{"hash":"9703793a96dd8f77183aaec26609111b8513aaf8","isMergeCommit":false,"messageTitle":"aboutis","messageBody":"","fileTypesAndContributionMap":{"docs":{"insertions":1,"deletions":1}}},{"hash":"f2ec2b6aac2224b0f2be5defa52c25337b991897","isMergeCommit":true,"messageTitle":"aboutus","messageBody":"","fileTypesAndContributionMap":{}}]},{"date":"2024-03-13","commitResults":[{"hash":"cc3f6c7a73942a5b408119050c2adc0d8e31dc25","isMergeCommit":true,"messageTitle":"Merge pull request #9 from jthibault03/master","messageBody":"Added Currency, Profile, and VoyagerException class","fileTypesAndContributionMap":{}}]},{"date":"2024-03-14","commitResults":[{"hash":"7e8253775f915d164393a6561bbd08611d6db100","isMergeCommit":false,"messageTitle":"Added Currency, Profile, and VoyagerException class","messageBody":"","fileTypesAndContributionMap":{"functional-code":{"insertions":71,"deletions":0}}}]},{"date":"2024-03-15","commitResults":[{"hash":"7fa0af5e640aba45cfcce0bdb3cc4959452abe0d","isMergeCommit":true,"messageTitle":"Merge pull request #19 from jthibault03/master","messageBody":"currencytest","fileTypesAndContributionMap":{}},{"hash":"e5286f2c4c4aa640341d51d9501704084dc5ff1b","isMergeCommit":true,"messageTitle":"Merge pull request #20 from jthibault03/master","messageBody":"currencytests","fileTypesAndContributionMap":{}}]},{"date":"2024-03-16","commitResults":[{"hash":"46e0522557bbac0b9007ad5a2fb1c8073aafb0b5","isMergeCommit":false,"messageTitle":"junit tests","messageBody":"","fileTypesAndContributionMap":{"functional-code":{"insertions":41,"deletions":0},"other":{"insertions":1,"deletions":0}}},{"hash":"445e6e3866a72c4fe0f33d726766c90da8a634b2","isMergeCommit":false,"messageTitle":"currencytest","messageBody":"","fileTypesAndContributionMap":{"functional-code":{"insertions":0,"deletions":1},"other":{"insertions":1,"deletions":12}}},{"hash":"4cd9c933be098740d9616f380edec1a21103a8a4","isMergeCommit":false,"messageTitle":"currencytests","messageBody":"","fileTypesAndContributionMap":{"test-code":{"insertions":15,"deletions":11}}}]},{"date":"2024-03-26","commitResults":[{"hash":"52daf6788f8ea22267d85cf0070cb1a7cd3fbf66","isMergeCommit":true,"messageTitle":"Merge pull request #39 from jthibault03/master","messageBody":"bill and payable","fileTypesAndContributionMap":{}},{"hash":"80d0e3f81294c21ba151b4ea8720649f6037565f","isMergeCommit":true,"messageTitle":"Merge pull request #40 from jthibault03/master","messageBody":"build and payable fixing gradle errors","fileTypesAndContributionMap":{}},{"hash":"88622a3baf5670ff2ba4e4355e5562474ee2219a","isMergeCommit":true,"messageTitle":"Merge pull request #41 from jthibault03/master","messageBody":"update DG","fileTypesAndContributionMap":{}}]},{"date":"2024-03-27","commitResults":[{"hash":"ee5216fb1b923aade78bc22a989670cb2447a14b","isMergeCommit":false,"messageTitle":"assert false","messageBody":"","fileTypesAndContributionMap":{"functional-code":{"insertions":2,"deletions":0}}},{"hash":"c8bd7fbc6721f50556307d04df57b5f64d183757","isMergeCommit":true,"messageTitle":"fixing merge","messageBody":"","fileTypesAndContributionMap":{}},{"hash":"7cf6176c64c7a93fd13a6813255e6cf5592cb3ec","isMergeCommit":false,"messageTitle":"bill and payable","messageBody":"","fileTypesAndContributionMap":{"functional-code":{"insertions":193,"deletions":9}}},{"hash":"94612d4030907abc82c02bd4c13f3942027cee9d","isMergeCommit":false,"messageTitle":"build and payable fixing gradle errors","messageBody":"","fileTypesAndContributionMap":{"functional-code":{"insertions":2,"deletions":2}}},{"hash":"8cc569f2c46f70877cbe45e37440a004d740bc3b","isMergeCommit":false,"messageTitle":"update DG","messageBody":"","fileTypesAndContributionMap":{"docs":{"insertions":29,"deletions":0}}}]},{"date":"2024-04-03","commitResults":[{"hash":"2947518d0baa0d2df1129f2c4d943359c745b549","isMergeCommit":false,"messageTitle":"dg","messageBody":"","fileTypesAndContributionMap":{"docs":{"insertions":1,"deletions":1}}},{"hash":"cea7c96ee6096978a4dfe4a8d132843758941d15","isMergeCommit":true,"messageTitle":"dg","messageBody":"","fileTypesAndContributionMap":{}},{"hash":"f73399360c4cf369f821bace315c9c7de98fb5b4","isMergeCommit":true,"messageTitle":"g","messageBody":"","fileTypesAndContributionMap":{}}]},{"date":"2024-04-08","commitResults":[{"hash":"989cfea4927b17fe10735c4580393dd6db634a53","isMergeCommit":true,"messageTitle":"bills stuff","messageBody":"","fileTypesAndContributionMap":{}},{"hash":"7acc1f6db0e239b3122c96f02679cd2464acbd82","isMergeCommit":false,"messageTitle":"bills execute","messageBody":"","fileTypesAndContributionMap":{"functional-code":{"insertions":2,"deletions":2}}},{"hash":"6e237792bf12837fbd4623f0deeddf1aa5f6cf8c","isMergeCommit":false,"messageTitle":"ListBill and AddBill command","messageBody":"","fileTypesAndContributionMap":{"functional-code":{"insertions":49,"deletions":6}}}]},{"date":"2024-04-09","commitResults":[{"hash":"fbb14be18ad1bbd027f6b0054379642bf1d0d305","isMergeCommit":false,"messageTitle":"AddBill command","messageBody":"","fileTypesAndContributionMap":{"functional-code":{"insertions":53,"deletions":24}}},{"hash":"da5ca1240937c41cd7dfd34d87c5a39b664cadfa","isMergeCommit":false,"messageTitle":"billcurrency command","messageBody":"","fileTypesAndContributionMap":{"functional-code":{"insertions":65,"deletions":21}}},{"hash":"c1fa2313faec362cb97d55cabdb01ed6015f9a30","isMergeCommit":false,"messageTitle":"bills ug update","messageBody":"","fileTypesAndContributionMap":{"docs":{"insertions":21,"deletions":0}}},{"hash":"f85dca209f8acd12f99a0adc14d95ed5ea88ffdf","isMergeCommit":true,"messageTitle":"Merge pull request #95 from jthibault03/master","messageBody":"bill commands: addBill, payBill, listBills","fileTypesAndContributionMap":{}}]}]},"authorFileTypeContributionMap":{"azamanis":{"docs":159,"functional-code":1562,"test-code":88,"other":5},"Luo-Z-Y":{"docs":124,"functional-code":534,"test-code":78},"CerealMiller":{"docs":40,"functional-code":831,"test-code":94},"jthibault03":{"docs":37,"functional-code":676,"test-code":33,"other":1}},"authorContributionVariance":{"azamanis":26230.523,"Luo-Z-Y":4948.619,"CerealMiller":11148.169,"jthibault03":1941.6334},"authorDisplayNameMap":{"azamanis":"CS2113-W14-4 ZAMA..VARO","Luo-Z-Y":"CS2113-W14-4 LUO ..YANG","CerealMiller":"CS2113-W14-4 CHON..KANG","jthibault03":"CS2113-W14-4 THIB.. SUN"}}
