{"authorDailyContributionsMap":{"ChongXern":[{"date":"2024-03-06","commitResults":[{"hash":"9a1d4445c0f20ecfd12634823e39927005bc9074","isMergeCommit":false,"messageTitle":"Add classes for transaction, inflow and outflow","messageBody":"","fileTypesAndContributionMap":{"functional-code":{"insertions":56,"deletions":0}}}]},{"date":"2024-03-15","commitResults":[{"hash":"b4df6c610714ba8bad87e09f9175ff3a44ad6cc5","isMergeCommit":false,"messageTitle":"Add FinTrackTest file and minor adjustments to other files","messageBody":"","fileTypesAndContributionMap":{"test-code":{"insertions":2,"deletions":0}}},{"hash":"234c7a9373156fc407c9aabbe4ebf94b2f5bc655","isMergeCommit":false,"messageTitle":"Add FinTrack and modify parser","messageBody":"","fileTypesAndContributionMap":{"functional-code":{"insertions":11,"deletions":5},"test-code":{"insertions":12,"deletions":2}}},{"hash":"3acf6ccae327f0936d285bf6f44558972ffe9eed","isMergeCommit":true,"messageTitle":"Merge branch \u0027master\u0027 of https://github.com/AY2324S2-CS2113-F14-4/tp","messageBody":"","fileTypesAndContributionMap":{}},{"hash":"9a7f83aade6a8b8ba0cacab12f92c8b84a1871d2","isMergeCommit":false,"messageTitle":"Add outflow junit test","messageBody":"","fileTypesAndContributionMap":{"functional-code":{"insertions":13,"deletions":0}}},{"hash":"4e0960feeda68dcfcbf94a495792c5a5bb335c71","isMergeCommit":false,"messageTitle":"Create OutflowTest.java","messageBody":"","fileTypesAndContributionMap":{"functional-code":{"insertions":13,"deletions":0}}},{"hash":"8acc34bbdf0fde4b50a70ebe9ee8f75b5c95fa3a","isMergeCommit":true,"messageTitle":"Merge branch \u0027AY2324S2-CS2113-F14-4:master\u0027 into master","messageBody":"","fileTypesAndContributionMap":{}},{"hash":"b7e56164496ad7f6e7fc7d89925012a9b7b2362f","isMergeCommit":false,"messageTitle":"Add inflow adding method","messageBody":"","fileTypesAndContributionMap":{"functional-code":{"insertions":4,"deletions":1}}},{"hash":"28deaaacd5e94aacc7ecffbcc18a0e69da0dde78","isMergeCommit":false,"messageTitle":"Move outflow junit test to test directory package","messageBody":"","fileTypesAndContributionMap":{"functional-code":{"insertions":8,"deletions":8},"test-code":{"insertions":14,"deletions":0}}},{"hash":"c619ea6de3c3c3b239b69c760bf220cbbaf29b81","isMergeCommit":true,"messageTitle":"Merge branch \u0027master\u0027 into master","messageBody":"","fileTypesAndContributionMap":{}},{"hash":"3fd72b01849d4c78e11459abf6918ad7ba095541","isMergeCommit":false,"messageTitle":"Add inflow junit test","messageBody":"","fileTypesAndContributionMap":{"test-code":{"insertions":14,"deletions":0}}},{"hash":"bb85eb0ea7117c2f3a8decb00f34c923c422f61a","isMergeCommit":true,"messageTitle":"Merge pull request #26 from ChongXern/master","messageBody":"Add an AddInflow method","fileTypesAndContributionMap":{}},{"hash":"55c6e21ce6c4660f1dd034bb692a00daa65d48d7","isMergeCommit":false,"messageTitle":"Add protected print method to show user which index to select when deleting transaction","messageBody":"","fileTypesAndContributionMap":{"functional-code":{"insertions":8,"deletions":4}}},{"hash":"0f65b18084affae9fc4506404ca9838f63fb0b06","isMergeCommit":true,"messageTitle":"Merge pull request #31 from ChongXern/master","messageBody":"Add protected print method ","fileTypesAndContributionMap":{}}]},{"date":"2024-03-17","commitResults":[{"hash":"163a5f9c521b7773a89ac1b0e0e0262a398824e5","isMergeCommit":false,"messageTitle":"Add transaction type attribute and methods","messageBody":"","fileTypesAndContributionMap":{"functional-code":{"insertions":21,"deletions":12}}},{"hash":"b3b7a131d8a092b79d420ae3cf7dc4e1d1bff8a9","isMergeCommit":false,"messageTitle":"Add exceptions classes","messageBody":"","fileTypesAndContributionMap":{"functional-code":{"insertions":35,"deletions":2},"test-code":{"insertions":3,"deletions":2}}}]},{"date":"2024-03-18","commitResults":[{"hash":"36467d1b75c7feec49d991e728c21c2e718ef263","isMergeCommit":false,"messageTitle":"Change params in remove transaction method","messageBody":"","fileTypesAndContributionMap":{"functional-code":{"insertions":6,"deletions":4}}}]},{"date":"2024-03-19","commitResults":[{"hash":"3f41e1fd7027ad5e3b852f3bc6ea4feeb045c0fc","isMergeCommit":true,"messageTitle":"Merge pull request #34 from ChongXern/master","messageBody":"Change remove transaction for inflow and outflow","fileTypesAndContributionMap":{}}]},{"date":"2024-03-20","commitResults":[{"hash":"65329cc2db9f616ca2cef15e2210c9f91ff2e6f7","isMergeCommit":false,"messageTitle":"Add taxes to outflow","messageBody":"","fileTypesAndContributionMap":{"functional-code":{"insertions":2,"deletions":0}}},{"hash":"f005ae52a2499b1210b7d3f28bea12e2c62ac7c8","isMergeCommit":false,"messageTitle":"Add inactivity timer with associated exception to throw and catch","messageBody":"","fileTypesAndContributionMap":{"functional-code":{"insertions":80,"deletions":21}}}]},{"date":"2024-03-21","commitResults":[{"hash":"1028f25335c59718950f2d7259edd32bfb09c9bc","isMergeCommit":false,"messageTitle":"Adjust unknown prompt exception","messageBody":"","fileTypesAndContributionMap":{"functional-code":{"insertions":26,"deletions":22},"test-code":{"insertions":3,"deletions":3}}},{"hash":"213ca4ee2de8c63cf6cd66b5855001060b5f791d","isMergeCommit":false,"messageTitle":"Add and implement incomplete prompt exception with typo detector","messageBody":"","fileTypesAndContributionMap":{"functional-code":{"insertions":53,"deletions":16},"test-code":{"insertions":3,"deletions":3}}},{"hash":"df202686b4562a9d3bd7aaa4cfcfa23016b609b2","isMergeCommit":true,"messageTitle":"Merge branch \u0027branch-exceptions\u0027","messageBody":"","fileTypesAndContributionMap":{}},{"hash":"67858a600975c3dd450ca5534fdb0dd4ed7b7226","isMergeCommit":true,"messageTitle":"Merge remote-tracking branch \u0027upstream/master\u0027","messageBody":"","fileTypesAndContributionMap":{}},{"hash":"8ff91d832230d1c85911b792f050b76e9e1915a7","isMergeCommit":true,"messageTitle":"Merge pull request #40 from ChongXern/master","messageBody":"Adjust exceptions for timeout and typo, and add taxes","fileTypesAndContributionMap":{}},{"hash":"6d8a85bc6160f29b61cd99bca83580b73849640a","isMergeCommit":false,"messageTitle":"Fix bugs from previous merge","messageBody":"","fileTypesAndContributionMap":{"functional-code":{"insertions":41,"deletions":41}}},{"hash":"d340e6852c15f02b628fa81e037ee5ea929fbc06","isMergeCommit":true,"messageTitle":"Merge pull request #42 from ChongXern/master","messageBody":"Fix bugs from previous merge","fileTypesAndContributionMap":{}},{"hash":"0c8ccf5bc1fe915cd36e9fa77c62ff9e81fc45e9","isMergeCommit":false,"messageTitle":"Remove ParserTest","messageBody":"","fileTypesAndContributionMap":{"test-code":{"insertions":0,"deletions":25}}},{"hash":"6674f075cca96febc0178e51d18c6ec408c53e91","isMergeCommit":false,"messageTitle":"Change transaction manager test and outflow for taxes","messageBody":"","fileTypesAndContributionMap":{"functional-code":{"insertions":1,"deletions":1},"test-code":{"insertions":1,"deletions":1}}},{"hash":"8c4bc5c9597980cec4375488cdc555cf4abda23c","isMergeCommit":false,"messageTitle":"Resolve exception handling for incomplete prompt exception","messageBody":"","fileTypesAndContributionMap":{"functional-code":{"insertions":51,"deletions":40}}},{"hash":"32e2e18399fd8ddc2d1ed25575b991995cb54bf7","isMergeCommit":false,"messageTitle":"Fix Gradle checkstyle issues","messageBody":"","fileTypesAndContributionMap":{"functional-code":{"insertions":2,"deletions":29}}},{"hash":"2d2724c80d029688052e98d76a5a446bb8eeee51","isMergeCommit":false,"messageTitle":"Adjust indentation for instructions list","messageBody":"","fileTypesAndContributionMap":{"functional-code":{"insertions":2,"deletions":2}}},{"hash":"8b6a8a7c9ddb520c59079e33d0236cf41faf3ecc","isMergeCommit":true,"messageTitle":"Merge pull request #45 from ChongXern/master","messageBody":"Resolve exception handling for incomplete prompt, remove parser test, fix taxes for transaction manager test","fileTypesAndContributionMap":{}},{"hash":"169d765d97c8b4097605256c31dc2e1488c8ab0b","isMergeCommit":false,"messageTitle":"Move tax to category, adjust security exception","messageBody":"","fileTypesAndContributionMap":{"functional-code":{"insertions":26,"deletions":12},"test-code":{"insertions":3,"deletions":2}}},{"hash":"a359bdfed17e29a5a289403e1bbdbc4dd2644a52","isMergeCommit":true,"messageTitle":"Merge branch \u0027master\u0027 of https://github.com/AY2324S2-CS2113-F14-4/tp","messageBody":"","fileTypesAndContributionMap":{}}]},{"date":"2024-03-22","commitResults":[{"hash":"f7e2dd141d12dc25769246e37d4cb4c8d5652115","isMergeCommit":true,"messageTitle":"Merge branch \u0027master\u0027 of https://github.com/AY2324S2-CS2113-F14-4/tp","messageBody":"","fileTypesAndContributionMap":{}},{"hash":"a58ba0bbf15ecb0f31f27051fec6a2d7a2f83c4f","isMergeCommit":false,"messageTitle":"Fix typo exception","messageBody":"","fileTypesAndContributionMap":{"functional-code":{"insertions":10,"deletions":11}}},{"hash":"ac44b10dab29b22c74fdd568050ace364d36e452","isMergeCommit":false,"messageTitle":"Add negative to outflow in transaction file","messageBody":"To satisfy Gradle requirements\n","fileTypesAndContributionMap":{"functional-code":{"insertions":3,"deletions":0}}},{"hash":"b487ababcfacb04a459b8d5dbbdb9122ad51caba","isMergeCommit":false,"messageTitle":"Revert \"Add negative to outflow in transaction file\"","messageBody":"This reverts commit ac44b10dab29b22c74fdd568050ace364d36e452.\n","fileTypesAndContributionMap":{"functional-code":{"insertions":0,"deletions":3}}}]},{"date":"2024-03-24","commitResults":[{"hash":"7c1aae21c64d486b0ecebd9f51510293910b15d2","isMergeCommit":false,"messageTitle":"Rename SecurityException to ExceededAttemptsException","messageBody":"To avoid confusion with another similarly named exception\n","fileTypesAndContributionMap":{"functional-code":{"insertions":21,"deletions":19},"test-code":{"insertions":2,"deletions":2}}},{"hash":"8578ef2c71a038ff44e9461eff2a98e89bd99157","isMergeCommit":false,"messageTitle":"Fix Gradle transaction manager test error","messageBody":"","fileTypesAndContributionMap":{"functional-code":{"insertions":13,"deletions":13},"test-code":{"insertions":6,"deletions":4}}},{"hash":"21cd082ede32828ca8b575d6a70048f5c7387ada","isMergeCommit":false,"messageTitle":"Add three attempts for username and password feature","messageBody":"","fileTypesAndContributionMap":{"functional-code":{"insertions":36,"deletions":7}}},{"hash":"ec85f7eb358d5fea8d3ccf52c07f9f63865d5bfb","isMergeCommit":false,"messageTitle":"Add newline in TransactionManagerTest","messageBody":"Highly important for the entire project\n","fileTypesAndContributionMap":{"test-code":{"insertions":1,"deletions":1}}},{"hash":"706552d25b1f331e9f00d29bd20d1dab4f2567e1","isMergeCommit":true,"messageTitle":"Merge pull request #47 from ChongXern/master","messageBody":"Adjust security exception, move tax to category","fileTypesAndContributionMap":{}}]},{"date":"2024-03-29","commitResults":[{"hash":"8f8e352181797e9ba8d5b344c47aa6c35bc779e4","isMergeCommit":false,"messageTitle":"Add name length check to ensure description is not too long","messageBody":"","fileTypesAndContributionMap":{"functional-code":{"insertions":6,"deletions":0}}},{"hash":"57cc0909eba8fe6a67ae5d216175f857924e3962","isMergeCommit":true,"messageTitle":"Merge branch \u0027AY2324S2-CS2113-F14-4:master\u0027 into master","messageBody":"","fileTypesAndContributionMap":{}},{"hash":"5b56e771cd955787484f68b23de1188309a7dc53","isMergeCommit":false,"messageTitle":"Update DeveloperGuide.md","messageBody":"","fileTypesAndContributionMap":{"docs":{"insertions":6,"deletions":1}}},{"hash":"1ecc74d8a0e681b1b4e3eeb3ecc2c79aa81b7d88","isMergeCommit":true,"messageTitle":"Merge pull request #54 from ChongXern/master","messageBody":"Add maximum description length to ensure description is not too long","fileTypesAndContributionMap":{}},{"hash":"1ff6af0a1d2b072be22e37b342affcb1c0fdc3a7","isMergeCommit":false,"messageTitle":"Update DevelopersGuide.md to include a few of the upcoming proposed features","messageBody":"","fileTypesAndContributionMap":{"docs":{"insertions":7,"deletions":4}}},{"hash":"36cdc0b3ebcac570a8db1c665507cb8d0ca58108","isMergeCommit":true,"messageTitle":"Merge branch \u0027master\u0027 into master","messageBody":"","fileTypesAndContributionMap":{}},{"hash":"5ea3fb62f1dcf26fbe0f2d52155dbe45b1a74c51","isMergeCommit":true,"messageTitle":"Merge pull request #57 from ChongXern/master","messageBody":"Update DevelopersGuide.md to include a few of the upcoming proposed features","fileTypesAndContributionMap":{}},{"hash":"e32307ca6312022e6e0e76b671b25d7f1dae4ee5","isMergeCommit":false,"messageTitle":"Enable assertions in build.gradle","messageBody":"","fileTypesAndContributionMap":{"other":{"insertions":1,"deletions":0}}},{"hash":"591e310afbe3c292f2320ba69d6aef56fab198c1","isMergeCommit":true,"messageTitle":"Merge branch \u0027master\u0027 of https://github.com/ChongXern/tp","messageBody":"","fileTypesAndContributionMap":{}},{"hash":"022a87ead9e6acc48d7eeab6d23d8cb4c2425f63","isMergeCommit":true,"messageTitle":"Merge pull request #58 from ChongXern/master","messageBody":"Enable assertions for build.gradle","fileTypesAndContributionMap":{}}]},{"date":"2024-03-30","commitResults":[{"hash":"b54285083d096048b7036d038aee97316368484e","isMergeCommit":false,"messageTitle":"Add sorting by name comparator method for sorting transactions","messageBody":"","fileTypesAndContributionMap":{"functional-code":{"insertions":36,"deletions":2}}},{"hash":"83163ef97518363fa9aa9d3a22bb8726a39b2913","isMergeCommit":false,"messageTitle":"Remove unused collections import","messageBody":"","fileTypesAndContributionMap":{"functional-code":{"insertions":0,"deletions":1}}},{"hash":"2b0d299ece915076e09a1f5f9d4bf0de550b9292","isMergeCommit":false,"messageTitle":"Add date comparator for transactions","messageBody":"","fileTypesAndContributionMap":{"functional-code":{"insertions":22,"deletions":4}}},{"hash":"a295ed633fd9c81b1d8f5b649ed19889058638e1","isMergeCommit":true,"messageTitle":"Merge pull request #60 from ChongXern/master","messageBody":"Add sorting by name comparator method for sorting transactions","fileTypesAndContributionMap":{}},{"hash":"48731613c9097267bc0169167c8d4f5115f0afc5","isMergeCommit":false,"messageTitle":"Create BarChart class","messageBody":"","fileTypesAndContributionMap":{"functional-code":{"insertions":8,"deletions":1}}},{"hash":"58872959b3c04dd90a0794b35fe106163f73828c","isMergeCommit":true,"messageTitle":"Merge branch \u0027master\u0027 of https://github.com/ChongXern/tp","messageBody":"","fileTypesAndContributionMap":{}},{"hash":"b987a5616b1c136da2e81cf32495fe14d2dd794b","isMergeCommit":true,"messageTitle":"Merge pull request #64 from ChongXern/master","messageBody":"Create BarChart class","fileTypesAndContributionMap":{}}]},{"date":"2024-04-01","commitResults":[{"hash":"973af975ebbad7e6b26a96cead97f90f40837bbf","isMergeCommit":false,"messageTitle":"Modify bar chart class","messageBody":"","fileTypesAndContributionMap":{"functional-code":{"insertions":58,"deletions":3}}},{"hash":"8d257649a6527d9076ddcc8c6135a99a469c7a2e","isMergeCommit":true,"messageTitle":"Merge branch \u0027master\u0027 of https://github.com/ChongXern/tp","messageBody":"","fileTypesAndContributionMap":{}},{"hash":"08f4f9de560d386e161884c917e021d4f89bb52e","isMergeCommit":false,"messageTitle":"Adjust params for show last n transactions without bar chart","messageBody":"","fileTypesAndContributionMap":{"functional-code":{"insertions":1,"deletions":1}}},{"hash":"6b7f2459fb1317e879b73e3a4b8c3450bfd8fbbd","isMergeCommit":false,"messageTitle":"Reorder static variables in the right position in bar chart class","messageBody":"","fileTypesAndContributionMap":{"functional-code":{"insertions":2,"deletions":2}}},{"hash":"ece74a48380525a245b00415638a11dfa97236ca","isMergeCommit":true,"messageTitle":"Merge pull request #69 from ChongXern/master","messageBody":"Modify bar chart class","fileTypesAndContributionMap":{}}]},{"date":"2024-04-02","commitResults":[{"hash":"ace737fd3a4f181171dcbac6de4cfd0a66b93381","isMergeCommit":false,"messageTitle":"Add all in view history command to view everything","messageBody":"","fileTypesAndContributionMap":{"functional-code":{"insertions":5,"deletions":7}}},{"hash":"44e12cac77719d2b7c2b2a02a866a537d0f187b1","isMergeCommit":true,"messageTitle":"Merge branch \u0027master\u0027 of https://github.com/ChongXern/tp","messageBody":"","fileTypesAndContributionMap":{}}]},{"date":"2024-04-03","commitResults":[{"hash":"298786fa8f99b552f3b209f26d15a47cce07e695","isMergeCommit":false,"messageTitle":"Implement undo functionality","messageBody":"","fileTypesAndContributionMap":{"functional-code":{"insertions":299,"deletions":104}}},{"hash":"df7577129710c29ecc6c410b864efcc20a735e9e","isMergeCommit":false,"messageTitle":"Create CategoryNotFoundException.java","messageBody":"","fileTypesAndContributionMap":{"functional-code":{"insertions":4,"deletions":0}}},{"hash":"11f62514d53a98e10592fa0652157a964ce7c667","isMergeCommit":false,"messageTitle":"Adjust instanceof in TransactionManager","messageBody":"","fileTypesAndContributionMap":{"functional-code":{"insertions":12,"deletions":6}}},{"hash":"f13e3a593ad99457e30e80437885c0da9cb0a0e8","isMergeCommit":false,"messageTitle":"Fix checkstyle errors","messageBody":"","fileTypesAndContributionMap":{"functional-code":{"insertions":21,"deletions":10}}},{"hash":"19cc0fbc1e58e22dfc43c4e769e9105df5dd49c3","isMergeCommit":false,"messageTitle":"Fix checkstyle errors","messageBody":"","fileTypesAndContributionMap":{"functional-code":{"insertions":3,"deletions":3}}},{"hash":"26131d9912000b8cf36c21faea4a762c15ab272c","isMergeCommit":false,"messageTitle":"Fix checkstyle error","messageBody":"","fileTypesAndContributionMap":{"functional-code":{"insertions":1,"deletions":1}}},{"hash":"5514ae26ffec1f9070919134d294e4bb27a026c8","isMergeCommit":true,"messageTitle":"Merge pull request #71 from ChongXern/master","messageBody":"As a user, I wish to be able to undo my last action securely...","fileTypesAndContributionMap":{}}]},{"date":"2024-04-04","commitResults":[{"hash":"61d93017f986daf2539ff596cae7ac27307026f5","isMergeCommit":false,"messageTitle":"Implement category not found exception","messageBody":"","fileTypesAndContributionMap":{"functional-code":{"insertions":76,"deletions":22},"test-code":{"insertions":30,"deletions":7}}},{"hash":"b62e961d35c706d01a19289bffdadca7c1f0f788","isMergeCommit":false,"messageTitle":"Resolve merge conflict","messageBody":"","fileTypesAndContributionMap":{"functional-code":{"insertions":1,"deletions":2}}},{"hash":"0dcf748be3dcbdf6e3f1942b235a197d92c7f044","isMergeCommit":false,"messageTitle":"Fix checkstyle errors for exception","messageBody":"","fileTypesAndContributionMap":{"functional-code":{"insertions":0,"deletions":3}}},{"hash":"d346be32138a396645c809a16a57c00c9b7a9937","isMergeCommit":false,"messageTitle":"Add throw category not found exception to outflow method","messageBody":"","fileTypesAndContributionMap":{"functional-code":{"insertions":1,"deletions":3},"test-code":{"insertions":2,"deletions":7}}},{"hash":"1e793232f7389e1f8bccaf1dafda4df3bb6c90a0","isMergeCommit":false,"messageTitle":"Create Junit for new outflow method for is valid category","messageBody":"","fileTypesAndContributionMap":{"test-code":{"insertions":4,"deletions":8}}},{"hash":"8de07f77ac0271888b872653a93a36d4910c7ae9","isMergeCommit":false,"messageTitle":"Modify seedu Junit outflow test","messageBody":"","fileTypesAndContributionMap":{"test-code":{"insertions":6,"deletions":1}}},{"hash":"c205b74a95a0b6552ac6ef43bdd498d39a629047","isMergeCommit":true,"messageTitle":"Merge pull request #73 from ChongXern/master","messageBody":"Implement category not found exception","fileTypesAndContributionMap":{}},{"hash":"dde789f1bc90f46d712d4a6efc24a61abea9e064","isMergeCommit":false,"messageTitle":"Enable optional bar chart for view-history","messageBody":"","fileTypesAndContributionMap":{"functional-code":{"insertions":4,"deletions":1}}},{"hash":"c1b40d09b05b671b8a8a40b833b4ac467112d7f7","isMergeCommit":true,"messageTitle":"Merge pull request #74 from ChongXern/master","messageBody":"As a user, I want to visualize my transactions graphically when viewing history ... ","fileTypesAndContributionMap":{}},{"hash":"a1e9a0c3f056139dba0b3c0916bd4f34df900cb0","isMergeCommit":false,"messageTitle":"Create IncorrectCommandSyntaxException","messageBody":"Implement exception for commands, throw and catch accordingly.\n","fileTypesAndContributionMap":{"functional-code":{"insertions":78,"deletions":25}}},{"hash":"32f0d97b8bb750cb3f5f62a7bee1e170dc0af6eb","isMergeCommit":true,"messageTitle":"Merge branch \u0027master\u0027 into master","messageBody":"","fileTypesAndContributionMap":{}},{"hash":"90b2ed7ab5ff6d4472392b8031d47f9862c28403","isMergeCommit":true,"messageTitle":"Merge pull request #76 from ChongXern/master","messageBody":"Create IncorrectCommandSyntaxException","fileTypesAndContributionMap":{}},{"hash":"6dc63a691fc789c72ad18bf82f3db0cda7b3bc88","isMergeCommit":false,"messageTitle":"Create CategoryNotFoundException","messageBody":"Implemented in commands and transactions, as well as junit tests\n","fileTypesAndContributionMap":{"functional-code":{"insertions":109,"deletions":36},"test-code":{"insertions":6,"deletions":6}}},{"hash":"245851d830f457244e53333dad486eb98471f3b0","isMergeCommit":false,"messageTitle":"Fix checkstyle errors","messageBody":"","fileTypesAndContributionMap":{"functional-code":{"insertions":1,"deletions":7}}},{"hash":"95ecd556b8ba50ddd0c501e7fb10ac3ed136fad8","isMergeCommit":true,"messageTitle":"Merge pull request #77 from ChongXern/master","messageBody":"Create CategoryNotFoundException","fileTypesAndContributionMap":{}},{"hash":"fbe8f59d67c6c72e67d346381687e1a45d1e3453","isMergeCommit":false,"messageTitle":"Update UserGuide with undo, bar chart and timer","messageBody":"","fileTypesAndContributionMap":{"docs":{"insertions":24,"deletions":4}}},{"hash":"ab928ae71b68f0b2135cfeae0993cc6cfd3592ea","isMergeCommit":true,"messageTitle":"Merge pull request #80 from ChongXern/master","messageBody":"Update UserGuide with undo, bar chart and timer","fileTypesAndContributionMap":{}}]},{"date":"2024-04-05","commitResults":[{"hash":"6a45d0ea48328ba38118843efb850e4be6aa15b5","isMergeCommit":false,"messageTitle":"Update User Guide with Features and Hyperlinks","messageBody":"","fileTypesAndContributionMap":{"docs":{"insertions":19,"deletions":0}}},{"hash":"a4a4d6d00a929271adee90daf7fa99b30b8e4efb","isMergeCommit":true,"messageTitle":"Merge branch \u0027master\u0027 of https://github.com/ChongXern/tp","messageBody":"","fileTypesAndContributionMap":{}},{"hash":"f1449d1b54262da50b90c3a8f556d430feeed431","isMergeCommit":true,"messageTitle":"Merge pull request #84 from ChongXern/master","messageBody":"Update UserGuide.md","fileTypesAndContributionMap":{}}]},{"date":"2024-04-11","commitResults":[{"hash":"90af69b430d4f3fae102d639d2a7a9d061a28e73","isMergeCommit":false,"messageTitle":"Reposition timer object for each command class","messageBody":"","fileTypesAndContributionMap":{"functional-code":{"insertions":17,"deletions":2}}},{"hash":"b9097591ffcdd6dd45e6fb576606cf39bd0a3c71","isMergeCommit":true,"messageTitle":"Merge branch \u0027master\u0027 into master","messageBody":"","fileTypesAndContributionMap":{}},{"hash":"fe15bafae5909eb651f94f15f7bd936faf6deeef","isMergeCommit":false,"messageTitle":"Remove unused InactivityTimer import","messageBody":"","fileTypesAndContributionMap":{"functional-code":{"insertions":12,"deletions":4}}},{"hash":"9d81d4c5ff39c2af75d4d0c94ecf3dda8f3f8045","isMergeCommit":true,"messageTitle":"Merge branch \u0027master\u0027 of https://github.com/ChongXern/tp","messageBody":"","fileTypesAndContributionMap":{}},{"hash":"8442416db2752b353cfeea708dabd46472a04615","isMergeCommit":true,"messageTitle":"Merge pull request #127 from ChongXern/master","messageBody":"Reposition timer object for each command class","fileTypesAndContributionMap":{}},{"hash":"919f32258cd61e9c728ffda5c17deee014481d7a","isMergeCommit":false,"messageTitle":"Add Project Portfolio Page for Chong Xern","messageBody":"","fileTypesAndContributionMap":{"docs":{"insertions":12,"deletions":0}}},{"hash":"b40aee03a67f2d23fd8d57e3d0db375610b85d49","isMergeCommit":false,"messageTitle":"Resolve Issue #100","messageBody":"Enable entering with uppercase to view chart\n","fileTypesAndContributionMap":{"functional-code":{"insertions":1,"deletions":1}}},{"hash":"5f0b41cfdb14830d2098fbfbe5033b17d2dd3a8a","isMergeCommit":true,"messageTitle":"Merge branch \u0027master\u0027 of https://github.com/ChongXern/tp","messageBody":"","fileTypesAndContributionMap":{}},{"hash":"af8c30616a10e3c337122a486ca58268d39378d4","isMergeCommit":true,"messageTitle":"Merge pull request #128 from ChongXern/master","messageBody":"Resolve Issue #100","fileTypesAndContributionMap":{}},{"hash":"6fc74eb0552e8af11a26bebddbab25a6cd7bf8d4","isMergeCommit":false,"messageTitle":"Update Project Portfolio Page chongxern.md","messageBody":"","fileTypesAndContributionMap":{"docs":{"insertions":18,"deletions":1}}},{"hash":"9016d3c2f2a4737ed1df6650ec358b9485437b27","isMergeCommit":true,"messageTitle":"Merge branch \u0027AY2324S2-CS2113-F14-4:master\u0027 into master","messageBody":"","fileTypesAndContributionMap":{}},{"hash":"2b821e7af5dcfac38e4a387d0d8de1e1e77261db","isMergeCommit":true,"messageTitle":"Merge pull request #129 from ChongXern/master","messageBody":"Update chongxern.md Project Portfolio Page","fileTypesAndContributionMap":{}},{"hash":"2b2d5746a5f4ce9e205d396b89c811b7b956cc44","isMergeCommit":false,"messageTitle":"Resolve Issue #123","messageBody":"","fileTypesAndContributionMap":{"functional-code":{"insertions":33,"deletions":7}}},{"hash":"bbd399aae375d19495f5c0729707b5e24757cc41","isMergeCommit":false,"messageTitle":"Remove unnecessary imports","messageBody":"","fileTypesAndContributionMap":{"functional-code":{"insertions":0,"deletions":3}}},{"hash":"53ce17770ffb7a621d5347ae5583de9be379a170","isMergeCommit":true,"messageTitle":"Merge pull request #130 from ChongXern/master","messageBody":"Resolve Issue #123","fileTypesAndContributionMap":{}}]},{"date":"2024-04-12","commitResults":[{"hash":"a58ba233062db2b7b06980d033fd9d6371f317e3","isMergeCommit":false,"messageTitle":"Fix issues #126, #104 and #95","messageBody":"","fileTypesAndContributionMap":{"functional-code":{"insertions":10,"deletions":4}}},{"hash":"dbde5416185025b7afa93dd9f1c7bad5be58951f","isMergeCommit":true,"messageTitle":"Merge pull request #134 from ChongXern/master","messageBody":"Fix issues #126, #104 and #95","fileTypesAndContributionMap":{}}]},{"date":"2024-04-14","commitResults":[{"hash":"8c980b6d4a1e78ffe2450f957e759a23b2dd3895","isMergeCommit":false,"messageTitle":"Create UndoNotPermittedException.java","messageBody":"","fileTypesAndContributionMap":{"functional-code":{"insertions":28,"deletions":0}}},{"hash":"5b967ed1e043c3e9e2793b6f38cd07741951166c","isMergeCommit":false,"messageTitle":"Adjust undo functionalities for new undo exception","messageBody":"","fileTypesAndContributionMap":{"functional-code":{"insertions":108,"deletions":79}}},{"hash":"c0629558def28091616418b9c1fc1f0113e599a8","isMergeCommit":false,"messageTitle":"Fix undo for adding inflow, outflow, reminder","messageBody":"","fileTypesAndContributionMap":{"functional-code":{"insertions":27,"deletions":20}}},{"hash":"7b39d1db9da2b7080ea391396f98117b34d69d94","isMergeCommit":false,"messageTitle":"Fix Issue #115","messageBody":"","fileTypesAndContributionMap":{"functional-code":{"insertions":1,"deletions":1}}},{"hash":"0b950f5724b33dae727352af11b33df82db6c58e","isMergeCommit":true,"messageTitle":"Merge pull request #137 from ChongXern/master","messageBody":"Fix Issue #115","fileTypesAndContributionMap":{}}]},{"date":"2024-04-15","commitResults":[{"hash":"8f8431e35e763b3ff48ac96cc4b9c83ed3db30bf","isMergeCommit":false,"messageTitle":"Create abstract create transaction method in base command","messageBody":"","fileTypesAndContributionMap":{"functional-code":{"insertions":200,"deletions":95}}},{"hash":"5f142afefa65ef28c64b6669311a104c44f61bda","isMergeCommit":false,"messageTitle":"Make manager setter a method for base command class","messageBody":"","fileTypesAndContributionMap":{"functional-code":{"insertions":17,"deletions":32}}},{"hash":"abbc8f4cf6cd77271e365b9b683aa6bbf00cf030","isMergeCommit":false,"messageTitle":"Fix undo for delete commands","messageBody":"","fileTypesAndContributionMap":{"functional-code":{"insertions":71,"deletions":43}}},{"hash":"9c7485174e3d7928c6fc55b19b0cce73fefac859","isMergeCommit":false,"messageTitle":"Remove unnecessary print lines","messageBody":"","fileTypesAndContributionMap":{"functional-code":{"insertions":0,"deletions":13}}},{"hash":"61954a85af50e6b8d0aff12ad1b880d3cb190cd4","isMergeCommit":false,"messageTitle":"Fix edit functions","messageBody":"","fileTypesAndContributionMap":{"functional-code":{"insertions":20,"deletions":13}}},{"hash":"549daada6fe57a2eceedc0fbe4cb037c6861ec58","isMergeCommit":false,"messageTitle":"Remove action attribute in undo command","messageBody":"","fileTypesAndContributionMap":{"functional-code":{"insertions":3,"deletions":3}}},{"hash":"09ad23bd2c2aac47b66f1dfeca4457b399cd33af","isMergeCommit":true,"messageTitle":"Merge branch \u0027branch-undo\u0027","messageBody":"","fileTypesAndContributionMap":{}},{"hash":"7240e85772d3d63d6e2ca26baeb307fa83a49b10","isMergeCommit":false,"messageTitle":"Allow create transition method to throw Exception","messageBody":"","fileTypesAndContributionMap":{"functional-code":{"insertions":1,"deletions":1}}},{"hash":"e866a60df85f3ce7cb3c2ca362d87814e424b386","isMergeCommit":false,"messageTitle":"Fix checkstyle errors","messageBody":"","fileTypesAndContributionMap":{"functional-code":{"insertions":4,"deletions":6}}},{"hash":"8b60cece8b7adead6ead9707f5ed3c3f8bfab5e4","isMergeCommit":true,"messageTitle":"Merge pull request #140 from ChongXern/master","messageBody":"","fileTypesAndContributionMap":{}},{"hash":"6f74b5fd527a5d34821369dd170449f39d589f69","isMergeCommit":false,"messageTitle":"Update AboutUs.md for Chong Xern","messageBody":"","fileTypesAndContributionMap":{"docs":{"insertions":1,"deletions":1}}},{"hash":"74cf69050c430b0886c5a4bf4f712474acfdece9","isMergeCommit":false,"messageTitle":"Fix undo for delete transactions","messageBody":"","fileTypesAndContributionMap":{"functional-code":{"insertions":10,"deletions":9}}},{"hash":"d4b7b67e7e496f5547ef9b3c9d3c004136655b80","isMergeCommit":false,"messageTitle":"Revert \"Update AboutUs.md for Chong Xern\"","messageBody":"This reverts commit 6f74b5fd527a5d34821369dd170449f39d589f69.\n","fileTypesAndContributionMap":{"docs":{"insertions":1,"deletions":1}}},{"hash":"a32d14795f201f702adedc90836b730c1ca695f8","isMergeCommit":true,"messageTitle":"Merge branch \u0027master\u0027 of https://github.com/ChongXern/tp","messageBody":"","fileTypesAndContributionMap":{}},{"hash":"e2ebf76670ffe6894f233fcefee5452d1ca5f460","isMergeCommit":false,"messageTitle":"Fix undo for delete commands","messageBody":"","fileTypesAndContributionMap":{"functional-code":{"insertions":22,"deletions":46}}},{"hash":"60069f1acddc674ac759784d02a633f4ddbe97fd","isMergeCommit":false,"messageTitle":"Fix checkstyle errors","messageBody":"","fileTypesAndContributionMap":{"functional-code":{"insertions":2,"deletions":2}}},{"hash":"2ddc7e04cf757798a3bb12f4d35c9c2fb81aa77d","isMergeCommit":true,"messageTitle":"Merge pull request #145 from ChongXern/master","messageBody":"Fix undo for delete commands, disable undo for edit commands","fileTypesAndContributionMap":{}},{"hash":"b83adeb7009d248e14aa718af4ffae83f69968c7","isMergeCommit":false,"messageTitle":"Remove unnecessary print lines","messageBody":"","fileTypesAndContributionMap":{"functional-code":{"insertions":0,"deletions":2}}},{"hash":"ddd22c10397cc3fe199b6d46db0c78b31a391e30","isMergeCommit":true,"messageTitle":"Merge pull request #146 from ChongXern/master","messageBody":"Remove unnecessary print lines","fileTypesAndContributionMap":{}},{"hash":"d4f74ba98f031344f8ed16e1ae6b814e1f0c0c8c","isMergeCommit":false,"messageTitle":"Update TransactionManager.java","messageBody":"","fileTypesAndContributionMap":{"functional-code":{"insertions":9,"deletions":10}}},{"hash":"4c28faef81d546a7c7ae892531142e6ffcaeb9c3","isMergeCommit":true,"messageTitle":"Merge pull request #147 from ChongXern/master","messageBody":"Update TransactionManager.java","fileTypesAndContributionMap":{}},{"hash":"a376dfebeac7746c8071a32d291f68ca1897045a","isMergeCommit":false,"messageTitle":"Update chongxern.md","messageBody":"","fileTypesAndContributionMap":{"docs":{"insertions":1,"deletions":1}}},{"hash":"7af0f79c39e47cf8448a5f496f92e73e4b68c365","isMergeCommit":false,"messageTitle":"Update chongxern.md for PPP","messageBody":"","fileTypesAndContributionMap":{"docs":{"insertions":2,"deletions":2}}}]}],"Kishen271828":[{"date":"2024-03-13","commitResults":[{"hash":"cd1ea770b1ad026bb9cbe9133b24b1d63e457163","isMergeCommit":false,"messageTitle":"Create Parser Class","messageBody":"","fileTypesAndContributionMap":{"functional-code":{"insertions":43,"deletions":0}}},{"hash":"74abae04614a43bc13f8686087da6c902eba5e50","isMergeCommit":false,"messageTitle":"Add view transaction history functionality","messageBody":"","fileTypesAndContributionMap":{"functional-code":{"insertions":24,"deletions":0}}}]},{"date":"2024-03-14","commitResults":[{"hash":"2828d6b39a691f91f743294d6dfb2ad74cdd603b","isMergeCommit":false,"messageTitle":"Fix errors in view transaction history function","messageBody":"","fileTypesAndContributionMap":{"functional-code":{"insertions":40,"deletions":21}}},{"hash":"6a4577219f4a745a12cdf720a3d5615ccb1f8814","isMergeCommit":true,"messageTitle":"Merge branch \u0027master\u0027 of https://github.com/AY2324S2-CS2113-F14-4/tp","messageBody":"","fileTypesAndContributionMap":{}},{"hash":"db9d9ba238b4e02c0994e916a179b0dc2a38056c","isMergeCommit":false,"messageTitle":"Add close scanner method","messageBody":"","fileTypesAndContributionMap":{"functional-code":{"insertions":5,"deletions":1}}}]},{"date":"2024-03-15","commitResults":[{"hash":"42bc71ef91745bf078933e0b221c4be26e585c2a","isMergeCommit":false,"messageTitle":"Implement login(partially), add, view-history, quit in Parser","messageBody":"","fileTypesAndContributionMap":{"functional-code":{"insertions":53,"deletions":24}}},{"hash":"0e7f2ad28643cdc56079bf125d1d68873bb916b1","isMergeCommit":false,"messageTitle":"Delete commented code","messageBody":"","fileTypesAndContributionMap":{"functional-code":{"insertions":0,"deletions":10}}},{"hash":"fadc5a4fddebb43e59d4cbd0af51e1354266fe8c","isMergeCommit":false,"messageTitle":"fix gradle check issue","messageBody":"","fileTypesAndContributionMap":{"functional-code":{"insertions":4,"deletions":4}}},{"hash":"f45b6c29ce377aae29740a96b8fcb1711bedfaef","isMergeCommit":false,"messageTitle":"Add JUnit test for Parser class","messageBody":"","fileTypesAndContributionMap":{"functional-code":{"insertions":31,"deletions":9}}},{"hash":"ed2cb7fd9e19c1eb1d901138c5866e461bb31118","isMergeCommit":false,"messageTitle":"Move ParserTest.java to its right place","messageBody":"","fileTypesAndContributionMap":{"functional-code":{"insertions":0,"deletions":16},"test-code":{"insertions":22,"deletions":0}}},{"hash":"08ef6a610431aaec4d9aa7c5c2e50ff1e0feea2c","isMergeCommit":true,"messageTitle":"Merge branch \u0027master\u0027 of https://github.com/AY2324S2-CS2113-F14-4/tp","messageBody":"","fileTypesAndContributionMap":{}},{"hash":"b05edfefc9a6b95cab2128a256fda8c47ed974b8","isMergeCommit":true,"messageTitle":"Merge pull request #22 from Kishen271828/master","messageBody":"Fixed view-history method and modified Parser class","fileTypesAndContributionMap":{}}]},{"date":"2024-03-18","commitResults":[{"hash":"6b60cde0ea0868194b12ff95b54808091eae8d30","isMergeCommit":false,"messageTitle":"Modify parser to comply with input format in UG","messageBody":"","fileTypesAndContributionMap":{"functional-code":{"insertions":49,"deletions":12},"test-code":{"insertions":4,"deletions":4}}},{"hash":"ebccd8edf610610fda9978da851cdaaedb6fa168","isMergeCommit":false,"messageTitle":"Wrap long lines in ParserTest class","messageBody":"","fileTypesAndContributionMap":{"test-code":{"insertions":8,"deletions":4}}}]},{"date":"2024-03-19","commitResults":[{"hash":"24cfd25cd0939ce5fd9adbf818100e660459b609","isMergeCommit":true,"messageTitle":"Merge branch \u0027master\u0027 of https://github.com/AY2324S2-CS2113-F14-4/tp into modify-parser","messageBody":"","fileTypesAndContributionMap":{}},{"hash":"3ecf46853b7b2d83aa9b4dd2341f3d66de2515c4","isMergeCommit":false,"messageTitle":"Update Parser format for view-history","messageBody":"","fileTypesAndContributionMap":{"functional-code":{"insertions":15,"deletions":7}}},{"hash":"45a0a6f7bc1755dd51e1e3102be007ff686a1c05","isMergeCommit":true,"messageTitle":"Merge pull request #33 from Kishen271828/modify-parser","messageBody":"Modify parser to comply with input format in UG","fileTypesAndContributionMap":{}},{"hash":"98e4e304153aa69271691936023669b56c93bcd2","isMergeCommit":false,"messageTitle":"Add category input for parser; Storage working","messageBody":"","fileTypesAndContributionMap":{"functional-code":{"insertions":10,"deletions":5}}},{"hash":"3633f2d912a1817060c3715097736caf8fff4477","isMergeCommit":false,"messageTitle":"Include category input for ParserTest","messageBody":"","fileTypesAndContributionMap":{"test-code":{"insertions":4,"deletions":4}}},{"hash":"f374f103f5fb312a0b0a0fdf6bb3b9357334b94c","isMergeCommit":true,"messageTitle":"Merge pull request #35 from Kishen271828/master","messageBody":"Add category input for parser; Storage functionality working ","fileTypesAndContributionMap":{}}]},{"date":"2024-03-20","commitResults":[{"hash":"e9c39fd4614ebb24684b3d9f2d124f5f091c289a","isMergeCommit":false,"messageTitle":"Add back ParserTest - JUnit code","messageBody":"","fileTypesAndContributionMap":{"test-code":{"insertions":37,"deletions":0}}}]},{"date":"2024-03-21","commitResults":[{"hash":"4d3190016af6d56085f35d389f738cc740ab2852","isMergeCommit":false,"messageTitle":"Implement delete inflow and outflow properly","messageBody":"","fileTypesAndContributionMap":{"functional-code":{"insertions":88,"deletions":13}}},{"hash":"c9dd575d937fd021536054027eb93dad041cc3ec","isMergeCommit":true,"messageTitle":"Merge branch \u0027master\u0027 of https://github.com/AY2324S2-CS2113-F14-4/tp","messageBody":"","fileTypesAndContributionMap":{}},{"hash":"9a6a752823dc079f1cbba75eb77ebdd878dc1427","isMergeCommit":false,"messageTitle":"Fix gradle issues","messageBody":"","fileTypesAndContributionMap":{"functional-code":{"insertions":5,"deletions":24}}},{"hash":"25b5c1c1259efd8ea257b9cf4bd8736ed87051fa","isMergeCommit":false,"messageTitle":"Add edit inflow and outflow functionality","messageBody":"","fileTypesAndContributionMap":{"functional-code":{"insertions":111,"deletions":19}}},{"hash":"e4d350bba9e98ecb125b12fd21b57db32055171c","isMergeCommit":false,"messageTitle":"Modify input format for delete transaction","messageBody":"","fileTypesAndContributionMap":{"functional-code":{"insertions":2,"deletions":2}}},{"hash":"d9ea107bfe595178d5f55ad7c5289305cc6ebdbc","isMergeCommit":false,"messageTitle":"Modify input format for add and edit outflow","messageBody":"","fileTypesAndContributionMap":{"functional-code":{"insertions":2,"deletions":2}}},{"hash":"9111b7f792f7c2ab3a875353772674bbad4d0299","isMergeCommit":true,"messageTitle":"Merge branch \u0027master\u0027 of https://github.com/AY2324S2-CS2113-F14-4/tp","messageBody":"","fileTypesAndContributionMap":{}},{"hash":"653f4bf20d65d4e776af004abac4b99b20f7545d","isMergeCommit":false,"messageTitle":"Fix gradle issues","messageBody":"","fileTypesAndContributionMap":{"functional-code":{"insertions":5,"deletions":8},"test-code":{"insertions":1,"deletions":1}}},{"hash":"dda450dedd014b5865e19b669bd54afcb49814a7","isMergeCommit":true,"messageTitle":"Merge pull request #41 from Kishen271828/master","messageBody":"Delete transaction implemented properly, Edit transaction functionality added","fileTypesAndContributionMap":{}},{"hash":"d22e4f9f6786a68f41ef0b5d93db126484304332","isMergeCommit":false,"messageTitle":"Add assertions for command classes","messageBody":"","fileTypesAndContributionMap":{"functional-code":{"insertions":4,"deletions":2}}},{"hash":"30e496c258d1b476bec97a692ae903e2c708aedd","isMergeCommit":false,"messageTitle":"Change back input format for edit and add outflow command, modify help command","messageBody":"","fileTypesAndContributionMap":{"functional-code":{"insertions":9,"deletions":9}}},{"hash":"7adf321827eadf82e5e721704f5c1a40bd507cbf","isMergeCommit":false,"messageTitle":"Fix load from data issues","messageBody":"","fileTypesAndContributionMap":{"functional-code":{"insertions":2,"deletions":6}}},{"hash":"87c28d9f7c6540dc38ec54b3632121ecfb8fbd53","isMergeCommit":true,"messageTitle":"Merge pull request #49 from Kishen271828/master","messageBody":"Fix storage issues, modify help command","tags":["v1.0"],"fileTypesAndContributionMap":{}}]},{"date":"2024-03-23","commitResults":[{"hash":"855fd3e37c8dd9e1d6edbe4b344d2c7aa9d61d4b","isMergeCommit":false,"messageTitle":"Add more JUnit test cases for ParserTest","messageBody":"","fileTypesAndContributionMap":{"test-code":{"insertions":22,"deletions":3}}}]},{"date":"2024-03-28","commitResults":[{"hash":"7c893460f9b84e23e28607a21393a2c68438cf5a","isMergeCommit":true,"messageTitle":"Merge branch \u0027master\u0027 of https://github.com/AY2324S2-CS2113-F14-4/tp","messageBody":"","fileTypesAndContributionMap":{}}]},{"date":"2024-03-29","commitResults":[{"hash":"50883f568ff77b269fb45285b127368e9de4cc8c","isMergeCommit":true,"messageTitle":"Merge branch \u0027master\u0027 of https://github.com/AY2324S2-CS2113-F14-4/tp","messageBody":"","fileTypesAndContributionMap":{}},{"hash":"0e928cbdcaeeb25acedcae80b6400bf47e3c77eb","isMergeCommit":false,"messageTitle":"Add comments","messageBody":"","fileTypesAndContributionMap":{"functional-code":{"insertions":4,"deletions":0},"test-code":{"insertions":3,"deletions":4}}},{"hash":"7635e41b112149bcd462d99a3768f27892eb942e","isMergeCommit":true,"messageTitle":"Merge branch \u0027master\u0027 of https://github.com/AY2324S2-CS2113-F14-4/tp into developer-guide","messageBody":"","fileTypesAndContributionMap":{}},{"hash":"f7f78e411cde817a016a234be1273e0ad2f52cc3","isMergeCommit":false,"messageTitle":"Describe view-history feature in DG","messageBody":"","fileTypesAndContributionMap":{"docs":{"insertions":23,"deletions":0}}},{"hash":"456aeb2dbca5b93910133da7fbf3b9eb794c6735","isMergeCommit":false,"messageTitle":"Replace * imports with single imports in ParserTest","messageBody":"","fileTypesAndContributionMap":{"test-code":{"insertions":2,"deletions":1}}},{"hash":"b5702e7d7ab3b000b32f96ea474538dcce4cb15c","isMergeCommit":true,"messageTitle":"Merge pull request #55 from Kishen271828/developer-guide","messageBody":"Developer guide: Implementation details of view transaction history feature","fileTypesAndContributionMap":{}}]},{"date":"2024-04-04","commitResults":[{"hash":"48623d6008820704eaa71c70737db9fd4eda9cb6","isMergeCommit":false,"messageTitle":"Main working","messageBody":"","fileTypesAndContributionMap":{"functional-code":{"insertions":5,"deletions":3}}},{"hash":"f604d4bf3a731a4bba1bf57ff06b8c4e1facac4f","isMergeCommit":false,"messageTitle":"Implement sorting of transactions by time","messageBody":"","fileTypesAndContributionMap":{"functional-code":{"insertions":50,"deletions":6}}},{"hash":"c55a6c1d2e6b3a859e7c1c94a3258268af53f033","isMergeCommit":false,"messageTitle":"Remove unused imports","messageBody":"","fileTypesAndContributionMap":{"functional-code":{"insertions":0,"deletions":2}}},{"hash":"a84503a18ec20657401e0a9605a66f0ac4a35e47","isMergeCommit":false,"messageTitle":"Fix gradle checkstyle issues","messageBody":"","fileTypesAndContributionMap":{"functional-code":{"insertions":7,"deletions":2},"test-code":{"insertions":0,"deletions":2}}},{"hash":"a602006864e55ad47050247bf63a6a209d78ec67","isMergeCommit":true,"messageTitle":"Merge pull request #75 from Kishen271828/branch-Sorting","messageBody":"Implement sorting of transaction list by time","fileTypesAndContributionMap":{}},{"hash":"e9ead8974b1ca8cc2e41e419389dc5f102518fea","isMergeCommit":false,"messageTitle":"Update UG based on v1.0 features","messageBody":"","fileTypesAndContributionMap":{"docs":{"insertions":98,"deletions":20}}},{"hash":"2c754e0f47ef159ab0929df5f24f3d5c01fbfffe","isMergeCommit":false,"messageTitle":"Change category for example","messageBody":"","fileTypesAndContributionMap":{"docs":{"insertions":4,"deletions":4}}},{"hash":"8b5a1fd4f51b8cf23eb32924cf8e2761db46d063","isMergeCommit":true,"messageTitle":"Merge pull request #78 from Kishen271828/branch-UG","messageBody":"Update UG based on v1.0 features","fileTypesAndContributionMap":{}},{"hash":"9fcdf5f3489a9ff18ba5a76087432d119e3280c5","isMergeCommit":false,"messageTitle":"Add Category restriction info in UG for transactions","messageBody":"","fileTypesAndContributionMap":{"docs":{"insertions":11,"deletions":7}}},{"hash":"2deffa4f9071970a3ad3650380c90e536b5f8e41","isMergeCommit":false,"messageTitle":"Update UG for v1.0 features","messageBody":"","fileTypesAndContributionMap":{"docs":{"insertions":4,"deletions":3}}},{"hash":"02ea9590ef6cee3f7b185f263552139856e0dda2","isMergeCommit":true,"messageTitle":"Merge branch \u0027master\u0027 of https://github.com/AY2324S2-CS2113-F14-4/tp into branch-UG","messageBody":"","fileTypesAndContributionMap":{}},{"hash":"506afd91815f3b228f92da1ed368297de35329da","isMergeCommit":true,"messageTitle":"Merge pull request #79 from Kishen271828/branch-UG","messageBody":"Update UG for v2.0 features","fileTypesAndContributionMap":{}},{"hash":"8ef9ffe99406d0a0656433321e6f565654ed219c","isMergeCommit":false,"messageTitle":"Update UG","messageBody":"","fileTypesAndContributionMap":{"docs":{"insertions":8,"deletions":2}}},{"hash":"3fd991d3911f26362a7448181775ad7ef73e326d","isMergeCommit":true,"messageTitle":"Merge pull request #82 from Kishen271828/branch-UG","messageBody":"Update UG","tags":["v2.0"],"fileTypesAndContributionMap":{}}]},{"date":"2024-04-05","commitResults":[{"hash":"89426304725d7877ea054312480eddce98ebb015","isMergeCommit":false,"messageTitle":"Add hyperlink","messageBody":"","fileTypesAndContributionMap":{"docs":{"insertions":1,"deletions":1}}},{"hash":"71d93337b0333102c05992b3805aa0587a514276","isMergeCommit":true,"messageTitle":"Merge branch \u0027master\u0027 of https://github.com/AY2324S2-CS2113-F14-4/tp","messageBody":"","fileTypesAndContributionMap":{}},{"hash":"93f87962781822718364f398947f4471b82969ce","isMergeCommit":true,"messageTitle":"Merge pull request #83 from Kishen271828/master","messageBody":"Update UG","fileTypesAndContributionMap":{}}]},{"date":"2024-04-12","commitResults":[{"hash":"70c77936eff35448e6addaeb2676b831222aa6f1","isMergeCommit":false,"messageTitle":"Add Kishen271828 contribution in PPP","messageBody":"","fileTypesAndContributionMap":{"docs":{"insertions":55,"deletions":0}}},{"hash":"73a7f1697fdfa0b19f9546381504a318f8caaf4f","isMergeCommit":true,"messageTitle":"Merge pull request #132 from Kishen271828/branch-PPP","messageBody":"Add Kishen271828 contribution in PPP","fileTypesAndContributionMap":{}}]},{"date":"2024-04-14","commitResults":[{"hash":"94a38514e368a3b271d8fc30f89abb770fc4f64a","isMergeCommit":false,"messageTitle":"Add exceptions for invalid index in edit \u0026 delete transaction","messageBody":"","fileTypesAndContributionMap":{"functional-code":{"insertions":76,"deletions":21}}},{"hash":"06bf2f983b4d6472c12efee1205f2a326021b1a1","isMergeCommit":false,"messageTitle":"Fix gradle checkstyle issues","messageBody":"","fileTypesAndContributionMap":{"functional-code":{"insertions":0,"deletions":6}}},{"hash":"a3ba484d3a8d4c52dce02062b71e4cb9e5947dc9","isMergeCommit":false,"messageTitle":"Remove unused Exceptions","messageBody":"","fileTypesAndContributionMap":{"functional-code":{"insertions":8,"deletions":16}}},{"hash":"ea0050a6b3a75e2ac78818ae581d1d5530b482d1","isMergeCommit":true,"messageTitle":"Merge pull request #138 from Kishen271828/master","messageBody":"Add exceptions for invalid index in edit \u0026 delete transaction","fileTypesAndContributionMap":{}},{"hash":"6a85779b5ee2897753e69c9f393e7d0f19b17f0f","isMergeCommit":false,"messageTitle":"Add OTHER category for reminders","messageBody":"","fileTypesAndContributionMap":{"functional-code":{"insertions":1,"deletions":1},"docs":{"insertions":8,"deletions":9}}}]},{"date":"2024-04-15","commitResults":[{"hash":"d65b0d78e31739ce22639ffaba07be41bf4290b7","isMergeCommit":true,"messageTitle":"Merge branch \u0027master\u0027 of https://github.com/AY2324S2-CS2113-F14-4/tp","messageBody":"","fileTypesAndContributionMap":{}},{"hash":"0f446dd67a5fa10f8aeb46a1cb0287e266ff34ac","isMergeCommit":false,"messageTitle":"Update UG","messageBody":"","fileTypesAndContributionMap":{"docs":{"insertions":1,"deletions":1}}},{"hash":"1e2af6d9a5f5bbabfebcdc8450b64fdf0f66f9c7","isMergeCommit":false,"messageTitle":"Add line dividers to improve UI","messageBody":"","fileTypesAndContributionMap":{"functional-code":{"insertions":8,"deletions":2}}},{"hash":"1204c09d76493917ebfdcbe129ed665d5af42d5c","isMergeCommit":true,"messageTitle":"Merge branch \u0027master\u0027 of https://github.com/AY2324S2-CS2113-F14-4/tp","messageBody":"","fileTypesAndContributionMap":{}},{"hash":"6213705fa41078a85ed57491d814f63ccc13c71a","isMergeCommit":false,"messageTitle":"Make welcome message appear only upon login","messageBody":"","fileTypesAndContributionMap":{"functional-code":{"insertions":12,"deletions":9}}},{"hash":"509ebb33b922521d7b9c89e252d1c19361b8d92f","isMergeCommit":false,"messageTitle":"Update Dylan in AboutUs","messageBody":"","fileTypesAndContributionMap":{"docs":{"insertions":1,"deletions":1}}},{"hash":"668bfe98599ddc7bcc468ddeca1a25a0d8ea3d2a","isMergeCommit":true,"messageTitle":"Merge pull request #141 from Kishen271828/master","messageBody":"Improve UI, update UG","fileTypesAndContributionMap":{}},{"hash":"f5239b5703c3dbc9a5322715d0d02fed078ac7db","isMergeCommit":false,"messageTitle":"Fix AboutUs portfolio link","messageBody":"","fileTypesAndContributionMap":{"docs":{"insertions":2,"deletions":2}}},{"hash":"cfedd5783c4270ee61b5f4d0389e2cb1cfe5f4c9","isMergeCommit":false,"messageTitle":"Update UG","messageBody":"","fileTypesAndContributionMap":{"docs":{"insertions":30,"deletions":12}}},{"hash":"497ea8b0637dceb5c9376490ea6c4ddbd733756a","isMergeCommit":false,"messageTitle":"Update AboutUs with correct link","messageBody":"","fileTypesAndContributionMap":{"docs":{"insertions":4,"deletions":4}}},{"hash":"350851d2bde34203e08b413083de9a97864e31cb","isMergeCommit":false,"messageTitle":"Correct getNthInflow,outflow,reminder from list functions","messageBody":"","fileTypesAndContributionMap":{"functional-code":{"insertions":4,"deletions":3},"docs":{"insertions":6,"deletions":5}}},{"hash":"b6e1f293f810fe4c8949c59d18bf163f97d50aa6","isMergeCommit":false,"messageTitle":"Update AboutUs for everyone","messageBody":"","fileTypesAndContributionMap":{"docs":{"insertions":6,"deletions":6}}},{"hash":"64377f40d8b74c3c4f259285ae7014fb70d46294","isMergeCommit":true,"messageTitle":"Merge pull request #142 from Kishen271828/master","messageBody":"Bug fixes","fileTypesAndContributionMap":{}},{"hash":"bc67f8ace1e4bb1c4babdc073d46dfea0513881b","isMergeCommit":true,"messageTitle":"Merge pull request #144 from dylansiew/master","messageBody":"username bug","fileTypesAndContributionMap":{}}]}],"chenhowy":[{"date":"2024-03-14","commitResults":[{"hash":"a4c9471b3db3b5b0d100305cb7843478577d386f","isMergeCommit":false,"messageTitle":"Added Storage class to load and store data","messageBody":"","fileTypesAndContributionMap":{"functional-code":{"insertions":85,"deletions":6}}},{"hash":"2433db0189c5dee3918141d002f511a514362ffb","isMergeCommit":false,"messageTitle":"Added UI class to handle user interactions","messageBody":"","fileTypesAndContributionMap":{"functional-code":{"insertions":24,"deletions":8}}},{"hash":"1d4288c0d24963c8f5894f690283df37153ff584","isMergeCommit":true,"messageTitle":"Merge pull request #21 from chenhowy/master","messageBody":"Added Storage and UI classes","fileTypesAndContributionMap":{}}]},{"date":"2024-03-15","commitResults":[{"hash":"257d3893de78548acc3adfc23142869b386b23a8","isMergeCommit":false,"messageTitle":"Added junit test for toSave","messageBody":"","fileTypesAndContributionMap":{"test-code":{"insertions":23,"deletions":0}}}]},{"date":"2024-03-16","commitResults":[{"hash":"1159e4564bb8cd5ff4b0acae88f9a4e1f28c310d","isMergeCommit":true,"messageTitle":"Merge pull request #32 from chenhowy/master","messageBody":"Added junit test for toSave","fileTypesAndContributionMap":{}}]},{"date":"2024-03-21","commitResults":[{"hash":"f01264214adaec106c4c54a25d3ef2eb2551bf49","isMergeCommit":false,"messageTitle":"Added help command","messageBody":"","fileTypesAndContributionMap":{"functional-code":{"insertions":28,"deletions":5}}},{"hash":"bc73d6318f409866c532f1ac66d91167d90a0273","isMergeCommit":false,"messageTitle":"Added assertion for transactionInfo","messageBody":"","fileTypesAndContributionMap":{"functional-code":{"insertions":1,"deletions":0}}},{"hash":"a4232ee0c98386abca99b77ab5c2d2a526ab4a67","isMergeCommit":true,"messageTitle":"Merge pull request #46 from chenhowy/master","messageBody":"Added help command and assertion for transaction info","fileTypesAndContributionMap":{}}]},{"date":"2024-03-29","commitResults":[{"hash":"b0a290db9764abf2fa699a24cdfab56a280d8f73","isMergeCommit":false,"messageTitle":"Updated DG","messageBody":"","fileTypesAndContributionMap":{"docs":{"insertions":23,"deletions":0}}},{"hash":"d118630db2edb9005583783f4722cd15c7dce058","isMergeCommit":true,"messageTitle":"Merge pull request #59 from chenhowy/master","messageBody":"Updated DG","fileTypesAndContributionMap":{}}]},{"date":"2024-03-30","commitResults":[{"hash":"25356a4b075222d7b0711db1563e2c9e6429b3a3","isMergeCommit":false,"messageTitle":"Added feature to handle multiple users","messageBody":"","fileTypesAndContributionMap":{"functional-code":{"insertions":70,"deletions":34},"test-code":{"insertions":3,"deletions":1}}},{"hash":"917bf630239149533865417520deefe5c83059f6","isMergeCommit":true,"messageTitle":"Merge pull request #62 from chenhowy/master","messageBody":"Added feature to handle multiple users","fileTypesAndContributionMap":{}}]},{"date":"2024-03-31","commitResults":[{"hash":"1675cd40e142afcc2dea62a9efa6da6878aa2b70","isMergeCommit":false,"messageTitle":"Added feature to set reminders for future payments. Added a quick report for when user logs in.","messageBody":"","fileTypesAndContributionMap":{"functional-code":{"insertions":267,"deletions":17},"test-code":{"insertions":11,"deletions":3}}},{"hash":"2107aa4045d5e5839648796e78984476ee503b67","isMergeCommit":true,"messageTitle":"Merge pull request #67 from chenhowy/master","messageBody":"Added reminders for future payments and quick report","fileTypesAndContributionMap":{}}]},{"date":"2024-04-03","commitResults":[{"hash":"016614a87640e7610300e155b579e0711622115d","isMergeCommit":false,"messageTitle":"Added a feature to generate report for a past month, updated getQuickReport to show reminders that have not passed.","messageBody":"","fileTypesAndContributionMap":{"functional-code":{"insertions":136,"deletions":10}}},{"hash":"83c3859ed8b446f96cb0e1e1084780291439510d","isMergeCommit":true,"messageTitle":"Merge pull request #72 from chenhowy/master","messageBody":"Added a feature to generate report for a past month","fileTypesAndContributionMap":{}}]},{"date":"2024-04-04","commitResults":[{"hash":"d2c7392622c8856e74e56aa76ada5996b28e372e","isMergeCommit":false,"messageTitle":"Updated UG","messageBody":"","fileTypesAndContributionMap":{"docs":{"insertions":57,"deletions":2}}},{"hash":"d55b1bb15a8cf1baa98bccb6a6aa8add72e69066","isMergeCommit":true,"messageTitle":"Merge pull request #81 from chenhowy/master","messageBody":"Updated UG","fileTypesAndContributionMap":{}}]},{"date":"2024-04-12","commitResults":[{"hash":"0dfe6e18d9d39c64a3f88a4eaa4e29954aa177ea","isMergeCommit":false,"messageTitle":"Updated PPP for chenhowy","messageBody":"","fileTypesAndContributionMap":{"docs":{"insertions":47,"deletions":0}}},{"hash":"7da853d023c11c8f72e29344f3b670913a249eb1","isMergeCommit":true,"messageTitle":"Merge pull request #133 from chenhowy/master","messageBody":"Updated PPP for chenhowy","fileTypesAndContributionMap":{}}]},{"date":"2024-04-13","commitResults":[{"hash":"9a3cf9a531f518e07999588901e1351935c68eaf","isMergeCommit":false,"messageTitle":"Fixed delete-reminder, delete-inflow, delete-outflow to delete at correct index","messageBody":"","fileTypesAndContributionMap":{"functional-code":{"insertions":9,"deletions":6}}},{"hash":"c89aa9f73950e02e72c14c9d3e01a7e15eb308a4","isMergeCommit":false,"messageTitle":"Fixed help command showing incorrect information, fixed edit reminder not working.","messageBody":"","fileTypesAndContributionMap":{"functional-code":{"insertions":2,"deletions":2}}},{"hash":"a7370c241adeacd68767f617c3c6d705c6cd1e01","isMergeCommit":false,"messageTitle":"Fixed generate-report accepting inputs that do not make sense","messageBody":"","fileTypesAndContributionMap":{"functional-code":{"insertions":3,"deletions":0}}},{"hash":"7c4a5d989a7df387cf3083b5d7a8b70762319b59","isMergeCommit":false,"messageTitle":"Fixed invalid date inputs causing null dateTime","messageBody":"","fileTypesAndContributionMap":{"functional-code":{"insertions":9,"deletions":0}}},{"hash":"de502c0bba309ab0f082dffb7c4c843921e03142","isMergeCommit":true,"messageTitle":"Merge pull request #135 from chenhowy/master","messageBody":"Fixed several bugs","fileTypesAndContributionMap":{}}]},{"date":"2024-04-15","commitResults":[{"hash":"8773e5ee54c4312acacff61639ebb14ae97f9611","isMergeCommit":false,"messageTitle":"Added JavaDoc comments to methods","messageBody":"","fileTypesAndContributionMap":{"functional-code":{"insertions":100,"deletions":17}}},{"hash":"80293cd7ede099728c1d06cb2097759102e15a50","isMergeCommit":true,"messageTitle":"Merge pull request #139 from chenhowy/master","messageBody":"Added JavaDoc comments to methods","fileTypesAndContributionMap":{}}]}],"dylansiew":[{"date":"2024-03-05","commitResults":[{"hash":"050c2c297c33d362a3c9e66fe2748a501b3921c6","isMergeCommit":false,"messageTitle":"Update README.md","messageBody":"","fileTypesAndContributionMap":{"docs":{"insertions":1,"deletions":1}}}]},{"date":"2024-03-08","commitResults":[{"hash":"02a372503eb9e002065a186f1216808238e4f4b3","isMergeCommit":false,"messageTitle":"feature: outflow/inflow managers","messageBody":"","fileTypesAndContributionMap":{"functional-code":{"insertions":250,"deletions":35}}},{"hash":"28fd31f884e53de26023fc9786720d6c5760285b","isMergeCommit":false,"messageTitle":"abstraction of transactionlist","messageBody":"","fileTypesAndContributionMap":{"functional-code":{"insertions":49,"deletions":9}}},{"hash":"67798049e472c229e7eaa6a0e219f391b304e37b","isMergeCommit":false,"messageTitle":"change md","messageBody":"","fileTypesAndContributionMap":{"docs":{"insertions":1,"deletions":1}}}]},{"date":"2024-03-13","commitResults":[{"hash":"36fa3fd47322849dd042166312ffb4cc111ea7a0","isMergeCommit":false,"messageTitle":"bug: fixed all gradle flagged issues","messageBody":"","fileTypesAndContributionMap":{"functional-code":{"insertions":18,"deletions":16}}},{"hash":"6cf07fe885fa84ab69c142b9086d99cbb7edb1d2","isMergeCommit":false,"messageTitle":"fix: gradle io redirection failure","messageBody":"","fileTypesAndContributionMap":{"functional-code":{"insertions":2,"deletions":2},"other":{"insertions":24,"deletions":2},"test-code":{"insertions":0,"deletions":12}}},{"hash":"f2fc50be45e3c51de571db67220d0b16f691a1cf","isMergeCommit":false,"messageTitle":"fix: set time for all","messageBody":"","fileTypesAndContributionMap":{"functional-code":{"insertions":3,"deletions":3}}},{"hash":"16af8d0b9fe7df695b6967719800325460a69cb1","isMergeCommit":false,"messageTitle":"fix: Am/PM text","messageBody":"","fileTypesAndContributionMap":{"functional-code":{"insertions":2,"deletions":1}}},{"hash":"9de043fded21990ad0b4f6e02294fce5de669064","isMergeCommit":true,"messageTitle":"Merge branch \u0027AY2324S2-CS2113-F14-4:master\u0027 into master","messageBody":"","fileTypesAndContributionMap":{}}]},{"date":"2024-03-15","commitResults":[{"hash":"efc5f41ade0798a24805cb2ef3ad0708b3c4b329","isMergeCommit":true,"messageTitle":"Merge pull request #18 from dylansiew/master","messageBody":"change md","fileTypesAndContributionMap":{}},{"hash":"02124100d00bceffc9aa0993418a94c037c78ed5","isMergeCommit":false,"messageTitle":"feature: junit test","messageBody":"","fileTypesAndContributionMap":{"functional-code":{"insertions":0,"deletions":13},"other":{"insertions":8,"deletions":0},"test-code":{"insertions":14,"deletions":0}}},{"hash":"7293e063b68ec55da7409b3703f81ba9381f6d06","isMergeCommit":true,"messageTitle":"Merge pull request #27 from dylansiew/master","messageBody":"feature: junit test","fileTypesAndContributionMap":{}},{"hash":"d7184227af0430bfbd4fe09f4b6c9cd0b58eddf7","isMergeCommit":false,"messageTitle":"Update build.gradle","messageBody":"","fileTypesAndContributionMap":{"other":{"insertions":0,"deletions":7}}},{"hash":"853d2889f30f4748f45f4d9ebc3ee571e79e521c","isMergeCommit":false,"messageTitle":"bug: wrong test format","messageBody":"","fileTypesAndContributionMap":{"functional-code":{"insertions":1,"deletions":1},"other":{"insertions":2,"deletions":7},"test-code":{"insertions":1,"deletions":13}}},{"hash":"30c4601583d1c0850da8398b71015b1c124fb0b6","isMergeCommit":true,"messageTitle":"Merge branch \u0027master\u0027 into master","messageBody":"","fileTypesAndContributionMap":{}},{"hash":"c8b8429ed73fd6d756c14b9104fe68607f5bfca2","isMergeCommit":true,"messageTitle":"Merge pull request #28 from dylansiew/master","messageBody":"bug: wrong test format","fileTypesAndContributionMap":{}},{"hash":"ea453d2152f0c36a5a7e18d8f0ab4c41409ea80b","isMergeCommit":false,"messageTitle":"removal of buggy code","messageBody":"","fileTypesAndContributionMap":{"functional-code":{"insertions":0,"deletions":1}}},{"hash":"7ca326ce312486e05d22b64217f99c23bb90fa3c","isMergeCommit":false,"messageTitle":"fixing of buggy code","messageBody":"","fileTypesAndContributionMap":{"functional-code":{"insertions":5,"deletions":1}}},{"hash":"231194d9c5cf177876f5d1fd76aca51cf2e9fb3b","isMergeCommit":false,"messageTitle":"fixing buggy merges","messageBody":"","fileTypesAndContributionMap":{"test-code":{"insertions":8,"deletions":6}}},{"hash":"6499742073efcf76ff9b2516faacaa1770e4be59","isMergeCommit":true,"messageTitle":"Merge pull request #29 from dylansiew/master","messageBody":"fixing buggy merges","fileTypesAndContributionMap":{}},{"hash":"4682a0833dac096a75a78c9d52c3a33dd3f1ca40","isMergeCommit":false,"messageTitle":"fixing buggy merges","messageBody":"","fileTypesAndContributionMap":{"other":{"insertions":2,"deletions":2}}},{"hash":"962981f9c7c2965016aed576d8ea8bfb7d62cf5c","isMergeCommit":true,"messageTitle":"Merge branch \u0027master\u0027 into master","messageBody":"","fileTypesAndContributionMap":{}},{"hash":"647880fb6442a510a1ce8700ed332532a8159350","isMergeCommit":true,"messageTitle":"Merge pull request #30 from dylansiew/master","messageBody":"fixing buggy merges","fileTypesAndContributionMap":{}}]},{"date":"2024-03-19","commitResults":[{"hash":"cdf7c01906c100fea91289a7a2a9d71c0011867a","isMergeCommit":false,"messageTitle":"update: command class","messageBody":"","fileTypesAndContributionMap":{"functional-code":{"insertions":233,"deletions":148},"other":{"insertions":1,"deletions":1},"test-code":{"insertions":21,"deletions":9}}},{"hash":"baee009d2a7e61230145812023de93ec8a0d2cb8","isMergeCommit":false,"messageTitle":"delete parsertest","messageBody":"","fileTypesAndContributionMap":{"test-code":{"insertions":0,"deletions":37}}},{"hash":"0056ddc449acdda85017eab9ff25c100cb1885df","isMergeCommit":true,"messageTitle":"Merge pull request #38 from dylansiew/master","messageBody":"delete parsertest","fileTypesAndContributionMap":{}}]},{"date":"2024-03-21","commitResults":[{"hash":"8118dcc07be09d9037f7e4e4997d102c8649faa3","isMergeCommit":false,"messageTitle":"refactor","messageBody":"","fileTypesAndContributionMap":{"functional-code":{"insertions":46,"deletions":55},"test-code":{"insertions":0,"deletions":25}}},{"hash":"eeeae092907f252fee0cbdfe268a142cfec3ff86","isMergeCommit":false,"messageTitle":"resolving errors","messageBody":"","fileTypesAndContributionMap":{"functional-code":{"insertions":23,"deletions":24},"test-code":{"insertions":2,"deletions":2}}},{"hash":"42e04001aeca911fba952be06bcc1437a319edef","isMergeCommit":true,"messageTitle":"resolve errors","messageBody":"","fileTypesAndContributionMap":{}},{"hash":"7555d83e2f6e6fd0af259e89b06c987d5bb3211a","isMergeCommit":false,"messageTitle":"error in printing","messageBody":"","fileTypesAndContributionMap":{"functional-code":{"insertions":0,"deletions":3}}},{"hash":"5eeb9c19cafa9ada82809b03d56acab264317c29","isMergeCommit":true,"messageTitle":"Merge pull request #48 from dylansiew/master","messageBody":"resolving issues","tags":["type.Story"],"fileTypesAndContributionMap":{}}]},{"date":"2024-03-29","commitResults":[{"hash":"2eebc4c6dccf3e6f709187e2799cdc26b543065a","isMergeCommit":false,"messageTitle":"md","messageBody":"","fileTypesAndContributionMap":{"docs":{"insertions":57,"deletions":10}}},{"hash":"19c51c72b120d5a257af0e2438ca33caeb0a18c1","isMergeCommit":true,"messageTitle":"Merge pull request #53 from dylansiew/master","messageBody":"md","fileTypesAndContributionMap":{}}]},{"date":"2024-03-30","commitResults":[{"hash":"b7daccc84b0c7502c0a19c782ea2c41347d99ce6","isMergeCommit":false,"messageTitle":"implemeting oop concepts","messageBody":"","fileTypesAndContributionMap":{"functional-code":{"insertions":87,"deletions":129},"test-code":{"insertions":40,"deletions":7}}},{"hash":"e0e74abeae3f125980a45497b1e493dc8e5ac1d9","isMergeCommit":true,"messageTitle":"Merge pull request #65 from dylansiew/master","messageBody":"implemeting oop concepts","fileTypesAndContributionMap":{}}]},{"date":"2024-04-01","commitResults":[{"hash":"005cea211090af068ddcb7e76e04d2ce5de34516","isMergeCommit":false,"messageTitle":"typo handling","messageBody":"","fileTypesAndContributionMap":{"functional-code":{"insertions":1,"deletions":1}}}]},{"date":"2024-04-02","commitResults":[{"hash":"d4c7660b4224b2ca5758439d2d7b68e47225034e","isMergeCommit":true,"messageTitle":"Merge pull request #70 from dylansiew/master","messageBody":"typo handling","fileTypesAndContributionMap":{}}]},{"date":"2024-04-04","commitResults":[{"hash":"b5214b426d59b93360791769f04bef2de836c037","isMergeCommit":false,"messageTitle":"closing scanner","messageBody":"","fileTypesAndContributionMap":{"functional-code":{"insertions":14,"deletions":16}}},{"hash":"1531954707f8314fd30063204c4821bba91be0e2","isMergeCommit":false,"messageTitle":"closing scanner","messageBody":"","fileTypesAndContributionMap":{"functional-code":{"insertions":5,"deletions":14}}},{"hash":"694dde8d812bebf85ec57419f5a5d6b813e9ca6f","isMergeCommit":false,"messageTitle":"handling errors when loading file and setting mock user for demo purposes","messageBody":"","fileTypesAndContributionMap":{"functional-code":{"insertions":22,"deletions":27}}},{"hash":"49e0a3acdace9bd3159cfd929aff222ac54bc4d7","isMergeCommit":false,"messageTitle":"removing all print statements","messageBody":"","fileTypesAndContributionMap":{"functional-code":{"insertions":64,"deletions":81},"test-code":{"insertions":16,"deletions":2}}},{"hash":"8a4550e8b0dc70b93856ef1ab7b8209ec5ce1eff","isMergeCommit":true,"messageTitle":"Merge remote-tracking branch \u0027origin/master\u0027","messageBody":"# Conflicts:\n#\tdata/Bob.txt\n#\tsrc/main/java/financeproject/Main.java\n#\tsrc/main/java/storage/Storage.java\n","fileTypesAndContributionMap":{}},{"hash":"ffa999b675a9a0d1bdef196cd337eb738ef389ad","isMergeCommit":false,"messageTitle":"resolving merge conflicts","messageBody":"","fileTypesAndContributionMap":{"functional-code":{"insertions":9,"deletions":18}}},{"hash":"7942f571cfdc17414b59967e99d6c621e3dd62f1","isMergeCommit":true,"messageTitle":"resolving merge conflicts","messageBody":"","fileTypesAndContributionMap":{}},{"hash":"ae4d45dcd1b48617ddc6982c4251534b6e19dce2","isMergeCommit":false,"messageTitle":"fixing user error","messageBody":"","fileTypesAndContributionMap":{"functional-code":{"insertions":8,"deletions":7}}},{"hash":"e9290509492442409b0c60500962f1bc560ac6aa","isMergeCommit":false,"messageTitle":"removing import","messageBody":"","fileTypesAndContributionMap":{"functional-code":{"insertions":0,"deletions":1}}},{"hash":"19a13a362715bd158a4c8190e6ffec508ec4c318","isMergeCommit":false,"messageTitle":"fixing bugs","messageBody":"","fileTypesAndContributionMap":{"functional-code":{"insertions":2,"deletions":2}}},{"hash":"1cc162ea870c55e723f3686de0959e46c0a833c3","isMergeCommit":false,"messageTitle":"adding diagrams","messageBody":"","fileTypesAndContributionMap":{"docs":{"insertions":7,"deletions":1}}}]},{"date":"2024-04-05","commitResults":[{"hash":"ee8dcb30010d0cb47df8b95a742510a632777971","isMergeCommit":false,"messageTitle":"using of ui to print","messageBody":"","fileTypesAndContributionMap":{"functional-code":{"insertions":63,"deletions":100},"test-code":{"insertions":17,"deletions":7}}},{"hash":"81f4a2be535fdbc5f24c346ec983729d3263a6a0","isMergeCommit":true,"messageTitle":"Merge remote-tracking branch \u0027refs/remotes/origin/master\u0027","messageBody":"","fileTypesAndContributionMap":{}},{"hash":"8266a43c39324c11d93aed466ac079beb8472f94","isMergeCommit":false,"messageTitle":"fixing of scanner","messageBody":"","fileTypesAndContributionMap":{"functional-code":{"insertions":25,"deletions":9}}},{"hash":"b414e5de7c4d80a7617501919cd6cfb0c0f1cf2e","isMergeCommit":false,"messageTitle":"resolving formatting errors","messageBody":"","fileTypesAndContributionMap":{"functional-code":{"insertions":5,"deletions":3}}},{"hash":"a1d05685fddb23e1510ca375e12db845ac9e2b7f","isMergeCommit":true,"messageTitle":"Merge pull request #86 from dylansiew/master","messageBody":"resolving print statements","fileTypesAndContributionMap":{}},{"hash":"88e4681e4a6a4284b299de1d20065f38e4dee69c","isMergeCommit":false,"messageTitle":"adding more FAQ","messageBody":"","fileTypesAndContributionMap":{"docs":{"insertions":24,"deletions":0}}},{"hash":"5e49f2870216af2cb553c309e68dc03c64b98bf2","isMergeCommit":true,"messageTitle":"Merge pull request #87 from dylansiew/master","messageBody":"adding more FAQ","fileTypesAndContributionMap":{}},{"hash":"51d56aae82c766bd032965e6ec5da2c7a28a44b8","isMergeCommit":false,"messageTitle":"Update DeveloperGuide.md","messageBody":"","fileTypesAndContributionMap":{"docs":{"insertions":3,"deletions":0}}}]},{"date":"2024-04-11","commitResults":[{"hash":"7846a510e5a71f282ece38ab8c187bfa3555b3f9","isMergeCommit":false,"messageTitle":"PPP","messageBody":"","fileTypesAndContributionMap":{"docs":{"insertions":69,"deletions":0}}},{"hash":"da5b5ecc2281e08b28ab8bc8310b276b9bcefe2a","isMergeCommit":true,"messageTitle":"Merge pull request #131 from dylansiew/master","messageBody":"PPP","fileTypesAndContributionMap":{}}]},{"date":"2024-04-13","commitResults":[{"hash":"cef5ebc1a8f5b4e882494459ca765df87c5faddf","isMergeCommit":false,"messageTitle":"fixing bugs","messageBody":"","fileTypesAndContributionMap":{"functional-code":{"insertions":32,"deletions":15}}},{"hash":"7a77063d53dfab71fece79d4654622f8f33ea5a3","isMergeCommit":true,"messageTitle":"Merge pull request #136 from dylansiew/master","messageBody":"fixing bugs","fileTypesAndContributionMap":{}}]},{"date":"2024-04-15","commitResults":[{"hash":"f3b9580c672e80e28bae35dd9c0878a4ccbbe9a4","isMergeCommit":false,"messageTitle":"username bug","messageBody":"","fileTypesAndContributionMap":{"functional-code":{"insertions":4,"deletions":0}}}]}]},"authorFileTypeContributionMap":{"ChongXern":{"docs":81,"functional-code":838,"test-code":65,"other":1},"Kishen271828":{"docs":208,"functional-code":485,"test-code":38},"chenhowy":{"docs":120,"functional-code":567,"test-code":28},"dylansiew":{"docs":152,"functional-code":452,"test-code":64,"other":26}},"authorContributionVariance":{"ChongXern":18582.941,"Kishen271828":3922.247,"chenhowy":2646.3765,"dylansiew":9927.445},"authorDisplayNameMap":{"ChongXern":"CS2113-F14-4 HU C..XERN","Kishen271828":"CS2113-F14-4 GAND..SHEN","chenhowy":"CS2113-F14-4 YONG.. HOW","dylansiew":"CS2113-F14-4 SIEW..YLAN"}}
