{"authorDailyContributionsMap":{"ZhangWenyue3325":[{"date":"2024-03-06","commitResults":[{"hash":"a2a4a68cea72a5562f25bb16b8d2aad997f8ed31","isMergeCommit":false,"messageTitle":"wenyue, about us","messageBody":"","fileTypesAndContributionMap":{"docs":{"insertions":5,"deletions":4}}},{"hash":"08a38a1336eecbbd119b613ce6fea9c28adacfa9","isMergeCommit":false,"messageTitle":"Wenyue","messageBody":"","fileTypesAndContributionMap":{"docs":{"insertions":1,"deletions":0}}},{"hash":"c7f740edb68d7c1838748062ef7c294dade501e9","isMergeCommit":true,"messageTitle":"Merge pull request #7 from ZhangWenyue3325/wenyue-aboutus","messageBody":"Wenyue aboutus","fileTypesAndContributionMap":{}}]},{"date":"2024-03-19","commitResults":[{"hash":"7e5f48429424703f1f197741482c55b0dc0d560f","isMergeCommit":false,"messageTitle":"Add in task related functins and JUnit test","messageBody":"","fileTypesAndContributionMap":{"functional-code":{"insertions":334,"deletions":23},"test-code":{"insertions":12,"deletions":0}}},{"hash":"457b16942f637063ee6a2df791ff703e329e2d96","isMergeCommit":true,"messageTitle":"Merge pull request #29 from ZhangWenyue3325/features_related_to_grades","messageBody":"Add in task related functins and JUnit test","fileTypesAndContributionMap":{}}]},{"date":"2024-03-24","commitResults":[{"hash":"c0d5461484bce4f386119c37f9236043439f374d","isMergeCommit":false,"messageTitle":"Add Assertions for grade-related methods.","messageBody":"","fileTypesAndContributionMap":{"functional-code":{"insertions":7,"deletions":0}}},{"hash":"cbcce46c9198586b4e458bc82a8237ce724a979b","isMergeCommit":true,"messageTitle":"Merge pull request #40 from ZhangWenyue3325/master","messageBody":"Add Assertions for grade-related methods.","fileTypesAndContributionMap":{}}]}],"cirelesna":[{"date":"2024-03-06","commitResults":[{"hash":"086572d17c54fb23dfdd161573eb6f7982f74a0c","isMergeCommit":false,"messageTitle":"Updated AboutUS.md","messageBody":"","fileTypesAndContributionMap":{"docs":{"insertions":5,"deletions":4}}},{"hash":"11c3eb65e40f2f07483dcef7f481c926e712fb82","isMergeCommit":true,"messageTitle":"Merge branch \u0027Ansel-AboutUs\u0027","messageBody":"# Conflicts:\n#\tdocs/AboutUs.md\n","fileTypesAndContributionMap":{}}]},{"date":"2024-03-18","commitResults":[{"hash":"d11e641c41bfba0f63f3b7bb9d3d21fc181b565e","isMergeCommit":false,"messageTitle":"Added PlaNus.java","messageBody":"","fileTypesAndContributionMap":{"functional-code":{"insertions":43,"deletions":21},"other":{"insertions":10,"deletions":10}}},{"hash":"a1f885094c405888c3983acfa939c28ac33d294a","isMergeCommit":true,"messageTitle":"Merge pull request #22 from AY2324S2-CS2113-W12-1/Branch-MainClass","messageBody":"Added PlaNus.java","fileTypesAndContributionMap":{}},{"hash":"722d3fa1124300d47b83b6fb64b1d4b93e9f37d9","isMergeCommit":false,"messageTitle":"Added Parser.java","messageBody":"","fileTypesAndContributionMap":{"functional-code":{"insertions":68,"deletions":3}}},{"hash":"94c7f00ca758b7402fdd5fb941cfe689ce03c121","isMergeCommit":false,"messageTitle":"Added header comments to PlaNus.java and Parser.java","messageBody":"","fileTypesAndContributionMap":{"functional-code":{"insertions":22,"deletions":1}}},{"hash":"74248893e0be3af3d885d1217ee06014c09b140b","isMergeCommit":true,"messageTitle":"Merge pull request #23 from AY2324S2-CS2113-W12-1/Branch-Parser","messageBody":"Branch parser","fileTypesAndContributionMap":{}},{"hash":"8d4b38151b0a2d7cc8dbe0d98f4459090f3956b6","isMergeCommit":false,"messageTitle":"Edited main to get application running","messageBody":"","fileTypesAndContributionMap":{"functional-code":{"insertions":14,"deletions":23}}},{"hash":"0d1efdd7f4da6f7860edcf985708e3fc556e9490","isMergeCommit":true,"messageTitle":"Merge pull request #28 from AY2324S2-CS2113-W12-1/Branch-Parser","messageBody":"Edited main to get application running","fileTypesAndContributionMap":{}},{"hash":"39523dca762de19a9df8718f7c10744c02caa543","isMergeCommit":false,"messageTitle":"Fixed bug to get view function working","messageBody":"","fileTypesAndContributionMap":{"functional-code":{"insertions":1,"deletions":1}}}]},{"date":"2024-03-20","commitResults":[{"hash":"841ca8dcd59a14536f79aea0cd9eb3d145a3fbfb","isMergeCommit":false,"messageTitle":"Enabled Assertions","messageBody":"","fileTypesAndContributionMap":{"functional-code":{"insertions":1,"deletions":0},"other":{"insertions":2,"deletions":1}}},{"hash":"e20ac54d9eca9200008afe536a3f10791510b63c","isMergeCommit":false,"messageTitle":"debug checkstyle error","messageBody":"","fileTypesAndContributionMap":{"functional-code":{"insertions":2,"deletions":1}}}]},{"date":"2024-03-22","commitResults":[{"hash":"16b6fd99acd8f0f634c1dc04b9e93195b7e47fef","isMergeCommit":false,"messageTitle":"Init method fix","messageBody":"","fileTypesAndContributionMap":{"functional-code":{"insertions":8,"deletions":14}}},{"hash":"27e0a9adfd65bf3a3ec434025eec75d1c4e02612","isMergeCommit":true,"messageTitle":"Merge pull request #36 from AY2324S2-CS2113-W12-1/Branch-FixInit","messageBody":"Init method fix","fileTypesAndContributionMap":{}}]},{"date":"2024-03-26","commitResults":[{"hash":"07d05d458151bed930a39212db778cdeb8a48a21","isMergeCommit":false,"messageTitle":"JUnit tests for Parser Class","messageBody":"","fileTypesAndContributionMap":{"test-code":{"insertions":43,"deletions":0}}},{"hash":"c826b38b575da0bae7efe906bab66006b4b68ddb","isMergeCommit":false,"messageTitle":"Fix checkstyle error for import*","messageBody":"","fileTypesAndContributionMap":{"test-code":{"insertions":2,"deletions":1}}},{"hash":"be41ca4c38f23222988ff0eba0385ef298effaec","isMergeCommit":true,"messageTitle":"Merge pull request #47 from AY2324S2-CS2113-W12-1/Branch-JUnit","messageBody":"JUnit tests for Parser Class","fileTypesAndContributionMap":{}},{"hash":"94ecbf9f81e13247b6762f97c39e7e3de4a15069","isMergeCommit":false,"messageTitle":"Fix checkstyle error for import*","messageBody":"","fileTypesAndContributionMap":{"functional-code":{"insertions":17,"deletions":0}}},{"hash":"e52b7dbb3ec77342e8193544ef3966cda67eeb09","isMergeCommit":false,"messageTitle":"Revert \"Fix checkstyle error for import*\"","messageBody":"This reverts commit 94ecbf9f81e13247b6762f97c39e7e3de4a15069.\n","fileTypesAndContributionMap":{"functional-code":{"insertions":0,"deletions":17}}},{"hash":"35e51010406d727379af658a5ed6193d6fda1e27","isMergeCommit":false,"messageTitle":"Add Logging and Assertion for Parser.java","messageBody":"","fileTypesAndContributionMap":{"functional-code":{"insertions":17,"deletions":0}}},{"hash":"c7c6e4830c3f991e43c163bd01ee430707f30c8d","isMergeCommit":true,"messageTitle":"Merge pull request #50 from AY2324S2-CS2113-W12-1/Branch-ParserLoggingAndAssertions","messageBody":"Branch parser logging and assertions","fileTypesAndContributionMap":{}}]}],"iscyng":[{"date":"2024-03-06","commitResults":[{"hash":"05a3bd4d74ed2a093c67cbd1a226ea66cbcb6ffa","isMergeCommit":false,"messageTitle":"Updated Isaac-AboutUs","messageBody":"","fileTypesAndContributionMap":{"docs":{"insertions":3,"deletions":7}}},{"hash":"8e2f811a96c3cadfd8c94a64d9d84c92807cb465","isMergeCommit":true,"messageTitle":"Merge pull request #2 from iscyng/Isaac-AboutUs","messageBody":"Updated Isaac-AboutUs","fileTypesAndContributionMap":{}}]},{"date":"2024-03-18","commitResults":[{"hash":"8a5629291a23d7d49cbd12accdf8c847e5592503","isMergeCommit":false,"messageTitle":"Added Ui class and added usage of ui","messageBody":"","fileTypesAndContributionMap":{"functional-code":{"insertions":59,"deletions":6}}},{"hash":"4cc4ad5ed6f3a7563feaed82226221af4193611a","isMergeCommit":true,"messageTitle":"Added Ui class and added usage of ui","messageBody":"","fileTypesAndContributionMap":{}},{"hash":"3d31c1add0879ccdb9fa637f0c60861ffb5f65bf","isMergeCommit":false,"messageTitle":"Added Ui class and added usage of ui","messageBody":"","fileTypesAndContributionMap":{"functional-code":{"insertions":54,"deletions":0}}}]},{"date":"2024-03-24","commitResults":[{"hash":"25586c766b705d74fb27a4548dbd419b1ea4217a","isMergeCommit":false,"messageTitle":"Modified parser such that it will accept grades in BOTH small and caps letter grades","messageBody":"","fileTypesAndContributionMap":{"functional-code":{"insertions":3,"deletions":1}}},{"hash":"8afeae78f8f0e3932cb3240a89b4d486567ad427","isMergeCommit":true,"messageTitle":"Merge pull request #42 from AY2324S2-CS2113-W12-1/Isaac-ParserUpdate","messageBody":"Modified parser such that it will accept grades in BOTH small and cap…","fileTypesAndContributionMap":{}}]}],"Hws2209":[{"date":"2024-03-06","commitResults":[{"hash":"2b1ce38e8e433636c31a1e1d799e09fdb0962545","isMergeCommit":false,"messageTitle":"Update AboutUs.md","messageBody":"","fileTypesAndContributionMap":{"docs":{"insertions":3,"deletions":7}}},{"hash":"7b5a7baa611e4b26f0b71cf7e98eebb39bcd5c6b","isMergeCommit":true,"messageTitle":"Merge branch \u0027master\u0027 into HoWanSing-AboutUs","messageBody":"# Conflicts:\n#\tdocs/AboutUs.md\n","fileTypesAndContributionMap":{}},{"hash":"d57cc83efefd87df98fb0855e2136d4dded5b1b3","isMergeCommit":true,"messageTitle":"Merge pull request #4 from Hws2209/HoWanSing-AboutUs","messageBody":"Update AboutUs.md","fileTypesAndContributionMap":{}},{"hash":"302ec430ab378008a000bfe7f676bff1b898b62b","isMergeCommit":false,"messageTitle":"Update AboutUs","messageBody":"","fileTypesAndContributionMap":{"docs":{"insertions":0,"deletions":3}}},{"hash":"d76e0559420162b78e1d74087e8edce457fd27b0","isMergeCommit":true,"messageTitle":"Merge pull request #5 from Hws2209/HoWanSing-AboutUs","messageBody":"Update AboutUs","fileTypesAndContributionMap":{}}]},{"date":"2024-03-13","commitResults":[{"hash":"93368b469be4b40e1d9de2426dd4cc970315b2fa","isMergeCommit":false,"messageTitle":"Add Course.java","messageBody":"","fileTypesAndContributionMap":{"functional-code":{"insertions":17,"deletions":0}}},{"hash":"bb75af848cf4b2caf457dccdaa6503b0d45c7db8","isMergeCommit":false,"messageTitle":"Add Timetable.java","messageBody":"","fileTypesAndContributionMap":{"functional-code":{"insertions":5,"deletions":0}}}]},{"date":"2024-03-15","commitResults":[{"hash":"b53de66345ac22d65cfa4224025c4a45d5a7f9c2","isMergeCommit":false,"messageTitle":"Add methods and Javadoc comments to Course class","messageBody":"","fileTypesAndContributionMap":{"functional-code":{"insertions":73,"deletions":5}}},{"hash":"51a809bd0ff51a458d2aece78719ccd818f4dc61","isMergeCommit":false,"messageTitle":"Add methods and Javadoc comments to Timetable class","messageBody":"","fileTypesAndContributionMap":{"functional-code":{"insertions":181,"deletions":0}}},{"hash":"d5148dc4db12ad6750e703b47d10d99244883048","isMergeCommit":false,"messageTitle":"Move static attributes above instance-level attributes","messageBody":"","fileTypesAndContributionMap":{"functional-code":{"insertions":1,"deletions":1}}},{"hash":"b36de0431a00f08d3a9a2e068828d4e933cae1a2","isMergeCommit":true,"messageTitle":"Merge pull request #17 from Hws2209/master","messageBody":"Course and Timetable classes for v1.0","fileTypesAndContributionMap":{}}]},{"date":"2024-03-16","commitResults":[{"hash":"c4992608ae587901a14ebf9f3c01b6aea96315d7","isMergeCommit":false,"messageTitle":"Add CourseTest.java","messageBody":"","fileTypesAndContributionMap":{"test-code":{"insertions":30,"deletions":0}}},{"hash":"dbf3b47fb40a59a1568435d21e3f8d609e3fb8df","isMergeCommit":false,"messageTitle":"Add TimetableTest.java","messageBody":"","fileTypesAndContributionMap":{"test-code":{"insertions":50,"deletions":0}}},{"hash":"eb6a68d74aeaad0a1603f9f89f1b11b2f64eff4f","isMergeCommit":true,"messageTitle":"Merge pull request #18 from Hws2209/master","messageBody":"Add JUnit tests for Course and Timetable classes","fileTypesAndContributionMap":{}}]},{"date":"2024-03-21","commitResults":[{"hash":"9dc0dc1030de82f807a882a39eaca1a53f2ffae8","isMergeCommit":false,"messageTitle":"Solve Checkstyle violations","messageBody":"","fileTypesAndContributionMap":{"functional-code":{"insertions":30,"deletions":27}}},{"hash":"2c4703275af3f21533047e0b2a53f44eb4b4d1f8","isMergeCommit":false,"messageTitle":"Solve Checkstyle violations","messageBody":"","fileTypesAndContributionMap":{"functional-code":{"insertions":5,"deletions":4}}},{"hash":"6d4bbdcd6aae761d9b085e0ac92fe156b848c072","isMergeCommit":false,"messageTitle":"Update build.gradle","messageBody":"","fileTypesAndContributionMap":{"other":{"insertions":2,"deletions":2}}},{"hash":"d608a974885beb9cf7a4b7a8b23aae896e7cba19","isMergeCommit":false,"messageTitle":"Update logo of PlaNUS to remove unnecessary spaces","messageBody":"","fileTypesAndContributionMap":{"functional-code":{"insertions":7,"deletions":9}}},{"hash":"6c24b3f55311fb22d8a041df9c54e1bf9239305b","isMergeCommit":true,"messageTitle":"Merge pull request #32 from Hws2209/master","messageBody":"Solve Java CI Checks failing","fileTypesAndContributionMap":{}},{"hash":"2bef46994b80edcdd30711227df300d0be0a23e2","isMergeCommit":false,"messageTitle":"Add some assertions to Course and Timetable classes","messageBody":"","fileTypesAndContributionMap":{"functional-code":{"insertions":15,"deletions":2}}},{"hash":"50a96ee09ac878d6ea441af3b3d8b17d05e41cb7","isMergeCommit":true,"messageTitle":"Merge pull request #33 from Hws2209/v1.0-Assertions","messageBody":"Add some assertions to Course and Timetable classes","fileTypesAndContributionMap":{}},{"hash":"188a708da3405e8610471e024a48cd1bff43366a","isMergeCommit":false,"messageTitle":"Add logger to PlaNus.java","messageBody":"","fileTypesAndContributionMap":{"functional-code":{"insertions":23,"deletions":1}}},{"hash":"509b6cd28cf991d5b879f4319b7f22eb752150c2","isMergeCommit":false,"messageTitle":"Add usage of logging in Timetable class","messageBody":"","fileTypesAndContributionMap":{"functional-code":{"insertions":6,"deletions":2}}},{"hash":"59e2aa5aea7a155e5047e9fc9bfa39563e5ab1e5","isMergeCommit":false,"messageTitle":"List imported classes of logging explicitly","messageBody":"","fileTypesAndContributionMap":{"functional-code":{"insertions":6,"deletions":2}}},{"hash":"a19f9a7da63c1c73930f4bc007df0f7a5612d7c2","isMergeCommit":false,"messageTitle":"Update TimetableTest to match updated exception and logging message","messageBody":"","fileTypesAndContributionMap":{"test-code":{"insertions":2,"deletions":2}}},{"hash":"fcf7d46df8e108f5fad1de30adfc283b1f7a2b38","isMergeCommit":true,"messageTitle":"Merge pull request #34 from Hws2209/v1.0-Logging","messageBody":"Set up logging","fileTypesAndContributionMap":{}}]},{"date":"2024-03-23","commitResults":[{"hash":"40a16dd18707a833a653cc08db43b3f8b1730d53","isMergeCommit":false,"messageTitle":"Change code to enable data files to be included in jar","messageBody":"","fileTypesAndContributionMap":{"functional-code":{"insertions":14,"deletions":2},"other":{"insertions":9,"deletions":1}}},{"hash":"141b6c7f566a4729a53fee35751782e1446d352c","isMergeCommit":true,"messageTitle":"Merge pull request #37 from Hws2209/IncludeDataFilesInJar","messageBody":"Change code to enable data files to be included in jar","fileTypesAndContributionMap":{}},{"hash":"4876a362e03e09ae760b09eea82ba2e45467f6e6","isMergeCommit":false,"messageTitle":"refactor: Extract GradeChecker and PlanGetter from Timetable","messageBody":"","fileTypesAndContributionMap":{"functional-code":{"insertions":282,"deletions":260},"test-code":{"insertions":2,"deletions":1}}},{"hash":"d7cfb5f61dd91145347d3fdfbdc762ebb724d451","isMergeCommit":true,"messageTitle":"Merge pull request #38 from Hws2209/master","messageBody":"refactor: Extract GradeChecker and PlanGetter from Timetable","fileTypesAndContributionMap":{}},{"hash":"d29b84f814fa03b1abaa1e286152dd02cc181433","isMergeCommit":false,"messageTitle":"Update v1.0 user guide","messageBody":"","fileTypesAndContributionMap":{"docs":{"insertions":177,"deletions":18}}},{"hash":"ec5995558ef3195bc0b544e9a739e1cf19ec8080","isMergeCommit":true,"messageTitle":"Merge pull request #39 from Hws2209/master","messageBody":"Update v1.0 user guide","fileTypesAndContributionMap":{}}]}],"ZhouJunmin":[{"date":"2024-03-06","commitResults":[{"hash":"ec9ecb831b1d058542b6dd630470ac8ea15f4258","isMergeCommit":false,"messageTitle":"Update README.md","messageBody":"","fileTypesAndContributionMap":{"docs":{"insertions":1,"deletions":1}}},{"hash":"ef17857082c9abe7967421cc0e78b8bf422ca89d","isMergeCommit":false,"messageTitle":"Update Aboutus.md","messageBody":"","fileTypesAndContributionMap":{"docs":{"insertions":4,"deletions":7}}},{"hash":"705e8aef782e0848004b5d1c9d3cd343d491d98c","isMergeCommit":true,"messageTitle":"Merge branch \u0027Junmin-aboutus\u0027","messageBody":"# Conflicts:\n#\tdocs/AboutUs.md\n","fileTypesAndContributionMap":{}},{"hash":"f966903e25d0be18f17adfbcc94699c64649c9a4","isMergeCommit":true,"messageTitle":"Merge remote-tracking branch \u0027TeamRepo/master\u0027","messageBody":"# Conflicts:\n#\tdocs/AboutUs.md\n","fileTypesAndContributionMap":{}},{"hash":"affb694ba7ae93ec0a5c375926f9b73c7e483283","isMergeCommit":false,"messageTitle":"update aboutus.md again","messageBody":"","fileTypesAndContributionMap":{"docs":{"insertions":1,"deletions":0}}},{"hash":"95b98275d30b7f36796d7f01e5ee42b138eded05","isMergeCommit":true,"messageTitle":"Merge remote-tracking branch \u0027TeamRepo/master\u0027 into AboutUsJunmin","messageBody":"# Conflicts:\n#\tdocs/AboutUs.md\n","fileTypesAndContributionMap":{}},{"hash":"36e3cd5b634cbe738a23c6b52572f9ca6b9c584e","isMergeCommit":true,"messageTitle":"Merge pull request #6 from ZhouJunmin/AboutUsJunmin","messageBody":"About us junmin","fileTypesAndContributionMap":{}}]},{"date":"2024-03-18","commitResults":[{"hash":"50631087a7ea61c139af022d2c9229e43c32c800","isMergeCommit":false,"messageTitle":"Create Storage Class","messageBody":"Storage enables PlaNUS to read from files and write to user data file.\n","fileTypesAndContributionMap":{"functional-code":{"insertions":123,"deletions":0},"test-code":{"insertions":13,"deletions":0}}},{"hash":"a113c5ee86c3f0d78d0cf5e69680d915f2ef66ad","isMergeCommit":false,"messageTitle":"Add header comments to Storage Class.","messageBody":"","fileTypesAndContributionMap":{"functional-code":{"insertions":16,"deletions":0}}},{"hash":"f169511d61d23c14fbfc994b3d1b4b786a3f5919","isMergeCommit":false,"messageTitle":"Storage Class debug","messageBody":"Change the order of \"final\" and \"static\"; declare variables separately.\n","fileTypesAndContributionMap":{"functional-code":{"insertions":7,"deletions":4},"test-code":{"insertions":1,"deletions":1}}},{"hash":"dd4f31f972dac5c44050e44af35537494abf5b29","isMergeCommit":true,"messageTitle":"Merge pull request #20 from ZhouJunmin/CreatingStorage","messageBody":"Create Storage Class","fileTypesAndContributionMap":{}}]},{"date":"2024-03-19","commitResults":[{"hash":"c7de575e7361c180b2296192a17f82ebcade0c6e","isMergeCommit":false,"messageTitle":"V1.0 Debug","messageBody":"","fileTypesAndContributionMap":{"functional-code":{"insertions":218,"deletions":65}}}]},{"date":"2024-03-20","commitResults":[{"hash":"36ebb506460620aff94bd8b5fc6358e386fa5eb0","isMergeCommit":true,"messageTitle":"Merge pull request #30 from ZhouJunmin/branch_v1.0_debug","messageBody":"Branch v1.0 debug and release","tags":["V1.0_Release"],"fileTypesAndContributionMap":{}}]},{"date":"2024-03-25","commitResults":[{"hash":"191fda77b79b82cbaf58707aa33cdf23050d9d07","isMergeCommit":false,"messageTitle":"Grade Checker Debug, Storage Assertions and Logging","messageBody":"","fileTypesAndContributionMap":{"functional-code":{"insertions":13,"deletions":2}}},{"hash":"b5e4261987222076d8e8e992fe21ff9faba63005","isMergeCommit":false,"messageTitle":"Change Storage Class to meet Variable Declaration Order","messageBody":"","fileTypesAndContributionMap":{"functional-code":{"insertions":2,"deletions":1}}},{"hash":"2b7ac7a87b9110a87892e51c13c19683890aac37","isMergeCommit":true,"messageTitle":"Merge pull request #43 from ZhouJunmin/Branch_Grade_Checker_Debug","messageBody":"Grade Checker Debug, Storage Assertions and Logging","fileTypesAndContributionMap":{}}]}]},"authorFileTypeContributionMap":{"ZhangWenyue3325":{"docs":1,"functional-code":157,"test-code":12},"cirelesna":{"docs":1,"functional-code":113,"test-code":49,"other":1},"iscyng":{"docs":1,"functional-code":57,"test-code":0},"Hws2209":{"docs":179,"functional-code":530,"test-code":79,"other":10},"ZhouJunmin":{"docs":5,"functional-code":306,"test-code":12}},"authorContributionVariance":{"ZhangWenyue3325":3993.786,"cirelesna":1616.8888,"iscyng":416.393,"Hws2209":19187.574,"ZhouJunmin":3056.1272},"authorDisplayNameMap":{"ZhangWenyue3325":"CS2113-W12-1 ZHAN..NYUE","cirelesna":"CS2113-W12-1 ANSE..RTIN","iscyng":"CS2113-W12-1 ISAA.. ZHE","Hws2209":"CS2113-W12-1 HO W..SING","ZhouJunmin":"CS2113-W12-1 ZHOU..NMIN"}}
