{"authorDailyContributionsMap":{"ZhangWenyue3325":[{"date":"2024-03-06","commitResults":[{"hash":"a2a4a68cea72a5562f25bb16b8d2aad997f8ed31","isMergeCommit":false,"messageTitle":"wenyue, about us","messageBody":"","fileTypesAndContributionMap":{"docs":{"insertions":5,"deletions":4}}},{"hash":"08a38a1336eecbbd119b613ce6fea9c28adacfa9","isMergeCommit":false,"messageTitle":"Wenyue","messageBody":"","fileTypesAndContributionMap":{"docs":{"insertions":1,"deletions":0}}},{"hash":"c7f740edb68d7c1838748062ef7c294dade501e9","isMergeCommit":true,"messageTitle":"Merge pull request #7 from ZhangWenyue3325/wenyue-aboutus","messageBody":"Wenyue aboutus","fileTypesAndContributionMap":{}}]},{"date":"2024-03-19","commitResults":[{"hash":"7e5f48429424703f1f197741482c55b0dc0d560f","isMergeCommit":false,"messageTitle":"Add in task related functins and JUnit test","messageBody":"","fileTypesAndContributionMap":{"functional-code":{"insertions":334,"deletions":23},"test-code":{"insertions":12,"deletions":0}}},{"hash":"457b16942f637063ee6a2df791ff703e329e2d96","isMergeCommit":true,"messageTitle":"Merge pull request #29 from ZhangWenyue3325/features_related_to_grades","messageBody":"Add in task related functins and JUnit test","fileTypesAndContributionMap":{}}]},{"date":"2024-03-24","commitResults":[{"hash":"c0d5461484bce4f386119c37f9236043439f374d","isMergeCommit":false,"messageTitle":"Add Assertions for grade-related methods.","messageBody":"","fileTypesAndContributionMap":{"functional-code":{"insertions":7,"deletions":0}}},{"hash":"cbcce46c9198586b4e458bc82a8237ce724a979b","isMergeCommit":true,"messageTitle":"Merge pull request #40 from ZhangWenyue3325/master","messageBody":"Add Assertions for grade-related methods.","fileTypesAndContributionMap":{}}]},{"date":"2024-03-26","commitResults":[{"hash":"e4a78238b5dad517db79ca566168f75a6ed25490","isMergeCommit":false,"messageTitle":"Allocate some code to the right author","messageBody":"","fileTypesAndContributionMap":{"functional-code":{"insertions":5,"deletions":0}}},{"hash":"d04bd1238ede5a3f2a74b0af21d11fe142ac3c8a","isMergeCommit":true,"messageTitle":"Merge pull request #53 from ZhangWenyue3325/Branch_V1.0_Code_Contribution","messageBody":"Allocate some code to the right author","fileTypesAndContributionMap":{}}]},{"date":"2024-03-27","commitResults":[{"hash":"739b9479cc70ba988aa8be6c4887bbf30e9d510c","isMergeCommit":false,"messageTitle":"Add logging for grades related methods, fixed the problem related to the maximum number of years and terms when checking grades","messageBody":"","fileTypesAndContributionMap":{"functional-code":{"insertions":19,"deletions":0}}},{"hash":"7ba38cdc16d07d1ad06bdf703fe37aff5113b96a","isMergeCommit":true,"messageTitle":"Merge pull request #55 from ZhangWenyue3325/master","messageBody":"Add logging for grades related methods, fixed the problem related to …","fileTypesAndContributionMap":{}},{"hash":"c08fb389326faf738386b1ca0f08e04269e88f72","isMergeCommit":false,"messageTitle":"Add Developer Diagram for the grades related features, add documentation for grades related methods","messageBody":"","fileTypesAndContributionMap":{"functional-code":{"insertions":49,"deletions":2},"docs":{"insertions":55,"deletions":0}}},{"hash":"9f877a1502c49f40d7d252807573cfa05dbd5d8a","isMergeCommit":true,"messageTitle":"Merge pull request #56 from ZhangWenyue3325/Branch-DG","messageBody":"Add Developer Diagram for the grades related features, add documentat…","fileTypesAndContributionMap":{}},{"hash":"96aa22dfcce806624f396ab64354be7103ed2059","isMergeCommit":false,"messageTitle":"Update JUnit Tests","messageBody":"","fileTypesAndContributionMap":{"test-code":{"insertions":23,"deletions":3}}},{"hash":"70177ef07b21037e194b52b0c4d8d138b900eade","isMergeCommit":true,"messageTitle":"Merge pull request #61 from ZhangWenyue3325/Branch-DG","messageBody":"Update JUnit Tests","fileTypesAndContributionMap":{}}]},{"date":"2024-03-28","commitResults":[{"hash":"2d57b88ad36fe0251bf69737e2c9590f62f055c9","isMergeCommit":false,"messageTitle":"Update Developer Guide","messageBody":"","fileTypesAndContributionMap":{"docs":{"insertions":67,"deletions":0},"test-code":{"insertions":4,"deletions":3}}},{"hash":"42aefa173b15a946511d1ea118acaec75e3b9c2d","isMergeCommit":false,"messageTitle":"fixed some bugs","messageBody":"","fileTypesAndContributionMap":{"test-code":{"insertions":6,"deletions":1}}},{"hash":"5f95db4f450af930b8bf0d69835fdcfe0ae6310c","isMergeCommit":false,"messageTitle":"fixed test cases","messageBody":"","fileTypesAndContributionMap":{"test-code":{"insertions":2,"deletions":1}}},{"hash":"e4262b4b61981bd29a75aee53dc78a2494b883da","isMergeCommit":true,"messageTitle":"Merge pull request #65 from ZhangWenyue3325/Branch-SequenceDiagram","messageBody":"Update Developer Guide","fileTypesAndContributionMap":{}}]},{"date":"2024-03-31","commitResults":[{"hash":"5f26a34ff1d1d0ebe80189ae3132b13e4873e842","isMergeCommit":false,"messageTitle":"Refine Chatbot responses and make PlaNUS more fool-proof","messageBody":"","fileTypesAndContributionMap":{"functional-code":{"insertions":61,"deletions":28}}},{"hash":"b5011c28f8c9e56fd9a0cb2f2cc29d3f0f5a222e","isMergeCommit":true,"messageTitle":"Merge pull request #88 from ZhangWenyue3325/Branch_UI_v2.0","messageBody":"Refine Chatbot responses and make PlaNUS more fool-proof","fileTypesAndContributionMap":{}}]},{"date":"2024-04-02","commitResults":[{"hash":"d74498e0ed6806e0de6aa5ccdc9b05d7aeb4f8c7","isMergeCommit":false,"messageTitle":"Update User Guide","messageBody":"","fileTypesAndContributionMap":{"docs":{"insertions":26,"deletions":0}}},{"hash":"dbac13e20503b461826ba7892de885d52f652e69","isMergeCommit":true,"messageTitle":"Merge pull request #93 from ZhangWenyue3325/master","messageBody":"Update User Guide","fileTypesAndContributionMap":{}}]},{"date":"2024-04-10","commitResults":[{"hash":"be6fff28a5cac010b453bb61fa827d210f4020ab","isMergeCommit":false,"messageTitle":"Set GPA to 2 decimal place","messageBody":"","fileTypesAndContributionMap":{"functional-code":{"insertions":6,"deletions":6}}},{"hash":"d9fd10e6d17d0f4eef59a3994e2a7999fa068318","isMergeCommit":false,"messageTitle":"Change the desired output to 2dp","messageBody":"","fileTypesAndContributionMap":{"test-code":{"insertions":3,"deletions":3}}},{"hash":"ba3bfb43c879747a89530ab0499886dd18de7a73","isMergeCommit":false,"messageTitle":"solve merging problems","messageBody":"","fileTypesAndContributionMap":{"functional-code":{"insertions":6,"deletions":5},"test-code":{"insertions":1,"deletions":1}}},{"hash":"119c793b92ca463de6438fafa28ab4db25f2672b","isMergeCommit":true,"messageTitle":"Merge pull request #144 from ZhangWenyue3325/master","messageBody":"Set GPA to 2 decimal place","fileTypesAndContributionMap":{}}]}],"cirelesna":[{"date":"2024-03-06","commitResults":[{"hash":"086572d17c54fb23dfdd161573eb6f7982f74a0c","isMergeCommit":false,"messageTitle":"Updated AboutUS.md","messageBody":"","fileTypesAndContributionMap":{"docs":{"insertions":5,"deletions":4}}},{"hash":"11c3eb65e40f2f07483dcef7f481c926e712fb82","isMergeCommit":true,"messageTitle":"Merge branch \u0027Ansel-AboutUs\u0027","messageBody":"# Conflicts:\n#\tdocs/AboutUs.md\n","fileTypesAndContributionMap":{}}]},{"date":"2024-03-18","commitResults":[{"hash":"d11e641c41bfba0f63f3b7bb9d3d21fc181b565e","isMergeCommit":false,"messageTitle":"Added PlaNus.java","messageBody":"","fileTypesAndContributionMap":{"functional-code":{"insertions":43,"deletions":21},"other":{"insertions":10,"deletions":10}}},{"hash":"a1f885094c405888c3983acfa939c28ac33d294a","isMergeCommit":true,"messageTitle":"Merge pull request #22 from AY2324S2-CS2113-W12-1/Branch-MainClass","messageBody":"Added PlaNus.java","fileTypesAndContributionMap":{}},{"hash":"722d3fa1124300d47b83b6fb64b1d4b93e9f37d9","isMergeCommit":false,"messageTitle":"Added Parser.java","messageBody":"","fileTypesAndContributionMap":{"functional-code":{"insertions":68,"deletions":3}}},{"hash":"94c7f00ca758b7402fdd5fb941cfe689ce03c121","isMergeCommit":false,"messageTitle":"Added header comments to PlaNus.java and Parser.java","messageBody":"","fileTypesAndContributionMap":{"functional-code":{"insertions":22,"deletions":1}}},{"hash":"74248893e0be3af3d885d1217ee06014c09b140b","isMergeCommit":true,"messageTitle":"Merge pull request #23 from AY2324S2-CS2113-W12-1/Branch-Parser","messageBody":"Branch parser","fileTypesAndContributionMap":{}},{"hash":"8d4b38151b0a2d7cc8dbe0d98f4459090f3956b6","isMergeCommit":false,"messageTitle":"Edited main to get application running","messageBody":"","fileTypesAndContributionMap":{"functional-code":{"insertions":14,"deletions":23}}},{"hash":"0d1efdd7f4da6f7860edcf985708e3fc556e9490","isMergeCommit":true,"messageTitle":"Merge pull request #28 from AY2324S2-CS2113-W12-1/Branch-Parser","messageBody":"Edited main to get application running","fileTypesAndContributionMap":{}},{"hash":"39523dca762de19a9df8718f7c10744c02caa543","isMergeCommit":false,"messageTitle":"Fixed bug to get view function working","messageBody":"","fileTypesAndContributionMap":{"functional-code":{"insertions":1,"deletions":1}}}]},{"date":"2024-03-20","commitResults":[{"hash":"841ca8dcd59a14536f79aea0cd9eb3d145a3fbfb","isMergeCommit":false,"messageTitle":"Enabled Assertions","messageBody":"","fileTypesAndContributionMap":{"functional-code":{"insertions":1,"deletions":0},"other":{"insertions":2,"deletions":1}}},{"hash":"e20ac54d9eca9200008afe536a3f10791510b63c","isMergeCommit":false,"messageTitle":"debug checkstyle error","messageBody":"","fileTypesAndContributionMap":{"functional-code":{"insertions":2,"deletions":1}}}]},{"date":"2024-03-22","commitResults":[{"hash":"16b6fd99acd8f0f634c1dc04b9e93195b7e47fef","isMergeCommit":false,"messageTitle":"Init method fix","messageBody":"","fileTypesAndContributionMap":{"functional-code":{"insertions":8,"deletions":14}}},{"hash":"27e0a9adfd65bf3a3ec434025eec75d1c4e02612","isMergeCommit":true,"messageTitle":"Merge pull request #36 from AY2324S2-CS2113-W12-1/Branch-FixInit","messageBody":"Init method fix","fileTypesAndContributionMap":{}}]},{"date":"2024-03-26","commitResults":[{"hash":"07d05d458151bed930a39212db778cdeb8a48a21","isMergeCommit":false,"messageTitle":"JUnit tests for Parser Class","messageBody":"","fileTypesAndContributionMap":{"test-code":{"insertions":43,"deletions":0}}},{"hash":"c826b38b575da0bae7efe906bab66006b4b68ddb","isMergeCommit":false,"messageTitle":"Fix checkstyle error for import*","messageBody":"","fileTypesAndContributionMap":{"test-code":{"insertions":2,"deletions":1}}},{"hash":"be41ca4c38f23222988ff0eba0385ef298effaec","isMergeCommit":true,"messageTitle":"Merge pull request #47 from AY2324S2-CS2113-W12-1/Branch-JUnit","messageBody":"JUnit tests for Parser Class","fileTypesAndContributionMap":{}},{"hash":"94ecbf9f81e13247b6762f97c39e7e3de4a15069","isMergeCommit":false,"messageTitle":"Fix checkstyle error for import*","messageBody":"","fileTypesAndContributionMap":{"functional-code":{"insertions":17,"deletions":0}}},{"hash":"e52b7dbb3ec77342e8193544ef3966cda67eeb09","isMergeCommit":false,"messageTitle":"Revert \"Fix checkstyle error for import*\"","messageBody":"This reverts commit 94ecbf9f81e13247b6762f97c39e7e3de4a15069.\n","fileTypesAndContributionMap":{"functional-code":{"insertions":0,"deletions":17}}},{"hash":"35e51010406d727379af658a5ed6193d6fda1e27","isMergeCommit":false,"messageTitle":"Add Logging and Assertion for Parser.java","messageBody":"","fileTypesAndContributionMap":{"functional-code":{"insertions":17,"deletions":0}}},{"hash":"c7c6e4830c3f991e43c163bd01ee430707f30c8d","isMergeCommit":true,"messageTitle":"Merge pull request #50 from AY2324S2-CS2113-W12-1/Branch-ParserLoggingAndAssertions","messageBody":"Branch parser logging and assertions","fileTypesAndContributionMap":{}}]},{"date":"2024-03-28","commitResults":[{"hash":"69aebb9b43296795d329b9ed11d3f976d0bfc66c","isMergeCommit":false,"messageTitle":"Add functionality to load different user timetable","messageBody":"","fileTypesAndContributionMap":{"functional-code":{"insertions":20,"deletions":6}}},{"hash":"10b12c3a6a755b2f9cac9d6df7d447ecefe3d6ff","isMergeCommit":false,"messageTitle":"Add functionality for user command to change between timetables","messageBody":"","fileTypesAndContributionMap":{"functional-code":{"insertions":33,"deletions":6},"docs":{"insertions":10,"deletions":0}}},{"hash":"7367bbb92617d413df662345d3c13d4dfe7f11f8","isMergeCommit":true,"messageTitle":"Merge pull request #68 from AY2324S2-CS2113-W12-1/Branch-MultipleTimetables","messageBody":"Branch multiple timetables","fileTypesAndContributionMap":{}}]},{"date":"2024-03-29","commitResults":[{"hash":"03168b1c1cea2671a54f1fc3afd8e0b161acb877","isMergeCommit":false,"messageTitle":"Add Parser component to DG","messageBody":"","fileTypesAndContributionMap":{"docs":{"insertions":51,"deletions":0}}},{"hash":"f37a9d941b54efe1f45e9a8cfcf6afd484894a59","isMergeCommit":false,"messageTitle":"Edited printHelp() to include change timetable","messageBody":"","fileTypesAndContributionMap":{"functional-code":{"insertions":1,"deletions":0}}},{"hash":"385dee9e51b6c1201d125984c10c93d6b9b529a0","isMergeCommit":true,"messageTitle":"Merge pull request #78 from AY2324S2-CS2113-W12-1/Isaac-SUCSCU","messageBody":"Added Ui implementation and class diagram in DG","fileTypesAndContributionMap":{}},{"hash":"b86c8ebe87677881630e70d47f6a2ea6b92fbf03","isMergeCommit":true,"messageTitle":"Merge pull request #79 from AY2324S2-CS2113-W12-1/Isaac-SUCSCU","messageBody":"Added context to DG to further explain the design choice and integrat…","fileTypesAndContributionMap":{}},{"hash":"da7b49c710988f5419047992f8b208a3c7d265ee","isMergeCommit":true,"messageTitle":"Merge pull request #81 from AY2324S2-CS2113-W12-1/Isaac-SUCSCU","messageBody":"Add assertions to GradeChecker","fileTypesAndContributionMap":{}}]},{"date":"2024-04-02","commitResults":[{"hash":"59a16ddfb8bfa60220add32e3452c2143f87b3d8","isMergeCommit":false,"messageTitle":"Debug checkstyle error","messageBody":"","fileTypesAndContributionMap":{"functional-code":{"insertions":4,"deletions":7}}},{"hash":"b5621e2d0b073ec86f703d50fd3e8cc1845f8747","isMergeCommit":false,"messageTitle":"Edit failing GradeCheckerTest","messageBody":"","fileTypesAndContributionMap":{"test-code":{"insertions":20,"deletions":15}}},{"hash":"f73ed758f154a65e9f2327214b2d1dabb816c9f7","isMergeCommit":true,"messageTitle":"Merge pull request #90 from cirelesna/master","messageBody":"Debug checkstyle error","fileTypesAndContributionMap":{}}]},{"date":"2024-04-09","commitResults":[{"hash":"291ce922385ed46a969b948b6bb440252a8ff9bb","isMergeCommit":false,"messageTitle":"Edited default checkGrade to display 4 years unless courses available in year 5 or 6","messageBody":"","fileTypesAndContributionMap":{"functional-code":{"insertions":15,"deletions":1}}},{"hash":"c0d2ab73949ce845d4080af862c44bf54f132c65","isMergeCommit":true,"messageTitle":"Merge pull request #142 from cirelesna/master","messageBody":"Edited default checkGrade to display 4 years ","fileTypesAndContributionMap":{}},{"hash":"06923836df70b542b4837816b1caa8a01431b37d","isMergeCommit":false,"messageTitle":"Edited format of Parser_ClassDiagram.puml","messageBody":"","fileTypesAndContributionMap":{"docs":{"insertions":2,"deletions":0}}},{"hash":"8bbb10b1868de937fb275e3c3a8227d92ea735e1","isMergeCommit":true,"messageTitle":"Merge pull request #143 from cirelesna/master","messageBody":"Edited format of Parser_ClassDiagram.puml","fileTypesAndContributionMap":{}}]}],"iscyng":[{"date":"2024-03-06","commitResults":[{"hash":"05a3bd4d74ed2a093c67cbd1a226ea66cbcb6ffa","isMergeCommit":false,"messageTitle":"Updated Isaac-AboutUs","messageBody":"","fileTypesAndContributionMap":{"docs":{"insertions":3,"deletions":7}}},{"hash":"8e2f811a96c3cadfd8c94a64d9d84c92807cb465","isMergeCommit":true,"messageTitle":"Merge pull request #2 from iscyng/Isaac-AboutUs","messageBody":"Updated Isaac-AboutUs","fileTypesAndContributionMap":{}}]},{"date":"2024-03-18","commitResults":[{"hash":"8a5629291a23d7d49cbd12accdf8c847e5592503","isMergeCommit":false,"messageTitle":"Added Ui class and added usage of ui","messageBody":"","fileTypesAndContributionMap":{"functional-code":{"insertions":59,"deletions":6}}},{"hash":"4cc4ad5ed6f3a7563feaed82226221af4193611a","isMergeCommit":true,"messageTitle":"Added Ui class and added usage of ui","messageBody":"","fileTypesAndContributionMap":{}},{"hash":"3d31c1add0879ccdb9fa637f0c60861ffb5f65bf","isMergeCommit":false,"messageTitle":"Added Ui class and added usage of ui","messageBody":"","fileTypesAndContributionMap":{"functional-code":{"insertions":54,"deletions":0}}}]},{"date":"2024-03-24","commitResults":[{"hash":"25586c766b705d74fb27a4548dbd419b1ea4217a","isMergeCommit":false,"messageTitle":"Modified parser such that it will accept grades in BOTH small and caps letter grades","messageBody":"","fileTypesAndContributionMap":{"functional-code":{"insertions":3,"deletions":1}}},{"hash":"8afeae78f8f0e3932cb3240a89b4d486567ad427","isMergeCommit":true,"messageTitle":"Merge pull request #42 from AY2324S2-CS2113-W12-1/Isaac-ParserUpdate","messageBody":"Modified parser such that it will accept grades in BOTH small and cap…","fileTypesAndContributionMap":{}}]},{"date":"2024-03-27","commitResults":[{"hash":"0ea9a21d843621fb6bf0e2d60fcfd2ec88e4fa67","isMergeCommit":false,"messageTitle":"Modified Parser such that user can input specific courses with the specific MCs (to add their UEs or any mods that they want to take)","messageBody":"","fileTypesAndContributionMap":{"functional-code":{"insertions":9,"deletions":2}}},{"hash":"1fdcbfc32059d7aa3253a688436559489d206b34","isMergeCommit":false,"messageTitle":"Modified Parser such that user can input specific courses with the specific MCs (to add their UEs or any mods that they want to take)","messageBody":"","fileTypesAndContributionMap":{"functional-code":{"insertions":2,"deletions":1}}},{"hash":"b257d621ae8a1bccb43e26dbdf271a1f266ac750","isMergeCommit":true,"messageTitle":"Merge pull request #58 from AY2324S2-CS2113-W12-1/Isaac-MCs","messageBody":"Added feature to allow user to specify MCs","fileTypesAndContributionMap":{}},{"hash":"d8ecca5bada1f73f7ddadeeb1745292d04d1536e","isMergeCommit":false,"messageTitle":"Modified addgrade to accept S/U/CS/CU","messageBody":"","fileTypesAndContributionMap":{"functional-code":{"insertions":5,"deletions":1}}}]},{"date":"2024-03-28","commitResults":[{"hash":"1ac79f6fe3ab46238e85bccd268aeef23cae03b8","isMergeCommit":false,"messageTitle":"Modified GradeChecker such that it will calculate GPA correctly with CSCUSU grades","messageBody":"","fileTypesAndContributionMap":{"functional-code":{"insertions":43,"deletions":24}}},{"hash":"cd70e685fd317d229ef88e8b38ed16b7f202102e","isMergeCommit":false,"messageTitle":"Modified GradeChecker such that it will calculate GPA correctly with CSCUSU grades","messageBody":"","fileTypesAndContributionMap":{"functional-code":{"insertions":1,"deletions":1}}},{"hash":"f418f3a0ba9edb1d6d6f7a930fa32f251563be3f","isMergeCommit":true,"messageTitle":"Merge pull request #66 from AY2324S2-CS2113-W12-1/Isaac-SUCSCU","messageBody":"Isaac sucscu","fileTypesAndContributionMap":{}},{"hash":"4dd93cd58b94cdf1dbc0f81f8e81bea0532bf5c7","isMergeCommit":false,"messageTitle":"Modified UserGuide for the updated user inputs.","messageBody":"","fileTypesAndContributionMap":{"docs":{"insertions":10,"deletions":4}}},{"hash":"d72735aa30f21474c8b4ffe2b3e66c2499be41f1","isMergeCommit":true,"messageTitle":"Merge pull request #67 from AY2324S2-CS2113-W12-1/Isaac-SUCSCU","messageBody":"Modified UserGuide for the updated user inputs.","fileTypesAndContributionMap":{}},{"hash":"6f0e23b17c45bc0232b4fcc5baa86e069fa105aa","isMergeCommit":false,"messageTitle":"Modified UserGuide for the updated user inputs.","messageBody":"","fileTypesAndContributionMap":{"functional-code":{"insertions":1,"deletions":1}}}]},{"date":"2024-03-29","commitResults":[{"hash":"7f604d14b7559c98fede3c3018d1a6f485d2f0cb","isMergeCommit":true,"messageTitle":"Merge pull request #77 from cirelesna/master","messageBody":"Edited printHelp() to include change timetable","fileTypesAndContributionMap":{}},{"hash":"113df04b528f7579a20e33646966bafa9d5e790f","isMergeCommit":false,"messageTitle":"Added Ui implementation and class diagram in DG","messageBody":"","fileTypesAndContributionMap":{"docs":{"insertions":9,"deletions":0}}},{"hash":"cbd17afde9e66d0b80e9626fee7112cee439c564","isMergeCommit":false,"messageTitle":"Edited changes for Ui Class Diagram","messageBody":"","fileTypesAndContributionMap":{"docs":{"insertions":1,"deletions":1}}},{"hash":"ce9b7288f023cbe87f3565b5709424e73ec78c5f","isMergeCommit":false,"messageTitle":"Added context to DG to further explain the design choice and integration with other components","messageBody":"","fileTypesAndContributionMap":{"docs":{"insertions":26,"deletions":3}}},{"hash":"5d17ca42c2234feb7ca6df53eb33b3a7f0209a49","isMergeCommit":false,"messageTitle":"Added and edited assertions to GradeChecker","messageBody":"","fileTypesAndContributionMap":{"functional-code":{"insertions":8,"deletions":2}}},{"hash":"333f1418b8dca2e19ee5b8e7394c21249af6405d","isMergeCommit":false,"messageTitle":"Added and edited assertions to GradeChecker","messageBody":"","fileTypesAndContributionMap":{"functional-code":{"insertions":2,"deletions":2}}},{"hash":"57c935adb09264bb324c132fa6b09c1dba6d94ae","isMergeCommit":false,"messageTitle":"modified added assertions to planus","messageBody":"","fileTypesAndContributionMap":{"functional-code":{"insertions":1,"deletions":0}}}]},{"date":"2024-04-02","commitResults":[{"hash":"353702e1ef04999e32a2eeb758439584f46f4dba","isMergeCommit":false,"messageTitle":"Added GradeCheckerTest to ensure working functionality of GPA calculation","messageBody":"","fileTypesAndContributionMap":{"test-code":{"insertions":66,"deletions":0}}}]},{"date":"2024-04-03","commitResults":[{"hash":"e40473330dafe417ee0adad41e799c0915decdf5","isMergeCommit":false,"messageTitle":"Modified Parser to standardise the spacing between commands. Updated DG and UG","messageBody":"","fileTypesAndContributionMap":{"functional-code":{"insertions":74,"deletions":67},"docs":{"insertions":32,"deletions":16}}},{"hash":"5250d45a957dc8961c66069454a079f2b478e1dc","isMergeCommit":false,"messageTitle":"Modified indentation","messageBody":"","fileTypesAndContributionMap":{"functional-code":{"insertions":59,"deletions":59}}},{"hash":"bb6a23418dae2e3c1915e0ba1930630727cb3971","isMergeCommit":false,"messageTitle":"Checkstyle error","messageBody":"","fileTypesAndContributionMap":{"functional-code":{"insertions":4,"deletions":2}}},{"hash":"12a43603dd722b8a401d81bc56bf1cbbf090ab54","isMergeCommit":true,"messageTitle":"Merge pull request #95 from iscyng/master","messageBody":"Modified Parser to standardise the spacing between commands. Updated …","fileTypesAndContributionMap":{}}]},{"date":"2024-04-07","commitResults":[{"hash":"47065a613651f30d3d8d61c7e1dd9dba0bff0978","isMergeCommit":false,"messageTitle":"Fix bug that allowed users to view years outside the range given","messageBody":"","fileTypesAndContributionMap":{"functional-code":{"insertions":12,"deletions":2}}},{"hash":"17334da2b78d1d08c6b6a80ab50ab92d49340429","isMergeCommit":false,"messageTitle":"Fix bug such that app blocks viewing by term only","messageBody":"","fileTypesAndContributionMap":{"functional-code":{"insertions":17,"deletions":14}}},{"hash":"8506b692f2e02877ba6db77c299c3beee25a7ddc","isMergeCommit":false,"messageTitle":"Fix bug such that app blocks checking by term only","messageBody":"","fileTypesAndContributionMap":{"functional-code":{"insertions":23,"deletions":17}}},{"hash":"2a76a657859525fcc919f6bace53230492e0fe25","isMergeCommit":false,"messageTitle":"Fix bug that causes change grade sets grade to null if invalid grade is input","messageBody":"","fileTypesAndContributionMap":{"functional-code":{"insertions":19,"deletions":12}}}]},{"date":"2024-04-08","commitResults":[{"hash":"254a9844f71c5673d6d49df4c1e95f21489575b6","isMergeCommit":true,"messageTitle":"Fconflict","messageBody":"","fileTypesAndContributionMap":{}},{"hash":"2a046b97ad955fd301f50a02341f306f443f4e8b","isMergeCommit":true,"messageTitle":"Merge branch \u0027master\u0027 of https://github.com/AY2324S2-CS2113-W12-1/tp","messageBody":"* \u0027master\u0027 of https://github.com/AY2324S2-CS2113-W12-1/tp:\n  Add hws2209.md, Update README.md and AboutUs.md\n  Fix buggy data\n","fileTypesAndContributionMap":{}}]},{"date":"2024-04-09","commitResults":[{"hash":"ac637cd73d0a7dc11c4eb25851f3629dd48ae286","isMergeCommit":false,"messageTitle":"PPP-Draft and updated Develoepr Guide with Architecture diagram","messageBody":"","fileTypesAndContributionMap":{"docs":{"insertions":58,"deletions":0}}}]}],"Hws2209":[{"date":"2024-03-06","commitResults":[{"hash":"2b1ce38e8e433636c31a1e1d799e09fdb0962545","isMergeCommit":false,"messageTitle":"Update AboutUs.md","messageBody":"","fileTypesAndContributionMap":{"docs":{"insertions":3,"deletions":7}}},{"hash":"7b5a7baa611e4b26f0b71cf7e98eebb39bcd5c6b","isMergeCommit":true,"messageTitle":"Merge branch \u0027master\u0027 into HoWanSing-AboutUs","messageBody":"# Conflicts:\n#\tdocs/AboutUs.md\n","fileTypesAndContributionMap":{}},{"hash":"d57cc83efefd87df98fb0855e2136d4dded5b1b3","isMergeCommit":true,"messageTitle":"Merge pull request #4 from Hws2209/HoWanSing-AboutUs","messageBody":"Update AboutUs.md","fileTypesAndContributionMap":{}},{"hash":"302ec430ab378008a000bfe7f676bff1b898b62b","isMergeCommit":false,"messageTitle":"Update AboutUs","messageBody":"","fileTypesAndContributionMap":{"docs":{"insertions":0,"deletions":3}}},{"hash":"d76e0559420162b78e1d74087e8edce457fd27b0","isMergeCommit":true,"messageTitle":"Merge pull request #5 from Hws2209/HoWanSing-AboutUs","messageBody":"Update AboutUs","fileTypesAndContributionMap":{}}]},{"date":"2024-03-13","commitResults":[{"hash":"93368b469be4b40e1d9de2426dd4cc970315b2fa","isMergeCommit":false,"messageTitle":"Add Course.java","messageBody":"","fileTypesAndContributionMap":{"functional-code":{"insertions":17,"deletions":0}}},{"hash":"bb75af848cf4b2caf457dccdaa6503b0d45c7db8","isMergeCommit":false,"messageTitle":"Add Timetable.java","messageBody":"","fileTypesAndContributionMap":{"functional-code":{"insertions":5,"deletions":0}}}]},{"date":"2024-03-15","commitResults":[{"hash":"b53de66345ac22d65cfa4224025c4a45d5a7f9c2","isMergeCommit":false,"messageTitle":"Add methods and Javadoc comments to Course class","messageBody":"","fileTypesAndContributionMap":{"functional-code":{"insertions":73,"deletions":5}}},{"hash":"51a809bd0ff51a458d2aece78719ccd818f4dc61","isMergeCommit":false,"messageTitle":"Add methods and Javadoc comments to Timetable class","messageBody":"","fileTypesAndContributionMap":{"functional-code":{"insertions":181,"deletions":0}}},{"hash":"d5148dc4db12ad6750e703b47d10d99244883048","isMergeCommit":false,"messageTitle":"Move static attributes above instance-level attributes","messageBody":"","fileTypesAndContributionMap":{"functional-code":{"insertions":1,"deletions":1}}},{"hash":"b36de0431a00f08d3a9a2e068828d4e933cae1a2","isMergeCommit":true,"messageTitle":"Merge pull request #17 from Hws2209/master","messageBody":"Course and Timetable classes for v1.0","fileTypesAndContributionMap":{}}]},{"date":"2024-03-16","commitResults":[{"hash":"c4992608ae587901a14ebf9f3c01b6aea96315d7","isMergeCommit":false,"messageTitle":"Add CourseTest.java","messageBody":"","fileTypesAndContributionMap":{"test-code":{"insertions":30,"deletions":0}}},{"hash":"dbf3b47fb40a59a1568435d21e3f8d609e3fb8df","isMergeCommit":false,"messageTitle":"Add TimetableTest.java","messageBody":"","fileTypesAndContributionMap":{"test-code":{"insertions":50,"deletions":0}}},{"hash":"eb6a68d74aeaad0a1603f9f89f1b11b2f64eff4f","isMergeCommit":true,"messageTitle":"Merge pull request #18 from Hws2209/master","messageBody":"Add JUnit tests for Course and Timetable classes","fileTypesAndContributionMap":{}}]},{"date":"2024-03-21","commitResults":[{"hash":"9dc0dc1030de82f807a882a39eaca1a53f2ffae8","isMergeCommit":false,"messageTitle":"Solve Checkstyle violations","messageBody":"","fileTypesAndContributionMap":{"functional-code":{"insertions":30,"deletions":27}}},{"hash":"2c4703275af3f21533047e0b2a53f44eb4b4d1f8","isMergeCommit":false,"messageTitle":"Solve Checkstyle violations","messageBody":"","fileTypesAndContributionMap":{"functional-code":{"insertions":5,"deletions":4}}},{"hash":"6d4bbdcd6aae761d9b085e0ac92fe156b848c072","isMergeCommit":false,"messageTitle":"Update build.gradle","messageBody":"","fileTypesAndContributionMap":{"other":{"insertions":2,"deletions":2}}},{"hash":"d608a974885beb9cf7a4b7a8b23aae896e7cba19","isMergeCommit":false,"messageTitle":"Update logo of PlaNUS to remove unnecessary spaces","messageBody":"","fileTypesAndContributionMap":{"functional-code":{"insertions":7,"deletions":9}}},{"hash":"6c24b3f55311fb22d8a041df9c54e1bf9239305b","isMergeCommit":true,"messageTitle":"Merge pull request #32 from Hws2209/master","messageBody":"Solve Java CI Checks failing","fileTypesAndContributionMap":{}},{"hash":"2bef46994b80edcdd30711227df300d0be0a23e2","isMergeCommit":false,"messageTitle":"Add some assertions to Course and Timetable classes","messageBody":"","fileTypesAndContributionMap":{"functional-code":{"insertions":15,"deletions":2}}},{"hash":"50a96ee09ac878d6ea441af3b3d8b17d05e41cb7","isMergeCommit":true,"messageTitle":"Merge pull request #33 from Hws2209/v1.0-Assertions","messageBody":"Add some assertions to Course and Timetable classes","fileTypesAndContributionMap":{}},{"hash":"188a708da3405e8610471e024a48cd1bff43366a","isMergeCommit":false,"messageTitle":"Add logger to PlaNus.java","messageBody":"","fileTypesAndContributionMap":{"functional-code":{"insertions":23,"deletions":1}}},{"hash":"509b6cd28cf991d5b879f4319b7f22eb752150c2","isMergeCommit":false,"messageTitle":"Add usage of logging in Timetable class","messageBody":"","fileTypesAndContributionMap":{"functional-code":{"insertions":6,"deletions":2}}},{"hash":"59e2aa5aea7a155e5047e9fc9bfa39563e5ab1e5","isMergeCommit":false,"messageTitle":"List imported classes of logging explicitly","messageBody":"","fileTypesAndContributionMap":{"functional-code":{"insertions":6,"deletions":2}}},{"hash":"a19f9a7da63c1c73930f4bc007df0f7a5612d7c2","isMergeCommit":false,"messageTitle":"Update TimetableTest to match updated exception and logging message","messageBody":"","fileTypesAndContributionMap":{"test-code":{"insertions":2,"deletions":2}}},{"hash":"fcf7d46df8e108f5fad1de30adfc283b1f7a2b38","isMergeCommit":true,"messageTitle":"Merge pull request #34 from Hws2209/v1.0-Logging","messageBody":"Set up logging","fileTypesAndContributionMap":{}}]},{"date":"2024-03-23","commitResults":[{"hash":"40a16dd18707a833a653cc08db43b3f8b1730d53","isMergeCommit":false,"messageTitle":"Change code to enable data files to be included in jar","messageBody":"","fileTypesAndContributionMap":{"functional-code":{"insertions":14,"deletions":2},"other":{"insertions":9,"deletions":1}}},{"hash":"141b6c7f566a4729a53fee35751782e1446d352c","isMergeCommit":true,"messageTitle":"Merge pull request #37 from Hws2209/IncludeDataFilesInJar","messageBody":"Change code to enable data files to be included in jar","fileTypesAndContributionMap":{}},{"hash":"4876a362e03e09ae760b09eea82ba2e45467f6e6","isMergeCommit":false,"messageTitle":"refactor: Extract GradeChecker and PlanGetter from Timetable","messageBody":"","fileTypesAndContributionMap":{"functional-code":{"insertions":282,"deletions":260},"test-code":{"insertions":2,"deletions":1}}},{"hash":"d7cfb5f61dd91145347d3fdfbdc762ebb724d451","isMergeCommit":true,"messageTitle":"Merge pull request #38 from Hws2209/master","messageBody":"refactor: Extract GradeChecker and PlanGetter from Timetable","fileTypesAndContributionMap":{}},{"hash":"d29b84f814fa03b1abaa1e286152dd02cc181433","isMergeCommit":false,"messageTitle":"Update v1.0 user guide","messageBody":"","fileTypesAndContributionMap":{"docs":{"insertions":177,"deletions":18}}},{"hash":"ec5995558ef3195bc0b544e9a739e1cf19ec8080","isMergeCommit":true,"messageTitle":"Merge pull request #39 from Hws2209/master","messageBody":"Update v1.0 user guide","fileTypesAndContributionMap":{}}]},{"date":"2024-03-26","commitResults":[{"hash":"db70eda3f5dcefcf935472fe20f138ef80855603","isMergeCommit":false,"messageTitle":"First draft of Developer Guide","messageBody":"","fileTypesAndContributionMap":{"docs":{"insertions":33,"deletions":3}}},{"hash":"cab6a7b924286cbaed361dd2fdf718c10a3d7ae7","isMergeCommit":true,"messageTitle":"Merge pull request #52 from Hws2209/master","messageBody":"First draft of Developer Guide","fileTypesAndContributionMap":{}}]},{"date":"2024-03-27","commitResults":[{"hash":"d5bc69b60a2e352e64f0855eb9c73d1e15e7db2f","isMergeCommit":false,"messageTitle":"Update Developer Guide","messageBody":"","fileTypesAndContributionMap":{"docs":{"insertions":89,"deletions":8}}},{"hash":"c5aa2fabaa78c3e0b4dc2c5c5c92d05838d032b4","isMergeCommit":true,"messageTitle":"Merge branch \u0027master\u0027 into master","messageBody":"","fileTypesAndContributionMap":{}},{"hash":"8900249c629105eff400223ccb3f42997336034e","isMergeCommit":true,"messageTitle":"Merge pull request #57 from Hws2209/master","messageBody":"Update Developer Guide","fileTypesAndContributionMap":{}},{"hash":"039d4d3a31dd4191c5b8fb6c39efc8d19f286a7d","isMergeCommit":false,"messageTitle":"Add function to display recommended schedules of different majors without init","messageBody":"","fileTypesAndContributionMap":{"functional-code":{"insertions":10,"deletions":1}}},{"hash":"6901138ba2e1d4e3abd83c67538f5d61c9e62518","isMergeCommit":true,"messageTitle":"Merge pull request #59 from Hws2209/master","messageBody":"Add function to display recommended schedules of different majors wit…","fileTypesAndContributionMap":{}},{"hash":"3c6d6b5db6af255d35819f3738761de080570ada","isMergeCommit":false,"messageTitle":"Suppress logging output to console","messageBody":"","fileTypesAndContributionMap":{"functional-code":{"insertions":9,"deletions":1}}},{"hash":"bbcbd1b5464663c4622a3069d7250b3425cba0c1","isMergeCommit":true,"messageTitle":"Merge pull request #60 from Hws2209/master","messageBody":"Suppress logging output to console","fileTypesAndContributionMap":{}},{"hash":"5007ca51f6f1a555cca3f792e49440143ca8b711","isMergeCommit":false,"messageTitle":"Update user guide for \u0027display\u0027 function","messageBody":"","fileTypesAndContributionMap":{"docs":{"insertions":19,"deletions":10}}},{"hash":"43bf6f115bfd0bebabe1553b06638bb08dc9989e","isMergeCommit":true,"messageTitle":"Merge pull request #62 from Hws2209/master","messageBody":"Update user guide for \u0027display\u0027 function","fileTypesAndContributionMap":{}}]},{"date":"2024-03-28","commitResults":[{"hash":"94214c9a84c4876838cfe1aa0595cf1e7178e718","isMergeCommit":false,"messageTitle":"Allocate some code to author","messageBody":"","fileTypesAndContributionMap":{"functional-code":{"insertions":8,"deletions":0},"docs":{"insertions":1,"deletions":0}}},{"hash":"f9a326f394fe7dc0527518dc22bc938839dbf236","isMergeCommit":true,"messageTitle":"Merge pull request #64 from Hws2209/master","messageBody":"Allocate some code to author","fileTypesAndContributionMap":{}},{"hash":"d1438924afdce981c62434a362432175768b0310","isMergeCommit":true,"messageTitle":"Merge pull request #69 from AY2324S2-CS2113-W12-1/Isaac-SUCSCU","messageBody":"Modified printHelp to accomadate for new user input changes","fileTypesAndContributionMap":{}},{"hash":"ea7b8fb20abc436090dda694d9d4971f446198a0","isMergeCommit":false,"messageTitle":"Update output of \"help\" command","messageBody":"","fileTypesAndContributionMap":{"functional-code":{"insertions":4,"deletions":1}}},{"hash":"a686ca08f5d1a0e98668a9768ebd6211a3ecd825","isMergeCommit":true,"messageTitle":"Merge pull request #70 from Hws2209/master","messageBody":"Update output of \"help\" command","fileTypesAndContributionMap":{}},{"hash":"6fb301624ced1e3d0fa782c6611ec785e36bd29b","isMergeCommit":false,"messageTitle":"Update User Guide","messageBody":"","fileTypesAndContributionMap":{"docs":{"insertions":3,"deletions":2}}},{"hash":"15828d0f8de5d6e5503c2ad4c1c9fa5a20d39dfd","isMergeCommit":true,"messageTitle":"Merge pull request #71 from Hws2209/master","messageBody":"Update User Guide","fileTypesAndContributionMap":{}},{"hash":"820133f85b8849a1bbbad172d4d0289fbd9b55d4","isMergeCommit":false,"messageTitle":"Update Storage.java","messageBody":"","fileTypesAndContributionMap":{"functional-code":{"insertions":2,"deletions":2}}},{"hash":"c5078eac139e1c43386af7502867d6e26e0573c6","isMergeCommit":true,"messageTitle":"Merge pull request #72 from Hws2209/master","messageBody":"Update Storage.java","fileTypesAndContributionMap":{}},{"hash":"a6a0ccaa5aac187eafecfd124d64910aea08d67d","isMergeCommit":false,"messageTitle":"Add assertions to Course.java","messageBody":"","fileTypesAndContributionMap":{"functional-code":{"insertions":2,"deletions":0}}},{"hash":"ff26a42876f7f5f76204f935f0b2c6ca31c40a68","isMergeCommit":false,"messageTitle":"Add assertions to PlanGetter.java","messageBody":"","fileTypesAndContributionMap":{"functional-code":{"insertions":3,"deletions":0}}},{"hash":"8b22d4f1ee23fdac9f24963bb784f86ec6a0827a","isMergeCommit":false,"messageTitle":"Update TimetableTest","messageBody":"","fileTypesAndContributionMap":{"test-code":{"insertions":9,"deletions":2}}},{"hash":"53a03c191f0b9d066bb3939098bfa46cb80730bb","isMergeCommit":false,"messageTitle":"Add PlanGetterTest.java","messageBody":"","fileTypesAndContributionMap":{"test-code":{"insertions":72,"deletions":0}}},{"hash":"35a4cf37dd3f602e7ecd856a2723d2f43d04fbb5","isMergeCommit":true,"messageTitle":"Merge pull request #75 from Hws2209/master","messageBody":"Add assertions and JUnit tests","fileTypesAndContributionMap":{}},{"hash":"82eedac2248ee117283628437ef04d2970b5b1f0","isMergeCommit":false,"messageTitle":"Add more logging","messageBody":"","fileTypesAndContributionMap":{"functional-code":{"insertions":16,"deletions":3}}},{"hash":"724ce71a4c55b54089295580c9913c62bfbe9a6f","isMergeCommit":true,"messageTitle":"Merge pull request #76 from Hws2209/master","messageBody":"Add more logging","fileTypesAndContributionMap":{}}]},{"date":"2024-04-05","commitResults":[{"hash":"68e917e36a11dd00f5d7613e37ec3ece89302ba3","isMergeCommit":true,"messageTitle":"Merge pull request #97 from Hws2209/master","messageBody":"Update data files","fileTypesAndContributionMap":{}},{"hash":"4c453ad6b043f224e6402f55c86b860b2edd3543","isMergeCommit":false,"messageTitle":"Solve some bugs","messageBody":"","fileTypesAndContributionMap":{"functional-code":{"insertions":16,"deletions":11},"docs":{"insertions":1,"deletions":14}}},{"hash":"e872b86a7d8e4edd118773b61b4345eab6296f37","isMergeCommit":true,"messageTitle":"Merge pull request #98 from Hws2209/master","messageBody":"Solve some bugs","tags":["V2.0.1_Release"],"fileTypesAndContributionMap":{}}]},{"date":"2024-04-07","commitResults":[{"hash":"4150e026d02386bd97c5fa5cda045125813599bb","isMergeCommit":false,"messageTitle":"Debug some code according to PE-D comments","messageBody":"","fileTypesAndContributionMap":{"functional-code":{"insertions":41,"deletions":9},"test-code":{"insertions":11,"deletions":10}}},{"hash":"cfdceb615cf6970a0eae4f1fd246f81a123a233d","isMergeCommit":false,"messageTitle":"Update UG and DG according to comments given","messageBody":"","fileTypesAndContributionMap":{"docs":{"insertions":7,"deletions":3}}},{"hash":"333b5b9003e710ba55f9b0c40f9359095f8e923b","isMergeCommit":true,"messageTitle":"Merge pull request #133 from Hws2209/master","messageBody":"Solve some issues","fileTypesAndContributionMap":{}},{"hash":"faeb5b7e6b720444d3f0ea93f2807067e2983a3a","isMergeCommit":false,"messageTitle":"Add hws2209.md, Update README.md and AboutUs.md","messageBody":"","fileTypesAndContributionMap":{"docs":{"insertions":4,"deletions":6}}},{"hash":"9430cbe844a16f8eb2f0e032fa24aa75b63308e4","isMergeCommit":true,"messageTitle":"Merge pull request #136 from Hws2209/master","messageBody":"Add hws2209.md, Update README.md and AboutUs.md","fileTypesAndContributionMap":{}}]},{"date":"2024-04-08","commitResults":[{"hash":"e0784738d7139dfd5a31131c2f4b359e1eec9313","isMergeCommit":false,"messageTitle":"Ensure that optional parameters format (e.g. \"y/\") are verified","messageBody":"","fileTypesAndContributionMap":{"functional-code":{"insertions":20,"deletions":0}}},{"hash":"30e9f53542bbd51ff71ea7698e2ab5dfbbd22549","isMergeCommit":true,"messageTitle":"Merge pull request #137 from Hws2209/master","messageBody":"Ensure that optional parameters format (e.g. \"y/\") are verified","fileTypesAndContributionMap":{}},{"hash":"6165190c44b63be0982d8a9c209f428433cd3917","isMergeCommit":false,"messageTitle":"Update Parser.java","messageBody":"","fileTypesAndContributionMap":{"functional-code":{"insertions":20,"deletions":8}}},{"hash":"b49e81888ed66cb1da0d7c4d8205d0645748f30e","isMergeCommit":true,"messageTitle":"Merge pull request #138 from Hws2209/master","messageBody":"Update Parser.java","fileTypesAndContributionMap":{}},{"hash":"86f6c1c6ef6859d3cdb7aa64e2735f1a352425ac","isMergeCommit":false,"messageTitle":"Update DG","messageBody":"","fileTypesAndContributionMap":{"docs":{"insertions":43,"deletions":31}}},{"hash":"631109939f3f80bb64c5b5a2bd122824f73961b9","isMergeCommit":true,"messageTitle":"Merge pull request #139 from Hws2209/master","messageBody":"Update DG","fileTypesAndContributionMap":{}}]},{"date":"2024-04-09","commitResults":[{"hash":"60c642cdad67009fbeaee42f9b71e55464b105a2","isMergeCommit":false,"messageTitle":"Add Wan Sing\u0027s Project Portfolio Page","messageBody":"","fileTypesAndContributionMap":{"docs":{"insertions":45,"deletions":0}}},{"hash":"e4cbaf0be247c5bf675f44355b6111fcab3729da","isMergeCommit":true,"messageTitle":"Merge pull request #141 from Hws2209/master","messageBody":"Add Wan Sing\u0027s Project Portfolio Page","fileTypesAndContributionMap":{}}]}],"ZhouJunmin":[{"date":"2024-03-06","commitResults":[{"hash":"ec9ecb831b1d058542b6dd630470ac8ea15f4258","isMergeCommit":false,"messageTitle":"Update README.md","messageBody":"","fileTypesAndContributionMap":{"docs":{"insertions":1,"deletions":1}}},{"hash":"ef17857082c9abe7967421cc0e78b8bf422ca89d","isMergeCommit":false,"messageTitle":"Update Aboutus.md","messageBody":"","fileTypesAndContributionMap":{"docs":{"insertions":4,"deletions":7}}},{"hash":"705e8aef782e0848004b5d1c9d3cd343d491d98c","isMergeCommit":true,"messageTitle":"Merge branch \u0027Junmin-aboutus\u0027","messageBody":"# Conflicts:\n#\tdocs/AboutUs.md\n","fileTypesAndContributionMap":{}},{"hash":"f966903e25d0be18f17adfbcc94699c64649c9a4","isMergeCommit":true,"messageTitle":"Merge remote-tracking branch \u0027TeamRepo/master\u0027","messageBody":"# Conflicts:\n#\tdocs/AboutUs.md\n","fileTypesAndContributionMap":{}},{"hash":"affb694ba7ae93ec0a5c375926f9b73c7e483283","isMergeCommit":false,"messageTitle":"update aboutus.md again","messageBody":"","fileTypesAndContributionMap":{"docs":{"insertions":1,"deletions":0}}},{"hash":"95b98275d30b7f36796d7f01e5ee42b138eded05","isMergeCommit":true,"messageTitle":"Merge remote-tracking branch \u0027TeamRepo/master\u0027 into AboutUsJunmin","messageBody":"# Conflicts:\n#\tdocs/AboutUs.md\n","fileTypesAndContributionMap":{}},{"hash":"36e3cd5b634cbe738a23c6b52572f9ca6b9c584e","isMergeCommit":true,"messageTitle":"Merge pull request #6 from ZhouJunmin/AboutUsJunmin","messageBody":"About us junmin","fileTypesAndContributionMap":{}}]},{"date":"2024-03-18","commitResults":[{"hash":"50631087a7ea61c139af022d2c9229e43c32c800","isMergeCommit":false,"messageTitle":"Create Storage Class","messageBody":"Storage enables PlaNUS to read from files and write to user data file.\n","fileTypesAndContributionMap":{"functional-code":{"insertions":123,"deletions":0},"test-code":{"insertions":13,"deletions":0}}},{"hash":"a113c5ee86c3f0d78d0cf5e69680d915f2ef66ad","isMergeCommit":false,"messageTitle":"Add header comments to Storage Class.","messageBody":"","fileTypesAndContributionMap":{"functional-code":{"insertions":16,"deletions":0}}},{"hash":"f169511d61d23c14fbfc994b3d1b4b786a3f5919","isMergeCommit":false,"messageTitle":"Storage Class debug","messageBody":"Change the order of \"final\" and \"static\"; declare variables separately.\n","fileTypesAndContributionMap":{"functional-code":{"insertions":7,"deletions":4},"test-code":{"insertions":1,"deletions":1}}},{"hash":"dd4f31f972dac5c44050e44af35537494abf5b29","isMergeCommit":true,"messageTitle":"Merge pull request #20 from ZhouJunmin/CreatingStorage","messageBody":"Create Storage Class","fileTypesAndContributionMap":{}}]},{"date":"2024-03-19","commitResults":[{"hash":"c7de575e7361c180b2296192a17f82ebcade0c6e","isMergeCommit":false,"messageTitle":"V1.0 Debug","messageBody":"","fileTypesAndContributionMap":{"functional-code":{"insertions":218,"deletions":65}}}]},{"date":"2024-03-20","commitResults":[{"hash":"36ebb506460620aff94bd8b5fc6358e386fa5eb0","isMergeCommit":true,"messageTitle":"Merge pull request #30 from ZhouJunmin/branch_v1.0_debug","messageBody":"Branch v1.0 debug and release","tags":["V1.0_Release"],"fileTypesAndContributionMap":{}}]},{"date":"2024-03-25","commitResults":[{"hash":"191fda77b79b82cbaf58707aa33cdf23050d9d07","isMergeCommit":false,"messageTitle":"Grade Checker Debug, Storage Assertions and Logging","messageBody":"","fileTypesAndContributionMap":{"functional-code":{"insertions":13,"deletions":2}}},{"hash":"b5e4261987222076d8e8e992fe21ff9faba63005","isMergeCommit":false,"messageTitle":"Change Storage Class to meet Variable Declaration Order","messageBody":"","fileTypesAndContributionMap":{"functional-code":{"insertions":2,"deletions":1}}},{"hash":"2b7ac7a87b9110a87892e51c13c19683890aac37","isMergeCommit":true,"messageTitle":"Merge pull request #43 from ZhouJunmin/Branch_Grade_Checker_Debug","messageBody":"Grade Checker Debug, Storage Assertions and Logging","fileTypesAndContributionMap":{}}]},{"date":"2024-03-27","commitResults":[{"hash":"c3419df4b2b1980f92900b5ed12290d799dbf820","isMergeCommit":false,"messageTitle":"Update Draft DG for v1.0 Storage Class","messageBody":"","fileTypesAndContributionMap":{"docs":{"insertions":55,"deletions":0}}},{"hash":"308eb39936956cea1fdd9b804ff14de4902e5676","isMergeCommit":true,"messageTitle":"Merge pull request #54 from ZhouJunmin/Branch_DG_Storage_Update_1","messageBody":"Update Draft DG for v1.0 Storage Class","fileTypesAndContributionMap":{}}]},{"date":"2024-03-30","commitResults":[{"hash":"fa476283dea10e06fd1df0dbd25dc2449e5f0b4c","isMergeCommit":false,"messageTitle":"Fixed bugs related to grade checker with SU modules","messageBody":"","fileTypesAndContributionMap":{"functional-code":{"insertions":10,"deletions":21}}},{"hash":"45c0fc4a32110ed463c7e82c97f948550d6357b4","isMergeCommit":true,"messageTitle":"Merge pull request #83 from ZhouJunmin/Debug_GradeChecker_v2.0","messageBody":"Fixed bugs related to grade checker with SU modules","fileTypesAndContributionMap":{}},{"hash":"2021d37305997414809f02519648b7c916f69227","isMergeCommit":false,"messageTitle":"Add automatic fill of course name given course code when adding courses","messageBody":"","fileTypesAndContributionMap":{"functional-code":{"insertions":65,"deletions":6}}},{"hash":"978240407bc738d4f220d68e7f981717e1cd1558","isMergeCommit":false,"messageTitle":"Delete unused import scanner in parser class","messageBody":"","fileTypesAndContributionMap":{"functional-code":{"insertions":0,"deletions":1}}},{"hash":"43a31b758e02850304769a90077e55971995cb9f","isMergeCommit":true,"messageTitle":"Merge pull request #84 from ZhouJunmin/Branch_autoAddCourseName_v2.0","messageBody":"Add automatic fill of course name given course code when adding courses","fileTypesAndContributionMap":{}}]},{"date":"2024-03-31","commitResults":[{"hash":"94936f33d25b0342e34697226f2d04b22ba25955","isMergeCommit":false,"messageTitle":"Modified course adding function to prevent adding duplicated modules into the timetable.","messageBody":"","fileTypesAndContributionMap":{"functional-code":{"insertions":20,"deletions":1}}},{"hash":"592f4e7f10540c9aa4b58ca77a749843fb8303dc","isMergeCommit":true,"messageTitle":"Merge pull request #85 from ZhouJunmin/Branch_optimize_addcourse_v2.0","messageBody":"Modified course adding function","fileTypesAndContributionMap":{}},{"hash":"0ba5bf6457fbe78734b5efbd546bfb7e39fb21f4","isMergeCommit":false,"messageTitle":"add move course function","messageBody":"","fileTypesAndContributionMap":{"functional-code":{"insertions":66,"deletions":4}}},{"hash":"d58c1cab072bf6acb4116f5d5f70974806699a03","isMergeCommit":true,"messageTitle":"Merge pull request #87 from ZhouJunmin/Branch_move_course","messageBody":"add move course function","fileTypesAndContributionMap":{}}]},{"date":"2024-04-02","commitResults":[{"hash":"0ee41ceeec7452afc2640f5c0640f6b6b3274e7d","isMergeCommit":false,"messageTitle":"Add in unit tests and header comments for Storage Class v2.0","messageBody":"","fileTypesAndContributionMap":{"functional-code":{"insertions":23,"deletions":0},"test-code":{"insertions":116,"deletions":3}}},{"hash":"ad43226f7afe7537e4394ea15f58bea2b83c6092","isMergeCommit":false,"messageTitle":"Change imports of StorageTest class to satisfy style check","messageBody":"","fileTypesAndContributionMap":{"test-code":{"insertions":4,"deletions":2}}},{"hash":"fcdae68ed6b9c8eaf0cb220ae4e94d355cc642b3","isMergeCommit":true,"messageTitle":"Merge pull request #89 from ZhouJunmin/Branch_v2.0_Storage_TestAndDocumentation","messageBody":"Add in unit tests and header comments for Storage Class v2.0","fileTypesAndContributionMap":{}},{"hash":"13f474d96518191f251af89bbae9d5abb7eb8a8d","isMergeCommit":false,"messageTitle":"Update move course feature to User Guide.","messageBody":"","fileTypesAndContributionMap":{"docs":{"insertions":13,"deletions":0}}},{"hash":"4222e152ee85586dd5bd959f63296db99caea009","isMergeCommit":true,"messageTitle":"Merge pull request #91 from ZhouJunmin/Branch_update_UG_moveCourse","messageBody":"Update move course feature to User Guide.","fileTypesAndContributionMap":{}},{"hash":"415ed1c91163339e37e80f9dd8fbbbbfc0f4b419","isMergeCommit":false,"messageTitle":"Update Storage Class to include data files in Jar file build.","messageBody":"","fileTypesAndContributionMap":{"functional-code":{"insertions":11,"deletions":0}}},{"hash":"da50a735a3926a4df97fed0cdd17d93a71bc0b5f","isMergeCommit":true,"messageTitle":"Merge pull request #92 from ZhouJunmin/Branch_v2.0_Release","messageBody":"Update Storage Class to include data files in Jar file build.","tags":["V2.0_Release"],"fileTypesAndContributionMap":{}}]}]},"authorFileTypeContributionMap":{"ZhangWenyue3325":{"docs":149,"functional-code":480,"test-code":40},"cirelesna":{"docs":61,"functional-code":213,"test-code":66,"other":1},"iscyng":{"docs":114,"functional-code":161,"test-code":51},"Hws2209":{"docs":373,"functional-code":431,"test-code":160,"other":10},"ZhouJunmin":{"docs":57,"functional-code":360,"test-code":128}},"authorContributionVariance":{"ZhangWenyue3325":3402.7842,"cirelesna":1286.2148,"iscyng":2690.8594,"Hws2209":14061.0625,"ZhouJunmin":2967.093},"authorDisplayNameMap":{"ZhangWenyue3325":"CS2113-W12-1 ZHAN..NYUE","cirelesna":"CS2113-W12-1 ANSE..RTIN","iscyng":"CS2113-W12-1 ISAA.. ZHE","Hws2209":"CS2113-W12-1 HO W..SING","ZhouJunmin":"CS2113-W12-1 ZHOU..NMIN"}}
