{"authorDailyContributionsMap":{"BenjoBurger":[{"date":"2024-03-07","commitResults":[{"hash":"37971a8136e158deb8f07af65adcfb77e2924e99","isMergeCommit":false,"messageTitle":"Change name","messageBody":"","fileTypesAndContributionMap":{"docs":{"insertions":5,"deletions":5}}},{"hash":"7c5179d3f902b68502b4cbc90da5a1ceb95014cd","isMergeCommit":true,"messageTitle":"Merge pull request #1 from BenjoBurger/A-myBranch","messageBody":"Change name","fileTypesAndContributionMap":{}},{"hash":"52fe0b19f8b73f3256eb0d9eef1fbe1ac2346a39","isMergeCommit":true,"messageTitle":"Merge branch \u0027master\u0027 into A-myBranch","messageBody":"","fileTypesAndContributionMap":{}},{"hash":"d5d9890986669f5fff52afd6c869fd117e647d17","isMergeCommit":true,"messageTitle":"Merge pull request #4 from BenjoBurger/A-myBranch","messageBody":"Change name :)","fileTypesAndContributionMap":{}}]},{"date":"2024-03-18","commitResults":[{"hash":"0722f6fdd36eae7aef200ae8ed7d44a09ed26459","isMergeCommit":true,"messageTitle":"Merge branch \u0027master\u0027 of https://github.com/BenjoBurger/tp","messageBody":"* \u0027master\u0027 of https://github.com/BenjoBurger/tp:\n","fileTypesAndContributionMap":{}}]},{"date":"2024-03-19","commitResults":[{"hash":"c7eb339746fc218bdd18be42ff1ff6787857626a","isMergeCommit":true,"messageTitle":"Merge branch \u0027master\u0027 of https://github.com/BenjoBurger/tp","messageBody":"* \u0027master\u0027 of https://github.com/BenjoBurger/tp:\n  Update text ui test\n  Fix import statement for checkstyle test\n  Add some assertions and some basic logging\n  Add an test for source function\n  Change to article numbers starting at 1 and method access updates\n  Add basic functionality for a news bot to return the source of the news, start, and quit.\n  Replace dash with semicolon as delimiter in sample news text file\n  Create a news article class to store related info together\n  Change logo to NewsOnTheGo and update text-ui-test to check for logo using LF line endings\n  Update app name in all places to NewsOnTheGo, except documentation\n  Remove unused import so that gradle can build without errors\n  Add a fake news text file for testing use\n","fileTypesAndContributionMap":{}}]},{"date":"2024-03-20","commitResults":[{"hash":"913bc5a498d07fa28af5b54b619b12254cbdaa8b","isMergeCommit":false,"messageTitle":"Create daily Function","messageBody":"","fileTypesAndContributionMap":{"functional-code":{"insertions":20,"deletions":3},"docs":{"insertions":7,"deletions":7}}},{"hash":"956fcc6c3f5daee4c2434cde46e193c21734a15e","isMergeCommit":false,"messageTitle":"Add JUnit test case for daily function and move function into a package","messageBody":"","fileTypesAndContributionMap":{"functional-code":{"insertions":47,"deletions":24},"test-code":{"insertions":19,"deletions":0}}},{"hash":"2c23f2e6d74b30fada8bf3ba4c227ff7a88438be","isMergeCommit":true,"messageTitle":"Merge branch \u0027master\u0027 into feature-daily-function","messageBody":"","fileTypesAndContributionMap":{}},{"hash":"34d81db7589c0393e4d54dc51b8916dc720714f1","isMergeCommit":false,"messageTitle":"Remove unused imports","messageBody":"","fileTypesAndContributionMap":{"test-code":{"insertions":0,"deletions":2}}},{"hash":"fad748eddfded3e90904d5bfd50201d6587e5a49","isMergeCommit":true,"messageTitle":"Merge branch \u0027feature-daily-function\u0027 of https://github.com/BenjoBurger/tp into feature-daily-function","messageBody":"* \u0027feature-daily-function\u0027 of https://github.com/BenjoBurger/tp:\n  Add comments to explain code\n  Add filter function to show only news articles that are related to the mentioned topic\n  Add comparator to sort list of topics and showTopics() to show the list of news topics\n  Add NewsTopic class to categorise news articles based on topic\n","fileTypesAndContributionMap":{}},{"hash":"3866bf761ddf5ebdb9342e9297b210ec7d89816a","isMergeCommit":true,"messageTitle":"Merge branch \u0027master\u0027 into feature-daily-function","messageBody":"","fileTypesAndContributionMap":{}},{"hash":"1ab85af0901f67611136b15a8ba3c68328f46490","isMergeCommit":false,"messageTitle":"Add missing curly brackets","messageBody":"","fileTypesAndContributionMap":{"test-code":{"insertions":1,"deletions":0}}},{"hash":"1e1972cc8f33b195c6d79d05b1c3f806112b9c6e","isMergeCommit":true,"messageTitle":"Merge branch \u0027master\u0027 into N","messageBody":"","fileTypesAndContributionMap":{}},{"hash":"11010ccff938250bd4b41d58cd2abdeda86fee46","isMergeCommit":true,"messageTitle":"Merge branch \u0027master\u0027 into branch_userPreference","messageBody":"","fileTypesAndContributionMap":{}},{"hash":"652e8d4a2c9b5973fb644d299f26f60e7b291e2a","isMergeCommit":true,"messageTitle":"Merge pull request #23 from AhmedShaiyan/branch_userPreference","messageBody":"User preference","fileTypesAndContributionMap":{}}]},{"date":"2024-03-21","commitResults":[{"hash":"7eac434adc1951aeacd2684e216638e85ff8fd75","isMergeCommit":true,"messageTitle":"Merge pull request #22 from anneleong/N","messageBody":"Add Junit test","tags":["v1.0"],"fileTypesAndContributionMap":{}},{"hash":"9e57a4161e8c021db0e7d8ad68f14cd8f0c6b621","isMergeCommit":true,"messageTitle":"Merge pull request #24 from HiteshriAcharya/hiteshri","messageBody":"Added UI class \u0026 infoNewsCommand class","fileTypesAndContributionMap":{}}]},{"date":"2024-03-22","commitResults":[{"hash":"b3d3117a186cf9078192eb0825274b3be0a861aa","isMergeCommit":true,"messageTitle":"Merge branch \u0027master\u0027 of https://github.com/BenjoBurger/tp","messageBody":"* \u0027master\u0027 of https://github.com/BenjoBurger/tp: (26 commits)\n  Revised NewsOnTheGo\n  Revised NewsOnTheGo\n  Revised NewsOnTheGo\n  Revised NewsOnTheGo\n  revised NewsOnTheGo\n  revised InfoNewsCommand\n  Revised UI class\n  Added UI class \u0026 infoNewsCommand class\n  Added a UI class \u0026 infoNewsCommand class\n  Update NewsOnTheGoTest.java\n  Adjust declaration order\n  Fix variable order\n  Add user preference tracking system\n  Make setup changes\n  Add missing curly brackets\n  Remove unused imports\n  Add JUnit test case for daily function and move function into a package\n  Add Junit test\n  Create daily Function\n  JUnit test case for \u0027infoNews\u0027\n  ...\n","fileTypesAndContributionMap":{}}]},{"date":"2024-03-25","commitResults":[{"hash":"ccfc1031f00fe7dbae1730db2c415b57ef29bf46","isMergeCommit":false,"messageTitle":"Update documentation of daily function for developer guide","messageBody":"","fileTypesAndContributionMap":{"docs":{"insertions":42,"deletions":0}}}]},{"date":"2024-03-28","commitResults":[{"hash":"4e489979905c7ecdac99f314f58c20c070ae981e","isMergeCommit":false,"messageTitle":"Add date format to daily function and update code base on code review","messageBody":"","fileTypesAndContributionMap":{"functional-code":{"insertions":77,"deletions":10},"other":{"insertions":0,"deletions":1},"test-code":{"insertions":1,"deletions":1}}},{"hash":"3906d293526d64ee465e0c762f5a36df4f484652","isMergeCommit":true,"messageTitle":"Merge pull request #48 from AhmedShaiyan/branch_DG","messageBody":"Update DeveloperGuide.md","fileTypesAndContributionMap":{}}]},{"date":"2024-03-29","commitResults":[{"hash":"15685d6549c5c2fb83ec5948468b1901a621561c","isMergeCommit":true,"messageTitle":"Merge pull request #50 from HiteshriAcharya/hiteshri","messageBody":"Hiteshri\u0027s part of the DG","fileTypesAndContributionMap":{}},{"hash":"0c7348bac9009610f74eb3bc366fa864048dd8eb","isMergeCommit":false,"messageTitle":"Add save feature to daily function","messageBody":"","fileTypesAndContributionMap":{"functional-code":{"insertions":106,"deletions":19},"test-code":{"insertions":1,"deletions":1}}},{"hash":"4721d86b98fe354b94d7467901ef3eafc0724f2d","isMergeCommit":false,"messageTitle":"Resolve checkstyle errors","messageBody":"","fileTypesAndContributionMap":{"functional-code":{"insertions":1,"deletions":1},"test-code":{"insertions":31,"deletions":14}}},{"hash":"327bb8563cc637ec06aca186fe77fe3605156721","isMergeCommit":false,"messageTitle":"Resolve NewsOnTheGoTest.java Gradle issues","messageBody":"","fileTypesAndContributionMap":{"test-code":{"insertions":0,"deletions":1}}}]},{"date":"2024-04-03","commitResults":[{"hash":"ab721ebbac6c7a8fc806770dabd3231c8ab94263","isMergeCommit":false,"messageTitle":"Add exceptions to check for valid date format","messageBody":"","fileTypesAndContributionMap":{"functional-code":{"insertions":61,"deletions":9},"test-code":{"insertions":102,"deletions":4}}},{"hash":"9f5c06f116d8d23213330dc87a585fb388a2b7d9","isMergeCommit":true,"messageTitle":"Merge branch \u0027master\u0027 of https://github.com/BenjoBurger/tp into feature/daily-function","messageBody":"* \u0027master\u0027 of https://github.com/BenjoBurger/tp:\n  Modify TopicsFile to comply with checkstyle test\n  Add saved_Topics to keep track of user\u0027s favourite topics\n  Resolve build errors on github\n  Add star function along with peripheral functions to allow uuser to keep track of favourite topics\n  Edit code to comply with checkstyle\n  Add JavaDoc comments to code\n  Shift main code down\n  More exception handling for saveNews in NewsOnTheGo class\n  More exception handling for commands that require article index - get, save, source, info\n  Add exceptions to handle exceptions when an invalid task index is given\n  Add get command to show news content\n  Edit Parser Command to ensure error message is printed when invalid command is given\n  Article Scrapper for selected news articles\n  edit handleCommand in Parser class to allow retrieving of articles in each specific topic\n  edit filterNews to include article index\n  Remove assert in filterNews\n  Add Load enum and feature\n  Update DeveloperGuide.md\n  Add printTopics into UI class which replaces showTopics on NewsOnTheGo\n  Resolve NewsOnTheGoTest.java Gradle issues\n\n# Conflicts:\n#\tdata/testArticleScrapper.txt\n#\tsrc/test/java/newsonthego/NewsOnTheGoTest.java\n","fileTypesAndContributionMap":{}},{"hash":"d26151e2fa991dde03c3611a6a10304ed0c2b9fe","isMergeCommit":true,"messageTitle":"Merge branch \u0027master\u0027 into feature/daily-function","messageBody":"","fileTypesAndContributionMap":{}},{"hash":"f910b003f471864aaafe6920b58ad597374cdede","isMergeCommit":false,"messageTitle":"Update DailyNewsCommand.java","messageBody":"","fileTypesAndContributionMap":{"functional-code":{"insertions":2,"deletions":3}}},{"hash":"4d940f959e45203e0f862172c3171e527e35aa0d","isMergeCommit":false,"messageTitle":"Delete testLogging.java","messageBody":"","fileTypesAndContributionMap":{"test-code":{"insertions":0,"deletions":20}}},{"hash":"272038e13eec485f69ea77efbc50818fa2629620","isMergeCommit":false,"messageTitle":"Update DailyNewsCommandTest.java","messageBody":"","fileTypesAndContributionMap":{"test-code":{"insertions":2,"deletions":2}}},{"hash":"6768d5bccce55943039c388ac8aa56d7012232ee","isMergeCommit":false,"messageTitle":"Add User Guide and Developer Guide documentation","messageBody":"","fileTypesAndContributionMap":{"docs":{"insertions":35,"deletions":2}}},{"hash":"48c250ad2433860523199777f6a486251a6f514c","isMergeCommit":false,"messageTitle":"Update UserGuide.md","messageBody":"","fileTypesAndContributionMap":{"docs":{"insertions":3,"deletions":0}}},{"hash":"8a453cef11d780205c3798efa1f615581ed28638","isMergeCommit":false,"messageTitle":"Update DeveloperGuide.md","messageBody":"","fileTypesAndContributionMap":{"docs":{"insertions":1,"deletions":1}}},{"hash":"c3397ca832d9d7108790ffa1a2a7faa27b491714","isMergeCommit":false,"messageTitle":"Update DailyNewsCommandTest.java","messageBody":"","fileTypesAndContributionMap":{"test-code":{"insertions":6,"deletions":3}}},{"hash":"d2beac1443f60c21de82e1b03c6074558ddfef4a","isMergeCommit":false,"messageTitle":"Update DailyNewsCommandTest.java","messageBody":"","fileTypesAndContributionMap":{"test-code":{"insertions":4,"deletions":3}}}]},{"date":"2024-04-04","commitResults":[{"hash":"6920f6826b8134560fb7f4230c3ebe5d29cde548","isMergeCommit":false,"messageTitle":"Update DailyNewsCommandTest.java","messageBody":"","fileTypesAndContributionMap":{"test-code":{"insertions":7,"deletions":6}}},{"hash":"b5753b1d0b961b6486ce5c10308e8cf33eb5771b","isMergeCommit":false,"messageTitle":"Update DailyNewsCommandTest.java","messageBody":"","fileTypesAndContributionMap":{"test-code":{"insertions":3,"deletions":6}}},{"hash":"fbd2e4de105867d71f0c3d0fe69526a787d29a1f","isMergeCommit":true,"messageTitle":"Merge branch \u0027master\u0027 into feature/daily-function","messageBody":"","fileTypesAndContributionMap":{}},{"hash":"c23e7ef6e8cce29e1321a9bf518fdcd3fa84931c","isMergeCommit":false,"messageTitle":"Update DailyNewsCommandTest.java","messageBody":"","fileTypesAndContributionMap":{"test-code":{"insertions":0,"deletions":1}}},{"hash":"8e0b6843bdd3ad5841ac4eb9dd726243970e465d","isMergeCommit":false,"messageTitle":"Update DailyNewsCommandTest.java","messageBody":"","fileTypesAndContributionMap":{"test-code":{"insertions":19,"deletions":16}}},{"hash":"c9f802eac56f0e315ac546783458d5325a7a2b49","isMergeCommit":false,"messageTitle":"Update DailyNewsCommandTest.java","messageBody":"","fileTypesAndContributionMap":{"test-code":{"insertions":0,"deletions":42}}},{"hash":"f8146338aa3f995ab6200e2aaec55918bf66da9d","isMergeCommit":true,"messageTitle":"Merge pull request #63 from BenjoBurger/feature/daily-function","messageBody":"Add exceptions to check for valid date format","tags":["v2.0"],"fileTypesAndContributionMap":{}}]},{"date":"2024-04-08","commitResults":[{"hash":"662e86016ffda5440970182fc8d7f1851861d44c","isMergeCommit":false,"messageTitle":"Update sequence diagram for DG","messageBody":"","fileTypesAndContributionMap":{"docs":{"insertions":14,"deletions":14}}},{"hash":"6651580a1ba45b9acfaa54691f7190a272597b2d","isMergeCommit":true,"messageTitle":"Merge pull request #107 from ningsongshen/removefakenews","messageBody":"Remove the hard-coded inline fake news, moved into a file","fileTypesAndContributionMap":{}},{"hash":"bc0c289509bc3be3b13ea841c73a184dc2808f55","isMergeCommit":true,"messageTitle":"Merge branch \u0027master\u0027 of https://github.com/BenjoBurger/tp into benjoBranch","messageBody":"* \u0027master\u0027 of https://github.com/BenjoBurger/tp:\n  Remove the hard-coded inline fake news, moved into a file\n","fileTypesAndContributionMap":{}},{"hash":"2f8d7430ee6ac6da02742b83d3293117884c1064","isMergeCommit":false,"messageTitle":"Refactor files into their packages","messageBody":"","fileTypesAndContributionMap":{"functional-code":{"insertions":14,"deletions":14},"other":{"insertions":13,"deletions":9},"test-code":{"insertions":3,"deletions":1}}},{"hash":"744bca87eb4b03ecf22622633ed1dbc1ce507551","isMergeCommit":false,"messageTitle":"Create PPP","messageBody":"","fileTypesAndContributionMap":{"docs":{"insertions":13,"deletions":0}}},{"hash":"6d34401a6e0d47011764bec06257da1d8299ae1c","isMergeCommit":true,"messageTitle":"Merge branch \u0027master\u0027 of https://github.com/BenjoBurger/tp into benjoBranch","messageBody":"* \u0027master\u0027 of https://github.com/BenjoBurger/tp:\n","fileTypesAndContributionMap":{}},{"hash":"19ee2c14daedec6fc6601fb84b996fbbd4872a7b","isMergeCommit":false,"messageTitle":"Fix Gradle errors relating to imports","messageBody":"","fileTypesAndContributionMap":{"functional-code":{"insertions":6,"deletions":1}}},{"hash":"f341483d09c3dc176f665712f5e7d497dc57537f","isMergeCommit":false,"messageTitle":"Fix Gradle errors regarding redundant import","messageBody":"","fileTypesAndContributionMap":{"functional-code":{"insertions":0,"deletions":1}}}]},{"date":"2024-04-09","commitResults":[{"hash":"8f693ef78b5b2048e857ec0a8451156f9d7b1d6d","isMergeCommit":false,"messageTitle":"Fix bugs from PED","messageBody":"","fileTypesAndContributionMap":{"functional-code":{"insertions":27,"deletions":8},"docs":{"insertions":11,"deletions":3}}},{"hash":"8b996cd2534e26d3999b0ab5374909f154f94a57","isMergeCommit":false,"messageTitle":"Fix bug relating to input of DateFormat","messageBody":"","fileTypesAndContributionMap":{"functional-code":{"insertions":5,"deletions":0}}},{"hash":"a903ee0b1517afa75a84d95755fb8c89c7c6483d","isMergeCommit":true,"messageTitle":"Merge branch \u0027benjoBranch\u0027 of https://github.com/BenjoBurger/tp into benjoBranch","messageBody":"* \u0027benjoBranch\u0027 of https://github.com/BenjoBurger/tp:\n  update parserToText\n  Update url function for load and save feature\n  Adjust for checkstyle\n  Add url functionality to daily and suggest command\n  Add url feature\n\n# Conflicts:\n#\tdata/saved_topics.txt\n#\tdata/testArticleScraper.txt\n#\tuser_data/saved_news.txt\n","fileTypesAndContributionMap":{}},{"hash":"7038e5d3a25f051e07506fb32b68f08320566dbd","isMergeCommit":false,"messageTitle":"Add Javadocs to functions relating in DateFormat","messageBody":"","fileTypesAndContributionMap":{"functional-code":{"insertions":29,"deletions":5},"docs":{"insertions":5,"deletions":0}}},{"hash":"82122e2746ba911b01847d8b5c6520b36e65ba5b","isMergeCommit":false,"messageTitle":"Fix daily function test cases","messageBody":"","fileTypesAndContributionMap":{"test-code":{"insertions":2,"deletions":2}}},{"hash":"8ec78ef306ac769a679fff6a2047ff35f0f499a7","isMergeCommit":true,"messageTitle":"Merge pull request #120 from ningsongshen/nsppp","messageBody":"NS PPP","fileTypesAndContributionMap":{}},{"hash":"07f21152fabf014475cc352f6103ec14a8511220","isMergeCommit":true,"messageTitle":"Merge pull request #122 from ningsongshen/RefixCodeReviewIssues","messageBody":"Update code from previous code review","fileTypesAndContributionMap":{}},{"hash":"564a142ee71f9787b7111ebb405ab80cbada446b","isMergeCommit":false,"messageTitle":"Add Benjamin PPP","messageBody":"","fileTypesAndContributionMap":{"docs":{"insertions":39,"deletions":13}}},{"hash":"38af7fc59671447e833b153b8388bc5a986561d9","isMergeCommit":false,"messageTitle":"Add indentation to Line 268 of NewsOnTheGo.java","messageBody":"","fileTypesAndContributionMap":{"functional-code":{"insertions":1,"deletions":1}}}]},{"date":"2024-04-10","commitResults":[{"hash":"27250026d093b0f27df5fcb21af5383779035a7e","isMergeCommit":false,"messageTitle":"Update User Guide","messageBody":"","fileTypesAndContributionMap":{"functional-code":{"insertions":3,"deletions":0},"docs":{"insertions":85,"deletions":87}}},{"hash":"4d71d748f454348ce5a7c78f101b96a1c8481c7a","isMergeCommit":true,"messageTitle":"Merge branch \u0027master\u0027 into benjoBranch","messageBody":"","fileTypesAndContributionMap":{}},{"hash":"b18fbb8acbc255deed83f74696c1c6efed55759c","isMergeCommit":true,"messageTitle":"Merge branch \u0027AY2324S2-CS2113-T12-1:benjoBranch\u0027 into benjoBranch","messageBody":"","fileTypesAndContributionMap":{}},{"hash":"548b29ddfdc4838cf65099347d82e289ae186ceb","isMergeCommit":true,"messageTitle":"Merge branch \u0027master\u0027 into N","messageBody":"","fileTypesAndContributionMap":{}},{"hash":"4bcaa4611321a06caa799decb802bd0e17e59c7d","isMergeCommit":false,"messageTitle":"Update Parser.java to fix build issues","messageBody":"","fileTypesAndContributionMap":{"functional-code":{"insertions":0,"deletions":1}}},{"hash":"86467d14498b0c897ffed5fab4659e66ea41b96f","isMergeCommit":false,"messageTitle":"Remove redundant import in Parser.java","messageBody":"","fileTypesAndContributionMap":{"functional-code":{"insertions":0,"deletions":2}}},{"hash":"662529da6aec101de8fe73e54e7b07821548e99f","isMergeCommit":false,"messageTitle":"Add APA citation to source command","messageBody":"","fileTypesAndContributionMap":{"functional-code":{"insertions":162,"deletions":85},"other":{"insertions":1,"deletions":1},"docs":{"insertions":17,"deletions":13},"test-code":{"insertions":1,"deletions":1}}},{"hash":"9cd0c978d3b0f4312e27ac56160757dff80f3f47","isMergeCommit":true,"messageTitle":"Merge branch \u0027master\u0027 into N","messageBody":"","fileTypesAndContributionMap":{}},{"hash":"049dcd566daa76bfa9f2985d5528d3d3038705d4","isMergeCommit":true,"messageTitle":"Merge pull request #129 from anneleong/N","messageBody":"N","fileTypesAndContributionMap":{}}]},{"date":"2024-04-11","commitResults":[{"hash":"0b4dd1890c9927a8d135d38040e8713ab48f8b18","isMergeCommit":false,"messageTitle":"Update User Guide","messageBody":"","fileTypesAndContributionMap":{"functional-code":{"insertions":22,"deletions":17},"docs":{"insertions":481,"deletions":62}}},{"hash":"a4493fa5d3f386bb523eedc3e7b05d48baad505f","isMergeCommit":false,"messageTitle":"Update User Guide command summary format","messageBody":"","fileTypesAndContributionMap":{"docs":{"insertions":19,"deletions":19}}},{"hash":"18a3611f810d965a1e045c3d8b46a2fc8d14ded9","isMergeCommit":false,"messageTitle":"Update UserGuide.md","messageBody":"","fileTypesAndContributionMap":{"docs":{"insertions":2,"deletions":2}}}]},{"date":"2024-04-12","commitResults":[{"hash":"95f3cc8e722a71242ad405877211ad4a8be4fedd","isMergeCommit":false,"messageTitle":"Add table of contents to DG","messageBody":"","fileTypesAndContributionMap":{"docs":{"insertions":166,"deletions":40}}},{"hash":"c8847ab7730150acd285d1c953e4ea29a568b39c","isMergeCommit":false,"messageTitle":"Update Developer Guide","messageBody":"","fileTypesAndContributionMap":{"docs":{"insertions":68,"deletions":9}}},{"hash":"85632aa753f345e2e5c1181062bf17dc00f07405","isMergeCommit":false,"messageTitle":"Update Developer Guide user stories","messageBody":"","fileTypesAndContributionMap":{"docs":{"insertions":20,"deletions":9}}},{"hash":"012713bfb74211fb0e5d3331d55a2dbcf6c28270","isMergeCommit":true,"messageTitle":"Merge branch \u0027master\u0027 of https://github.com/BenjoBurger/tp into benjoBranch","messageBody":"* \u0027master\u0027 of https://github.com/BenjoBurger/tp:\n  update PPP\n  Hiteshri\u0027s PPP\n  QuoteGenerator\n  QuoteGenerator\n  adjust for checkstyle\n  adjust for checkstyle\n  Add test cases for Suggest, load, and headline features\n  Update UserGuide.md\n  Error fix\n  Error fix\n  Add source\n  replace text file\n","fileTypesAndContributionMap":{}},{"hash":"28b0250f9201f5f439810699e9a36aa5b117ee8c","isMergeCommit":false,"messageTitle":"Fix article scrapper and daily command ui","messageBody":"","fileTypesAndContributionMap":{"functional-code":{"insertions":34,"deletions":6},"test-code":{"insertions":1,"deletions":2}}},{"hash":"7ca14fbe20df30b65b5b24d07afd1c9b58e1394b","isMergeCommit":false,"messageTitle":"Remove URL command test case","messageBody":"","fileTypesAndContributionMap":{"test-code":{"insertions":16,"deletions":16}}}]},{"date":"2024-04-13","commitResults":[{"hash":"69433148157ec5194871d2e8bce149365b790fa7","isMergeCommit":true,"messageTitle":"Merge pull request #147 from HiteshriAcharya/hiteshri","messageBody":"UI for QuoteGenerator","fileTypesAndContributionMap":{}},{"hash":"489cc946151fc69b37ddd14d43063e90ceb81af5","isMergeCommit":false,"messageTitle":"Fix daily function UI bug","messageBody":"","fileTypesAndContributionMap":{"functional-code":{"insertions":0,"deletions":1}}},{"hash":"5a0356d17ad78c63bc7dce7f68760150d9af0174","isMergeCommit":false,"messageTitle":"Add test cases for daily function","messageBody":"","fileTypesAndContributionMap":{"functional-code":{"insertions":1,"deletions":2},"test-code":{"insertions":144,"deletions":0}}},{"hash":"ca0b9c149a7aedd8f01c69d7bef719f0ab443e80","isMergeCommit":false,"messageTitle":"Change new line for test cases","messageBody":"","fileTypesAndContributionMap":{"test-code":{"insertions":50,"deletions":60}}},{"hash":"7633d684e29374427b05a9599d0cfc83d1ff7fe4","isMergeCommit":false,"messageTitle":"Fix daily class test cases","messageBody":"","fileTypesAndContributionMap":{"functional-code":{"insertions":1,"deletions":2},"test-code":{"insertions":66,"deletions":9}}}]},{"date":"2024-04-14","commitResults":[{"hash":"1e545d07defc9982e776735c641cbae388a8f6ac","isMergeCommit":true,"messageTitle":"Merge pull request #160 from HiteshriAcharya/hiteshri","messageBody":"UML diagrams \u0026 DG","fileTypesAndContributionMap":{}},{"hash":"9857158b893d1d9087c2896e146da3df7bfdd963","isMergeCommit":true,"messageTitle":"Merge pull request #161 from HiteshriAcharya/hiteshri","messageBody":"JUnit tests","fileTypesAndContributionMap":{}},{"hash":"43b930093f160975b809c7497d6d61236f1dda22","isMergeCommit":true,"messageTitle":"Merge pull request #162 from AhmedShaiyan/branch_Ahmed","messageBody":"Add extract feature","fileTypesAndContributionMap":{}},{"hash":"8f6a856994cc3d7f5feeef1f5f72a41f3b8a1aff","isMergeCommit":false,"messageTitle":"Update DG","messageBody":"Ensure format follows AB3, add class diagram for daily class\n","fileTypesAndContributionMap":{"functional-code":{"insertions":1,"deletions":1},"docs":{"insertions":174,"deletions":157}}}]},{"date":"2024-04-15","commitResults":[{"hash":"54bf72cad04717e0271b91f517e9cfcec2f82763","isMergeCommit":true,"messageTitle":"Merge pull request #164 from HiteshriAcharya/hiteshri","messageBody":"Remove buggy URL","fileTypesAndContributionMap":{}},{"hash":"01314bb66cfb1758dd92801ed588edf0672ae8f1","isMergeCommit":false,"messageTitle":"Remove class circle in class diagram","messageBody":"","fileTypesAndContributionMap":{"docs":{"insertions":1,"deletions":0}}},{"hash":"478f21f13c60e073e71f6cf1509de2981f777042","isMergeCommit":false,"messageTitle":"Update Benjamin PPP","messageBody":"","fileTypesAndContributionMap":{"docs":{"insertions":9,"deletions":1}}},{"hash":"eb33c990d100315d4a023bb78fdfe57d978f683a","isMergeCommit":false,"messageTitle":"Update DailyNewsCommand.java","messageBody":"","fileTypesAndContributionMap":{"functional-code":{"insertions":1,"deletions":1}}},{"hash":"53a00ad397f73ed64f7d3884ede75e379d5fe064","isMergeCommit":true,"messageTitle":"Merge pull request #165 from BenjoBurger/benjoBranch","messageBody":"Update DG and PPP","fileTypesAndContributionMap":{}},{"hash":"d7f790c614ead9fdf643253938f95416ac448eac","isMergeCommit":true,"messageTitle":"Merge pull request #168 from AhmedShaiyan/branch_Ahmed","messageBody":"Update PPP","fileTypesAndContributionMap":{}},{"hash":"c457b40842517a832481eb5c0300f9a917230b5c","isMergeCommit":true,"messageTitle":"Merge branch \u0027master\u0027 into ppplinks","messageBody":"","fileTypesAndContributionMap":{}},{"hash":"329afa3576b18edd77c3c1efe428d73fe1185edc","isMergeCommit":true,"messageTitle":"Merge pull request #159 from ningsongshen/ppplinks","messageBody":"update links to ppp and avatars on about us page - was previously bro…","fileTypesAndContributionMap":{}},{"hash":"54c7f81ecaa8f58928bdcec443139a93f767bec5","isMergeCommit":true,"messageTitle":"Merge pull request #166 from HiteshriAcharya/hiteshri","messageBody":"DG","fileTypesAndContributionMap":{}},{"hash":"cbb87bd145fe5ced1c0e2b0c865c0d8bff9113e4","isMergeCommit":false,"messageTitle":"Update AboutUs.md PPP links","messageBody":"","fileTypesAndContributionMap":{"docs":{"insertions":5,"deletions":5}}},{"hash":"bd843f99cbf381944698b1ed3227bf1993b07501","isMergeCommit":true,"messageTitle":"Merge pull request #169 from BenjoBurger/master","messageBody":"Update AboutUs.md PPP links","fileTypesAndContributionMap":{}}]}],"AhmedShaiyan":[{"date":"2024-03-07","commitResults":[{"hash":"17de4ae92ef0510f835d30e8a0db564556bde0f5","isMergeCommit":false,"messageTitle":"Change about us file","messageBody":"","fileTypesAndContributionMap":{"docs":{"insertions":7,"deletions":7}}},{"hash":"eebdc637bf3520305e0d37fc9206c567334825ac","isMergeCommit":true,"messageTitle":"Merge branch \u0027master\u0027 into branch-A-AboutUs","messageBody":"","fileTypesAndContributionMap":{}},{"hash":"7f7b56a834ae1432b923338a7fc5e166b66db4a5","isMergeCommit":true,"messageTitle":"Merge pull request #3 from AhmedShaiyan/branch-A-AboutUs","messageBody":"Change about us file","fileTypesAndContributionMap":{}}]},{"date":"2024-03-15","commitResults":[{"hash":"3045ee27ec3f81f98c993c1f290ef1632d633460","isMergeCommit":false,"messageTitle":"Update DukeTest.java","messageBody":"","fileTypesAndContributionMap":{"test-code":{"insertions":5,"deletions":0}}},{"hash":"1ec71396598bdad4dd1fa38a80307c68f6b8dbb2","isMergeCommit":false,"messageTitle":"Update DukeTest.java","messageBody":"","fileTypesAndContributionMap":{"test-code":{"insertions":2,"deletions":3}}}]},{"date":"2024-03-20","commitResults":[{"hash":"6289ee7534333e2f4dcab253bf931e3ccaf5ef35","isMergeCommit":true,"messageTitle":"Merge pull request #19 from anneleong/N","messageBody":"Filter Function for Newsbot","fileTypesAndContributionMap":{}},{"hash":"9849ec9c66bf36e641a2bd8a09a23090104ba206","isMergeCommit":false,"messageTitle":"Make setup changes","messageBody":"","fileTypesAndContributionMap":{"other":{"insertions":3,"deletions":1}}},{"hash":"0bea3523613668dfc09fa5fc5ea556422b3d1e97","isMergeCommit":true,"messageTitle":"Make setup changes","messageBody":"","fileTypesAndContributionMap":{}},{"hash":"44c77fdfdabd65661d6f3c8831d40a257c254443","isMergeCommit":false,"messageTitle":"Add user preference tracking system","messageBody":"","fileTypesAndContributionMap":{"functional-code":{"insertions":57,"deletions":0},"test-code":{"insertions":59,"deletions":3}}},{"hash":"fba5d5821910c125ca7e827f642acb8b69571a97","isMergeCommit":false,"messageTitle":"Fix variable order","messageBody":"","fileTypesAndContributionMap":{"functional-code":{"insertions":3,"deletions":1},"test-code":{"insertions":1,"deletions":1}}},{"hash":"dbf40cc3abb8f5088e029e5f26aa4894bc5b2ebc","isMergeCommit":true,"messageTitle":"Merge branch \u0027branch_userPreference\u0027 of https://github.com/AhmedShaiyan/tp into branch_userPreference ok","messageBody":"","fileTypesAndContributionMap":{}},{"hash":"5e8fd4b89c119d11304677ab09f64c7e803e5278","isMergeCommit":false,"messageTitle":"Adjust declaration order","messageBody":"","fileTypesAndContributionMap":{"test-code":{"insertions":3,"deletions":1}}},{"hash":"06a2fc76a36f68aa28c8d53962d2310d1229af32","isMergeCommit":false,"messageTitle":"Update NewsOnTheGoTest.java","messageBody":"","fileTypesAndContributionMap":{"test-code":{"insertions":7,"deletions":7}}}]},{"date":"2024-03-22","commitResults":[{"hash":"3c78fbbcf88144a536c8e775aa3021eaff85cd33","isMergeCommit":false,"messageTitle":"Add assertions","messageBody":"","fileTypesAndContributionMap":{"functional-code":{"insertions":2,"deletions":0},"other":{"insertions":1,"deletions":0}}},{"hash":"97c3351f45b8a60ca9539ca691e0d8d5e1bea0a5","isMergeCommit":true,"messageTitle":"Merge pull request #26 from HiteshriAcharya/hiteshri","messageBody":"Parser class \u0026 NewsImporter class","fileTypesAndContributionMap":{}}]},{"date":"2024-03-28","commitResults":[{"hash":"03adb209038113f76bb12b1ee07b8d2bf38767a4","isMergeCommit":true,"messageTitle":"Merge pull request #39 from anneleong/N","messageBody":"save news articles","fileTypesAndContributionMap":{}},{"hash":"f0109033816567b1fea8adeac276085b242862ac","isMergeCommit":true,"messageTitle":"Merge branch \u0027master\u0027 into branch_assertions","messageBody":"","fileTypesAndContributionMap":{}},{"hash":"3ba555212ac32c9af79bd3aa1bb21cb05a907ea6","isMergeCommit":true,"messageTitle":"Merge pull request #27 from AhmedShaiyan/branch_assertions","messageBody":"Add assertions","fileTypesAndContributionMap":{}},{"hash":"143cd9cbc2bf834510405c03fc5692cf6e436ebe","isMergeCommit":true,"messageTitle":"Merge branch \u0027master\u0027 into updatedeveloperguide1","messageBody":"","fileTypesAndContributionMap":{}},{"hash":"cbb4f860baffcfddb1a1671cc3e69194e99b4082","isMergeCommit":true,"messageTitle":"Merge pull request #38 from ningsongshen/updatedeveloperguide1","messageBody":"Update developer guide with basic source function description","fileTypesAndContributionMap":{}},{"hash":"5bb530ebe210e8e8551a7258ee7817807b58a446","isMergeCommit":false,"messageTitle":"Update DeveloperGuide.md","messageBody":"Add user preference feature","fileTypesAndContributionMap":{"docs":{"insertions":45,"deletions":0}}}]},{"date":"2024-03-30","commitResults":[{"hash":"0757bef6293c17191f4ef017cb437cbf5b063270","isMergeCommit":false,"messageTitle":"Update DeveloperGuide.md","messageBody":"fix daily function descriptuon","fileTypesAndContributionMap":{"docs":{"insertions":1,"deletions":1}}},{"hash":"f1a8e88f2e0ae5133584d247233860f8966afadf","isMergeCommit":true,"messageTitle":"Merge pull request #52 from anneleong/N","messageBody":"improve code quality with more oop for UI","fileTypesAndContributionMap":{}},{"hash":"4cc5bf5d71e2852c7991ae6e258cb3c63fa623b9","isMergeCommit":false,"messageTitle":"Add Load enum and feature","messageBody":"","fileTypesAndContributionMap":{"functional-code":{"insertions":29,"deletions":1}}}]},{"date":"2024-04-02","commitResults":[{"hash":"3d1a054570b167dd86c9e9791722a65713febb74","isMergeCommit":true,"messageTitle":"Merge pull request #57 from anneleong/N","messageBody":"quite many changes done","fileTypesAndContributionMap":{}}]},{"date":"2024-04-03","commitResults":[{"hash":"0342869ee9f2e6269f0b500abdc3803bb6e20fd4","isMergeCommit":false,"messageTitle":"Update User preference function and user guide","messageBody":"","fileTypesAndContributionMap":{"functional-code":{"insertions":142,"deletions":70},"docs":{"insertions":50,"deletions":23},"test-code":{"insertions":35,"deletions":29}}},{"hash":"0416244acb84257dfa0027ed224892ec7d503537","isMergeCommit":false,"messageTitle":"Remove unused imports","messageBody":"","fileTypesAndContributionMap":{"functional-code":{"insertions":0,"deletions":1},"test-code":{"insertions":1,"deletions":1}}},{"hash":"990065205d8831bbdab565c2304b91e29048a5d7","isMergeCommit":false,"messageTitle":"Adjust method name length","messageBody":"","fileTypesAndContributionMap":{"test-code":{"insertions":3,"deletions":3}}},{"hash":"f46726338dccc1d762bd08d8f058acb0b6f8f8ef","isMergeCommit":true,"messageTitle":"Merge branch \u0027master\u0027 into N","messageBody":"","fileTypesAndContributionMap":{}},{"hash":"c7fa4abed84dbcd17c7e4fa0c4a8b96fdf788f5b","isMergeCommit":false,"messageTitle":"Update NewsOnTheGo.java","messageBody":"adjust line for enum Command","fileTypesAndContributionMap":{"functional-code":{"insertions":2,"deletions":1}}},{"hash":"bb7d636c8f9b86f9a70fac7f99867917b81bad87","isMergeCommit":true,"messageTitle":"Merge pull request #60 from anneleong/N","messageBody":"Update Developer\u0027s Guide with Sequence Diagram","fileTypesAndContributionMap":{}},{"hash":"f1bcbed2742f1e1f32e4110aeac82155a936ad22","isMergeCommit":true,"messageTitle":"Merge pull request #62 from HiteshriAcharya/hiteshri","messageBody":"Hiteshri\u0027s DG","fileTypesAndContributionMap":{}},{"hash":"bfae31aef2fe243e9915b164b72c31aeb643d0c8","isMergeCommit":false,"messageTitle":"update DG","messageBody":"","fileTypesAndContributionMap":{"docs":{"insertions":40,"deletions":27}}},{"hash":"9a2402e71a278f7adb87f662eba934f8354868a6","isMergeCommit":true,"messageTitle":"Merge pull request #65 from AhmedShaiyan/b_DG","messageBody":"update DG","fileTypesAndContributionMap":{}},{"hash":"7e8aa0e80b2bec6d216387228ba4dbd0363c1358","isMergeCommit":true,"messageTitle":"Merge branch \u0027master\u0027 into documentation","messageBody":"","fileTypesAndContributionMap":{}},{"hash":"a97cb7c7140ac332c238949b6438ac75b3ef8b18","isMergeCommit":true,"messageTitle":"Merge pull request #64 from BenjoBurger/documentation","messageBody":"Add User Guide and Developer Guide documentation","fileTypesAndContributionMap":{}},{"hash":"53c3632f39e76ffc03490ee24c1aeab425827822","isMergeCommit":false,"messageTitle":"update user guide","messageBody":"","fileTypesAndContributionMap":{"docs":{"insertions":24,"deletions":5}}},{"hash":"3e16b3ddc601944d07778430d86a945804e96133","isMergeCommit":true,"messageTitle":"Merge pull request #66 from AhmedShaiyan/b_ug2","messageBody":"update user guide","fileTypesAndContributionMap":{}}]},{"date":"2024-04-04","commitResults":[{"hash":"3b3d7dd2f81470a951ce0e240400263296129bad","isMergeCommit":true,"messageTitle":"Merge pull request #67 from HiteshriAcharya/hiteshri","messageBody":"Brushing up Article Scrapper","fileTypesAndContributionMap":{}}]},{"date":"2024-04-07","commitResults":[{"hash":"b2ce47a68dd30f76ede63c7a557568bbec4bfb4e","isMergeCommit":true,"messageTitle":"Merge pull request #105 from HiteshriAcharya/hiteshri","messageBody":"Minor change to order","fileTypesAndContributionMap":{}}]},{"date":"2024-04-08","commitResults":[{"hash":"6a0d5bc3260f1dd71182d1cd5d84ba9a940ba6a7","isMergeCommit":true,"messageTitle":"Merge pull request #106 from HiteshriAcharya/hiteshri","messageBody":"Standardise News Topics","fileTypesAndContributionMap":{}},{"hash":"2807cf01b53772a9627bbe99189585a207aca089","isMergeCommit":true,"messageTitle":"Merge pull request #109 from BenjoBurger/benjoBranch","messageBody":"Update sequence diagram for DG","fileTypesAndContributionMap":{}}]},{"date":"2024-04-09","commitResults":[{"hash":"585e26a3144143cf3ca9b04ce7a793036ccfea29","isMergeCommit":true,"messageTitle":"Merge pull request #111 from BenjoBurger/benjoBranch","messageBody":"Refactor files into their packages","fileTypesAndContributionMap":{}},{"hash":"2b12ca82e07984e6d34a29d38d92e2e9959a64a1","isMergeCommit":false,"messageTitle":"Add url feature","messageBody":"","fileTypesAndContributionMap":{"functional-code":{"insertions":53,"deletions":3}}},{"hash":"06ad49e98ed01eaf3e71512309aa046333a24715","isMergeCommit":false,"messageTitle":"Add url functionality to daily and suggest command","messageBody":"","fileTypesAndContributionMap":{"functional-code":{"insertions":37,"deletions":2}}},{"hash":"8d3ca5ce165808bfb471475b9c35cc1bc7bafeb5","isMergeCommit":false,"messageTitle":"Adjust for checkstyle","messageBody":"","fileTypesAndContributionMap":{"functional-code":{"insertions":3,"deletions":2}}},{"hash":"85e3605f06e96c4f34661fdb9ca5f6713240bd33","isMergeCommit":true,"messageTitle":"Merge pull request #112 from AhmedShaiyan/b_urls","messageBody":"URL functionality","fileTypesAndContributionMap":{}},{"hash":"5f3abd88efae2abe464d6844f562c05cf62c1313","isMergeCommit":false,"messageTitle":"Update url function for load and save feature","messageBody":"","fileTypesAndContributionMap":{"functional-code":{"insertions":20,"deletions":4}}},{"hash":"2fb153b31b75ff88e8bc8e2e6aa66710a11717fa","isMergeCommit":false,"messageTitle":"update parserToText","messageBody":"","fileTypesAndContributionMap":{"functional-code":{"insertions":3,"deletions":8}}},{"hash":"e278e2cb071b97262d73e74957b2970fd22e59b7","isMergeCommit":true,"messageTitle":"Merge pull request #121 from ningsongshen/bugfix1","messageBody":"fix UG title image bug","fileTypesAndContributionMap":{}},{"hash":"87b3558615f118cb983197ba7ca6a3775be9522e","isMergeCommit":false,"messageTitle":"format help function","messageBody":"","fileTypesAndContributionMap":{"functional-code":{"insertions":23,"deletions":19}}},{"hash":"4de446f204e6ec64b9f9e88af85a5c7ccc91bd91","isMergeCommit":true,"messageTitle":"merge changes","messageBody":"","fileTypesAndContributionMap":{}},{"hash":"959103080e0a87943811361cafa1c0f69dec52a7","isMergeCommit":false,"messageTitle":"adjust line length issues","messageBody":"","fileTypesAndContributionMap":{"functional-code":{"insertions":36,"deletions":18}}},{"hash":"6f4f2ff77e6c58078fc431de64041f61937cb1a2","isMergeCommit":false,"messageTitle":"adjust for line length","messageBody":"","fileTypesAndContributionMap":{"functional-code":{"insertions":37,"deletions":38}}},{"hash":"0560c9216642d64678fb204b9f00ed83c10c9703","isMergeCommit":false,"messageTitle":"add error handling to suggest command","messageBody":"","fileTypesAndContributionMap":{"functional-code":{"insertions":22,"deletions":3}}},{"hash":"70a45ea795430817dc15b3ee204e659b0e5c56fb","isMergeCommit":false,"messageTitle":"adjust line length","messageBody":"","fileTypesAndContributionMap":{"functional-code":{"insertions":4,"deletions":3}}},{"hash":"920a017ff72cf8be2ee731379c2a83972c097c6a","isMergeCommit":true,"messageTitle":"Merge pull request #123 from AhmedShaiyan/b_urls","messageBody":"B urls","fileTypesAndContributionMap":{}}]},{"date":"2024-04-10","commitResults":[{"hash":"bc41c9846a7e2050593fb5bfb6a77267b13d7be8","isMergeCommit":true,"messageTitle":"Merge pull request #126 from BenjoBurger/benjoBranch","messageBody":"Update User Guide","fileTypesAndContributionMap":{}},{"hash":"7596b0e99032de478216423d9aa4cf6967f670d7","isMergeCommit":false,"messageTitle":"adjust comments","messageBody":"","fileTypesAndContributionMap":{"functional-code":{"insertions":1,"deletions":1}}},{"hash":"31de066992f20ed269bb76ae049991ef32d59ba9","isMergeCommit":true,"messageTitle":"Merge branch \u0027b_urls\u0027 of https://github.com/AhmedShaiyan/tp into b_urls","messageBody":"","fileTypesAndContributionMap":{}},{"hash":"9e1e3363325b52d7643569d75eb87a60d596612a","isMergeCommit":false,"messageTitle":"Add list feature to view overall list","messageBody":"","fileTypesAndContributionMap":{"functional-code":{"insertions":129,"deletions":53},"docs":{"insertions":1,"deletions":1}}},{"hash":"84f10f34efab63bbf5cd5e79ad20c3a8d5f4c9a7","isMergeCommit":false,"messageTitle":"Change list command to headlines command","messageBody":"","fileTypesAndContributionMap":{"functional-code":{"insertions":5,"deletions":5},"other":{"insertions":3,"deletions":2},"docs":{"insertions":1,"deletions":2}}},{"hash":"58044e50160064aa44ae0d6cfc580167288991f9","isMergeCommit":false,"messageTitle":"adjust for checkstyle","messageBody":"","fileTypesAndContributionMap":{"functional-code":{"insertions":190,"deletions":203}}},{"hash":"43cc8718e5085b425404633f8f453d51a47ccd5d","isMergeCommit":false,"messageTitle":"Adjust parser for checkstyle","messageBody":"","fileTypesAndContributionMap":{"functional-code":{"insertions":101,"deletions":94}}},{"hash":"5520b3ef931455e244fd3895a3b2b3a8e6b01db3","isMergeCommit":false,"messageTitle":"Adjust for checkstyle","messageBody":"","fileTypesAndContributionMap":{"functional-code":{"insertions":1,"deletions":1}}},{"hash":"cf578c7349bd88ac990ca3ecf377cab20706e2a9","isMergeCommit":true,"messageTitle":"Merge pull request #127 from AhmedShaiyan/b_urls","messageBody":"B urls","fileTypesAndContributionMap":{}}]},{"date":"2024-04-11","commitResults":[{"hash":"0a6ed4e9668415eccd7828ff2979f2a604ed64b5","isMergeCommit":true,"messageTitle":"Merge pull request #131 from BenjoBurger/benjoBranch","messageBody":"Update User Guide","fileTypesAndContributionMap":{}},{"hash":"d37d6f785faed5b0584595850401a5a57a590729","isMergeCommit":false,"messageTitle":"Add test cases for Suggest, load, and headline features","messageBody":"","fileTypesAndContributionMap":{"functional-code":{"insertions":6,"deletions":2},"test-code":{"insertions":224,"deletions":8}}},{"hash":"a6fcc2bce49ab42a8d6f41711f80a0777707c4de","isMergeCommit":false,"messageTitle":"adjust for checkstyle","messageBody":"","fileTypesAndContributionMap":{"test-code":{"insertions":25,"deletions":16}}},{"hash":"e54e5853bf813a3b3f9c816f671ac042d10172ca","isMergeCommit":false,"messageTitle":"adjust for checkstyle","messageBody":"","fileTypesAndContributionMap":{"functional-code":{"insertions":1,"deletions":1},"test-code":{"insertions":8,"deletions":8}}},{"hash":"307f5ecdc916007f9d75cd6b9be38db71cbc1aac","isMergeCommit":true,"messageTitle":"Merge pull request #136 from HiteshriAcharya/hiteshri","messageBody":"Add source ","fileTypesAndContributionMap":{}},{"hash":"e2d9ef2252ffc780c4797d372a92e15e2cf3d633","isMergeCommit":true,"messageTitle":"Merge pull request #137 from BenjoBurger/master","messageBody":"Update UserGuide.md","fileTypesAndContributionMap":{}}]},{"date":"2024-04-12","commitResults":[{"hash":"50d654f44e71524992c8776ac400f4e7451ceb17","isMergeCommit":false,"messageTitle":"update PPP","messageBody":"","fileTypesAndContributionMap":{"docs":{"insertions":49,"deletions":6}}},{"hash":"0f48156adeee1394bfc122b8e335f6057f338d94","isMergeCommit":true,"messageTitle":"Merge pull request #145 from AhmedShaiyan/branch_PPP","messageBody":"update PPP","fileTypesAndContributionMap":{}},{"hash":"301e63a44cb81b61011d4e7b6dfdbd30e6aced9c","isMergeCommit":false,"messageTitle":"Update ShowHeadlinesCommandTest.java","messageBody":"","fileTypesAndContributionMap":{"test-code":{"insertions":16,"deletions":16}}},{"hash":"c48d7ea9dda9c18dbbf7854fd3eb20c5e4919fbc","isMergeCommit":true,"messageTitle":"Merge pull request #146 from BenjoBurger/benjoBranch","messageBody":"Update Developer Guide","fileTypesAndContributionMap":{}}]},{"date":"2024-04-13","commitResults":[{"hash":"5e0bf2ba2dfda01f3f12845b03b84c3aebdf304a","isMergeCommit":false,"messageTitle":"Add logging","messageBody":"","fileTypesAndContributionMap":{"functional-code":{"insertions":29,"deletions":22}}},{"hash":"cb131a0742c30b7f1a0e45a322069ebef07c14c0","isMergeCommit":false,"messageTitle":"Add logging","messageBody":"","fileTypesAndContributionMap":{"functional-code":{"insertions":12,"deletions":1}}},{"hash":"83a2fb356c9ee1c339e944a3b52b4b7bc874b2f0","isMergeCommit":false,"messageTitle":"Adjust line length","messageBody":"","fileTypesAndContributionMap":{"functional-code":{"insertions":2,"deletions":1}}},{"hash":"3f8e4d1fe83f64be0124f963e743404e873a10b0","isMergeCommit":false,"messageTitle":"Add uml diagrams and include URL feature in DG","messageBody":"","fileTypesAndContributionMap":{"docs":{"insertions":188,"deletions":11}}},{"hash":"1638dcaafa10f97593426c401b54b322ea9229dc","isMergeCommit":true,"messageTitle":"Merge pull request #154 from HiteshriAcharya/hiteshri","messageBody":"Add to UG","fileTypesAndContributionMap":{}},{"hash":"e06556b6c3a364959badfe6cbd71e5d6456739c4","isMergeCommit":false,"messageTitle":"More DG updates","messageBody":"","fileTypesAndContributionMap":{"docs":{"insertions":182,"deletions":18}}},{"hash":"e06a04c13e86fce95403bc9fb31e562a0d06a259","isMergeCommit":true,"messageTitle":"Merge pull request #156 from HiteshriAcharya/hiteshri","messageBody":"Remove the bug from UI","fileTypesAndContributionMap":{}}]},{"date":"2024-04-14","commitResults":[{"hash":"68c15d0416f7c723454b5e8e762c588c160a7f24","isMergeCommit":false,"messageTitle":"Add extract feature","messageBody":"","fileTypesAndContributionMap":{"functional-code":{"insertions":99,"deletions":8},"test-code":{"insertions":79,"deletions":0}}},{"hash":"9026a5e2bc28dc7d82b91fe049f0b75b26cadf2d","isMergeCommit":false,"messageTitle":"Add extract feature","messageBody":"","fileTypesAndContributionMap":{"functional-code":{"insertions":8,"deletions":1}}},{"hash":"7a8b0206192d8fcbcc92cdd3a51232641d8c39c2","isMergeCommit":false,"messageTitle":"Add extract feature","messageBody":"","fileTypesAndContributionMap":{"test-code":{"insertions":10,"deletions":5}}},{"hash":"f10c0781c8b2a2f836e12fa25ec76ad0e829e8c9","isMergeCommit":false,"messageTitle":"Update DG","messageBody":"","fileTypesAndContributionMap":{"functional-code":{"insertions":2,"deletions":0},"docs":{"insertions":88,"deletions":118}}},{"hash":"97df3506e13b4e60634aa3f281ca105b44269a03","isMergeCommit":true,"messageTitle":"Merge branch \u0027branch_Ahmed\u0027 of https://github.com/AhmedShaiyan/tp into branch_Ahmed merge","messageBody":"","fileTypesAndContributionMap":{}},{"hash":"7d08ef381957f4acfb76dd3df1be75a6677837eb","isMergeCommit":false,"messageTitle":"Update DG","messageBody":"","fileTypesAndContributionMap":{"docs":{"insertions":112,"deletions":55}}}]},{"date":"2024-04-15","commitResults":[{"hash":"c17d12dfcc06b7fc51ce3c81ed1225903f62e51c","isMergeCommit":false,"messageTitle":"Update PPP","messageBody":"","fileTypesAndContributionMap":{"functional-code":{"insertions":17,"deletions":1},"docs":{"insertions":67,"deletions":49},"test-code":{"insertions":16,"deletions":16}}},{"hash":"3d1bed9578dbdcb1de85e0c1269555de9c56a8ab","isMergeCommit":false,"messageTitle":"Disable logger","messageBody":"","fileTypesAndContributionMap":{"functional-code":{"insertions":0,"deletions":1},"test-code":{"insertions":6,"deletions":3}}},{"hash":"680f7fd2de9c023cd5bda7cb84cbe7fb72b8f102","isMergeCommit":false,"messageTitle":"Disable logger","messageBody":"","fileTypesAndContributionMap":{"test-code":{"insertions":19,"deletions":19}}}]}],"HiteshriAcharya":[{"date":"2024-03-07","commitResults":[{"hash":"07a3c290dbad3e97650dc88d5b24ce220c1def09","isMergeCommit":false,"messageTitle":"hiteshri doe","messageBody":"","fileTypesAndContributionMap":{"docs":{"insertions":7,"deletions":7}}},{"hash":"bbd24d9db86fd190e18d8cd7e03eb48afef73821","isMergeCommit":true,"messageTitle":"Merge branch \u0027master\u0027 into hiteshri","messageBody":"","fileTypesAndContributionMap":{}},{"hash":"64c97d53d4988a3ebeac9527f562cc22b3eb0796","isMergeCommit":true,"messageTitle":"Merge pull request #5 from HiteshriAcharya/hiteshri","messageBody":"hiteshri doe","fileTypesAndContributionMap":{}}]},{"date":"2024-03-15","commitResults":[{"hash":"5f2d38672e5675d7a89f08695dfc206b990f37e3","isMergeCommit":false,"messageTitle":"JUnit test file","messageBody":"","fileTypesAndContributionMap":{"test-code":{"insertions":8,"deletions":0}}},{"hash":"d9133b809e2e2bc1c5a048451bf142ef9fac3320","isMergeCommit":true,"messageTitle":"Merge branch \u0027master\u0027 of github.com:HiteshriAcharya/tp into hiteshri","messageBody":"","fileTypesAndContributionMap":{}},{"hash":"3f48316c3dd157baabd77a990ee356baafe0b45e","isMergeCommit":true,"messageTitle":"Merge pull request #14 from HiteshriAcharya/hiteshri","messageBody":"JUnit Test file","fileTypesAndContributionMap":{}}]},{"date":"2024-03-19","commitResults":[{"hash":"5179c978a1f53fb4e6c5908b5b6e5bbee89fbd98","isMergeCommit":true,"messageTitle":"Merge pull request #17 from ningsongshen/renameDuke","messageBody":"Update app name in all places to NewsOnTheGo, except documentation","fileTypesAndContributionMap":{}},{"hash":"d221428fb193b035c26155952e3174a28088808c","isMergeCommit":true,"messageTitle":"Merge pull request #15 from ningsongshen/fakenews","messageBody":"Add a fake news text file for testing use","fileTypesAndContributionMap":{}}]},{"date":"2024-03-20","commitResults":[{"hash":"6859519c50df288739a57eea4dcd7eb3a5661162","isMergeCommit":false,"messageTitle":"Credibility check","messageBody":"","fileTypesAndContributionMap":{"functional-code":{"insertions":22,"deletions":1}}},{"hash":"71b8b46c41b5f54e463f0aca1b37c7f85b0868a9","isMergeCommit":false,"messageTitle":"JUnit test for method \u0027infoNews\u0027","messageBody":"","fileTypesAndContributionMap":{"test-code":{"insertions":12,"deletions":2}}},{"hash":"9a91f020a47cc5143d75689b8cc8ec4c4ece0e1c","isMergeCommit":false,"messageTitle":"JUnit test case for \u0027infoNews\u0027","messageBody":"","fileTypesAndContributionMap":{"test-code":{"insertions":0,"deletions":2}}}]},{"date":"2024-03-21","commitResults":[{"hash":"a0fae80c657973c0e58e489572ffc6a1d253693a","isMergeCommit":false,"messageTitle":"Added a UI class \u0026 infoNewsCommand class","messageBody":"","fileTypesAndContributionMap":{"functional-code":{"insertions":77,"deletions":39}}},{"hash":"db1fe76660c4f0677d1f915fa558842b12f93b56","isMergeCommit":false,"messageTitle":"Added UI class \u0026 infoNewsCommand class","messageBody":"","fileTypesAndContributionMap":{"functional-code":{"insertions":0,"deletions":2}}},{"hash":"928884260cc74d36538f8a4f2373eb57fb0d3737","isMergeCommit":false,"messageTitle":"Revised UI class","messageBody":"","fileTypesAndContributionMap":{"functional-code":{"insertions":10,"deletions":10}}},{"hash":"22286611c1e76851770a82ec12188afc8204260e","isMergeCommit":false,"messageTitle":"revised InfoNewsCommand","messageBody":"","fileTypesAndContributionMap":{"functional-code":{"insertions":2,"deletions":3},"other":{"insertions":1,"deletions":1}}},{"hash":"00b866e7323973e90cdd5f5dc89884950da02eba","isMergeCommit":false,"messageTitle":"revised NewsOnTheGo","messageBody":"","fileTypesAndContributionMap":{"functional-code":{"insertions":2,"deletions":5}}},{"hash":"6231289f05513831c9f573faa948d7ec432ac85e","isMergeCommit":false,"messageTitle":"Revised NewsOnTheGo","messageBody":"","fileTypesAndContributionMap":{"functional-code":{"insertions":2,"deletions":2}}},{"hash":"2b28c98f80d093fe77e8720e5d85fc1a938d25c8","isMergeCommit":false,"messageTitle":"Revised NewsOnTheGo","messageBody":"","fileTypesAndContributionMap":{"functional-code":{"insertions":13,"deletions":9}}},{"hash":"27c1a857bcb3d0fe8dc8b3842e3bf0fe5249d47f","isMergeCommit":false,"messageTitle":"Revised NewsOnTheGo","messageBody":"","fileTypesAndContributionMap":{"functional-code":{"insertions":12,"deletions":15}}},{"hash":"b20a021edd685e9d252acb76a14c933a11d381d2","isMergeCommit":false,"messageTitle":"Revised NewsOnTheGo","messageBody":"","fileTypesAndContributionMap":{"functional-code":{"insertions":7,"deletions":9}}}]},{"date":"2024-03-22","commitResults":[{"hash":"24614101df6a547773fd299d04b8d1dd3935f6e9","isMergeCommit":false,"messageTitle":"Parser class \u0026 NewsImporter class","messageBody":"","fileTypesAndContributionMap":{"functional-code":{"insertions":105,"deletions":86},"other":{"insertions":1,"deletions":1},"test-code":{"insertions":10,"deletions":15}}}]},{"date":"2024-03-28","commitResults":[{"hash":"ed912cb3bed90c844a29230472a273ccd6806ef4","isMergeCommit":false,"messageTitle":"Single Article Scrapper","messageBody":"","fileTypesAndContributionMap":{"functional-code":{"insertions":60,"deletions":0},"other":{"insertions":1,"deletions":0}}}]},{"date":"2024-03-29","commitResults":[{"hash":"191b8c36d1092618d3bb15ce417263ffadc9b258","isMergeCommit":true,"messageTitle":"Merge pull request #47 from BenjoBurger/feature-date-format","messageBody":"Add date format to daily function","fileTypesAndContributionMap":{}},{"hash":"11de22a993e02b1d8ea01eecb41306a84f1e7bd7","isMergeCommit":true,"messageTitle":"Merge pull request #49 from anneleong/N","messageBody":"N","fileTypesAndContributionMap":{}},{"hash":"45d16c3e69ba319fa1f0413f1e844afe325d7418","isMergeCommit":false,"messageTitle":"Edit DG","messageBody":"","fileTypesAndContributionMap":{"docs":{"insertions":18,"deletions":0}}},{"hash":"3345f148378bcb59e40cfaf3607fd62ab788d87a","isMergeCommit":true,"messageTitle":"Merge pull request #51 from BenjoBurger/feature/daily-function","messageBody":"Add save feature to daily function","fileTypesAndContributionMap":{}}]},{"date":"2024-03-31","commitResults":[{"hash":"61dd00ed841a68dfe782d5bd1bb2106bd39c988b","isMergeCommit":true,"messageTitle":"Merge pull request #53 from AhmedShaiyan/master","messageBody":"Update DeveloperGuide.md","fileTypesAndContributionMap":{}},{"hash":"e8e2bd3201b36d590d3f76f622b6a0cc4a41fd5c","isMergeCommit":true,"messageTitle":"Merge pull request #55 from AhmedShaiyan/branch_loadSavedTasks","messageBody":"Add Load enum and feature","fileTypesAndContributionMap":{}}]},{"date":"2024-04-02","commitResults":[{"hash":"770bd9409c38f1f3e3b3e68f4f4f66c1e34a7f17","isMergeCommit":false,"messageTitle":"Article Scrapper for selected news articles","messageBody":"","fileTypesAndContributionMap":{"functional-code":{"insertions":73,"deletions":19}}}]},{"date":"2024-04-03","commitResults":[{"hash":"06fd0f0706ae973bf4550d5af8da1f6651beace9","isMergeCommit":false,"messageTitle":"Hiteshri\u0027s DG","messageBody":"","fileTypesAndContributionMap":{"docs":{"insertions":45,"deletions":0}}},{"hash":"8062dfdde11be9fa4d91e87c055be0c29ae67d2b","isMergeCommit":false,"messageTitle":"Edit UG","messageBody":"","fileTypesAndContributionMap":{"docs":{"insertions":13,"deletions":3}}},{"hash":"c4cb052113bc3b84e776c153a9f30974f233a02a","isMergeCommit":false,"messageTitle":"Brushing up Article Scrapper","messageBody":"","fileTypesAndContributionMap":{"functional-code":{"insertions":104,"deletions":25}}},{"hash":"574881fd8cb05106d77417978f33abaa11d320ac","isMergeCommit":true,"messageTitle":"Merge branch \u0027master\u0027 into hiteshri","messageBody":"","fileTypesAndContributionMap":{}},{"hash":"6d4dbabbf1779a2f1d50885e0fad671c5e117d42","isMergeCommit":true,"messageTitle":"Merge branch \u0027master\u0027 into feature/daily-function","messageBody":"","fileTypesAndContributionMap":{}}]},{"date":"2024-04-04","commitResults":[{"hash":"e5817b39689db57851ad26ef12c2de5027f50e13","isMergeCommit":false,"messageTitle":"Brushing up Article Scrapper","messageBody":"","fileTypesAndContributionMap":{"functional-code":{"insertions":13,"deletions":11}}}]},{"date":"2024-04-05","commitResults":[{"hash":"1020bf2ffb82d93bf6dd1ca84eee550f0a19c64c","isMergeCommit":false,"messageTitle":"StorageURL Class","messageBody":"","fileTypesAndContributionMap":{"functional-code":{"insertions":135,"deletions":11}}},{"hash":"d87424535edbeca10af67b556aa1fd05db71630c","isMergeCommit":false,"messageTitle":"Update NewsOnTheGo","messageBody":"","fileTypesAndContributionMap":{"functional-code":{"insertions":5,"deletions":1}}},{"hash":"5283cb21898d1ea6eb8735e3974dd19f1c9c86f2","isMergeCommit":false,"messageTitle":"Edit NewsOnTheGo","messageBody":"","fileTypesAndContributionMap":{"functional-code":{"insertions":40,"deletions":13}}},{"hash":"6d4ed093aabefe7a999312ad7dbd9ab4a16bd90e","isMergeCommit":false,"messageTitle":"Edit NewsOnTheGo","messageBody":"","fileTypesAndContributionMap":{"functional-code":{"insertions":0,"deletions":2}}},{"hash":"b1d246218a1ab83b16f5efdbd2f23c3af152d5f5","isMergeCommit":false,"messageTitle":"Editting NewsOnTheGo","messageBody":"","fileTypesAndContributionMap":{"functional-code":{"insertions":32,"deletions":54}}},{"hash":"f9e5de38d1ed0c9e2a2101d905b067bb31c24829","isMergeCommit":false,"messageTitle":"Edit NOTG","messageBody":"","fileTypesAndContributionMap":{"functional-code":{"insertions":10,"deletions":10}}},{"hash":"37ea67ee844149573e752933e823bdaef182ed35","isMergeCommit":false,"messageTitle":"Edit NOTG2","messageBody":"","fileTypesAndContributionMap":{"functional-code":{"insertions":1,"deletions":3}}},{"hash":"41f864042d8c8367da25739ecfe9286cfd811ce8","isMergeCommit":true,"messageTitle":"Merge pull request #71 from ningsongshen/fakenewsquick","messageBody":"Add fake news to the Java file so it can be included in the JAR for P…","fileTypesAndContributionMap":{}}]},{"date":"2024-04-07","commitResults":[{"hash":"2ea055bef8d86f5d170e879e12a55a1d2b982716","isMergeCommit":false,"messageTitle":"Minor change to order","messageBody":"","fileTypesAndContributionMap":{"functional-code":{"insertions":2,"deletions":2}}},{"hash":"22b067dbdb7224c6219b553065f4a6625546fdaa","isMergeCommit":false,"messageTitle":"Renaming the file","messageBody":"","fileTypesAndContributionMap":{"functional-code":{"insertions":3,"deletions":2},"other":{"insertions":1,"deletions":1}}},{"hash":"06c2dac034b36dd2cde99e2955443c7247fa0ddd","isMergeCommit":false,"messageTitle":"Standardise News Topics","messageBody":"","fileTypesAndContributionMap":{"functional-code":{"insertions":34,"deletions":6}}},{"hash":"59821b9899cf088c0f7c1627e414f3f20d90ac22","isMergeCommit":false,"messageTitle":"Added more diverse URLs to maximise function use","messageBody":"","fileTypesAndContributionMap":{"functional-code":{"insertions":97,"deletions":5}}}]},{"date":"2024-04-09","commitResults":[{"hash":"9ef243115c7cdecfc78de13c16487e88b9086f0b","isMergeCommit":true,"messageTitle":"Merge pull request #115 from AhmedShaiyan/b_urls","messageBody":"Update url function for load and save feature","fileTypesAndContributionMap":{}}]},{"date":"2024-04-10","commitResults":[{"hash":"eecda977cf7151f9365c96d6b6a0aa57e01b9d22","isMergeCommit":false,"messageTitle":"replace text file","messageBody":"","fileTypesAndContributionMap":{"functional-code":{"insertions":1,"deletions":1}}}]},{"date":"2024-04-11","commitResults":[{"hash":"4c12ebd3690fef24a6008ef84bb3b724162df7a0","isMergeCommit":false,"messageTitle":"Add source","messageBody":"","fileTypesAndContributionMap":{"functional-code":{"insertions":36,"deletions":10}}},{"hash":"7bd85138cfc4febff22bac3380f9d6e0b117113b","isMergeCommit":true,"messageTitle":"Merge branch \u0027hiteshri\u0027 of github.com:HiteshriAcharya/tp into hiteshri","messageBody":"","fileTypesAndContributionMap":{}},{"hash":"665c6d70c6283d780a72246b523aba8da5720b80","isMergeCommit":false,"messageTitle":"Error fix","messageBody":"","fileTypesAndContributionMap":{"functional-code":{"insertions":1,"deletions":1}}},{"hash":"f86bc0054cd3311f1296b6218cbdbe11d945eb77","isMergeCommit":false,"messageTitle":"Error fix","messageBody":"","fileTypesAndContributionMap":{"functional-code":{"insertions":9,"deletions":9}}},{"hash":"5e482fd364dc92cd11d13a99635954451a3603a0","isMergeCommit":true,"messageTitle":"Merge pull request #138 from AhmedShaiyan/branch_Shaiyan","messageBody":"Add test cases for Suggest, load, and headline features","fileTypesAndContributionMap":{}}]},{"date":"2024-04-12","commitResults":[{"hash":"efc3a4f401facaf528de30039db77060ba0b7e15","isMergeCommit":false,"messageTitle":"QuoteGenerator","messageBody":"","fileTypesAndContributionMap":{"functional-code":{"insertions":57,"deletions":1}}},{"hash":"be5a0efa63c3a3156f1f1f84ca64873d56209dd1","isMergeCommit":false,"messageTitle":"QuoteGenerator","messageBody":"","fileTypesAndContributionMap":{"functional-code":{"insertions":9,"deletions":0}}},{"hash":"b891fad2d32f8b5bdd75aa6f5d615ccfbdb9882b","isMergeCommit":false,"messageTitle":"Hiteshri\u0027s PPP","messageBody":"","fileTypesAndContributionMap":{"docs":{"insertions":32,"deletions":52}}}]},{"date":"2024-04-13","commitResults":[{"hash":"20ceb067de4bb97577c2d8e92e35d19253f030d0","isMergeCommit":false,"messageTitle":"UI for QuoteGenerator","messageBody":"","fileTypesAndContributionMap":{"functional-code":{"insertions":70,"deletions":6}}},{"hash":"dbd2200e5941c731ce04ec71be55fae708110da4","isMergeCommit":false,"messageTitle":"Hiteshri\u0027s PPP","messageBody":"","fileTypesAndContributionMap":{"docs":{"insertions":0,"deletions":0}}},{"hash":"c801d72fe09f1daf75d588223c5774b2b127d419","isMergeCommit":false,"messageTitle":"JUnit tests for Article Scraper \u0026 Quote Generator","messageBody":"","fileTypesAndContributionMap":{"test-code":{"insertions":109,"deletions":4}}},{"hash":"61469e249d635d9eec853a35b390203c033caadc","isMergeCommit":false,"messageTitle":"JUnit tests","messageBody":"","fileTypesAndContributionMap":{"test-code":{"insertions":15,"deletions":5}}},{"hash":"c5d233ca3ebe75bfff05e6c14a9b7e0c3e53a020","isMergeCommit":false,"messageTitle":"JUnit tests","messageBody":"","fileTypesAndContributionMap":{"functional-code":{"insertions":1,"deletions":1}}},{"hash":"17e597b65354196a057c729e62b698d45f9bcc16","isMergeCommit":false,"messageTitle":"JUnit tests","messageBody":"","fileTypesAndContributionMap":{"test-code":{"insertions":14,"deletions":12}}},{"hash":"ecb6580bc8522a85ed63bc36205e499fe024bdf0","isMergeCommit":false,"messageTitle":"JUnit tests","messageBody":"","fileTypesAndContributionMap":{"test-code":{"insertions":10,"deletions":5}}},{"hash":"3a2cf6c9bdbef086ed8aaa0a7d19a250f02c3c4b","isMergeCommit":false,"messageTitle":"JUnit tests","messageBody":"","fileTypesAndContributionMap":{"test-code":{"insertions":0,"deletions":73}}},{"hash":"82c937b72007bb7bbc672d3dce12a0e927cae474","isMergeCommit":true,"messageTitle":"Merge pull request #149 from BenjoBurger/benjoBranch","messageBody":"Fix daily function UI bug","fileTypesAndContributionMap":{}},{"hash":"a672dcf04a9b2dc3f2da4ee900c53b108ccafbb4","isMergeCommit":false,"messageTitle":"Add to UG","messageBody":"","fileTypesAndContributionMap":{"docs":{"insertions":51,"deletions":22}}},{"hash":"b91fc25ad567af37aa454e3f8f68017da8259961","isMergeCommit":false,"messageTitle":"Remove the bug from UI","messageBody":"","fileTypesAndContributionMap":{"functional-code":{"insertions":22,"deletions":57}}},{"hash":"35d989a26dc769d12748343acd860edbf8f7457b","isMergeCommit":true,"messageTitle":"Merge pull request #155 from AhmedShaiyan/branch_Ahmed","messageBody":"Add uml diagrams and include URL feature in DG","fileTypesAndContributionMap":{}},{"hash":"36abb9043dc4982f6dc973ebebd7a5e8a72e8218","isMergeCommit":false,"messageTitle":"Hiteshri\u0027s PPP","messageBody":"","fileTypesAndContributionMap":{"docs":{"insertions":38,"deletions":12}}},{"hash":"97319e0491189463f3b31e04f22e80a2a07af187","isMergeCommit":true,"messageTitle":"Merge pull request #157 from AhmedShaiyan/branch_Ahmed","messageBody":"More DG updates","fileTypesAndContributionMap":{}}]},{"date":"2024-04-14","commitResults":[{"hash":"ecdeea0c4c63dcfc0f49134ce83f03c4b1617c99","isMergeCommit":false,"messageTitle":"UML diagrams \u0026 DG","messageBody":"","fileTypesAndContributionMap":{"docs":{"insertions":66,"deletions":6}}},{"hash":"9f77054e86b379b8349f7fe639f71a2dbe3f9789","isMergeCommit":false,"messageTitle":"Compress topics","messageBody":"","fileTypesAndContributionMap":{"functional-code":{"insertions":12,"deletions":19}}},{"hash":"7c7f3e9c0d05cadf3e7920bc7cc0a432308f5af3","isMergeCommit":false,"messageTitle":"Remove unwanted URLs","messageBody":"","fileTypesAndContributionMap":{"functional-code":{"insertions":0,"deletions":10}}},{"hash":"9d79eda2f30b51c5704f3795e5da774d1313a502","isMergeCommit":false,"messageTitle":"JUnit tests","messageBody":"","fileTypesAndContributionMap":{"test-code":{"insertions":94,"deletions":0}}},{"hash":"291649be5111221f01adbcf4ba3e357a834d73a6","isMergeCommit":false,"messageTitle":"JUnit tests","messageBody":"","fileTypesAndContributionMap":{"test-code":{"insertions":2,"deletions":1}}},{"hash":"c7116ebdcb2f4ab6f69081e44ecead070f125c30","isMergeCommit":true,"messageTitle":"Merge pull request #153 from BenjoBurger/benjoBranch","messageBody":"Add test cases for daily function","fileTypesAndContributionMap":{}},{"hash":"9b18050422999ad529e97e83f959a075129159f0","isMergeCommit":true,"messageTitle":"Merge pull request #163 from AhmedShaiyan/branch_Ahmed","messageBody":"Update DG to include a design section","fileTypesAndContributionMap":{}},{"hash":"92d453b5f3b83392ec211eb9feaeca0026c53690","isMergeCommit":true,"messageTitle":"Merge pull request #151 from anneleong/N","messageBody":"edit ui for quote command","fileTypesAndContributionMap":{}},{"hash":"8380d979358c666d70b9073990de11057825b94b","isMergeCommit":false,"messageTitle":"Remove buggy URL","messageBody":"","fileTypesAndContributionMap":{"functional-code":{"insertions":0,"deletions":1}}}]},{"date":"2024-04-15","commitResults":[{"hash":"85e9a5592a5c0272f94fd5c0d714ddceefe608a7","isMergeCommit":false,"messageTitle":"DG","messageBody":"","fileTypesAndContributionMap":{"docs":{"insertions":117,"deletions":8}}},{"hash":"91ee1aba32af207a486aad56a4777dcfd426ff7c","isMergeCommit":true,"messageTitle":"Merge branch \u0027master\u0027 into hiteshri","messageBody":"","fileTypesAndContributionMap":{}}]}],"anneleong":[{"date":"2024-03-07","commitResults":[{"hash":"81ebded8138c314d3b7f4f4b6e9c5e1983231fa2","isMergeCommit":false,"messageTitle":":)","messageBody":"","fileTypesAndContributionMap":{"docs":{"insertions":7,"deletions":7}}},{"hash":"3fc1d1d03a53b60d671d2c2f6fa75ce018815021","isMergeCommit":true,"messageTitle":"Merge pull request #1 from ningsongshen/nsnsnsns","messageBody":"Contrived commit conflict","fileTypesAndContributionMap":{}},{"hash":"8f301e7046b176c27b1bf74a34bce0a36e1619ba","isMergeCommit":true,"messageTitle":"Merge branch \u0027master\u0027 into N","messageBody":"","fileTypesAndContributionMap":{}},{"hash":"348f1b3a833a30b347a899cab8ffb4e82370128e","isMergeCommit":true,"messageTitle":"Merge pull request #2 from anneleong/N","messageBody":":)","fileTypesAndContributionMap":{}}]},{"date":"2024-03-19","commitResults":[{"hash":"fa288dd68f60dfaf475530f90eec1b8d3b62b956","isMergeCommit":true,"messageTitle":"Merge pull request #18 from ningsongshen/basicParser","messageBody":"Add a basic parser and a basic function for the \u0027source\u0027 command","fileTypesAndContributionMap":{}}]},{"date":"2024-03-20","commitResults":[{"hash":"5e5c44f86577db75555077267a732f1596ee4ff9","isMergeCommit":false,"messageTitle":"Add NewsTopic class to categorise news articles based on topic","messageBody":"","fileTypesAndContributionMap":{"functional-code":{"insertions":37,"deletions":0},"test-code":{"insertions":0,"deletions":2}}},{"hash":"151be45841c3ab7a156cedb14319fc40278a1e31","isMergeCommit":false,"messageTitle":"Add comparator to sort list of topics and showTopics() to show the list of news topics","messageBody":"","fileTypesAndContributionMap":{"functional-code":{"insertions":24,"deletions":2}}},{"hash":"863fdf66975cdea397ee1050c1e6048ca5437c6c","isMergeCommit":false,"messageTitle":"Add filter function to show only news articles that are related to the mentioned topic","messageBody":"","fileTypesAndContributionMap":{"functional-code":{"insertions":35,"deletions":5}}},{"hash":"a15f948ad08c22bcb87ae9d5b45bf2163e0c679a","isMergeCommit":false,"messageTitle":"Add comments to explain code","messageBody":"","fileTypesAndContributionMap":{"functional-code":{"insertions":17,"deletions":0}}},{"hash":"3de0dd326775183d597612bbdd5ffe8a7e522f52","isMergeCommit":false,"messageTitle":"Add Junit test","messageBody":"","fileTypesAndContributionMap":{"functional-code":{"insertions":3,"deletions":2},"test-code":{"insertions":7,"deletions":0}}},{"hash":"aaa3d6de82a61a3594ecb107ca3f89ae56fb716b","isMergeCommit":true,"messageTitle":"Merge branch \u0027master\u0027 into hiteshri","messageBody":"","fileTypesAndContributionMap":{}},{"hash":"ea039e5ace8637f1fdb062822bdd93e6ba29bcdb","isMergeCommit":true,"messageTitle":"Merge pull request #21 from BenjoBurger/feature-daily-function","messageBody":"Create daily Function","fileTypesAndContributionMap":{}},{"hash":"6ad2131c735a36412fcd46e32311d91b8f70b36d","isMergeCommit":true,"messageTitle":"Resolve merge conflicts","messageBody":"","fileTypesAndContributionMap":{}},{"hash":"ae8b9ef84621477b09d1052b247c49ddf71ea75e","isMergeCommit":false,"messageTitle":"Resolve merge conflicts","messageBody":"","fileTypesAndContributionMap":{"test-code":{"insertions":0,"deletions":3}}},{"hash":"b90ce692ff3a583922e5084628e13b45d28c8b32","isMergeCommit":false,"messageTitle":"Resolve merge conflicts","messageBody":"","fileTypesAndContributionMap":{"test-code":{"insertions":3,"deletions":1}}}]},{"date":"2024-03-21","commitResults":[{"hash":"464869cc699efa7edfcfed6eb4139e93beb7eee6","isMergeCommit":true,"messageTitle":"Resolve conflicts","messageBody":"","fileTypesAndContributionMap":{}}]},{"date":"2024-03-27","commitResults":[{"hash":"88d3939681fe32b7cdb2852f85b56866c13f27f3","isMergeCommit":true,"messageTitle":"resolve conflict","messageBody":"","fileTypesAndContributionMap":{}},{"hash":"d8db5b8b203952aa21ae5966bc7179af13de9a39","isMergeCommit":false,"messageTitle":"Added news Topic Package","messageBody":"","fileTypesAndContributionMap":{"functional-code":{"insertions":4,"deletions":0},"other":{"insertions":4,"deletions":2}}},{"hash":"5b535ff9c58f00c350eff7ef8fc35f746618c736","isMergeCommit":false,"messageTitle":"Add save function to save news to a file","messageBody":"","fileTypesAndContributionMap":{"functional-code":{"insertions":71,"deletions":8}}},{"hash":"d9651042fd587cb70f5dd5aca92cba4e99477f1e","isMergeCommit":false,"messageTitle":"Modified save function to prevent saving duplicates","messageBody":"","fileTypesAndContributionMap":{"functional-code":{"insertions":24,"deletions":3}}},{"hash":"e96ccc740531b220fbaca316f787b36188ce48c9","isMergeCommit":true,"messageTitle":"Merge pull request #37 from BenjoBurger/docs/developer-guide","messageBody":"Update documentation of daily function for developer guide","fileTypesAndContributionMap":{}},{"hash":"56d4906de76945f2b28748739052577dc23a4a04","isMergeCommit":false,"messageTitle":"remove unused import in NewsFile","messageBody":"","fileTypesAndContributionMap":{"functional-code":{"insertions":7,"deletions":2}}},{"hash":"d5a04bad13238915efce9190b15e653c6f8d2609","isMergeCommit":true,"messageTitle":"Merge branch \u0027master\u0027 of https://github.com/AY2324S2-CS2113-T12-1/tp into N","messageBody":"","fileTypesAndContributionMap":{}}]},{"date":"2024-03-28","commitResults":[{"hash":"35b733a3a9766c7267d02caad2cb79ca315cd03d","isMergeCommit":false,"messageTitle":"Edit fallthrough for CLEAR switch in Parser.handleCommand","messageBody":"","fileTypesAndContributionMap":{"functional-code":{"insertions":1,"deletions":0},"docs":{"insertions":4,"deletions":0}}},{"hash":"4f09352d20a3c76a1b2b69f8765fb0e1b824e896","isMergeCommit":true,"messageTitle":"Merge branch \u0027master\u0027 into updatedeveloperguide1","messageBody":"","fileTypesAndContributionMap":{}},{"hash":"b2a35a3879ed5e46405021fb00d6f2e0da8e387d","isMergeCommit":false,"messageTitle":"Edit TopicComparator class to remove numbers from variable names","messageBody":"","fileTypesAndContributionMap":{"functional-code":{"insertions":2,"deletions":2}}},{"hash":"7636ba659f5fba0fbed985aa43613bde95e440cc","isMergeCommit":false,"messageTitle":"Simplify findTopicIndex in NewsOnTheGo.java to improve readability","messageBody":"","fileTypesAndContributionMap":{"functional-code":{"insertions":3,"deletions":1}}},{"hash":"4beec7e43199c80710600e846392bfdc24c7f9b3","isMergeCommit":true,"messageTitle":"Merge branch \u0027master\u0027 of https://github.com/AY2324S2-CS2113-T12-1/tp into N","messageBody":"","fileTypesAndContributionMap":{}},{"hash":"3f0b449c2537b18aded0404a94c89ada88484a47","isMergeCommit":false,"messageTitle":"Update Developer Guide","messageBody":"","fileTypesAndContributionMap":{"docs":{"insertions":16,"deletions":0}}}]},{"date":"2024-03-29","commitResults":[{"hash":"701390da33426cc685db36b7c0ff28036d082016","isMergeCommit":true,"messageTitle":"Merge pull request #46 from HiteshriAcharya/hiteshri","messageBody":"Single Article Scrapper","fileTypesAndContributionMap":{}}]},{"date":"2024-03-30","commitResults":[{"hash":"99eb857feca03f4cf0fea3add16ae549374fbeea","isMergeCommit":false,"messageTitle":"Add printTopics into UI class which replaces showTopics on NewsOnTheGo","messageBody":"","fileTypesAndContributionMap":{"functional-code":{"insertions":17,"deletions":13}}}]},{"date":"2024-04-01","commitResults":[{"hash":"b00cb05be442abe13749326602f7b746490e3122","isMergeCommit":false,"messageTitle":"Remove assert in filterNews","messageBody":"","fileTypesAndContributionMap":{"functional-code":{"insertions":0,"deletions":3}}},{"hash":"00f1804e6c8d8e2e12c79b136e531627dc25845d","isMergeCommit":false,"messageTitle":"edit filterNews to include article index","messageBody":"","fileTypesAndContributionMap":{"functional-code":{"insertions":4,"deletions":3}}}]},{"date":"2024-04-02","commitResults":[{"hash":"7283772706baf0ac8d2f15507ff337a959d44aa0","isMergeCommit":false,"messageTitle":"edit handleCommand in Parser class to allow retrieving of articles in each specific topic","messageBody":"","fileTypesAndContributionMap":{"functional-code":{"insertions":36,"deletions":6}}},{"hash":"d004bf66f6e462e6c781cba0f6b343d5f52699c3","isMergeCommit":false,"messageTitle":"Edit Parser Command to ensure error message is printed when invalid command is given","messageBody":"","fileTypesAndContributionMap":{"functional-code":{"insertions":10,"deletions":2}}},{"hash":"a931aaaea822a71df0745a04b0a9d4497bf00c4f","isMergeCommit":false,"messageTitle":"Add get command to show news content","messageBody":"","fileTypesAndContributionMap":{"functional-code":{"insertions":14,"deletions":1}}},{"hash":"63562e896eb0d8e62a1db35f4b61b432be98d1de","isMergeCommit":true,"messageTitle":"Merge pull request #56 from HiteshriAcharya/hiteshri","messageBody":"Article Scrapper for selected news articles","fileTypesAndContributionMap":{}},{"hash":"d0e439d5dd263e1e059be9a69114446506c3d680","isMergeCommit":false,"messageTitle":"Add exceptions to handle exceptions when an invalid task index is given","messageBody":"","fileTypesAndContributionMap":{"functional-code":{"insertions":9,"deletions":5}}},{"hash":"67fb2651fe6affddcae171801a261fb4875d9d09","isMergeCommit":false,"messageTitle":"More exception handling for commands that require article index - get, save, source, info","messageBody":"","fileTypesAndContributionMap":{"functional-code":{"insertions":15,"deletions":11}}},{"hash":"ffc04d6b8d2468accbe1f6e56139dbc1082d4757","isMergeCommit":false,"messageTitle":"More exception handling for saveNews in NewsOnTheGo class","messageBody":"","fileTypesAndContributionMap":{"functional-code":{"insertions":4,"deletions":4}}},{"hash":"9eb612ac22a6c8e8148c9c66a8c00a235c0616e0","isMergeCommit":true,"messageTitle":"Resolve conflicts","messageBody":"","fileTypesAndContributionMap":{}},{"hash":"acc3635d44184bbd3698f09cf2a89e6d51372dc8","isMergeCommit":false,"messageTitle":"Shift main code down","messageBody":"","fileTypesAndContributionMap":{"functional-code":{"insertions":33,"deletions":35}}},{"hash":"a3ef886c87037b470ecba77e2e8a514f60678a65","isMergeCommit":false,"messageTitle":"Add JavaDoc comments to code","messageBody":"","fileTypesAndContributionMap":{"functional-code":{"insertions":28,"deletions":3}}},{"hash":"1fe34a2624af8de248086efc2208e42af57354ab","isMergeCommit":false,"messageTitle":"Edit code to comply with checkstyle","messageBody":"","fileTypesAndContributionMap":{"functional-code":{"insertions":12,"deletions":8}}},{"hash":"7da6e9f8518e9aa3b29e57ee3636141c796803fc","isMergeCommit":false,"messageTitle":"Add star function along with peripheral functions to allow uuser to keep track of favourite topics","messageBody":"","fileTypesAndContributionMap":{"functional-code":{"insertions":65,"deletions":8}}},{"hash":"46f2a7ba6b8f45323674f9f85db81cff5056d461","isMergeCommit":false,"messageTitle":"Resolve build errors on github","messageBody":"","fileTypesAndContributionMap":{"functional-code":{"insertions":19,"deletions":0},"test-code":{"insertions":3,"deletions":1}}},{"hash":"9ce361679814491d965db894ca35fee5e08a0afa","isMergeCommit":false,"messageTitle":"Add saved_Topics to keep track of user\u0027s favourite topics","messageBody":"","fileTypesAndContributionMap":{"functional-code":{"insertions":47,"deletions":6},"other":{"insertions":5,"deletions":3}}},{"hash":"da88deafe5b5c954cedaeb0699800cdbfd0269fa","isMergeCommit":false,"messageTitle":"Modify TopicsFile to comply with checkstyle test","messageBody":"","fileTypesAndContributionMap":{"functional-code":{"insertions":8,"deletions":4},"other":{"insertions":1,"deletions":3}}},{"hash":"d1ce1dc866e5cc0d901b3346b6f61e02a6524400","isMergeCommit":false,"messageTitle":"JUnit testing for file saving","messageBody":"","fileTypesAndContributionMap":{"test-code":{"insertions":32,"deletions":3}}},{"hash":"9ac3f69f68fb857808cb904be3d7751475560c12","isMergeCommit":false,"messageTitle":"Edit Developer\u0027s Guide","messageBody":"","fileTypesAndContributionMap":{"functional-code":{"insertions":2,"deletions":2},"docs":{"insertions":118,"deletions":7},"test-code":{"insertions":4,"deletions":1}}},{"hash":"46f728aaaac9d7abce4be743820abf919fa61002","isMergeCommit":false,"messageTitle":"Add help function","messageBody":"","fileTypesAndContributionMap":{"functional-code":{"insertions":26,"deletions":1}}},{"hash":"5e12b1c9a99fea56ab23b23553b56864e73a49fb","isMergeCommit":false,"messageTitle":"Add Exception Handling for Daily function","messageBody":"","fileTypesAndContributionMap":{"functional-code":{"insertions":24,"deletions":20}}}]},{"date":"2024-04-03","commitResults":[{"hash":"00b5b8d89d230fb889d2db8c3bb500578d0d5dad","isMergeCommit":true,"messageTitle":"Merge pull request #61 from AhmedShaiyan/branch_suggestions","messageBody":"Update User preference function and User guide","fileTypesAndContributionMap":{}}]},{"date":"2024-04-09","commitResults":[{"hash":"baead3a462a289826e7ac17822245e7ec7934b8b","isMergeCommit":false,"messageTitle":"Improvements to UI - indentation and line separator","messageBody":"","fileTypesAndContributionMap":{"functional-code":{"insertions":29,"deletions":16}}},{"hash":"fa25d299ad258cc8bd8dbce737e98ba122f5ef86","isMergeCommit":false,"messageTitle":"Improve UI and handle empty name input when initialising","messageBody":"","fileTypesAndContributionMap":{"functional-code":{"insertions":63,"deletions":30}}},{"hash":"7aec17185e52cd7851627df9c20dadc4f11070b6","isMergeCommit":true,"messageTitle":"Resolve conflicts when merging","messageBody":"","fileTypesAndContributionMap":{}},{"hash":"295138425f657c7b312722793efcbcfc07d20deb","isMergeCommit":false,"messageTitle":"UI interface for topic and filter commands","messageBody":"","fileTypesAndContributionMap":{"functional-code":{"insertions":23,"deletions":11}}},{"hash":"3bb5b8fcef3edbc02f5493591582c5392dedaca0","isMergeCommit":false,"messageTitle":"Edit CLI interface for save function","messageBody":"","fileTypesAndContributionMap":{"functional-code":{"insertions":3,"deletions":3}}},{"hash":"40a9e5aacc9af3c6e5d83b2e6702b8cf7ca7b637","isMergeCommit":false,"messageTitle":"Edit CLI interface for remove function","messageBody":"","fileTypesAndContributionMap":{"functional-code":{"insertions":27,"deletions":22}}},{"hash":"23cdb592624f6a2ec4caa912d86a6ec509021a71","isMergeCommit":false,"messageTitle":"Edit CLI interface","messageBody":"","fileTypesAndContributionMap":{"functional-code":{"insertions":2,"deletions":2}}},{"hash":"3675aefcfbd16f628b5924e3ba1d65e3bc115c3d","isMergeCommit":false,"messageTitle":"Edit AboutUs.md","messageBody":"","fileTypesAndContributionMap":{"docs":{"insertions":29,"deletions":7}}},{"hash":"9f39c38bed58aa17f70ab372de15b7c2b98cc9ff","isMergeCommit":true,"messageTitle":"Merge pull request #124 from BenjoBurger/benjoBranch","messageBody":"Add Benjamin PPP","fileTypesAndContributionMap":{}},{"hash":"852b89eb650a91e2288ae1755707d7719a8b8cc1","isMergeCommit":true,"messageTitle":"Resolve conflicts","messageBody":"","fileTypesAndContributionMap":{}},{"hash":"7d400bdf8533872a852392d0e03c4decf92c183a","isMergeCommit":false,"messageTitle":"Edit Ui code to comply with checkstyle","messageBody":"","fileTypesAndContributionMap":{"functional-code":{"insertions":7,"deletions":43}}},{"hash":"bfdf53b7d33b9660b7c1b26c9095760aab996a1f","isMergeCommit":false,"messageTitle":"Edit code to comply with checkstyle tests","messageBody":"","fileTypesAndContributionMap":{"functional-code":{"insertions":14,"deletions":11},"docs":{"insertions":20,"deletions":0},"test-code":{"insertions":0,"deletions":13}}},{"hash":"f35ec5614c510d826305178d51cec79c1a866bee","isMergeCommit":false,"messageTitle":"Update DailyNewsCommandTest with new UI","messageBody":"","fileTypesAndContributionMap":{"test-code":{"insertions":3,"deletions":1}}}]},{"date":"2024-04-10","commitResults":[{"hash":"fb31dfc86cde7492fe99511c44a53cc6f791e513","isMergeCommit":false,"messageTitle":"Edit text-ui-testing","messageBody":"","fileTypesAndContributionMap":{"functional-code":{"insertions":8,"deletions":4}}},{"hash":"2b6bac0a5d366b040632ecd82783d04f53567f14","isMergeCommit":true,"messageTitle":"resolve conflicts","messageBody":"","fileTypesAndContributionMap":{}},{"hash":"d1308a3e1a7cddc0560da6bb5605108ab6767c46","isMergeCommit":true,"messageTitle":"Resolve Conflicts","messageBody":"","fileTypesAndContributionMap":{}},{"hash":"2ad49853590ebb5cd753ca859fd0ef59def99acc","isMergeCommit":true,"messageTitle":"Merge branch \u0027N\u0027 of https://github.com/anneleong/tp into N","messageBody":"","fileTypesAndContributionMap":{}},{"hash":"d24e20d761cc7af045c7d63f31edb4b3b66b84c7","isMergeCommit":false,"messageTitle":"Resolve fail checks","messageBody":"","fileTypesAndContributionMap":{"functional-code":{"insertions":0,"deletions":5}}},{"hash":"ea09d0656d79656bcda89330a1ade896bfe4e429","isMergeCommit":true,"messageTitle":"Merge pull request #125 from anneleong/N","messageBody":"please accept my pr; added Ui stuff plus updated documentation","fileTypesAndContributionMap":{}},{"hash":"fef11c2f78957ea4989aaecea443aed47e20fcf1","isMergeCommit":true,"messageTitle":"Merge branch \u0027master\u0027 of https://github.com/AY2324S2-CS2113-T12-1/tp into N","messageBody":"","fileTypesAndContributionMap":{}},{"hash":"49a098a0fb1d3641fe6a74a6a564be4287e02aa1","isMergeCommit":false,"messageTitle":"Update User Guide","messageBody":"","fileTypesAndContributionMap":{"docs":{"insertions":30,"deletions":10}}},{"hash":"1e11db4bd7c3b571bf8187e135d362a32aaaa9b3","isMergeCommit":false,"messageTitle":"Edit UI","messageBody":"","fileTypesAndContributionMap":{"functional-code":{"insertions":7,"deletions":20}}},{"hash":"9de630219b34b7db2ab40154051587e39f24fadd","isMergeCommit":false,"messageTitle":"Edit user Guide","messageBody":"","fileTypesAndContributionMap":{"docs":{"insertions":41,"deletions":22}}},{"hash":"024084c6acdd841bba0e962895c48d64479250eb","isMergeCommit":false,"messageTitle":"Edit User Guide","messageBody":"","fileTypesAndContributionMap":{"docs":{"insertions":2,"deletions":2}}},{"hash":"ce39ecbf25804416e6fa477f12b8388bb47567fb","isMergeCommit":false,"messageTitle":"Edit code to comply with checkstyle","messageBody":"","fileTypesAndContributionMap":{"functional-code":{"insertions":0,"deletions":1}}},{"hash":"d6de22c2f2ccbf2dfdb53a39f59d91c0ec7ffdf9","isMergeCommit":true,"messageTitle":"Merge pull request #128 from BenjoBurger/benjoBranch","messageBody":"Add APA citation to source command","fileTypesAndContributionMap":{}}]},{"date":"2024-04-11","commitResults":[{"hash":"8e363a2c433603d5508cf8f8e63e89af12d7e828","isMergeCommit":true,"messageTitle":"Merge pull request #132 from BenjoBurger/benjoBranch","messageBody":"Update User Guide command summary format","fileTypesAndContributionMap":{}}]},{"date":"2024-04-12","commitResults":[{"hash":"d1ba823a8f05f065eef1803f2860da6e1b3cc003","isMergeCommit":true,"messageTitle":"Merge pull request #139 from BenjoBurger/benjoBranch","messageBody":"Add table of contents to DG","fileTypesAndContributionMap":{}},{"hash":"17e3b3cf5a40b6979f84dda779ba247403701144","isMergeCommit":true,"messageTitle":"Merge pull request #141 from HiteshriAcharya/hiteshri","messageBody":"QuoteGenerator","fileTypesAndContributionMap":{}},{"hash":"81a426697331c1c9160fe12f881e11e0153ec849","isMergeCommit":true,"messageTitle":"Merge pull request #142 from HiteshriAcharya/hiteshri","messageBody":"Hiteshri\u0027s PPP","fileTypesAndContributionMap":{}}]},{"date":"2024-04-13","commitResults":[{"hash":"63e6525d6cf9619a20b31e3b3131567500066d90","isMergeCommit":true,"messageTitle":"Merge pull request #148 from AhmedShaiyan/branch_Ahmed","messageBody":"Branch ahmed","fileTypesAndContributionMap":{}},{"hash":"f7bc7e233300c047c2efea40edc7ed052bf68918","isMergeCommit":false,"messageTitle":"Edit docs","messageBody":"","fileTypesAndContributionMap":{"functional-code":{"insertions":2,"deletions":2},"docs":{"insertions":19,"deletions":0}}},{"hash":"4e639b49bd2f693352f248811865c3c735278127","isMergeCommit":true,"messageTitle":"Resolve conflicts","messageBody":"","fileTypesAndContributionMap":{}},{"hash":"81b4a8faab1365180a13348709614fe5b3aa0b1b","isMergeCommit":false,"messageTitle":"Edit UI for quote command","messageBody":"","fileTypesAndContributionMap":{"functional-code":{"insertions":4,"deletions":2}}}]},{"date":"2024-04-14","commitResults":[{"hash":"b59e5eaf6367658f6966868101bc0dc1529b9cb7","isMergeCommit":true,"messageTitle":"Resolve conflicts","messageBody":"","fileTypesAndContributionMap":{}},{"hash":"90b719f45a2ea2b205b7fc896df4dc809258f71c","isMergeCommit":false,"messageTitle":"Edit UI for quote function, added extract instruction into help function.","messageBody":"","fileTypesAndContributionMap":{"functional-code":{"insertions":5,"deletions":7}}}]}],"ningsongshen":[{"date":"2024-03-07","commitResults":[{"hash":"de369361111c81377cd3b7cb3919fd079feebd2f","isMergeCommit":false,"messageTitle":"Contrived commit conflict","messageBody":"","fileTypesAndContributionMap":{"docs":{"insertions":7,"deletions":7}}}]},{"date":"2024-03-19","commitResults":[{"hash":"ce00a96d5d51564fb1d19bb99d405c6f31d22d83","isMergeCommit":false,"messageTitle":"Remove unused import so that gradle can build without errors","messageBody":"","fileTypesAndContributionMap":{"test-code":{"insertions":6,"deletions":1}}},{"hash":"754627f207d6bbea2e10aa25709384dff2d4ffdd","isMergeCommit":true,"messageTitle":"Merge pull request #16 from ningsongshen/fix20240319","messageBody":"Remove unused import so that gradle can build without errors","fileTypesAndContributionMap":{}},{"hash":"835455c5ed78bb6b6bd03dfab705f8dfa4f5e245","isMergeCommit":true,"messageTitle":"Merge branch \u0027master\u0027 of https://github.com/AY2324S2-CS2113-T12-1/tp into fakenews","messageBody":"","fileTypesAndContributionMap":{}},{"hash":"a8ec9b78adbbd9c4d3c82259ddd5e6d3c6df3fe0","isMergeCommit":false,"messageTitle":"Update app name in all places to NewsOnTheGo, except documentation","messageBody":"","fileTypesAndContributionMap":{"other":{"insertions":7,"deletions":7},"docs":{"insertions":1,"deletions":1},"test-code":{"insertions":0,"deletions":13}}},{"hash":"05d3dc5acad11b2b0ff5a8c208857258eab222b8","isMergeCommit":false,"messageTitle":"Change logo to NewsOnTheGo and update text-ui-test to check for logo using LF line endings","messageBody":"","fileTypesAndContributionMap":{"functional-code":{"insertions":7,"deletions":5}}},{"hash":"6586b533493fb84220c93dbed44ab141287792d4","isMergeCommit":false,"messageTitle":"Create a news article class to store related info together","messageBody":"","fileTypesAndContributionMap":{"functional-code":{"insertions":91,"deletions":0}}},{"hash":"eb2fe6a7d32aaf4738a8699c74be0c22c38272e6","isMergeCommit":false,"messageTitle":"Add basic functionality for a news bot to return the source of the news, start, and quit.","messageBody":"","fileTypesAndContributionMap":{"functional-code":{"insertions":105,"deletions":1}}},{"hash":"9ee0e46dbcc02c074556660294a955283b1a80c6","isMergeCommit":false,"messageTitle":"Change to article numbers starting at 1 and method access updates","messageBody":"","fileTypesAndContributionMap":{"functional-code":{"insertions":3,"deletions":3}}},{"hash":"5704576bc22a29b2450f82ac40cffc685f8afb1e","isMergeCommit":false,"messageTitle":"Add an test for source function","messageBody":"","fileTypesAndContributionMap":{"test-code":{"insertions":9,"deletions":0}}},{"hash":"a6f093991afac4ae58acc3ef8b3d942d29bed42f","isMergeCommit":false,"messageTitle":"Add some assertions and some basic logging","messageBody":"","fileTypesAndContributionMap":{"functional-code":{"insertions":7,"deletions":0}}},{"hash":"16d9bd890bac22093beaeaafa8e1897c34880bec","isMergeCommit":false,"messageTitle":"Fix import statement for checkstyle test","messageBody":"","fileTypesAndContributionMap":{"functional-code":{"insertions":3,"deletions":2}}}]},{"date":"2024-03-20","commitResults":[{"hash":"ffc24a77b370fb68f62503fa3b748efd0d3febb2","isMergeCommit":true,"messageTitle":"Merge pull request #20 from HiteshriAcharya/hiteshri","messageBody":"Credibility check ","fileTypesAndContributionMap":{}}]},{"date":"2024-03-21","commitResults":[{"hash":"11c66a9a224ae6b4d34f07a5aaffebb022ab5bda","isMergeCommit":true,"messageTitle":"Merge branch \u0027master\u0027 into N","messageBody":"","fileTypesAndContributionMap":{}}]},{"date":"2024-03-26","commitResults":[{"hash":"21c852d06b3bdf0687a6871c99e80e111110094c","isMergeCommit":false,"messageTitle":"Update developer guide with basic source function description","messageBody":"","fileTypesAndContributionMap":{"docs":{"insertions":24,"deletions":0}}}]},{"date":"2024-04-05","commitResults":[{"hash":"3d4bdaeafb95a25fe73b8cf16fac212f56ecb678","isMergeCommit":false,"messageTitle":"Add fake news to the Java file so it can be included in the JAR for PE-D testing today - temp fix only, updated test to pass too","messageBody":"","fileTypesAndContributionMap":{"functional-code":{"insertions":50,"deletions":10},"test-code":{"insertions":1,"deletions":1}}},{"hash":"ea06fdbd44217916d33dd32128e6310147b2af66","isMergeCommit":true,"messageTitle":"Merge pull request #70 from HiteshriAcharya/hiteshri","messageBody":"StorageURL Class","fileTypesAndContributionMap":{}}]},{"date":"2024-04-08","commitResults":[{"hash":"d50d9b4e00cee56926b530203c7de95903d99693","isMergeCommit":false,"messageTitle":"Remove the hard-coded inline fake news, moved into a file","messageBody":"","fileTypesAndContributionMap":{"functional-code":{"insertions":10,"deletions":50},"test-code":{"insertions":1,"deletions":1}}}]},{"date":"2024-04-09","commitResults":[{"hash":"e289400abccfeabedc8deef1db755e0aa68dd95a","isMergeCommit":false,"messageTitle":"Add Ningsong\u0027s PPP","messageBody":"","fileTypesAndContributionMap":{"docs":{"insertions":27,"deletions":0}}},{"hash":"dae0f24e40330d749b75f116c993058d743ac3b2","isMergeCommit":false,"messageTitle":"Update UG","messageBody":"","fileTypesAndContributionMap":{"docs":{"insertions":5,"deletions":0}}},{"hash":"77d66da789da1842fb54c8736431f477cbf4e9c0","isMergeCommit":true,"messageTitle":"Merge pull request #117 from BenjoBurger/benjoBranch","messageBody":"Fix bugs from PED","fileTypesAndContributionMap":{}},{"hash":"5a8601beaa6abe2467a4091cd9b7e444937cae82","isMergeCommit":false,"messageTitle":"fix UG title image bug","messageBody":"","fileTypesAndContributionMap":{"docs":{"insertions":3,"deletions":1}}},{"hash":"4b5be4fc2c369669229685da0b2f11171f80b5dc","isMergeCommit":false,"messageTitle":"add filter command to UG","messageBody":"","fileTypesAndContributionMap":{"docs":{"insertions":8,"deletions":1}}},{"hash":"190a1c2982e2c028be79e3e544b3db4ab50e7cba","isMergeCommit":false,"messageTitle":"refix code issues due to merge issues","messageBody":"","fileTypesAndContributionMap":{"functional-code":{"insertions":45,"deletions":24}}},{"hash":"8ed1574500c31b016af8812f0ab887a273e86187","isMergeCommit":false,"messageTitle":"fix test ! vs .","messageBody":"","fileTypesAndContributionMap":{"functional-code":{"insertions":1,"deletions":1}}},{"hash":"410ab617b4da0274c19c5360bc0a717799d2a7d6","isMergeCommit":true,"messageTitle":"Merge branch \u0027master\u0027 into nsppp","messageBody":"","fileTypesAndContributionMap":{}}]},{"date":"2024-04-13","commitResults":[{"hash":"f77d20e95d17efee6d079084198b2b068afd1ba4","isMergeCommit":false,"messageTitle":"update links to ppp and avatars on about us page - was previously broken as can be tested here: https://ay2324s2-cs2113-t12-1.github.io/tp/AboutUs.html","messageBody":"","fileTypesAndContributionMap":{"docs":{"insertions":5,"deletions":5}}}]}]},"authorFileTypeContributionMap":{"BenjoBurger":{"docs":876,"functional-code":517,"test-code":281},"AhmedShaiyan":{"docs":531,"functional-code":522,"test-code":357,"other":2},"HiteshriAcharya":{"docs":305,"functional-code":637,"test-code":154,"other":1},"anneleong":{"docs":218,"functional-code":418,"test-code":34},"ningsongshen":{"docs":30,"functional-code":126,"test-code":9,"other":2}},"authorContributionVariance":{"BenjoBurger":17883.928,"AhmedShaiyan":27371.588,"HiteshriAcharya":9890.734,"anneleong":10942.763,"ningsongshen":1699.6794},"authorDisplayNameMap":{"BenjoBurger":"CS2113-T12-1 BENJ.. RUI","AhmedShaiyan":"CS2113-T12-1 ALAM..IYAN","HiteshriAcharya":"CS2113-T12-1 ACHA..YUSH","anneleong":"CS2113-T12-1 ANNE..G EN","ningsongshen":"CS2113-T12-1 SHEN..SONG"}}
