{"authorDailyContributionsMap":{"BenjoBurger":[{"date":"2024-03-07","commitResults":[{"hash":"37971a8136e158deb8f07af65adcfb77e2924e99","isMergeCommit":false,"messageTitle":"Change name","messageBody":"","fileTypesAndContributionMap":{"docs":{"insertions":5,"deletions":5}}},{"hash":"52fe0b19f8b73f3256eb0d9eef1fbe1ac2346a39","isMergeCommit":true,"messageTitle":"Merge branch \u0027master\u0027 into A-myBranch","messageBody":"","fileTypesAndContributionMap":{}},{"hash":"d5d9890986669f5fff52afd6c869fd117e647d17","isMergeCommit":true,"messageTitle":"Merge pull request #4 from BenjoBurger/A-myBranch","messageBody":"Change name :)","fileTypesAndContributionMap":{}}]}],"AhmedShaiyan":[{"date":"2024-03-07","commitResults":[{"hash":"17de4ae92ef0510f835d30e8a0db564556bde0f5","isMergeCommit":false,"messageTitle":"Change about us file","messageBody":"","fileTypesAndContributionMap":{"docs":{"insertions":7,"deletions":7}}},{"hash":"eebdc637bf3520305e0d37fc9206c567334825ac","isMergeCommit":true,"messageTitle":"Merge branch \u0027master\u0027 into branch-A-AboutUs","messageBody":"","fileTypesAndContributionMap":{}},{"hash":"7f7b56a834ae1432b923338a7fc5e166b66db4a5","isMergeCommit":true,"messageTitle":"Merge pull request #3 from AhmedShaiyan/branch-A-AboutUs","messageBody":"Change about us file","fileTypesAndContributionMap":{}}]},{"date":"2024-03-15","commitResults":[{"hash":"3045ee27ec3f81f98c993c1f290ef1632d633460","isMergeCommit":false,"messageTitle":"Update DukeTest.java","messageBody":"","fileTypesAndContributionMap":{"test-code":{"insertions":5,"deletions":0}}},{"hash":"1ec71396598bdad4dd1fa38a80307c68f6b8dbb2","isMergeCommit":false,"messageTitle":"Update DukeTest.java","messageBody":"","fileTypesAndContributionMap":{"test-code":{"insertions":2,"deletions":3}}}]}],"HiteshriAcharya":[{"date":"2024-03-07","commitResults":[{"hash":"07a3c290dbad3e97650dc88d5b24ce220c1def09","isMergeCommit":false,"messageTitle":"hiteshri doe","messageBody":"","fileTypesAndContributionMap":{"docs":{"insertions":7,"deletions":7}}},{"hash":"bbd24d9db86fd190e18d8cd7e03eb48afef73821","isMergeCommit":true,"messageTitle":"Merge branch \u0027master\u0027 into hiteshri","messageBody":"","fileTypesAndContributionMap":{}},{"hash":"64c97d53d4988a3ebeac9527f562cc22b3eb0796","isMergeCommit":true,"messageTitle":"Merge pull request #5 from HiteshriAcharya/hiteshri","messageBody":"hiteshri doe","fileTypesAndContributionMap":{}}]},{"date":"2024-03-15","commitResults":[{"hash":"5f2d38672e5675d7a89f08695dfc206b990f37e3","isMergeCommit":false,"messageTitle":"JUnit test file","messageBody":"","fileTypesAndContributionMap":{"test-code":{"insertions":8,"deletions":0}}},{"hash":"d9133b809e2e2bc1c5a048451bf142ef9fac3320","isMergeCommit":true,"messageTitle":"Merge branch \u0027master\u0027 of github.com:HiteshriAcharya/tp into hiteshri","messageBody":"","fileTypesAndContributionMap":{}},{"hash":"3f48316c3dd157baabd77a990ee356baafe0b45e","isMergeCommit":true,"messageTitle":"Merge pull request #14 from HiteshriAcharya/hiteshri","messageBody":"JUnit Test file","fileTypesAndContributionMap":{}}]}],"anneleong":[{"date":"2024-03-07","commitResults":[{"hash":"81ebded8138c314d3b7f4f4b6e9c5e1983231fa2","isMergeCommit":false,"messageTitle":":)","messageBody":"","fileTypesAndContributionMap":{"docs":{"insertions":7,"deletions":7}}},{"hash":"3fc1d1d03a53b60d671d2c2f6fa75ce018815021","isMergeCommit":true,"messageTitle":"Merge pull request #1 from ningsongshen/nsnsnsns","messageBody":"Contrived commit conflict","fileTypesAndContributionMap":{}},{"hash":"8f301e7046b176c27b1bf74a34bce0a36e1619ba","isMergeCommit":true,"messageTitle":"Merge branch \u0027master\u0027 into N","messageBody":"","fileTypesAndContributionMap":{}},{"hash":"348f1b3a833a30b347a899cab8ffb4e82370128e","isMergeCommit":true,"messageTitle":"Merge pull request #2 from anneleong/N","messageBody":":)","fileTypesAndContributionMap":{}}]}],"ningsongshen":[{"date":"2024-03-07","commitResults":[{"hash":"de369361111c81377cd3b7cb3919fd079feebd2f","isMergeCommit":false,"messageTitle":"Contrived commit conflict","messageBody":"","fileTypesAndContributionMap":{"docs":{"insertions":7,"deletions":7}}}]}]},"authorFileTypeContributionMap":{"BenjoBurger":{"docs":1,"functional-code":0,"test-code":0},"AhmedShaiyan":{"docs":4,"functional-code":0,"test-code":4},"HiteshriAcharya":{"docs":1,"functional-code":0,"test-code":8},"anneleong":{"docs":2,"functional-code":0,"test-code":0},"ningsongshen":{"docs":1,"functional-code":0,"test-code":0}},"authorContributionVariance":{"BenjoBurger":4.3388433,"AhmedShaiyan":12.2644615,"HiteshriAcharya":10.818182,"anneleong":8.504129,"ningsongshen":8.504129},"authorDisplayNameMap":{"BenjoBurger":"CS2113-T12-1 BENJ.. RUI","AhmedShaiyan":"CS2113-T12-1 ALAM..IYAN","HiteshriAcharya":"CS2113-T12-1 ACHA..YUSH","anneleong":"CS2113-T12-1 ANNE..G EN","ningsongshen":"CS2113-T12-1 SHEN..SONG"}}
