{"authorDailyContributionsMap":{"jensonjenkins":[{"date":"2024-03-06","commitResults":[{"hash":"4891bbb2195a71f9b04102b08140a593bcd4aee3","isMergeCommit":false,"messageTitle":"change aboutus","messageBody":"","fileTypesAndContributionMap":{"docs":{"insertions":3,"deletions":7}}},{"hash":"db8cb1588fded896c6439aebb78cd11d94f61db3","isMergeCommit":false,"messageTitle":"change name","messageBody":"","fileTypesAndContributionMap":{"docs":{"insertions":3,"deletions":3}}},{"hash":"aad730b05c0d5e08bb8b20ecdb0f9c9483c992a3","isMergeCommit":true,"messageTitle":"Merge remote-tracking branch \u0027upstream/master\u0027 into dave-AboutUs","messageBody":"","fileTypesAndContributionMap":{}},{"hash":"80506cc7b480114220c1039767d93b9a996b7592","isMergeCommit":true,"messageTitle":"Merge remote-tracking branch \u0027upstream/master\u0027 into dave-AboutUs","messageBody":"","fileTypesAndContributionMap":{}},{"hash":"d0bc83085db3e46819a30cdb7c874bfec31f86e5","isMergeCommit":true,"messageTitle":"Merge pull request #3 from jensonjenkins/dave-AboutUs","messageBody":"Dave about us","fileTypesAndContributionMap":{}}]},{"date":"2024-03-13","commitResults":[{"hash":"cd4b20ddc77ebf55695747f105655723b83efb6c","isMergeCommit":false,"messageTitle":"create command skeleton","messageBody":"","fileTypesAndContributionMap":{"functional-code":{"insertions":28,"deletions":0}}},{"hash":"fd2b17594b8d4e5e0e23bd7f9f69e3d16e34f55c","isMergeCommit":false,"messageTitle":"fix newline bug","messageBody":"","fileTypesAndContributionMap":{"functional-code":{"insertions":1,"deletions":1}}},{"hash":"454948dd76bec2b7bec8c29fc57865f7548040ea","isMergeCommit":true,"messageTitle":"Merge pull request #23 from jensonjenkins/dave-Command","messageBody":"Create Command Class Skeleton","fileTypesAndContributionMap":{}},{"hash":"29873156a210e3cf814f7596a8a2716a8bf78710","isMergeCommit":false,"messageTitle":"add JUnitTest","messageBody":"","fileTypesAndContributionMap":{"test-code":{"insertions":12,"deletions":0}}},{"hash":"0f4ca11a1007cd817b72d2d0cb761d51cc97f487","isMergeCommit":true,"messageTitle":"Merge pull request #28 from jensonjenkins/dave-CommandTest","messageBody":"add JUnitTest","fileTypesAndContributionMap":{}}]},{"date":"2024-03-17","commitResults":[{"hash":"d57891b23e88e4e10262b709b63851ae3aa9e5b1","isMergeCommit":false,"messageTitle":"implement removeCommand","messageBody":"","fileTypesAndContributionMap":{"functional-code":{"insertions":28,"deletions":3}}},{"hash":"620e493d7552951f0c6181b6b199da355bda6565","isMergeCommit":true,"messageTitle":"Merge pull request #36 from jensonjenkins/dave-removeModule","messageBody":"implement removeCommand","fileTypesAndContributionMap":{}}]},{"date":"2024-03-21","commitResults":[{"hash":"3d113f6feffe8c1ac80aeb948922df5d1c2d7b3a","isMergeCommit":true,"messageTitle":"Merge pull request #50 from ThawTunZan/ExceptionHandlingModule","messageBody":"Exception handling for Module and ModuleList Class","fileTypesAndContributionMap":{}},{"hash":"3e730b0d15b5bc8da8c6930aaf4a50b6b14e4f6d","isMergeCommit":false,"messageTitle":"add ModuleNotFoundException and assertions","messageBody":"","fileTypesAndContributionMap":{"functional-code":{"insertions":25,"deletions":11}}},{"hash":"fefd0135818bf5942c83196e761a179ff1ff2a50","isMergeCommit":false,"messageTitle":"change to assertion statement","messageBody":"","fileTypesAndContributionMap":{"functional-code":{"insertions":1,"deletions":3}}},{"hash":"c8cc36d3eb1732bb5206c696b037afb4b7a894a8","isMergeCommit":false,"messageTitle":"remove unused import statement","messageBody":"","fileTypesAndContributionMap":{"functional-code":{"insertions":0,"deletions":3}}},{"hash":"58b5b5e2575cbbcea86959d77091e6bdd5fe24f1","isMergeCommit":true,"messageTitle":"Merge pull request #51 from jensonjenkins/ModuleNotFoundException","messageBody":"Add Exception Handling and Assertion Statements ","fileTypesAndContributionMap":{}}]}],"fungg0":[{"date":"2024-03-06","commitResults":[{"hash":"99b03a4c42dba1f1f5c8a2f2c32ce38e463a7ada","isMergeCommit":false,"messageTitle":"update AboutUs with my details","messageBody":"","fileTypesAndContributionMap":{"docs":{"insertions":5,"deletions":8}}},{"hash":"b71168cad0aab56d853d4b8703bb4c55feab52db","isMergeCommit":true,"messageTitle":"Merge branch \u0027master\u0027 of https://github.com/AY2324S2-CS2113T-W14-3/tp into wenwu-AboutUs","messageBody":"# Conflicts:\n#\tdocs/AboutUs.md\n","fileTypesAndContributionMap":{}},{"hash":"e402e54c257d6fb3fabeeff7126fa9a6abe37350","isMergeCommit":true,"messageTitle":"Merge pull request #1 from fungg0/wenwu-AboutUs","messageBody":"update AboutUs with my details","fileTypesAndContributionMap":{}}]},{"date":"2024-03-13","commitResults":[{"hash":"100efd88276d434d4374452d9fed4a4f67495680","isMergeCommit":true,"messageTitle":"Merge branch \u0027master\u0027 of https://github.com/AY2324S2-CS2113T-W14-3/tp","messageBody":"* \u0027master\u0027 of https://github.com/AY2324S2-CS2113T-W14-3/tp:\n  Add dextboy-AboutUs\n  change name\n  Add dextboy-AboutUs\n  Add details (shi xiang) to AboutUs\n  change aboutus\n  Add my details to AboutUs\n  update AboutUs with my details\n","fileTypesAndContributionMap":{}},{"hash":"a9d814ae72dc07918283aedede5046a9fceca64a","isMergeCommit":false,"messageTitle":"Add Ui class with basic functionalities.","messageBody":"","fileTypesAndContributionMap":{"functional-code":{"insertions":34,"deletions":0}}},{"hash":"f49ce2c0d55eddaf209ebcc13898e46457fdddc0","isMergeCommit":false,"messageTitle":"Fix checkstyle error","messageBody":"","fileTypesAndContributionMap":{"functional-code":{"insertions":1,"deletions":1}}},{"hash":"ab70d1b14701bfd03a279d5c7e7f8530e634fc56","isMergeCommit":false,"messageTitle":"Create Ui package","messageBody":"","fileTypesAndContributionMap":{"other":{"insertions":1,"deletions":1}}},{"hash":"b99f4bf4fe08ffcf2abb5ca1e7a44473f13ee6e3","isMergeCommit":true,"messageTitle":"Merge pull request #24 from fungg0/ui_v1.0","messageBody":"Create Ui Class with basic functionality","fileTypesAndContributionMap":{}},{"hash":"c84ee2661dc778a70980d164ecfbbf51bcbb146d","isMergeCommit":true,"messageTitle":"Merge branch \u0027master\u0027 of https://github.com/AY2324S2-CS2113T-W14-3/tp","messageBody":"* \u0027master\u0027 of https://github.com/AY2324S2-CS2113T-W14-3/tp:\n  Create Ui package\n  Fix checkstyle error\n  Add Module and ModuleList classes\n  fix newline bug\n  create command skeleton\n  Add Ui class with basic functionalities.\n  Create Parser skeleton code\n","fileTypesAndContributionMap":{}},{"hash":"787d0cd5daf1a3ca0764f4760dac7cae3db83cad","isMergeCommit":true,"messageTitle":"Merge branch \u0027master\u0027 of https://github.com/AY2324S2-CS2113T-W14-3/tp","messageBody":"* \u0027master\u0027 of https://github.com/AY2324S2-CS2113T-W14-3/tp:\n  Add files with gradle settings\n  Change gradle settings\n  Fix bug: Gradle check\n  Create main skeleton\n","fileTypesAndContributionMap":{}},{"hash":"113689eb77a7dbb1caaf468ee0d9c14ceb11af4a","isMergeCommit":false,"messageTitle":"Add Junit test for UiTest","messageBody":"","fileTypesAndContributionMap":{"test-code":{"insertions":11,"deletions":0}}},{"hash":"49eeeea5ce64d7d394ee332c9f2260064906ed37","isMergeCommit":false,"messageTitle":"Edit file to comply with gradle check","messageBody":"","fileTypesAndContributionMap":{"test-code":{"insertions":0,"deletions":2}}},{"hash":"b2177c7c0da3b65d0f25f5a0f09779bdfd6cd1bd","isMergeCommit":true,"messageTitle":"Merge pull request #31 from fungg0/ui_junit","messageBody":"Add UI junit test","fileTypesAndContributionMap":{}}]},{"date":"2024-03-17","commitResults":[{"hash":"1587cf7fdbf59272b5eb0abf0526db6f8e840a9e","isMergeCommit":true,"messageTitle":"Merge branch \u0027master\u0027 of https://github.com/AY2324S2-CS2113T-W14-3/tp","messageBody":"* \u0027master\u0027 of https://github.com/AY2324S2-CS2113T-W14-3/tp:\n  Add implementation for adding of modules\n  Fix gradlew checkstyle for ParserTest and FAPTest\n  Abstract out new class - CommandMetadata\n  Fix GRADE_PATTERN minor bug \u0026 Change argument data structure\n  Update Parser to be ready for use with Command Class\n  Add exceptionHandleTest method\n  Add ExceptionHandleTest skeleton\n  Edit file to comply with gradle check\n  Add Junit test for UiTest\n  Add import apiTest statement to fix gradle checks\n  Add JUnitTest for the moduleList class\n  Add parserTest skeleton\n  add JUnitTest\n  Add mainTest skeleton\n","fileTypesAndContributionMap":{}}]},{"date":"2024-03-18","commitResults":[{"hash":"47dd91852f7f29d37d53080a9b9506631d2174d6","isMergeCommit":true,"messageTitle":"Merge branch \u0027master\u0027 of https://github.com/AY2324S2-CS2113T-W14-3/tp","messageBody":"* \u0027master\u0027 of https://github.com/AY2324S2-CS2113T-W14-3/tp:\n  Modify Parser support for AddCommand constructor\n  Rename ListCommand class to ViewCommand class\n  Add Invalid Command, Parser class to return Invalid as placeholder\n  Resolve merge conflict\n  Remove unused packages\n  Bug fix * Looping through a non-existent moduleList\n  Modify Parser code for addCommand constructor call\n  Change AddModule Implementation to cater for two different types of modules list (list of future mods, and already taken mods)\n  implement removeCommand\n","fileTypesAndContributionMap":{}},{"hash":"ad026eca24376043715224b93b27b52c8b6ed4dd","isMergeCommit":false,"messageTitle":"Add commands to change grade for individual modules and view overall GPA","messageBody":"","fileTypesAndContributionMap":{"functional-code":{"insertions":91,"deletions":11}}},{"hash":"a75a7fe2a07dcbab468af5b8bfd7623bb8858b07","isMergeCommit":true,"messageTitle":"Merge pull request #40 from fungg0/gpa_function","messageBody":"Functionality to change grade and view GPA is added","fileTypesAndContributionMap":{}}]},{"date":"2024-03-19","commitResults":[{"hash":"812094f7a27b099c013875954f7b7069c615993c","isMergeCommit":true,"messageTitle":"Merge branch \u0027master\u0027 of https://github.com/AY2324S2-CS2113T-W14-3/tp","messageBody":"* \u0027master\u0027 of https://github.com/AY2324S2-CS2113T-W14-3/tp:\n  Clean up Parser code\n  Update placeholder for text-based UI in text-ui-text\n  Implement placeholder for text-based UI in text-ui-text\n  Refactor Parser imports to comply with Checkstyle rules\n  Enhance code readability through reindentation\n  Optimize resource usage by reusing Scanner instance in main loop\n  Add main loop for reading and executing user commands\n  Remove grade command pattern to detect double values\n  Add functionality for ViewCommand\n  Add commands to change grade for individual modules and view overall GPA\n","fileTypesAndContributionMap":{}},{"hash":"404ddcb81891fa729b940731bcbb54f77ef6f4ed","isMergeCommit":true,"messageTitle":"Merge branch \u0027master\u0027 of https://github.com/AY2324S2-CS2113T-W14-3/tp","messageBody":"* \u0027master\u0027 of https://github.com/AY2324S2-CS2113T-W14-3/tp:\n  Modify InitCommand to align with code style\n  Remove unused import java.util.Map\n  Update text-ui-test to include init functionality\n  Add InitCommand import from command package\n  Remove wildcard import from Parser.java\n  Update init skeleton feature\n  Add init skeleton feature\n","fileTypesAndContributionMap":{}}]},{"date":"2024-03-21","commitResults":[{"hash":"98536a9773514e28c7840a2ad4ff5e4ddf22d114","isMergeCommit":true,"messageTitle":"Merge branch \u0027master\u0027 of https://github.com/AY2324S2-CS2113T-W14-3/tp","messageBody":"* \u0027master\u0027 of https://github.com/AY2324S2-CS2113T-W14-3/tp:\n  remove unused import statement\n  change to assertion statement\n  add ModuleNotFoundException and assertions\n  Rename ModuleException class\u0027s package to ahere to coding standard\n  Add Exception Handling mainly for Command, Module and Module List class\n  Add assertions and logging for ViewCommand Class\n  Reorder static variables in FAP.java for Checkstyle compliance\n  Fix Checkstyle DeclarationOrder rule in FAP.java\n  Add assertion and logging to main function\n  Fix gradle check\n  Integrate ModuleList class to work with Command class\n  Change EXPECTED.TXT to pass IO redirection test\n  Fix init name argument to be case sensitive\n","fileTypesAndContributionMap":{}},{"hash":"1abc26b23af53ba19f0285663ad44411258dfacb","isMergeCommit":false,"messageTitle":"Integrate UI object into main code","messageBody":"","fileTypesAndContributionMap":{"functional-code":{"insertions":3,"deletions":2}}},{"hash":"883f3719912ac95159d3bb023053508b5aec53b3","isMergeCommit":false,"messageTitle":"Add GpaException class and add some exceptions to catch errors related to changing of grades.","messageBody":"","fileTypesAndContributionMap":{"functional-code":{"insertions":36,"deletions":10}}}]},{"date":"2024-03-22","commitResults":[{"hash":"ae82bb307949cbb43f27b0acaa26482a051e401f","isMergeCommit":false,"messageTitle":"Add logs to track when tallyGPA is called but there are 0 grades to tabulate","messageBody":"","fileTypesAndContributionMap":{"functional-code":{"insertions":6,"deletions":2}}},{"hash":"9b80e104d2ccadbf5a9899439b978e7ae4cb8394","isMergeCommit":false,"messageTitle":"Fix program to fit checkstyle","messageBody":"","fileTypesAndContributionMap":{"functional-code":{"insertions":1,"deletions":1}}},{"hash":"697169985e91caa7a1a6eac1526da74c68b11a8d","isMergeCommit":false,"messageTitle":"Rename GpaException to GpaNullException","messageBody":"","fileTypesAndContributionMap":{"functional-code":{"insertions":11,"deletions":11}}},{"hash":"019be9a60099c3b19ccb894f84c9f4230f1043d6","isMergeCommit":true,"messageTitle":"Merge pull request #52 from fungg0/more_defensive","messageBody":"Add exceptions and loggings with regard to grade and gpa functions","fileTypesAndContributionMap":{}}]}],"ThawTunZan":[{"date":"2024-03-06","commitResults":[{"hash":"130fcb36f40213409c615d1897d8d7d3a0199033","isMergeCommit":false,"messageTitle":"Add my details to AboutUs","messageBody":"","fileTypesAndContributionMap":{"docs":{"insertions":3,"deletions":7}}},{"hash":"633f7486e7877e6ef57f7c10f25ec8daf38ddfc4","isMergeCommit":true,"messageTitle":"Merge branch \u0027master\u0027 of https://github.com/AY2324S2-CS2113T-W14-3/tp into thawTunZan-AboutUs","messageBody":"* \u0027master\u0027 of https://github.com/AY2324S2-CS2113T-W14-3/tp:\n  Add details (shi xiang) to AboutUs\n  update AboutUs with my details\n\n# Conflicts:\n#\tdocs/AboutUs.md\n","fileTypesAndContributionMap":{}},{"hash":"483e8a7d9b0130f2e1142cde52a7b9b79b629733","isMergeCommit":true,"messageTitle":"Merge pull request #4 from ThawTunZan/thawTunZan-AboutUs","messageBody":"Thaw Tun Zan - About Us","fileTypesAndContributionMap":{}}]},{"date":"2024-03-13","commitResults":[{"hash":"90c4081dca6c707c1084a2a81504252c00364353","isMergeCommit":true,"messageTitle":"Merge remote-tracking branch \u0027upstream/master\u0027","messageBody":"","fileTypesAndContributionMap":{}},{"hash":"a31e89ef5adbcaf6c3a6ff4082e3eeaa926b1b2d","isMergeCommit":false,"messageTitle":"Add Module and ModuleList classes","messageBody":"","fileTypesAndContributionMap":{"functional-code":{"insertions":50,"deletions":0}}},{"hash":"2a0a576053be7e73adc4f9b1b7e1eb1434785f50","isMergeCommit":true,"messageTitle":"Merge branch \u0027ModulesIntegration\u0027","messageBody":"","fileTypesAndContributionMap":{}},{"hash":"220e7e76eef8061981c7f34d0cc50b7c4d013663","isMergeCommit":true,"messageTitle":"Merge pull request #25 from ThawTunZan/master","messageBody":"Add ModuleList and Module Classes","fileTypesAndContributionMap":{}},{"hash":"bae5a498a20193fb02c12234741c672e78c3348f","isMergeCommit":true,"messageTitle":"Merge branch \u0027master\u0027 of https://github.com/AY2324S2-CS2113T-W14-3/tp","messageBody":"","fileTypesAndContributionMap":{}},{"hash":"efe5ad81592710a94f5ae0a91769339d430e1d6c","isMergeCommit":true,"messageTitle":"Merge branch \u0027master\u0027 of https://github.com/AY2324S2-CS2113T-W14-3/tp","messageBody":"","fileTypesAndContributionMap":{}},{"hash":"0d8acc3a09229a0f61d695c4f9b7f555fe612700","isMergeCommit":false,"messageTitle":"Add JUnitTest for the moduleList class","messageBody":"","fileTypesAndContributionMap":{"test-code":{"insertions":10,"deletions":0}}},{"hash":"17393f865f57898bd88677e50fcff2b34b9ebe60","isMergeCommit":true,"messageTitle":"Merge pull request #30 from ThawTunZan/JUnitTest_modules","messageBody":"Add JUnitTest for moduleList class","fileTypesAndContributionMap":{}}]},{"date":"2024-03-17","commitResults":[{"hash":"197694dba9247d3a817dfe221c1229c7e87c134a","isMergeCommit":true,"messageTitle":"Merge branch \u0027master\u0027 of https://github.com/AY2324S2-CS2113T-W14-3/tp into JUnitTest_modules","messageBody":"","fileTypesAndContributionMap":{}},{"hash":"04b3ec72a5523ad19cb1a2b82f508a986c088e05","isMergeCommit":true,"messageTitle":"Merge branch \u0027JUnitTest_modules\u0027","messageBody":"","fileTypesAndContributionMap":{}},{"hash":"9aa07aff14f304010a8cd5f2f57eb57d882beb68","isMergeCommit":false,"messageTitle":"Add implementation for adding of modules","messageBody":"","fileTypesAndContributionMap":{"functional-code":{"insertions":46,"deletions":2}}},{"hash":"84f82990695b81a7b6f76cf157829e3729c772de","isMergeCommit":true,"messageTitle":"Merge pull request #35 from ThawTunZan/AddModule","messageBody":"Add implementations for adding of modules","fileTypesAndContributionMap":{}},{"hash":"a1568284471bbfb25c12de8ad0300e2a3f5395ac","isMergeCommit":false,"messageTitle":"Change AddModule Implementation to cater for two different types of modules list (list of future mods, and already taken mods)","messageBody":"","fileTypesAndContributionMap":{"functional-code":{"insertions":47,"deletions":19}}},{"hash":"0634880b9d46a153f5756e2e717288d024088aac","isMergeCommit":true,"messageTitle":"Merge branch \u0027master\u0027 of https://github.com/AY2324S2-CS2113T-W14-3/tp into AddModule","messageBody":"","fileTypesAndContributionMap":{}},{"hash":"92c96c08ab29d302249dcbc46b25d7b49d6ad79e","isMergeCommit":false,"messageTitle":"Bug fix * Looping through a non-existent moduleList","messageBody":"","fileTypesAndContributionMap":{"functional-code":{"insertions":8,"deletions":1}}},{"hash":"f512f2eaccde6dc8bb3e4160b55daef95f79fd62","isMergeCommit":true,"messageTitle":"Merge branch \u0027master\u0027 into AddModule","messageBody":"","fileTypesAndContributionMap":{}},{"hash":"9479f2e480fb7b2e2ae284e1c2fcbc2e82d2674d","isMergeCommit":false,"messageTitle":"Remove unused packages","messageBody":"","fileTypesAndContributionMap":{"functional-code":{"insertions":0,"deletions":2}}},{"hash":"619d5fac8651c67f70638870599de6155a5fd3df","isMergeCommit":true,"messageTitle":"Merge branch \u0027AddModule\u0027 of https://github.com/ThawTunZan/tp into AddModule","messageBody":"# Conflicts:\n#\tsrc/main/java/seedu/duke/parser/Parser.java\n","fileTypesAndContributionMap":{}},{"hash":"f56529c1197840ee6ddbe011137ac78b5f7f9338","isMergeCommit":false,"messageTitle":"Resolve merge conflict","messageBody":"","fileTypesAndContributionMap":{"functional-code":{"insertions":0,"deletions":4}}},{"hash":"b99589f98c358d9741b774041e61e6329637ed89","isMergeCommit":true,"messageTitle":"Merge pull request #37 from ThawTunZan/AddModule","messageBody":"Change AddModule implementation to allow for future mods to be added","fileTypesAndContributionMap":{}},{"hash":"339c298a518a6ef7cb86700fcaac06c7406acaed","isMergeCommit":true,"messageTitle":"Merge branch \u0027master\u0027 of https://github.com/AY2324S2-CS2113T-W14-3/tp","messageBody":"","fileTypesAndContributionMap":{}}]},{"date":"2024-03-19","commitResults":[{"hash":"c7010a5a87cabe243698d55b7c775411ca346cba","isMergeCommit":true,"messageTitle":"Merge branch \u0027master\u0027 of https://github.com/AY2324S2-CS2113T-W14-3/tp","messageBody":"","fileTypesAndContributionMap":{}},{"hash":"8c0dfd944f0ba40abc89149d96947c4a0c32dd2d","isMergeCommit":true,"messageTitle":"Merge branch \u0027master\u0027 of https://github.com/AY2324S2-CS2113T-W14-3/tp","messageBody":"","fileTypesAndContributionMap":{}},{"hash":"b74bf2c213ef7bf2dca4f43b85efc85d903f7e30","isMergeCommit":false,"messageTitle":"Integrate ModuleList class to work with Command class","messageBody":"","fileTypesAndContributionMap":{"functional-code":{"insertions":32,"deletions":9}}},{"hash":"407c12b4f88b9a2b34275366976e8b9377820f3b","isMergeCommit":false,"messageTitle":"Fix gradle check","messageBody":"","fileTypesAndContributionMap":{"functional-code":{"insertions":3,"deletions":4}}},{"hash":"383c59eee6141932d4a73d12459cfc71c287cf37","isMergeCommit":true,"messageTitle":"Merge pull request #47 from ThawTunZan/Integration_v1.0","messageBody":"Integrate ModuleList class with Command class","fileTypesAndContributionMap":{}},{"hash":"d1de185a3669b31307bdd864cc1a926d2d073216","isMergeCommit":true,"messageTitle":"Merge pull request #46 from sxfoo/shixiang-ParserV0.5","messageBody":"Fix init name argument to be case sensitive","tags":["v1.0"],"fileTypesAndContributionMap":{}}]},{"date":"2024-03-21","commitResults":[{"hash":"56493f96e8f3d2f7e7a3422c5ee6c43f3afe2a1e","isMergeCommit":true,"messageTitle":"Merge branch \u0027master\u0027 of https://github.com/AY2324S2-CS2113T-W14-3/tp","messageBody":"","fileTypesAndContributionMap":{}},{"hash":"8adda300128270840d883219f6ce0b09eaa5313d","isMergeCommit":false,"messageTitle":"Add Exception Handling mainly for Command, Module and Module List class","messageBody":"","fileTypesAndContributionMap":{"functional-code":{"insertions":73,"deletions":18}}},{"hash":"be915e73c237fae3b891bce2b17738ed862ed820","isMergeCommit":true,"messageTitle":"Merge branch \u0027master\u0027 of https://github.com/AY2324S2-CS2113T-W14-3/tp into ExceptionHandlingModule","messageBody":"","fileTypesAndContributionMap":{}},{"hash":"470392721ef5443270c76b77e1548f08205872ee","isMergeCommit":false,"messageTitle":"Rename ModuleException class\u0027s package to ahere to coding standard","messageBody":"","fileTypesAndContributionMap":{"functional-code":{"insertions":1,"deletions":1},"other":{"insertions":1,"deletions":1}}}]},{"date":"2024-03-25","commitResults":[{"hash":"045727c51eb32b1fc6981c1db1219d2e7fb0060a","isMergeCommit":true,"messageTitle":"Merge branch \u0027master\u0027 of https://github.com/AY2324S2-CS2113T-W14-3/tp","messageBody":"","fileTypesAndContributionMap":{}},{"hash":"c087d2ec05fbc61ce95d8ed74b273fb07198977a","isMergeCommit":false,"messageTitle":"Remove toBeTakenModuleList","messageBody":"","fileTypesAndContributionMap":{"functional-code":{"insertions":4,"deletions":22}}}]},{"date":"2024-03-26","commitResults":[{"hash":"3ebaac279de32932e58e33598915ef9ada0e6c1f","isMergeCommit":true,"messageTitle":"Merge pull request #54 from ThawTunZan/ModuleListRefinement","messageBody":"Module list refinement","fileTypesAndContributionMap":{}}]}],"dextboy":[{"date":"2024-03-06","commitResults":[{"hash":"4d3b261de294433b4ed40f5fe8f063962a53ad6b","isMergeCommit":false,"messageTitle":"Add dextboy-AboutUs","messageBody":"","fileTypesAndContributionMap":{"docs":{"insertions":4,"deletions":7}}},{"hash":"a3dfc2183878d1ad989576dfd71e05366ce23b37","isMergeCommit":false,"messageTitle":"Add dextboy-AboutUs","messageBody":"","fileTypesAndContributionMap":{"docs":{"insertions":0,"deletions":1}}},{"hash":"68f0f3cb2ad2e0ea6102678820a596d08304942f","isMergeCommit":true,"messageTitle":"Merge other details","messageBody":"","fileTypesAndContributionMap":{}},{"hash":"9eeb904065e3713e274c8150cec79704c31bd6b0","isMergeCommit":true,"messageTitle":"Merge pull request #5 from dextboy/dextboy-AboutUs","messageBody":"Dextboy about us","fileTypesAndContributionMap":{}}]},{"date":"2024-03-13","commitResults":[{"hash":"de59562acd3cda9688998a1357a04f275d029e69","isMergeCommit":false,"messageTitle":"Create main skeleton","messageBody":"","fileTypesAndContributionMap":{"functional-code":{"insertions":37,"deletions":21},"other":{"insertions":1,"deletions":1}}},{"hash":"375c3df1c8f2d0ddb0324a24c320e0a89a37f3ab","isMergeCommit":false,"messageTitle":"Fix bug: Gradle check","messageBody":"","fileTypesAndContributionMap":{"functional-code":{"insertions":0,"deletions":17}}},{"hash":"f977c22cdc86cf25e5121b8f1fe1b322d18efaeb","isMergeCommit":false,"messageTitle":"Add files with gradle settings","messageBody":"","fileTypesAndContributionMap":{"other":{"insertions":2,"deletions":2}}},{"hash":"fb83054bb096cb169cdd4046398e253c156019e6","isMergeCommit":true,"messageTitle":"Merge pull request #26 from dextboy/MainSkeleton","messageBody":"Create main skeleton","fileTypesAndContributionMap":{}},{"hash":"ca513da0d732ea27b5d09da662370baccd0bcf06","isMergeCommit":false,"messageTitle":"Add mainTest skeleton","messageBody":"","fileTypesAndContributionMap":{"test-code":{"insertions":1,"deletions":3}}},{"hash":"0f66dd3b23e2fbbfa6c007cb5c18b7c4dbf78583","isMergeCommit":true,"messageTitle":"Merge pull request #27 from dextboy/MainSkeleton","messageBody":"Add mainTest skeleton","fileTypesAndContributionMap":{}},{"hash":"c1a9107aa56661cf7429c72d04cda6c585b939ab","isMergeCommit":false,"messageTitle":"Add ExceptionHandleTest skeleton","messageBody":"","fileTypesAndContributionMap":{"test-code":{"insertions":2,"deletions":0}}},{"hash":"c271dfad1d8d350ea173a73bc9eafd13fba909dc","isMergeCommit":false,"messageTitle":"Add exceptionHandleTest method","messageBody":"","fileTypesAndContributionMap":{"test-code":{"insertions":11,"deletions":1}}},{"hash":"fc1dec0c3d8079c25648fddf936578026e7c6413","isMergeCommit":true,"messageTitle":"Merge pull request #32 from dextboy/ExceptionHandleTest","messageBody":"Add exception handle test","fileTypesAndContributionMap":{}}]},{"date":"2024-03-18","commitResults":[{"hash":"1e1b62682a3f405443a31100f28e3bb6dcf9eb07","isMergeCommit":false,"messageTitle":"Add main loop for reading and executing user commands","messageBody":"","fileTypesAndContributionMap":{"functional-code":{"insertions":2,"deletions":0}}},{"hash":"2d9ee6e1ba7f00efd8c750e401aa7fe32f314191","isMergeCommit":false,"messageTitle":"Optimize resource usage by reusing Scanner instance in main loop","messageBody":"","fileTypesAndContributionMap":{"functional-code":{"insertions":37,"deletions":17}}},{"hash":"b8bd68184ca5c5a7a33a8aa31df16f9bdc0b4a0c","isMergeCommit":false,"messageTitle":"Enhance code readability through reindentation","messageBody":"","fileTypesAndContributionMap":{"functional-code":{"insertions":7,"deletions":6}}},{"hash":"f78d8b0dff606d9bf19b0c226fc7d4a65b01313b","isMergeCommit":false,"messageTitle":"Refactor Parser imports to comply with Checkstyle rules","messageBody":"","fileTypesAndContributionMap":{"functional-code":{"insertions":8,"deletions":1}}},{"hash":"1cc31929b5f44935f2b70a7d0de77afb7a230a33","isMergeCommit":true,"messageTitle":"Merge pull request #43 from dextboy/MainParse","messageBody":"Implement continuous command processing loop with error handling","fileTypesAndContributionMap":{}}]},{"date":"2024-03-19","commitResults":[{"hash":"698e3fa2103e930d8c4670aa4721604f3eeefdb4","isMergeCommit":false,"messageTitle":"Add init skeleton feature","messageBody":"","fileTypesAndContributionMap":{"functional-code":{"insertions":2,"deletions":0}}},{"hash":"f1bfd88da95e0e71c6e973aaa73be0c7d6f04126","isMergeCommit":false,"messageTitle":"Update init skeleton feature","messageBody":"","fileTypesAndContributionMap":{"functional-code":{"insertions":19,"deletions":11}}},{"hash":"65c03e0ec2c2d41f2bc7ff3d30384bb3f8a9776c","isMergeCommit":false,"messageTitle":"Remove wildcard import from Parser.java","messageBody":"","fileTypesAndContributionMap":{"functional-code":{"insertions":8,"deletions":1}}},{"hash":"394437d6b626c48c62359c931fb7d89adf3ee757","isMergeCommit":false,"messageTitle":"Add InitCommand import from command package","messageBody":"","fileTypesAndContributionMap":{"functional-code":{"insertions":1,"deletions":1}}},{"hash":"a2aa615d2ea51625a3c9bf3541ce5cb851a1e9af","isMergeCommit":false,"messageTitle":"Remove unused import java.util.Map","messageBody":"","fileTypesAndContributionMap":{"functional-code":{"insertions":0,"deletions":2}}},{"hash":"a30acf37fb2991b5ed79602711c4d21075cbf302","isMergeCommit":false,"messageTitle":"Modify InitCommand to align with code style","messageBody":"","fileTypesAndContributionMap":{"functional-code":{"insertions":3,"deletions":3}}},{"hash":"5386f165ef161e2227c1f93ce46ba8b30e9ec729","isMergeCommit":true,"messageTitle":"Merge pull request #44 from dextboy/AddName","messageBody":"Implement Initial Skeleton for \u0027init\u0027 Command","fileTypesAndContributionMap":{}}]},{"date":"2024-03-20","commitResults":[{"hash":"004172e452701fd4c4ccf54f13aca2ca09de6261","isMergeCommit":false,"messageTitle":"Add assertion and logging to main function","messageBody":"Improve error handling and debuggability by including assertion checks for key variable initialization and enhancing logging for main application flow.\n","fileTypesAndContributionMap":{"functional-code":{"insertions":26,"deletions":11},"other":{"insertions":1,"deletions":0}}},{"hash":"099be78d1c73c2345cb487adae728761cf072deb","isMergeCommit":false,"messageTitle":"Fix Checkstyle DeclarationOrder rule in FAP.java","messageBody":"Reorder the variable declarations and method definitions in FAP.java to comply with Checkstyle\u0027s DeclarationOrder rule. This adjustment ensures consistency with project coding standards and improves code readability.\n","fileTypesAndContributionMap":{"functional-code":{"insertions":3,"deletions":4}}},{"hash":"a229112d5d32b1201b5c9823197b47b0333796e9","isMergeCommit":false,"messageTitle":"Reorder static variables in FAP.java for Checkstyle compliance","messageBody":"Rearranged static variables to meet Checkstyle\u0027s DeclarationOrder rule.\n","fileTypesAndContributionMap":{"functional-code":{"insertions":3,"deletions":1}}},{"hash":"77329c27a2475ecd5e7c6c6d06edecdf3b7cd425","isMergeCommit":true,"messageTitle":"Merge pull request #48 from dextboy/MainAssertLogSkeleton","messageBody":"Enhance Stability and Debugging in Main Function","fileTypesAndContributionMap":{}}]}],"sxfoo":[{"date":"2024-03-06","commitResults":[{"hash":"a68fec002e2902aaeb5053dd1f45d5a2cbedbe40","isMergeCommit":false,"messageTitle":"Add details (shi xiang) to AboutUs","messageBody":"","fileTypesAndContributionMap":{"docs":{"insertions":7,"deletions":7}}},{"hash":"50ef663701268226c2e53395dbd3b40943487fda","isMergeCommit":true,"messageTitle":"Merge pull request #2 from sxfoo/shixiang-AboutUs","messageBody":"Add details (shi xiang) to AboutUs","fileTypesAndContributionMap":{}}]},{"date":"2024-03-13","commitResults":[{"hash":"a59b9a55d76524fdc21a1a3971b06bac4444a4d0","isMergeCommit":false,"messageTitle":"Create Parser skeleton code","messageBody":"","fileTypesAndContributionMap":{"functional-code":{"insertions":5,"deletions":0}}},{"hash":"39c5383b229e785ed3c480e97fbce95f00fdd5c7","isMergeCommit":true,"messageTitle":"Merge pull request #22 from sxfoo/shixiang-Parser","messageBody":"Create Parser skeleton code","fileTypesAndContributionMap":{}},{"hash":"d09cde0cc6dbad5da907ef47c7be9f4e71bf7da0","isMergeCommit":false,"messageTitle":"Add parserTest skeleton","messageBody":"","fileTypesAndContributionMap":{"test-code":{"insertions":10,"deletions":0}}},{"hash":"d53c1ddb349ab919c6e4563d589a02a39ac5f219","isMergeCommit":false,"messageTitle":"Add import apiTest statement to fix gradle checks","messageBody":"","fileTypesAndContributionMap":{"test-code":{"insertions":2,"deletions":0}}},{"hash":"25ac8d2aaf789dcab7f4554f0e2c2a5f53e36dbd","isMergeCommit":true,"messageTitle":"Merge pull request #29 from sxfoo/shiXiang-JUnitTest","messageBody":"Add parserTest skeleton","fileTypesAndContributionMap":{}}]},{"date":"2024-03-16","commitResults":[{"hash":"00059a79acb31bb833df04e15a5c28c9b533345c","isMergeCommit":false,"messageTitle":"Update Parser to be ready for use with Command Class","messageBody":"","fileTypesAndContributionMap":{"functional-code":{"insertions":107,"deletions":0}}},{"hash":"50635b447d190c30f5d7520cd2295fb959351e72","isMergeCommit":true,"messageTitle":"Merge pull request #33 from sxfoo/shixiang-ParserV0.1","messageBody":"Update Parser to be ready for use with Command Class","fileTypesAndContributionMap":{}},{"hash":"5e7880f3847e09e2fad7a08d477af41043d49833","isMergeCommit":false,"messageTitle":"Fix GRADE_PATTERN minor bug \u0026 Change argument data structure","messageBody":"GRADE_PATTERN allows [+-] grade without a character before.\nChange parser command arguments to use map\u003cstring,string\u003e type instead of arrays to reduce chances of using magic literals.\n","fileTypesAndContributionMap":{"functional-code":{"insertions":9,"deletions":9}}}]},{"date":"2024-03-17","commitResults":[{"hash":"22369ce33c1a2ee04296d46bce0f7d3fbf3470b3","isMergeCommit":false,"messageTitle":"Abstract out new class - CommandMetadata","messageBody":"The CommandMetadata class encapsulates metadata about a command pattern, its associated group arguments, and a constructor function to instantiate the corresponding command object.\n","fileTypesAndContributionMap":{"functional-code":{"insertions":112,"deletions":69}}},{"hash":"55982f527e58ab0d1e723c8523e2889829fb0942","isMergeCommit":false,"messageTitle":"Fix gradlew checkstyle for ParserTest and FAPTest","messageBody":"","fileTypesAndContributionMap":{"other":{"insertions":1,"deletions":2},"test-code":{"insertions":3,"deletions":1}}},{"hash":"bcd039526901fdd670bc696580cd2e2b6f877947","isMergeCommit":true,"messageTitle":"Merge pull request #34 from sxfoo/shixiang-ParserV0.1","messageBody":"Fix GRADE_PATTERN minor bug \u0026 Change argument data structure","fileTypesAndContributionMap":{}},{"hash":"71e3dc01687a0229eb7411344012dbe116473b69","isMergeCommit":false,"messageTitle":"Modify Parser code for addCommand constructor call","messageBody":"","fileTypesAndContributionMap":{"functional-code":{"insertions":11,"deletions":9}}},{"hash":"eef66f6cc0c1ff3525445c2cd5be3e458d095611","isMergeCommit":true,"messageTitle":"Merge branch \u0027master\u0027 of https://github.com/AY2324S2-CS2113-W14-3/tp into shiXiang-ViewCommand","messageBody":"# Conflicts:\n#\tsrc/main/java/seedu/duke/parser/Parser.java\n","fileTypesAndContributionMap":{}},{"hash":"69d87e08cd726eb4cac13ec1a112e21962972808","isMergeCommit":true,"messageTitle":"Merge pull request #38 from sxfoo/shiXiang-ViewCommand","messageBody":"Add Parser code for addCommand constructor call","fileTypesAndContributionMap":{}},{"hash":"958f5391bc2504a4a476c076de95fd24cc5abfd9","isMergeCommit":false,"messageTitle":"Add Invalid Command, Parser class to return Invalid as placeholder","messageBody":"","fileTypesAndContributionMap":{"functional-code":{"insertions":22,"deletions":9}}},{"hash":"d40c2a0eec951c4afdb12a930dccf23e996c5482","isMergeCommit":false,"messageTitle":"Rename ListCommand class to ViewCommand class","messageBody":"","fileTypesAndContributionMap":{"other":{"insertions":2,"deletions":1}}},{"hash":"aa7198a438325ca3ccdc640b69892dd71f2c4c5f","isMergeCommit":true,"messageTitle":"Merge branch \u0027master\u0027 of https://github.com/AY2324S2-CS2113-W14-3/tp into shiXiang-ViewCommand","messageBody":"# Conflicts:\n#\tsrc/main/java/seedu/duke/parser/Parser.java\n","fileTypesAndContributionMap":{}},{"hash":"b753abc389851bb55e08e1a51e798720194a95d1","isMergeCommit":false,"messageTitle":"Modify Parser support for AddCommand constructor","messageBody":"","fileTypesAndContributionMap":{"functional-code":{"insertions":2,"deletions":2}}},{"hash":"415320cfe5fbddca2ed56016cef0938fa8257a91","isMergeCommit":true,"messageTitle":"Merge pull request #39 from sxfoo/shiXiang-ViewCommand","messageBody":"Handle Invalid Commands \u0026 Fix parser methods to support Command classes","fileTypesAndContributionMap":{}}]},{"date":"2024-03-18","commitResults":[{"hash":"f38551bb6b6925726c8c9c0aad51f1fbf0aebef6","isMergeCommit":false,"messageTitle":"Add functionality for ViewCommand","messageBody":"","fileTypesAndContributionMap":{"functional-code":{"insertions":39,"deletions":5}}},{"hash":"e4fe94789c22bb35498490aaccbb6e5bb2dd3c9c","isMergeCommit":true,"messageTitle":"Merge pull request #41 from sxfoo/shiXiang-ViewCommand","messageBody":"Add functionality for ViewCommand","fileTypesAndContributionMap":{}},{"hash":"e484d7fa6290c4b4ee56f94c5d4f451c06f331f7","isMergeCommit":false,"messageTitle":"Remove grade command pattern to detect double values","messageBody":"Removal reason: used to detect 5.0, 4.5 grade points etc, but not possible to differentiate A and A+\n","fileTypesAndContributionMap":{"functional-code":{"insertions":1,"deletions":1}}},{"hash":"833b65e528d728718696bc6c0fc6e9927ec1d91b","isMergeCommit":true,"messageTitle":"Merge branch \u0027master\u0027 of https://github.com/AY2324S2-CS2113-W14-3/tp into shixiang-ParserV0.5","messageBody":"# Conflicts:\n#\tsrc/main/java/seedu/duke/parser/Parser.java\n","fileTypesAndContributionMap":{}},{"hash":"8d16854a4d0ad06c53ca78cf3b20cdf401e20455","isMergeCommit":false,"messageTitle":"Clean up Parser code","messageBody":"","fileTypesAndContributionMap":{"functional-code":{"insertions":2,"deletions":2}}},{"hash":"4bd767e5bea4e10c6ec5e9f4fb501a9421703110","isMergeCommit":true,"messageTitle":"Merge pull request #42 from sxfoo/shixiang-ParserV0.5","messageBody":"Remove grade command pattern to detect double values","fileTypesAndContributionMap":{}}]},{"date":"2024-03-19","commitResults":[{"hash":"4778c82e1c190002a39e0e4f46db38c75f20397d","isMergeCommit":false,"messageTitle":"Fix init name argument to be case sensitive","messageBody":"","fileTypesAndContributionMap":{"functional-code":{"insertions":6,"deletions":2}}}]},{"date":"2024-03-21","commitResults":[{"hash":"c1030f26c5c9a600d12ff99cc5a10e1de74a9b44","isMergeCommit":false,"messageTitle":"Add assertions and logging for ViewCommand Class","messageBody":"","fileTypesAndContributionMap":{"functional-code":{"insertions":29,"deletions":17}}},{"hash":"39b7f3ed989c325db258ebfacc7f6744266f6c40","isMergeCommit":true,"messageTitle":"Merge pull request #49 from sxfoo/shixiang-ViewCommandAssertions","messageBody":"Add assertions and logging for ViewCommand Class","fileTypesAndContributionMap":{}}]},{"date":"2024-03-23","commitResults":[{"hash":"2c064da2fcec2d4123c702c74444664c21f2433b","isMergeCommit":false,"messageTitle":"Implement table formatting in ViewCommand to present user logged data","messageBody":"","fileTypesAndContributionMap":{"functional-code":{"insertions":80,"deletions":32}}},{"hash":"5d12c583af95b719a025ee7123127f0e8df61774","isMergeCommit":false,"messageTitle":"Slight visual modification to table format","messageBody":"","fileTypesAndContributionMap":{"functional-code":{"insertions":2,"deletions":2}}}]},{"date":"2024-03-26","commitResults":[{"hash":"31f670ae9db92e225e46590588280ce5eec75dcf","isMergeCommit":true,"messageTitle":"Merge branch \u0027master\u0027 of https://github.com/AY2324S2-CS2113-W14-3/tp into shiXiang-ViewCommandv2","messageBody":"# Conflicts:\n#\tsrc/main/java/seedu/duke/command/ViewCommand.java\n","fileTypesAndContributionMap":{}},{"hash":"21bb88dc73c693445159419d9dc789c7e0b1be6a","isMergeCommit":false,"messageTitle":"Add dividers to separate output, and merge conflicts in View command","messageBody":"","fileTypesAndContributionMap":{"functional-code":{"insertions":7,"deletions":18}}},{"hash":"fa3da70913fbae8961d8071ff88bcfd12cef9ff2","isMergeCommit":true,"messageTitle":"Merge pull request #53 from sxfoo/shiXiang-ViewCommandv2","messageBody":"Improved Formatting for ViewCommand Output in Structured Table Format","fileTypesAndContributionMap":{}}]}]},"authorFileTypeContributionMap":{"jensonjenkins":{"docs":1,"functional-code":62,"test-code":12},"fungg0":{"docs":1,"functional-code":156,"test-code":9},"ThawTunZan":{"docs":1,"functional-code":181,"test-code":10},"dextboy":{"docs":1,"functional-code":84,"test-code":13,"other":3},"sxfoo":{"docs":2,"functional-code":251,"test-code":12}},"authorContributionVariance":{"jensonjenkins":130.36363,"fungg0":452.12665,"ThawTunZan":855.8253,"dextboy":560.608,"sxfoo":2506.1174},"authorDisplayNameMap":{"jensonjenkins":"CS2113-W14-3 DAVE..AWAN","fungg0":"CS2113-W14-3 FUNG..N WU","ThawTunZan":"CS2113-W14-3 THAW.. ZAN","dextboy":"CS2113-W14-3 TAN ..XTER","sxfoo":"CS2113-W14-3 FOO ..IANG"}}
