{"authorDailyContributionsMap":{"sweijie24":[{"date":"2024-03-07","commitResults":[{"hash":"2db41558ccb9da1bbdf2fbf4971166636ef0a4a8","isMergeCommit":false,"messageTitle":"Append \u0027Soh Wei Jie\u0027 to list of names","messageBody":"","fileTypesAndContributionMap":{"docs":{"insertions":6,"deletions":5}}},{"hash":"65bc171940007d850d67ca404127b922f8aea198","isMergeCommit":false,"messageTitle":"Corrected GitHub links for Jun Rong","messageBody":"","fileTypesAndContributionMap":{"docs":{"insertions":1,"deletions":1}}},{"hash":"f0cf8dd3691c89422acfaec99edb1e1f3164d010","isMergeCommit":false,"messageTitle":"Corrected GitHub links for Yang Da","messageBody":"","fileTypesAndContributionMap":{"docs":{"insertions":1,"deletions":1}}},{"hash":"39ec2a35de36dbebbeb7743f0162c6dbabf1fb7e","isMergeCommit":true,"messageTitle":"Merge pull request #1 from sweijie24/branch-WeiJie-AboutUs","messageBody":"Appended my name and remedied GitHub links","fileTypesAndContributionMap":{}},{"hash":"8dbfa1d4351937812ed9b0bc0c7afa51fa66bed7","isMergeCommit":true,"messageTitle":"Merge pull request #7 from sweijie24/master","messageBody":"Appended my name and corrected GitHub links","fileTypesAndContributionMap":{}}]},{"date":"2024-03-09","commitResults":[{"hash":"b7f21399533ed4b698a8262df3188dd7bf1b68de","isMergeCommit":false,"messageTitle":"Add startup code to BudgetBuddy","messageBody":"","fileTypesAndContributionMap":{"functional-code":{"insertions":56,"deletions":0}}},{"hash":"0ddf2b7128d78a271550bbe9aa13095f87d91058","isMergeCommit":false,"messageTitle":"Add Command class","messageBody":"","fileTypesAndContributionMap":{"functional-code":{"insertions":7,"deletions":0}}},{"hash":"5e2a4433913f451d71e2eda17dc32ed4f664bd6f","isMergeCommit":false,"messageTitle":"Add Parser class to handle user inputs","messageBody":"","fileTypesAndContributionMap":{"functional-code":{"insertions":53,"deletions":0}}},{"hash":"4e961d17f6854c8441741d77b44098820b904627","isMergeCommit":false,"messageTitle":"Add subclasses for ListExpense commands and ListSavings commands","messageBody":"","fileTypesAndContributionMap":{"functional-code":{"insertions":45,"deletions":0}}},{"hash":"3253ed07b81d91fcf22024b31af022805b15f60e","isMergeCommit":false,"messageTitle":"Add OOP related classes","messageBody":"","fileTypesAndContributionMap":{"functional-code":{"insertions":51,"deletions":0}}},{"hash":"30fc1c4d3e7b96bf8a4a972cbcf6529584542b19","isMergeCommit":false,"messageTitle":"Add code to list savings and list expenses","messageBody":"","fileTypesAndContributionMap":{"functional-code":{"insertions":135,"deletions":0}}},{"hash":"3f219a2e602a629a443a6a7f952e508f181d440f","isMergeCommit":false,"messageTitle":"Add relevant JUnit tests","messageBody":"","fileTypesAndContributionMap":{"test-code":{"insertions":62,"deletions":0}}},{"hash":"f682b5d0b986e02d8f11aa304b5349e04351ec1f","isMergeCommit":false,"messageTitle":"Fix gradle to point to correct code","messageBody":"","fileTypesAndContributionMap":{"other":{"insertions":2,"deletions":2}}},{"hash":"fdc41e1eeed155b1a57f2b505feaf0eeaf536aac","isMergeCommit":false,"messageTitle":"Remove unused import","messageBody":"","fileTypesAndContributionMap":{"functional-code":{"insertions":0,"deletions":2}}},{"hash":"7347f2b37b8d2aee26ecdb482dc8b5da3bec6ac3","isMergeCommit":false,"messageTitle":"Arrange variable access in correct order","messageBody":"","fileTypesAndContributionMap":{"functional-code":{"insertions":2,"deletions":1}}}]},{"date":"2024-03-13","commitResults":[{"hash":"8e7d39d804dd2461cd0a74b19f198138def069a0","isMergeCommit":true,"messageTitle":"Merge branch \u0027master\u0027 into branch-Listing","messageBody":"# Conflicts:\n#\tsrc/main/java/seedu/budgetbuddy/BudgetBuddy.java\n#\tsrc/main/java/seedu/budgetbuddy/Expense.java\n#\tsrc/main/java/seedu/budgetbuddy/ExpenseList.java\n#\tsrc/main/java/seedu/budgetbuddy/Parser.java\n#\tsrc/main/java/seedu/budgetbuddy/Saving.java\n#\tsrc/main/java/seedu/budgetbuddy/SavingList.java\n#\tsrc/main/java/seedu/budgetbuddy/Transaction.java\n#\ttext-ui-test/EXPECTED.TXT\n#\ttext-ui-test/input.txt\n","fileTypesAndContributionMap":{}},{"hash":"e0471a6b7b09dcdcd07dd7b5db7d09a538fbce7a","isMergeCommit":true,"messageTitle":"Merge pull request #9 from sweijie24/branch-Listing","messageBody":"Create lists for expenses and savings","fileTypesAndContributionMap":{}}]}],"Dheekshitha2":[{"date":"2024-03-07","commitResults":[{"hash":"3841c5e122f5ccc2a52b11dc49f3bea620db7617","isMergeCommit":false,"messageTitle":"Updated README to use BudgetBuddy as project title","messageBody":"","fileTypesAndContributionMap":{"docs":{"insertions":2,"deletions":2}}},{"hash":"60bbc5c215889eccfbeaf386260135374d199068","isMergeCommit":true,"messageTitle":"Merge pull request #1 from Dheekshitha2/master","messageBody":"Updated README to use BudgetBuddy as project title","fileTypesAndContributionMap":{}},{"hash":"6f7e0ae88270fc247bfe5b89c80af2fa94ea9fbc","isMergeCommit":false,"messageTitle":"Updated to show my name","messageBody":"","fileTypesAndContributionMap":{"docs":{"insertions":3,"deletions":7}}},{"hash":"f53198972a7accc94db188e1144d3ebd2092883d","isMergeCommit":true,"messageTitle":"Merge branch \u0027master\u0027 into shree-aboutUs","messageBody":"","fileTypesAndContributionMap":{}},{"hash":"9c4e9940b737ceda2ac7e2a2cbb78a6e0b1a8b0a","isMergeCommit":true,"messageTitle":"Merge pull request #3 from Dheekshitha2/shree-aboutUs","messageBody":"Updated to show my name","fileTypesAndContributionMap":{}}]},{"date":"2024-03-12","commitResults":[{"hash":"7f55e1f1e7c270ccfbd40040627b49e8925f638c","isMergeCommit":false,"messageTitle":"added features delete expense and reduce savings","messageBody":"","fileTypesAndContributionMap":{"functional-code":{"insertions":89,"deletions":0}}},{"hash":"1afc2370d1ea25dbbc9b561df0484a5236a59de7","isMergeCommit":true,"messageTitle":"Merge pull request #25 from Dheekshitha2/shree-features","messageBody":"added features delete expense and reduce savings","fileTypesAndContributionMap":{}}]}],"jasraa":[{"date":"2024-03-07","commitResults":[{"hash":"bbfe2cab2f6f6db2adce29b903bb61e1fa1d4f9b","isMergeCommit":false,"messageTitle":"changed the name in aboutUs","messageBody":"","fileTypesAndContributionMap":{"docs":{"insertions":3,"deletions":7}}},{"hash":"c93eba092c9c72af08d662e81370230fb5445d9a","isMergeCommit":true,"messageTitle":"Merge pull request #2 from jasraa/jasra-about-us","messageBody":"changed the name in aboutUs","fileTypesAndContributionMap":{}}]},{"date":"2024-03-12","commitResults":[{"hash":"fce75efe61b17e6e94cac3c2e53406130b9ffb93","isMergeCommit":false,"messageTitle":"Add Edit Expense and Edit Savings","messageBody":"","fileTypesAndContributionMap":{"functional-code":{"insertions":242,"deletions":0}}},{"hash":"870254ca3f44cdde8ba1aea84ce55c149dd71e61","isMergeCommit":true,"messageTitle":"Merge branch \u0027master\u0027 into jasra-edit-expenses","messageBody":"# Conflicts:\n#\tsrc/main/java/seedu/duke/Expense.java\n#\tsrc/main/java/seedu/duke/ExpenseList.java\n#\tsrc/main/java/seedu/duke/Saving.java\n#\tsrc/main/java/seedu/duke/SavingList.java\n#\tsrc/main/java/seedu/duke/Transaction.java\n","fileTypesAndContributionMap":{}},{"hash":"809cacacb143e7422058a6f8dc177cee3042c9e9","isMergeCommit":false,"messageTitle":"Edit the Saving and Ui file","messageBody":"","fileTypesAndContributionMap":{"functional-code":{"insertions":5,"deletions":2}}},{"hash":"557dbc39380cf31e6f59f56c3139cd64709e0f5e","isMergeCommit":false,"messageTitle":"Edit the Saving file","messageBody":"","fileTypesAndContributionMap":{"functional-code":{"insertions":1,"deletions":1}}},{"hash":"d04f025ca78977d187f1c771bb10143c2a62bd4e","isMergeCommit":true,"messageTitle":"Merge pull request #26 from jasraa/jasra-edit-expenses","messageBody":"Add Edit Expense and Edit Savings","fileTypesAndContributionMap":{}}]}],"yyangdaa":[{"date":"2024-03-07","commitResults":[{"hash":"48adfa92fea53910557e5b6054a092ecd73b116e","isMergeCommit":false,"messageTitle":"update about us","messageBody":"","fileTypesAndContributionMap":{"docs":{"insertions":1,"deletions":5}}},{"hash":"a05d5a04f08ade17f13304479fe78ffcceba46d6","isMergeCommit":true,"messageTitle":"Merge branch \u0027master\u0027 into yangda","messageBody":"","fileTypesAndContributionMap":{}},{"hash":"ae40078a887cc2b1eefc3f01bb0e84e2ce642b68","isMergeCommit":true,"messageTitle":"Merge pull request #4 from yyangdaa/yangda","messageBody":"update about us","fileTypesAndContributionMap":{}}]},{"date":"2024-03-10","commitResults":[{"hash":"0d2725aa0b63de92df5e49c1d88a2ff35638f795","isMergeCommit":false,"messageTitle":"add addExpense and addSaving features","messageBody":"","fileTypesAndContributionMap":{"functional-code":{"insertions":269,"deletions":21}}},{"hash":"e726c98b8592def5a3e3926c1559fe323446552e","isMergeCommit":false,"messageTitle":"update Parser","messageBody":"","fileTypesAndContributionMap":{"functional-code":{"insertions":16,"deletions":22}}},{"hash":"226f9e9d73eb12353354c1041e1692bf53250a8c","isMergeCommit":false,"messageTitle":"add ExpenseList array and SavingList array","messageBody":"","fileTypesAndContributionMap":{"functional-code":{"insertions":4,"deletions":2}}},{"hash":"720ee0db5377d3c90c0987e69ebe29bd01a35f38","isMergeCommit":false,"messageTitle":"fix style error","messageBody":"","fileTypesAndContributionMap":{"functional-code":{"insertions":5,"deletions":3}}},{"hash":"02791364cced2a570b2f622395e687b1f2809206","isMergeCommit":false,"messageTitle":"fix IO performance test","messageBody":"","fileTypesAndContributionMap":{"functional-code":{"insertions":6,"deletions":6},"other":{"insertions":8,"deletions":3}}},{"hash":"94b1c075142491dae47a6771ddd8e23847b0bb54","isMergeCommit":false,"messageTitle":"fix IO test","messageBody":"","fileTypesAndContributionMap":{"functional-code":{"insertions":8,"deletions":8}}},{"hash":"3419c343d7f00904b62d588ac4519128a5dd8361","isMergeCommit":false,"messageTitle":"fix parser","messageBody":"","fileTypesAndContributionMap":{"functional-code":{"insertions":22,"deletions":16}}},{"hash":"7c9c2adeef80edc8b9fc082b9ed32d5591414741","isMergeCommit":false,"messageTitle":"add command class","messageBody":"","fileTypesAndContributionMap":{"functional-code":{"insertions":52,"deletions":0}}},{"hash":"3112e2348f6bb58ba576f53197681bf5c241125d","isMergeCommit":false,"messageTitle":"update","messageBody":"","fileTypesAndContributionMap":{"functional-code":{"insertions":0,"deletions":52}}}]},{"date":"2024-03-12","commitResults":[{"hash":"bc614fef9c7db77ace3938967c5bca6df4c94437","isMergeCommit":false,"messageTitle":"Update file locations","messageBody":"","fileTypesAndContributionMap":{"functional-code":{"insertions":11,"deletions":11},"other":{"insertions":8,"deletions":8}}},{"hash":"04ccda1360c3c69caa573f4c46688a4fb3ebc1c6","isMergeCommit":true,"messageTitle":"Merge branch \u0027master\u0027 into yangda","messageBody":"","fileTypesAndContributionMap":{}},{"hash":"75e79e6afb934ba13f0a613874e46d5554c1631d","isMergeCommit":false,"messageTitle":"Merge master into branch-yangda","messageBody":"","fileTypesAndContributionMap":{"functional-code":{"insertions":5,"deletions":13}}},{"hash":"1fb068db397affee90b2a0440140d9fa83d5052f","isMergeCommit":true,"messageTitle":"Merge pull request #24 from yyangdaa/yangda","messageBody":"add addexpense \u0026 addsaving - yangda","fileTypesAndContributionMap":{}}]}],"itsmejr257":[{"date":"2024-03-07","commitResults":[{"hash":"c460aa9e1aa1710130b09b6c2e6db066a331a4ac","isMergeCommit":false,"messageTitle":"Add name Chan Jun Rong to AboutUs","messageBody":"","fileTypesAndContributionMap":{"docs":{"insertions":6,"deletions":5}}},{"hash":"78b6780292946f05749168ae379ee5533a5656a0","isMergeCommit":true,"messageTitle":"Merge pull request #6 from itsmejr257/branch-aboutus","messageBody":"Add name Chan Jun Rong to AboutUs","fileTypesAndContributionMap":{}}]},{"date":"2024-03-09","commitResults":[{"hash":"e137c67c9aab79f8aada0c019f79b38c62770fef","isMergeCommit":false,"messageTitle":"Update class name to BudgetBuddy","messageBody":"","fileTypesAndContributionMap":{"other":{"insertions":1,"deletions":1}}},{"hash":"72433cf3ad6a51e37e8026929d916af2b41fe02f","isMergeCommit":false,"messageTitle":"Add functions for Welcome and Goodbye messages","messageBody":"","fileTypesAndContributionMap":{"functional-code":{"insertions":23,"deletions":0}}},{"hash":"cd070bbf802da9890e355952a4f7e84f9299d07e","isMergeCommit":false,"messageTitle":"Refactor BudgetBuddy to print Welcome and Goodbye Messages","messageBody":"","fileTypesAndContributionMap":{"functional-code":{"insertions":16,"deletions":13}}},{"hash":"11de772bb80b95ac326a27ea153a29b0252e5ad3","isMergeCommit":false,"messageTitle":"Add Parser Class to identify exit command","messageBody":"","fileTypesAndContributionMap":{"functional-code":{"insertions":8,"deletions":0}}},{"hash":"b051b5205623baa35ea359b5090e48eff1b21053","isMergeCommit":false,"messageTitle":"Refactor BudgetBuddy to use Parser","messageBody":"","fileTypesAndContributionMap":{"functional-code":{"insertions":11,"deletions":0}}},{"hash":"ccc32c1d1a6d6f10d8e00423f80616a082d62b15","isMergeCommit":false,"messageTitle":"Add divider to goodbye message","messageBody":"","fileTypesAndContributionMap":{"functional-code":{"insertions":1,"deletions":0}}},{"hash":"e6cebec7005548cdcfc7c33b35fdcbca5301d5a4","isMergeCommit":false,"messageTitle":"Add parseCommand function for menu command","messageBody":"","fileTypesAndContributionMap":{"functional-code":{"insertions":12,"deletions":0}}},{"hash":"83a613f3f6b64f0061c64ab4dd026197b91fbb20","isMergeCommit":false,"messageTitle":"Add showMenuItem function to display commands","messageBody":"","fileTypesAndContributionMap":{"functional-code":{"insertions":40,"deletions":2}}},{"hash":"4b57a0c4e04cfca0b40f7b2e0592289fdce6f567","isMergeCommit":false,"messageTitle":"Add Command Class","messageBody":"","fileTypesAndContributionMap":{"functional-code":{"insertions":7,"deletions":0}}},{"hash":"330ebd78513edc3f7dcc003300fe966709393d56","isMergeCommit":false,"messageTitle":"Add MenuCommand Subclass","messageBody":"","fileTypesAndContributionMap":{"functional-code":{"insertions":19,"deletions":0}}},{"hash":"fdb64c4958ff051fc5561e7b485ba94c45557b5b","isMergeCommit":false,"messageTitle":"Refactor Parser to use Command and MenuCommand classes","messageBody":"","fileTypesAndContributionMap":{"functional-code":{"insertions":21,"deletions":9}}},{"hash":"4da6d897c5493a92dcc981eb17bb052b0cffd438","isMergeCommit":false,"messageTitle":"Add handleCommands function to BudgetBuddy","messageBody":"","fileTypesAndContributionMap":{"functional-code":{"insertions":13,"deletions":1}}},{"hash":"061e65053cfb0b36ba19adb5784259fb84f36c1a","isMergeCommit":false,"messageTitle":"Update project name to BudgetBuddy","messageBody":"","fileTypesAndContributionMap":{"other":{"insertions":11,"deletions":10}}},{"hash":"701bf6d8698460d0bd14701b7eb694106f65cb9e","isMergeCommit":false,"messageTitle":"Update gradle to use BudgetBuddy","messageBody":"","fileTypesAndContributionMap":{"other":{"insertions":2,"deletions":2}}},{"hash":"2e9ec6e838a75a495d82fff4ba11eb89fad6c2b3","isMergeCommit":false,"messageTitle":"Add JUnit test for Parser","messageBody":"","fileTypesAndContributionMap":{"functional-code":{"insertions":4,"deletions":0},"test-code":{"insertions":34,"deletions":0}}}]},{"date":"2024-03-10","commitResults":[{"hash":"b87a87e316ca9ffadd3e36c472bfd73be003b229","isMergeCommit":false,"messageTitle":"Add JUnit test for invalid menu command","messageBody":"","fileTypesAndContributionMap":{"test-code":{"insertions":10,"deletions":2}}},{"hash":"0e4974a7e990f0df592624e59458e567e6b5f9d5","isMergeCommit":false,"messageTitle":"Add JavaDoc comments","messageBody":"","fileTypesAndContributionMap":{"functional-code":{"insertions":29,"deletions":1}}}]},{"date":"2024-03-11","commitResults":[{"hash":"bb94a7732fbd93f54f538feb199e4be76a54ff63","isMergeCommit":false,"messageTitle":"Refactor JavaDoc comments to adhere to line character limit","messageBody":"","fileTypesAndContributionMap":{"functional-code":{"insertions":2,"deletions":2}}}]},{"date":"2024-03-12","commitResults":[{"hash":"d724f28a055bebeb74e1db9c11ef2af94ba2624c","isMergeCommit":false,"messageTitle":"Update budgetbuddy package to follow naming conventions","messageBody":"","fileTypesAndContributionMap":{"other":{"insertions":1,"deletions":1}}},{"hash":"2216075fb856bee28c5981b271b63023ae15ba29","isMergeCommit":true,"messageTitle":"Merge pull request #29 from itsmejr257/junRong-Rename-Packages","messageBody":"Update budgetbuddy package to follow naming conventions.","fileTypesAndContributionMap":{}},{"hash":"7b9d605766199fdda4bf7e6ec5b9401ee8253963","isMergeCommit":false,"messageTitle":"Integrate functions to work together","messageBody":"This commit merges the Add, Edit and Delete function, ensuring they\nwork together in a singular build.\n","fileTypesAndContributionMap":{"functional-code":{"insertions":473,"deletions":381},"other":{"insertions":2,"deletions":2}}},{"hash":"7a47eb06502087adb6ee662f3a00a2d5b93c693a","isMergeCommit":false,"messageTitle":"Edit Parser, Ui and EditExpenseCommand to rectify check style errors","messageBody":"","fileTypesAndContributionMap":{"functional-code":{"insertions":8,"deletions":6}}},{"hash":"7c8ca06223fea3418a0b0068a2b42ad87b092987","isMergeCommit":false,"messageTitle":"Remove test code from ExpenseList, Parser and SavingList","messageBody":"","fileTypesAndContributionMap":{"functional-code":{"insertions":0,"deletions":18}}},{"hash":"e05d8091e86c413f531fe8358028dd926260f087","isMergeCommit":false,"messageTitle":"Remove test code from BudgetBuddy","messageBody":"","fileTypesAndContributionMap":{"functional-code":{"insertions":0,"deletions":2}}},{"hash":"73491db8c8165d4fd74ea61f57f2ce478c151379","isMergeCommit":false,"messageTitle":"Refactor Parser to standardize command formats","messageBody":"","fileTypesAndContributionMap":{"functional-code":{"insertions":6,"deletions":6}}},{"hash":"b2b96fa26dec5aafde800565e4cb9149f1344ffc","isMergeCommit":true,"messageTitle":"Merge pull request #34 from itsmejr257/junRong-Core-Integration","messageBody":"Integrate functions to work together","fileTypesAndContributionMap":{}},{"hash":"91b3c32052b3a05e36bfd9f82e415aa93bd1d049","isMergeCommit":true,"messageTitle":"Merge branch \u0027master\u0027 of https://github.com/AY2324S2-CS2113-T12-3/tp","messageBody":"","fileTypesAndContributionMap":{}}]},{"date":"2024-03-13","commitResults":[{"hash":"1d3e80998ae8bd729bd86614b4869d146c4a8611","isMergeCommit":true,"messageTitle":"Merge branch \u0027master\u0027 into junRong-Menu","messageBody":"# Conflicts:\n#\tsrc/main/java/seedu/budgetbuddy/BudgetBuddy.java\n#\tsrc/main/java/seedu/budgetbuddy/Parser.java\n#\tsrc/main/java/seedu/budgetbuddy/Ui.java\n#\tsrc/test/java/seedu/budgetbuddy/DukeTest.java\n#\tsrc/test/java/seedu/budgetbuddy/budgetBuddyTest.java\n#\tsrc/test/java/seedu/duke/DukeTest.java\n#\ttext-ui-test/input.txt\n","fileTypesAndContributionMap":{}},{"hash":"9d13ed36f76446c7ddc64e7c6c63ac1c1a4e678c","isMergeCommit":true,"messageTitle":"Merge pull request #8 from itsmejr257/junRong-Menu","messageBody":"Add Menu function","fileTypesAndContributionMap":{}}]}]},"authorFileTypeContributionMap":{"sweijie24":{"docs":4,"functional-code":297,"test-code":62},"Dheekshitha2":{"docs":3,"functional-code":0,"test-code":0},"jasraa":{"docs":1,"functional-code":0,"test-code":0},"yyangdaa":{"docs":1,"functional-code":67,"test-code":5},"itsmejr257":{"docs":0,"functional-code":543,"test-code":54,"other":2}},"authorContributionVariance":{"sweijie24":8278.728,"Dheekshitha2":379.32748,"jasraa":2984.7473,"yyangdaa":12979.487,"itsmejr257":40797.46},"authorDisplayNameMap":{"sweijie24":"CS2113-T12-3 SOH .. JIE","Dheekshitha2":"CS2113-T12-3 DHEE..HNAN","jasraa":"CS2113-T12-3 JASR..INAB","yyangdaa":"CS2113-T12-3 ZHAN..NGDA","itsmejr257":"CS2113-T12-3 CHAN..RONG"}}
