{"authorDailyContributionsMap":{"sweijie24":[{"date":"2024-03-07","commitResults":[{"hash":"2db41558ccb9da1bbdf2fbf4971166636ef0a4a8","isMergeCommit":false,"messageTitle":"Append \u0027Soh Wei Jie\u0027 to list of names","messageBody":"","fileTypesAndContributionMap":{"docs":{"insertions":6,"deletions":5}}},{"hash":"65bc171940007d850d67ca404127b922f8aea198","isMergeCommit":false,"messageTitle":"Corrected GitHub links for Jun Rong","messageBody":"","fileTypesAndContributionMap":{"docs":{"insertions":1,"deletions":1}}},{"hash":"f0cf8dd3691c89422acfaec99edb1e1f3164d010","isMergeCommit":false,"messageTitle":"Corrected GitHub links for Yang Da","messageBody":"","fileTypesAndContributionMap":{"docs":{"insertions":1,"deletions":1}}},{"hash":"39ec2a35de36dbebbeb7743f0162c6dbabf1fb7e","isMergeCommit":true,"messageTitle":"Merge pull request #1 from sweijie24/branch-WeiJie-AboutUs","messageBody":"Appended my name and remedied GitHub links","fileTypesAndContributionMap":{}},{"hash":"8dbfa1d4351937812ed9b0bc0c7afa51fa66bed7","isMergeCommit":true,"messageTitle":"Merge pull request #7 from sweijie24/master","messageBody":"Appended my name and corrected GitHub links","fileTypesAndContributionMap":{}}]},{"date":"2024-03-09","commitResults":[{"hash":"b7f21399533ed4b698a8262df3188dd7bf1b68de","isMergeCommit":false,"messageTitle":"Add startup code to BudgetBuddy","messageBody":"","fileTypesAndContributionMap":{"functional-code":{"insertions":56,"deletions":0}}},{"hash":"0ddf2b7128d78a271550bbe9aa13095f87d91058","isMergeCommit":false,"messageTitle":"Add Command class","messageBody":"","fileTypesAndContributionMap":{"functional-code":{"insertions":7,"deletions":0}}},{"hash":"5e2a4433913f451d71e2eda17dc32ed4f664bd6f","isMergeCommit":false,"messageTitle":"Add Parser class to handle user inputs","messageBody":"","fileTypesAndContributionMap":{"functional-code":{"insertions":53,"deletions":0}}},{"hash":"4e961d17f6854c8441741d77b44098820b904627","isMergeCommit":false,"messageTitle":"Add subclasses for ListExpense commands and ListSavings commands","messageBody":"","fileTypesAndContributionMap":{"functional-code":{"insertions":45,"deletions":0}}},{"hash":"3253ed07b81d91fcf22024b31af022805b15f60e","isMergeCommit":false,"messageTitle":"Add OOP related classes","messageBody":"","fileTypesAndContributionMap":{"functional-code":{"insertions":51,"deletions":0}}},{"hash":"30fc1c4d3e7b96bf8a4a972cbcf6529584542b19","isMergeCommit":false,"messageTitle":"Add code to list savings and list expenses","messageBody":"","fileTypesAndContributionMap":{"functional-code":{"insertions":135,"deletions":0}}},{"hash":"3f219a2e602a629a443a6a7f952e508f181d440f","isMergeCommit":false,"messageTitle":"Add relevant JUnit tests","messageBody":"","fileTypesAndContributionMap":{"test-code":{"insertions":62,"deletions":0}}},{"hash":"f682b5d0b986e02d8f11aa304b5349e04351ec1f","isMergeCommit":false,"messageTitle":"Fix gradle to point to correct code","messageBody":"","fileTypesAndContributionMap":{"other":{"insertions":2,"deletions":2}}},{"hash":"fdc41e1eeed155b1a57f2b505feaf0eeaf536aac","isMergeCommit":false,"messageTitle":"Remove unused import","messageBody":"","fileTypesAndContributionMap":{"functional-code":{"insertions":0,"deletions":2}}},{"hash":"7347f2b37b8d2aee26ecdb482dc8b5da3bec6ac3","isMergeCommit":false,"messageTitle":"Arrange variable access in correct order","messageBody":"","fileTypesAndContributionMap":{"functional-code":{"insertions":2,"deletions":1}}}]},{"date":"2024-03-13","commitResults":[{"hash":"8e7d39d804dd2461cd0a74b19f198138def069a0","isMergeCommit":true,"messageTitle":"Merge branch \u0027master\u0027 into branch-Listing","messageBody":"# Conflicts:\n#\tsrc/main/java/seedu/budgetbuddy/BudgetBuddy.java\n#\tsrc/main/java/seedu/budgetbuddy/Expense.java\n#\tsrc/main/java/seedu/budgetbuddy/ExpenseList.java\n#\tsrc/main/java/seedu/budgetbuddy/Parser.java\n#\tsrc/main/java/seedu/budgetbuddy/Saving.java\n#\tsrc/main/java/seedu/budgetbuddy/SavingList.java\n#\tsrc/main/java/seedu/budgetbuddy/Transaction.java\n#\ttext-ui-test/EXPECTED.TXT\n#\ttext-ui-test/input.txt\n","fileTypesAndContributionMap":{}},{"hash":"e0471a6b7b09dcdcd07dd7b5db7d09a538fbce7a","isMergeCommit":true,"messageTitle":"Merge pull request #9 from sweijie24/branch-Listing","messageBody":"Create lists for expenses and savings","fileTypesAndContributionMap":{}}]},{"date":"2024-03-16","commitResults":[{"hash":"06dab8b3563bbd9c63f7f3c4659a179d7e6090af","isMergeCommit":false,"messageTitle":"Enable assertions in build.gradle","messageBody":"","fileTypesAndContributionMap":{"other":{"insertions":1,"deletions":0}}},{"hash":"869ded3f85e3ce5bd73f57f5337966f5a21eeb72","isMergeCommit":false,"messageTitle":"Create class for logging","messageBody":"","fileTypesAndContributionMap":{"functional-code":{"insertions":20,"deletions":0}}},{"hash":"5b18427cfcfa533e62a3ff55bba78feb0abc70f8","isMergeCommit":false,"messageTitle":"Add error handling in the form of logging, assertions, and exceptions","messageBody":"","fileTypesAndContributionMap":{"functional-code":{"insertions":44,"deletions":19}}},{"hash":"221a11ec34e70a9e7374c752b0c6bc13975b8080","isMergeCommit":false,"messageTitle":"Add methods to check for valid categories Add error handling for invalid categories","messageBody":"","fileTypesAndContributionMap":{"functional-code":{"insertions":81,"deletions":3}}},{"hash":"aec1678bbc236ee94034f25060d2c10412b2e4fe","isMergeCommit":false,"messageTitle":"Add error handling in the form of logging, assertions, and exceptions","messageBody":"","fileTypesAndContributionMap":{"functional-code":{"insertions":62,"deletions":37}}},{"hash":"ec5b5836c88dfdc2fa698f77cc5e9c4be1ab67be","isMergeCommit":false,"messageTitle":"Remove conflicting and redundant JUnit test","messageBody":"","fileTypesAndContributionMap":{"test-code":{"insertions":0,"deletions":12}}},{"hash":"c6f31ca97a59a52dffcaa26f47c2101425950404","isMergeCommit":false,"messageTitle":"Add JUnit tests for parsing input for list commands","messageBody":"","fileTypesAndContributionMap":{"test-code":{"insertions":95,"deletions":1}}},{"hash":"7eacfae37cbe746665162111b9c30512cd799ccb","isMergeCommit":false,"messageTitle":"Add JUnit tests for findTotalSavings method","messageBody":"","fileTypesAndContributionMap":{"test-code":{"insertions":15,"deletions":2}}},{"hash":"91ad8e998d4b767aa5aefdde7d42dd98b506b2f0","isMergeCommit":false,"messageTitle":"Update UserGuide to include listing features","messageBody":"","fileTypesAndContributionMap":{"docs":{"insertions":35,"deletions":9}}},{"hash":"b2833959d697bfb1a6504334dff9736090570879","isMergeCommit":false,"messageTitle":"Remove unused import","messageBody":"","fileTypesAndContributionMap":{"test-code":{"insertions":0,"deletions":1}}}]},{"date":"2024-03-18","commitResults":[{"hash":"b87040c96d480944e83edea11f8181c86d80c5f2","isMergeCommit":false,"messageTitle":"Remove logging class","messageBody":"","fileTypesAndContributionMap":{"functional-code":{"insertions":0,"deletions":20}}},{"hash":"c95f6b8b492d6826b8d0acf070337c91d1e8c4dc","isMergeCommit":false,"messageTitle":"Remove logging configuration","messageBody":"","fileTypesAndContributionMap":{"functional-code":{"insertions":0,"deletions":8}}},{"hash":"8ab76a8d1e2e83537c39f40eb311348750165bd5","isMergeCommit":false,"messageTitle":"Modify results from insufficient funds","messageBody":"","fileTypesAndContributionMap":{"functional-code":{"insertions":6,"deletions":10}}},{"hash":"2f92f5c5a87e4a5c4013e0420c505245111c5def","isMergeCommit":false,"messageTitle":"Add test case for the calculation of insufficient funds Disable test case for exceptions arising from insufficient funds","messageBody":"","fileTypesAndContributionMap":{"test-code":{"insertions":13,"deletions":0}}}]},{"date":"2024-03-19","commitResults":[{"hash":"b03003efa2193636c5c42b727a2bcfeb4bd1e02d","isMergeCommit":true,"messageTitle":"Merge branch \u0027master\u0027 into branch-ErrorHandling","messageBody":"","fileTypesAndContributionMap":{}},{"hash":"af2f80198377aa8a71ad4972b6810f02ad16cdb8","isMergeCommit":true,"messageTitle":"Merge pull request #43 from sweijie24/branch-ErrorHandling","messageBody":"Add Error Handling for listing","fileTypesAndContributionMap":{}}]},{"date":"2024-03-23","commitResults":[{"hash":"da629642e1a9237c1dba9534868c66b7cc632323","isMergeCommit":false,"messageTitle":"Fix minor formatting issues","messageBody":"","fileTypesAndContributionMap":{"functional-code":{"insertions":3,"deletions":3}}},{"hash":"91d39ca7766bb5c67d1e3d53fc2e9f9a2332eafa","isMergeCommit":false,"messageTitle":"Adjust formatting for amounts","messageBody":"","fileTypesAndContributionMap":{"functional-code":{"insertions":8,"deletions":7}}},{"hash":"4aa5577dc4f0a3896695aee9efcdf7bc2b601538","isMergeCommit":false,"messageTitle":"Add getters and setters for currency","messageBody":"","fileTypesAndContributionMap":{"functional-code":{"insertions":7,"deletions":0}}},{"hash":"39ab2ac2f609e914a332a2e30c7d59774c6ad56f","isMergeCommit":false,"messageTitle":"Import Java Currency library Set SGD as default currency","messageBody":"","fileTypesAndContributionMap":{"functional-code":{"insertions":5,"deletions":0}}},{"hash":"bc4c5658dcea6afbf44109bdc3c8acb5b3d3d406","isMergeCommit":false,"messageTitle":"Create method to handle input to change currency","messageBody":"","fileTypesAndContributionMap":{"functional-code":{"insertions":20,"deletions":0}}},{"hash":"a144e65e4e7670e655a841cf9795d984d2591d63","isMergeCommit":false,"messageTitle":"Add relevant functions to handle user input","messageBody":"","fileTypesAndContributionMap":{"functional-code":{"insertions":9,"deletions":11}}},{"hash":"95ed2af054e92bf92e66791723bde2ba1fcf9051","isMergeCommit":false,"messageTitle":"Create command class to handle parameters and execute the conversion code","messageBody":"","fileTypesAndContributionMap":{"functional-code":{"insertions":28,"deletions":0}}},{"hash":"083e70ca414c7aa395099ba259c405d512cd9cea","isMergeCommit":false,"messageTitle":"Create currency converter class to convert from SGD to other relevant currencies","messageBody":"","fileTypesAndContributionMap":{"functional-code":{"insertions":54,"deletions":0}}},{"hash":"c5a5c71107d107812b5cf57417ac90ec70ecc95e","isMergeCommit":false,"messageTitle":"Add JUnit tests for CurrencyConverter","messageBody":"","fileTypesAndContributionMap":{"test-code":{"insertions":69,"deletions":0}}},{"hash":"f03f05d4cdb1a9e3c32f3606104f469b059ef2cf","isMergeCommit":false,"messageTitle":"Add JUnit tests for handleChangeCurrencyCommand","messageBody":"","fileTypesAndContributionMap":{"test-code":{"insertions":49,"deletions":2}}},{"hash":"21442fbc0c24419f7b12e479006b60b1540604d4","isMergeCommit":false,"messageTitle":"Add logging and assertions to parser","messageBody":"","fileTypesAndContributionMap":{"functional-code":{"insertions":24,"deletions":3}}},{"hash":"aab72c559a384b9846fb48c22a565a736d1d3ced","isMergeCommit":false,"messageTitle":"Add error handling via logging, assertions and exceptions","messageBody":"","fileTypesAndContributionMap":{"functional-code":{"insertions":75,"deletions":10}}},{"hash":"86ae2f0252c31150c1b86f2fa16f24589c8fa3ff","isMergeCommit":false,"messageTitle":"Fix checkstyle errors","messageBody":"","fileTypesAndContributionMap":{"functional-code":{"insertions":4,"deletions":2}}},{"hash":"a28ab5e156de2dafedc6bee8b8167d4d2f473921","isMergeCommit":false,"messageTitle":"Add changing currencies into UG","messageBody":"","fileTypesAndContributionMap":{"docs":{"insertions":18,"deletions":1}}}]},{"date":"2024-03-24","commitResults":[{"hash":"7fd5ce0a8642f4869259e9fc4ab41c09e6c47ffe","isMergeCommit":false,"messageTitle":"Update DG to include relevant user stories","messageBody":"","fileTypesAndContributionMap":{"docs":{"insertions":7,"deletions":4}}},{"hash":"1fd2082c8b35f904d5052555ecd5b9470a0e6ff7","isMergeCommit":false,"messageTitle":"Update implementation details regarding listing savings/expenses feature \u0026 currency converter feature Add sequence diagrams","messageBody":"","fileTypesAndContributionMap":{"docs":{"insertions":87,"deletions":1}}}]},{"date":"2024-03-26","commitResults":[{"hash":"6d227d3dfed240b2934c3416042400dd841b9ac6","isMergeCommit":true,"messageTitle":"Merge branch \u0027master\u0027 into branch-CurrencyConverter","messageBody":"","fileTypesAndContributionMap":{}},{"hash":"bfad71eaa709e11f8991d77eb412124292b60c49","isMergeCommit":false,"messageTitle":"Resolve merge conflicts","messageBody":"","fileTypesAndContributionMap":{"functional-code":{"insertions":1,"deletions":0}}},{"hash":"88534eac2b80868d458797bfabcd900816de2ac4","isMergeCommit":true,"messageTitle":"Merge pull request #62 from sweijie24/branch-CurrencyConverter","messageBody":"Implement Currency Converter","fileTypesAndContributionMap":{}}]}],"Dheekshitha2":[{"date":"2024-03-07","commitResults":[{"hash":"3841c5e122f5ccc2a52b11dc49f3bea620db7617","isMergeCommit":false,"messageTitle":"Updated README to use BudgetBuddy as project title","messageBody":"","fileTypesAndContributionMap":{"docs":{"insertions":2,"deletions":2}}},{"hash":"60bbc5c215889eccfbeaf386260135374d199068","isMergeCommit":true,"messageTitle":"Merge pull request #1 from Dheekshitha2/master","messageBody":"Updated README to use BudgetBuddy as project title","fileTypesAndContributionMap":{}},{"hash":"6f7e0ae88270fc247bfe5b89c80af2fa94ea9fbc","isMergeCommit":false,"messageTitle":"Updated to show my name","messageBody":"","fileTypesAndContributionMap":{"docs":{"insertions":3,"deletions":7}}},{"hash":"f53198972a7accc94db188e1144d3ebd2092883d","isMergeCommit":true,"messageTitle":"Merge branch \u0027master\u0027 into shree-aboutUs","messageBody":"","fileTypesAndContributionMap":{}},{"hash":"9c4e9940b737ceda2ac7e2a2cbb78a6e0b1a8b0a","isMergeCommit":true,"messageTitle":"Merge pull request #3 from Dheekshitha2/shree-aboutUs","messageBody":"Updated to show my name","fileTypesAndContributionMap":{}}]},{"date":"2024-03-12","commitResults":[{"hash":"7f55e1f1e7c270ccfbd40040627b49e8925f638c","isMergeCommit":false,"messageTitle":"added features delete expense and reduce savings","messageBody":"","fileTypesAndContributionMap":{"functional-code":{"insertions":89,"deletions":0}}},{"hash":"1afc2370d1ea25dbbc9b561df0484a5236a59de7","isMergeCommit":true,"messageTitle":"Merge pull request #25 from Dheekshitha2/shree-features","messageBody":"added features delete expense and reduce savings","fileTypesAndContributionMap":{}}]},{"date":"2024-03-14","commitResults":[{"hash":"e031508d9af398590ccd945202e9e4040debf40c","isMergeCommit":false,"messageTitle":"Add junit test for delete expense","messageBody":"","fileTypesAndContributionMap":{"test-code":{"insertions":8,"deletions":0}}},{"hash":"c8183c83eec0de92dc5a58c824931668b25946f8","isMergeCommit":true,"messageTitle":"Merge pull request #38 from Dheekshitha2/shree-junit-test","messageBody":"Add junit test for delete expense","fileTypesAndContributionMap":{}},{"hash":"2eabb79b32ab413a9d7ab4eb60510a22661fc99e","isMergeCommit":false,"messageTitle":"Add junit test for reduce savings","messageBody":"","fileTypesAndContributionMap":{"test-code":{"insertions":20,"deletions":0}}},{"hash":"b07a5e39e4c32e994900c8a888e45e06f4f4961c","isMergeCommit":false,"messageTitle":"Removed redundant package","messageBody":"","fileTypesAndContributionMap":{"test-code":{"insertions":0,"deletions":2}}},{"hash":"2d55a55013f4fb1ca31cf11e283db10f21a7e44f","isMergeCommit":true,"messageTitle":"Merge pull request #39 from Dheekshitha2/shree-junit-test","messageBody":"Add junit test for reduce savings","fileTypesAndContributionMap":{}}]},{"date":"2024-03-19","commitResults":[{"hash":"5c030b406c013200dea612ead3359d37153bdb74","isMergeCommit":false,"messageTitle":"Add error handling for delete expense and reduce savings and updated user guide","messageBody":"","fileTypesAndContributionMap":{"functional-code":{"insertions":45,"deletions":12},"docs":{"insertions":31,"deletions":0}}},{"hash":"f15251ce99bfc9f62cfc4320494eb0d5ecf793ef","isMergeCommit":false,"messageTitle":"Add print statements if command is executed successfully","messageBody":"","fileTypesAndContributionMap":{"functional-code":{"insertions":12,"deletions":9}}},{"hash":"b16b9a8c0b6a55ed1cd842c31f1c54bc8daee7fd","isMergeCommit":true,"messageTitle":"Merge pull request #47 from Dheekshitha2/shree-add-feat","messageBody":"Add error handling for delete expense and reduce savings and updated user guide","fileTypesAndContributionMap":{}}]},{"date":"2024-03-21","commitResults":[{"hash":"d3755d4bdc8adc7805593342a7ddf514b8192ba4","isMergeCommit":false,"messageTitle":"Add assertions for delete expenses and reduce savings","messageBody":"","fileTypesAndContributionMap":{"functional-code":{"insertions":6,"deletions":0}}},{"hash":"d33ef67f80a93f749afcf9f110f9c48fb04a703e","isMergeCommit":true,"messageTitle":"Merge pull request #57 from Dheekshitha2/shree-assertion","messageBody":"Add assertions for delete expenses and reduce savings","fileTypesAndContributionMap":{}},{"hash":"7797533da07990018ff49a75e52a0d7a79d330b0","isMergeCommit":false,"messageTitle":"Add logging","messageBody":"","fileTypesAndContributionMap":{"functional-code":{"insertions":18,"deletions":1}}},{"hash":"17a05e7f3be523c859e56b9af85210fcbc3e7151","isMergeCommit":true,"messageTitle":"Merge branch \u0027master\u0027 into shree-logging","messageBody":"","fileTypesAndContributionMap":{}},{"hash":"2ad7ae35cd9b39f7e7cb940e69a939396c790dff","isMergeCommit":true,"messageTitle":"Merge pull request #60 from Dheekshitha2/shree-logging","messageBody":"Add logging","fileTypesAndContributionMap":{}}]},{"date":"2024-03-24","commitResults":[{"hash":"1a37c403fe045b3a3d84633a99d0506b30c562fd","isMergeCommit":false,"messageTitle":"Set budget for different categories, view categories which has exceeded budget","messageBody":"","fileTypesAndContributionMap":{"functional-code":{"insertions":216,"deletions":12},"other":{"insertions":1,"deletions":1}}},{"hash":"6b19dacff226056e0c48d592f02fe78c19953d38","isMergeCommit":false,"messageTitle":"Fixed some checkstyle errors","messageBody":"","fileTypesAndContributionMap":{"functional-code":{"insertions":14,"deletions":2}}},{"hash":"e1d8d33579ac366764ae5dfb4a9e7040a2f38bb9","isMergeCommit":false,"messageTitle":"Removed redundant function","messageBody":"","fileTypesAndContributionMap":{"functional-code":{"insertions":0,"deletions":30}}},{"hash":"ecd9e887ebd41e4d9e4f1fee9043eaafb07d353c","isMergeCommit":false,"messageTitle":"Add Budget Management Feature into the DG","messageBody":"","fileTypesAndContributionMap":{"docs":{"insertions":69,"deletions":5}}}]},{"date":"2024-03-26","commitResults":[{"hash":"13ef23634ee57e8878256ace90efedb167f09c3d","isMergeCommit":true,"messageTitle":"Merge branch \u0027master\u0027 into shree-budgetSetting","messageBody":"","fileTypesAndContributionMap":{}},{"hash":"c2efa844a6ff04071e6489bedbb2d6c7e0697985","isMergeCommit":true,"messageTitle":"Merge pull request #66 from Dheekshitha2/shree-budgetSetting","messageBody":"Set budget for different categories and view categories which has exceeded budget","fileTypesAndContributionMap":{}},{"hash":"db2066a6d0364799fdbc3008e2c8e9c116e8de0f","isMergeCommit":true,"messageTitle":"Merge branch \u0027master\u0027 into shree-DG","messageBody":"","fileTypesAndContributionMap":{}}]},{"date":"2024-03-27","commitResults":[{"hash":"6bd37dbad7b53b1b05f04c836d6d7c7fd24f7292","isMergeCommit":true,"messageTitle":"Merge branch \u0027master\u0027 into shree-DG","messageBody":"","fileTypesAndContributionMap":{}},{"hash":"432f281b7dbaa8aeccfc2bcf18921f6ee9f78c0a","isMergeCommit":true,"messageTitle":"Merge pull request #69 from Dheekshitha2/shree-DG","messageBody":"Add Budget Management Feature into the DG","fileTypesAndContributionMap":{}}]}],"jasraa":[{"date":"2024-03-07","commitResults":[{"hash":"bbfe2cab2f6f6db2adce29b903bb61e1fa1d4f9b","isMergeCommit":false,"messageTitle":"changed the name in aboutUs","messageBody":"","fileTypesAndContributionMap":{"docs":{"insertions":3,"deletions":7}}},{"hash":"c93eba092c9c72af08d662e81370230fb5445d9a","isMergeCommit":true,"messageTitle":"Merge pull request #2 from jasraa/jasra-about-us","messageBody":"changed the name in aboutUs","fileTypesAndContributionMap":{}}]},{"date":"2024-03-12","commitResults":[{"hash":"fce75efe61b17e6e94cac3c2e53406130b9ffb93","isMergeCommit":false,"messageTitle":"Add Edit Expense and Edit Savings","messageBody":"","fileTypesAndContributionMap":{"functional-code":{"insertions":242,"deletions":0}}},{"hash":"870254ca3f44cdde8ba1aea84ce55c149dd71e61","isMergeCommit":true,"messageTitle":"Merge branch \u0027master\u0027 into jasra-edit-expenses","messageBody":"# Conflicts:\n#\tsrc/main/java/seedu/duke/Expense.java\n#\tsrc/main/java/seedu/duke/ExpenseList.java\n#\tsrc/main/java/seedu/duke/Saving.java\n#\tsrc/main/java/seedu/duke/SavingList.java\n#\tsrc/main/java/seedu/duke/Transaction.java\n","fileTypesAndContributionMap":{}},{"hash":"809cacacb143e7422058a6f8dc177cee3042c9e9","isMergeCommit":false,"messageTitle":"Edit the Saving and Ui file","messageBody":"","fileTypesAndContributionMap":{"functional-code":{"insertions":5,"deletions":2}}},{"hash":"557dbc39380cf31e6f59f56c3139cd64709e0f5e","isMergeCommit":false,"messageTitle":"Edit the Saving file","messageBody":"","fileTypesAndContributionMap":{"functional-code":{"insertions":1,"deletions":1}}},{"hash":"d04f025ca78977d187f1c771bb10143c2a62bd4e","isMergeCommit":true,"messageTitle":"Merge pull request #26 from jasraa/jasra-edit-expenses","messageBody":"Add Edit Expense and Edit Savings","fileTypesAndContributionMap":{}}]},{"date":"2024-03-14","commitResults":[{"hash":"fc52e1897476cfd7e5d3c31aac1cca0f28fc7a9b","isMergeCommit":false,"messageTitle":"Added JUnit test for edit savings and edit expenses function","messageBody":"","fileTypesAndContributionMap":{"functional-code":{"insertions":7,"deletions":0},"test-code":{"insertions":49,"deletions":0}}},{"hash":"4e42d37a63c26628d796dafa8a5c4503726be77d","isMergeCommit":false,"messageTitle":"Refactor JUnit test to solve check style error","messageBody":"","fileTypesAndContributionMap":{"test-code":{"insertions":1,"deletions":1}}},{"hash":"d417b5af7baf461026b018b764ece51c3f73ff37","isMergeCommit":true,"messageTitle":"Merge pull request #37 from jasraa/jasra-j-unit","messageBody":"JUnit test for edit expenses and edit savings","fileTypesAndContributionMap":{}}]},{"date":"2024-03-19","commitResults":[{"hash":"2f3ab877b88993dade0f59c53f507d6f4ca2e601","isMergeCommit":false,"messageTitle":"Add error handling for editSaving and editExpense","messageBody":"","fileTypesAndContributionMap":{"functional-code":{"insertions":41,"deletions":15}}},{"hash":"11aeeafadf17310ccf9fa109c9eaed40341e4c34","isMergeCommit":false,"messageTitle":"Add error handling for editSavings and editExpense","messageBody":"","fileTypesAndContributionMap":{"functional-code":{"insertions":3,"deletions":0}}},{"hash":"06a511a0338ba81ebdcd05df6b8dd962cc91abf5","isMergeCommit":true,"messageTitle":"Merge pull request #46 from jasraa/jasra_error_handling","messageBody":"Add error handling for editSaving and editExpense","fileTypesAndContributionMap":{}},{"hash":"0b9a063bd0d663abe4dc7a631382fded34733d44","isMergeCommit":false,"messageTitle":"Add editExpense and editSaving features in the UserGuide","messageBody":"","fileTypesAndContributionMap":{"docs":{"insertions":23,"deletions":27}}},{"hash":"175c81a4de73eeb546177fb11b095804a8d82473","isMergeCommit":true,"messageTitle":"Merge branch \u0027master\u0027 into jasra_UserGuide","messageBody":"# Conflicts:\n#\tdocs/UserGuide.md\n","fileTypesAndContributionMap":{}},{"hash":"b02b69ba9c7d814a05b840ffb423f44e1f6f2405","isMergeCommit":true,"messageTitle":"Merge pull request #48 from jasraa/jasra_UserGuide","messageBody":"Add editExpense and editSaving features in the UserGuide","fileTypesAndContributionMap":{}}]},{"date":"2024-03-21","commitResults":[{"hash":"032be19d357c020e532c9f2e50c46579c3077bba","isMergeCommit":false,"messageTitle":"Add assertions to editExpense function","messageBody":"","fileTypesAndContributionMap":{"functional-code":{"insertions":23,"deletions":0}}},{"hash":"2ac04c6474af27a5606af595c11480cb560f8953","isMergeCommit":false,"messageTitle":"fix checkstyle error","messageBody":"","fileTypesAndContributionMap":{"functional-code":{"insertions":3,"deletions":5}}},{"hash":"15084ecd29f49c52c402781b7ef8765e636027e1","isMergeCommit":false,"messageTitle":"fix checkstyle errors again","messageBody":"","fileTypesAndContributionMap":{"functional-code":{"insertions":5,"deletions":8}}},{"hash":"6d8ae98375e5f3ad9dbe8f1b8acf348562e6d2c0","isMergeCommit":true,"messageTitle":"Merge pull request #58 from jasraa/jasra-assertions","messageBody":"Add assertions to editExpense function","fileTypesAndContributionMap":{}},{"hash":"6fa7e78040a767677160dca014fe20cf5dfae06f","isMergeCommit":false,"messageTitle":"Add logging for editSavings and editExpense","messageBody":"","fileTypesAndContributionMap":{"functional-code":{"insertions":39,"deletions":18}}},{"hash":"beea2f7eb9f3832078d472498bedbe450f2ac294","isMergeCommit":true,"messageTitle":"Merge pull request #59 from jasraa/jasra-logging","messageBody":"Add logging for editSavings and editExpense","fileTypesAndContributionMap":{}}]},{"date":"2024-03-24","commitResults":[{"hash":"b9cfe49353ee40448a229279f805d814accae8b7","isMergeCommit":false,"messageTitle":"Add Storage class and the functionality to save and load both expenses and savings","messageBody":"","fileTypesAndContributionMap":{"functional-code":{"insertions":164,"deletions":5}}},{"hash":"e4f6a18e0c8afd8a36f4c5de3e55ed26d130e7af","isMergeCommit":true,"messageTitle":"Merge branch \u0027master\u0027 into jasra-storage","messageBody":"","fileTypesAndContributionMap":{}},{"hash":"c3f29df18ec27156450ea22666d393550e34c599","isMergeCommit":false,"messageTitle":"Made minor changes to editSavings method","messageBody":"","fileTypesAndContributionMap":{"functional-code":{"insertions":4,"deletions":6}}},{"hash":"784b9ab0815ab28a3d7fbdbefd9673a42967f43f","isMergeCommit":false,"messageTitle":"Fix checkstyle error","messageBody":"","fileTypesAndContributionMap":{"functional-code":{"insertions":9,"deletions":14}}},{"hash":"fc51c36b3b1b0ac414228422a7378b3de3f0ca1e","isMergeCommit":false,"messageTitle":"Fix assertion failed error","messageBody":"","fileTypesAndContributionMap":{"functional-code":{"insertions":77,"deletions":121}}},{"hash":"5effd46599c5178b6bcf86bb129d2fd3b4d1238d","isMergeCommit":false,"messageTitle":"Fix checkstyle indentation error","messageBody":"","fileTypesAndContributionMap":{"functional-code":{"insertions":2,"deletions":2}}},{"hash":"bec7c46bc726ee33539892db22ab804e7254843f","isMergeCommit":false,"messageTitle":"Fix identation error in Parser","messageBody":"","fileTypesAndContributionMap":{"functional-code":{"insertions":44,"deletions":45}}},{"hash":"ff2990502c7130bf9b9077462bb248489fbc1222","isMergeCommit":false,"messageTitle":"Fix minor indentation error in Parser.java","messageBody":"","fileTypesAndContributionMap":{"functional-code":{"insertions":1,"deletions":1}}}]},{"date":"2024-03-25","commitResults":[{"hash":"dac6dc390d346abe8b84d5d18d2b9eb97850d884","isMergeCommit":false,"messageTitle":"Add Edit Expense implementation into DG","messageBody":"","fileTypesAndContributionMap":{"docs":{"insertions":78,"deletions":36}}}]},{"date":"2024-03-26","commitResults":[{"hash":"00251588732f163ff99e8c4e8ffa140082cafa95","isMergeCommit":true,"messageTitle":"Merge pull request #65 from jasraa/jasra-storage","messageBody":"Add Storage class and the functionality to save and load both expense…","fileTypesAndContributionMap":{}},{"hash":"dcbab36cc8a03a870d07124ce8c7ec736cd50dc5","isMergeCommit":true,"messageTitle":"Merge pull request #78 from jasraa/jasra_DG","messageBody":"Add Edit Expense implementation into DG","fileTypesAndContributionMap":{}}]}],"yyangdaa":[{"date":"2024-03-07","commitResults":[{"hash":"48adfa92fea53910557e5b6054a092ecd73b116e","isMergeCommit":false,"messageTitle":"update about us","messageBody":"","fileTypesAndContributionMap":{"docs":{"insertions":1,"deletions":5}}},{"hash":"a05d5a04f08ade17f13304479fe78ffcceba46d6","isMergeCommit":true,"messageTitle":"Merge branch \u0027master\u0027 into yangda","messageBody":"","fileTypesAndContributionMap":{}},{"hash":"ae40078a887cc2b1eefc3f01bb0e84e2ce642b68","isMergeCommit":true,"messageTitle":"Merge pull request #4 from yyangdaa/yangda","messageBody":"update about us","fileTypesAndContributionMap":{}}]},{"date":"2024-03-10","commitResults":[{"hash":"0d2725aa0b63de92df5e49c1d88a2ff35638f795","isMergeCommit":false,"messageTitle":"add addExpense and addSaving features","messageBody":"","fileTypesAndContributionMap":{"functional-code":{"insertions":269,"deletions":21}}},{"hash":"e726c98b8592def5a3e3926c1559fe323446552e","isMergeCommit":false,"messageTitle":"update Parser","messageBody":"","fileTypesAndContributionMap":{"functional-code":{"insertions":16,"deletions":22}}},{"hash":"226f9e9d73eb12353354c1041e1692bf53250a8c","isMergeCommit":false,"messageTitle":"add ExpenseList array and SavingList array","messageBody":"","fileTypesAndContributionMap":{"functional-code":{"insertions":4,"deletions":2}}},{"hash":"720ee0db5377d3c90c0987e69ebe29bd01a35f38","isMergeCommit":false,"messageTitle":"fix style error","messageBody":"","fileTypesAndContributionMap":{"functional-code":{"insertions":5,"deletions":3}}},{"hash":"02791364cced2a570b2f622395e687b1f2809206","isMergeCommit":false,"messageTitle":"fix IO performance test","messageBody":"","fileTypesAndContributionMap":{"functional-code":{"insertions":6,"deletions":6},"other":{"insertions":8,"deletions":3}}},{"hash":"94b1c075142491dae47a6771ddd8e23847b0bb54","isMergeCommit":false,"messageTitle":"fix IO test","messageBody":"","fileTypesAndContributionMap":{"functional-code":{"insertions":8,"deletions":8}}},{"hash":"3419c343d7f00904b62d588ac4519128a5dd8361","isMergeCommit":false,"messageTitle":"fix parser","messageBody":"","fileTypesAndContributionMap":{"functional-code":{"insertions":22,"deletions":16}}},{"hash":"7c9c2adeef80edc8b9fc082b9ed32d5591414741","isMergeCommit":false,"messageTitle":"add command class","messageBody":"","fileTypesAndContributionMap":{"functional-code":{"insertions":52,"deletions":0}}},{"hash":"3112e2348f6bb58ba576f53197681bf5c241125d","isMergeCommit":false,"messageTitle":"update","messageBody":"","fileTypesAndContributionMap":{"functional-code":{"insertions":0,"deletions":52}}}]},{"date":"2024-03-12","commitResults":[{"hash":"bc614fef9c7db77ace3938967c5bca6df4c94437","isMergeCommit":false,"messageTitle":"Update file locations","messageBody":"","fileTypesAndContributionMap":{"functional-code":{"insertions":11,"deletions":11},"other":{"insertions":8,"deletions":8}}},{"hash":"04ccda1360c3c69caa573f4c46688a4fb3ebc1c6","isMergeCommit":true,"messageTitle":"Merge branch \u0027master\u0027 into yangda","messageBody":"","fileTypesAndContributionMap":{}},{"hash":"75e79e6afb934ba13f0a613874e46d5554c1631d","isMergeCommit":false,"messageTitle":"Merge master into branch-yangda","messageBody":"","fileTypesAndContributionMap":{"functional-code":{"insertions":5,"deletions":13}}},{"hash":"1fb068db397affee90b2a0440140d9fa83d5052f","isMergeCommit":true,"messageTitle":"Merge pull request #24 from yyangdaa/yangda","messageBody":"add addexpense \u0026 addsaving - yangda","fileTypesAndContributionMap":{}}]},{"date":"2024-03-14","commitResults":[{"hash":"02f6ac4b9fca2df13d66e08ca2d17d69f60bb012","isMergeCommit":false,"messageTitle":"Add junit test","messageBody":"","fileTypesAndContributionMap":{"test-code":{"insertions":14,"deletions":0}}},{"hash":"49dfdf4d212628b2493272dd9b0e9296675e80c2","isMergeCommit":false,"messageTitle":"Fix bug in ExpenseListTest","messageBody":"","fileTypesAndContributionMap":{"functional-code":{"insertions":15,"deletions":0},"test-code":{"insertions":8,"deletions":4}}},{"hash":"c182d12c737aad93f27b326c51ab8dce377e9b34","isMergeCommit":false,"messageTitle":"Resolve conflict","messageBody":"","fileTypesAndContributionMap":{"test-code":{"insertions":35,"deletions":0}}},{"hash":"4e02deb1991a9516f3ff71882fa9a3d3905ce6b9","isMergeCommit":true,"messageTitle":"Merge branch \u0027master\u0027 into test-yangda","messageBody":"","fileTypesAndContributionMap":{}},{"hash":"5acd0643d0ac1dcd0c9f01d5e89305cb921a8232","isMergeCommit":false,"messageTitle":"Remove unused import","messageBody":"","fileTypesAndContributionMap":{"functional-code":{"insertions":0,"deletions":1}}},{"hash":"1c2d6dd034ac6241b26a3462335206eb4e5f980d","isMergeCommit":true,"messageTitle":"Fix bug in ExpenseListTest","messageBody":"","fileTypesAndContributionMap":{}},{"hash":"84d8d3683cf9fb58644bd2fb6b7622838b73b42b","isMergeCommit":false,"messageTitle":"Fix bug in test file","messageBody":"","fileTypesAndContributionMap":{"test-code":{"insertions":0,"deletions":22}}},{"hash":"2cf567d27b548049b1deb5cae2b3a44e13e6eea2","isMergeCommit":false,"messageTitle":"remove calculateTotalExpenses_addingNegativeIntegers_exceptionThrown()","messageBody":"","fileTypesAndContributionMap":{"test-code":{"insertions":12,"deletions":4}}},{"hash":"d13efdec6dc45c50db84264cc0c1688421f5ed64","isMergeCommit":true,"messageTitle":"Merge branch \u0027master\u0027 into test-yangda","messageBody":"","fileTypesAndContributionMap":{}},{"hash":"b14c85e23d1f900479bd9f613d23bf652bc444df","isMergeCommit":true,"messageTitle":"Merge pull request #35 from yyangdaa/test-yangda","messageBody":"Add junit test","fileTypesAndContributionMap":{}},{"hash":"dd7a4969f198c25d5480457026c487f9fe1ce606","isMergeCommit":false,"messageTitle":"Add negative check for the amount added","messageBody":"","fileTypesAndContributionMap":{"test-code":{"insertions":11,"deletions":0}}},{"hash":"11c1d0855f248b61cd311aab3647687de6367ad1","isMergeCommit":true,"messageTitle":"Merge pull request #40 from yyangdaa/test-yangda","messageBody":"Add negative check for the amount added","fileTypesAndContributionMap":{}}]},{"date":"2024-03-18","commitResults":[{"hash":"9544876a335b7353b17b5ea8b975c0231a3dbcbc","isMergeCommit":false,"messageTitle":"Add error handling","messageBody":"","fileTypesAndContributionMap":{"functional-code":{"insertions":13,"deletions":9},"test-code":{"insertions":1,"deletions":1}}},{"hash":"d773b941ab3c04a7ff8893cb688ecf8bf7c99d99","isMergeCommit":true,"messageTitle":"Merge branch \u0027master\u0027 into yangda","messageBody":"","fileTypesAndContributionMap":{}}]},{"date":"2024-03-19","commitResults":[{"hash":"9df754284c09d74e73f9bd3da10f0d923254de2f","isMergeCommit":false,"messageTitle":"Add logger to addSavingCommand","messageBody":"","fileTypesAndContributionMap":{"functional-code":{"insertions":15,"deletions":2}}},{"hash":"fb89693c51068efc3a3172cf8d4d012b51f39512","isMergeCommit":true,"messageTitle":"Merge branch \u0027yangda\u0027 of github.com:yyangdaa/tp into yangda","messageBody":"","fileTypesAndContributionMap":{}},{"hash":"366bdf486a20c4486bf50d33bc3671c250c0ba73","isMergeCommit":false,"messageTitle":"Fix bug in ExpenseListTest","messageBody":"","fileTypesAndContributionMap":{"test-code":{"insertions":1,"deletions":0}}},{"hash":"f17f2bcb65bb0969ece1f6a4491cb083798d7707","isMergeCommit":false,"messageTitle":"Add error handling for addexpense and addsavings","messageBody":"","fileTypesAndContributionMap":{"functional-code":{"insertions":150,"deletions":72},"test-code":{"insertions":12,"deletions":7}}},{"hash":"adfd5c74662917d2df04fac2855970983a105d60","isMergeCommit":true,"messageTitle":"Solve conflicts","messageBody":"","fileTypesAndContributionMap":{}},{"hash":"1cf1219d076c5f4d568dd5e275b5ea2f2ccc1d96","isMergeCommit":true,"messageTitle":"Merge pull request #45 from yyangdaa/yangda","messageBody":"Add error handling","fileTypesAndContributionMap":{}}]},{"date":"2024-03-21","commitResults":[{"hash":"6da53ea518a27803d3cccdb00977bd1337a136e8","isMergeCommit":false,"messageTitle":"Add assertions","messageBody":"","fileTypesAndContributionMap":{"functional-code":{"insertions":4,"deletions":0}}},{"hash":"52065a47faca19d55af20beec7bd0972dbd2e7a8","isMergeCommit":true,"messageTitle":"Merge pull request #56 from yyangdaa/yangda","messageBody":"Add assertions","fileTypesAndContributionMap":{}}]},{"date":"2024-03-24","commitResults":[{"hash":"cdd547d308126c6e722957462709efeb436d3b4c","isMergeCommit":false,"messageTitle":"Fix minor bug in expense list","messageBody":"","fileTypesAndContributionMap":{"functional-code":{"insertions":33,"deletions":3}}},{"hash":"2d5d5c67685d7eb432f32798ea81e63da9afab2b","isMergeCommit":false,"messageTitle":"Add new splitter feature at the menu page and handlesplitexpense command","messageBody":"","fileTypesAndContributionMap":{"functional-code":{"insertions":113,"deletions":4},"test-code":{"insertions":4,"deletions":4}}}]},{"date":"2024-03-25","commitResults":[{"hash":"8a4e868209fe88effed8db2c4bb9238955cf8f4b","isMergeCommit":false,"messageTitle":"Fix bug in splitter","messageBody":"","fileTypesAndContributionMap":{"functional-code":{"insertions":141,"deletions":53}}},{"hash":"89956fdea06ad769fc98f912b9a33366f3410cc3","isMergeCommit":false,"messageTitle":"Complete splitter implementation","messageBody":"","fileTypesAndContributionMap":{"functional-code":{"insertions":63,"deletions":28},"test-code":{"insertions":33,"deletions":14}}},{"hash":"c78ffff7896bf89780ea141e9964272dc5c981b2","isMergeCommit":false,"messageTitle":"Update UserGuide","messageBody":"","fileTypesAndContributionMap":{"functional-code":{"insertions":1,"deletions":1},"docs":{"insertions":10,"deletions":0}}},{"hash":"1e2c22c489e6b6e2fd72c29ec495d03e40ea1a32","isMergeCommit":false,"messageTitle":"Add addExpense DG","messageBody":"","fileTypesAndContributionMap":{"docs":{"insertions":26,"deletions":0}}}]},{"date":"2024-03-26","commitResults":[{"hash":"d825807929c9c1e69a4d12a29e703860a86e429d","isMergeCommit":false,"messageTitle":"Update DG","messageBody":"","fileTypesAndContributionMap":{"docs":{"insertions":28,"deletions":0}}},{"hash":"90aa83e8b6e1be0a73b602b69d529a3474d95ec7","isMergeCommit":false,"messageTitle":"Update DG","messageBody":"","fileTypesAndContributionMap":{"docs":{"insertions":8,"deletions":9}}},{"hash":"830627a039b38e51773971b17ee5202709ee7fa4","isMergeCommit":false,"messageTitle":"Update DG","messageBody":"","fileTypesAndContributionMap":{"docs":{"insertions":1,"deletions":1}}},{"hash":"b2e7167fba02bd558c66215ec338219fbf969f46","isMergeCommit":false,"messageTitle":"Update DG","messageBody":"","fileTypesAndContributionMap":{"docs":{"insertions":4,"deletions":4}}},{"hash":"bfecc2cab8592577a4c0b257844843218b68318d","isMergeCommit":false,"messageTitle":"Add status to check if the expense has been settled","messageBody":"","fileTypesAndContributionMap":{"functional-code":{"insertions":4,"deletions":0}}},{"hash":"29d641ede374f653f73e3c20b5a0c33efadbd5ab","isMergeCommit":true,"messageTitle":"Merge branch \u0027master\u0027 into yangda","messageBody":"","fileTypesAndContributionMap":{}},{"hash":"1dfcfcbaefdf54e97c27f60e641d4739d9be0208","isMergeCommit":false,"messageTitle":"Remove redundant import","messageBody":"","fileTypesAndContributionMap":{"functional-code":{"insertions":0,"deletions":1}}},{"hash":"7188669fd3bdbd3df3e546cb4fa9f4d88efc1e9c","isMergeCommit":true,"messageTitle":"Merge pull request #70 from yyangdaa/yangda","messageBody":"Implement Splitter","fileTypesAndContributionMap":{}}]},{"date":"2024-03-27","commitResults":[{"hash":"344c76fd46f4df6511a9f514456fb18b6c272846","isMergeCommit":true,"messageTitle":"Merge branch \u0027master\u0027 into yangda-DG","messageBody":"","fileTypesAndContributionMap":{}},{"hash":"6057fdb59a694d1fb1e5744b215b07baa444af82","isMergeCommit":true,"messageTitle":"Merge pull request #79 from yyangdaa/yangda-DG","messageBody":"Add AddExpense into DG","fileTypesAndContributionMap":{}}]}],"itsmejr257":[{"date":"2024-03-07","commitResults":[{"hash":"c460aa9e1aa1710130b09b6c2e6db066a331a4ac","isMergeCommit":false,"messageTitle":"Add name Chan Jun Rong to AboutUs","messageBody":"","fileTypesAndContributionMap":{"docs":{"insertions":6,"deletions":5}}},{"hash":"78b6780292946f05749168ae379ee5533a5656a0","isMergeCommit":true,"messageTitle":"Merge pull request #6 from itsmejr257/branch-aboutus","messageBody":"Add name Chan Jun Rong to AboutUs","fileTypesAndContributionMap":{}}]},{"date":"2024-03-09","commitResults":[{"hash":"e137c67c9aab79f8aada0c019f79b38c62770fef","isMergeCommit":false,"messageTitle":"Update class name to BudgetBuddy","messageBody":"","fileTypesAndContributionMap":{"other":{"insertions":1,"deletions":1}}},{"hash":"72433cf3ad6a51e37e8026929d916af2b41fe02f","isMergeCommit":false,"messageTitle":"Add functions for Welcome and Goodbye messages","messageBody":"","fileTypesAndContributionMap":{"functional-code":{"insertions":23,"deletions":0}}},{"hash":"cd070bbf802da9890e355952a4f7e84f9299d07e","isMergeCommit":false,"messageTitle":"Refactor BudgetBuddy to print Welcome and Goodbye Messages","messageBody":"","fileTypesAndContributionMap":{"functional-code":{"insertions":16,"deletions":13}}},{"hash":"11de772bb80b95ac326a27ea153a29b0252e5ad3","isMergeCommit":false,"messageTitle":"Add Parser Class to identify exit command","messageBody":"","fileTypesAndContributionMap":{"functional-code":{"insertions":8,"deletions":0}}},{"hash":"b051b5205623baa35ea359b5090e48eff1b21053","isMergeCommit":false,"messageTitle":"Refactor BudgetBuddy to use Parser","messageBody":"","fileTypesAndContributionMap":{"functional-code":{"insertions":11,"deletions":0}}},{"hash":"ccc32c1d1a6d6f10d8e00423f80616a082d62b15","isMergeCommit":false,"messageTitle":"Add divider to goodbye message","messageBody":"","fileTypesAndContributionMap":{"functional-code":{"insertions":1,"deletions":0}}},{"hash":"e6cebec7005548cdcfc7c33b35fdcbca5301d5a4","isMergeCommit":false,"messageTitle":"Add parseCommand function for menu command","messageBody":"","fileTypesAndContributionMap":{"functional-code":{"insertions":12,"deletions":0}}},{"hash":"83a613f3f6b64f0061c64ab4dd026197b91fbb20","isMergeCommit":false,"messageTitle":"Add showMenuItem function to display commands","messageBody":"","fileTypesAndContributionMap":{"functional-code":{"insertions":40,"deletions":2}}},{"hash":"4b57a0c4e04cfca0b40f7b2e0592289fdce6f567","isMergeCommit":false,"messageTitle":"Add Command Class","messageBody":"","fileTypesAndContributionMap":{"functional-code":{"insertions":7,"deletions":0}}},{"hash":"330ebd78513edc3f7dcc003300fe966709393d56","isMergeCommit":false,"messageTitle":"Add MenuCommand Subclass","messageBody":"","fileTypesAndContributionMap":{"functional-code":{"insertions":19,"deletions":0}}},{"hash":"fdb64c4958ff051fc5561e7b485ba94c45557b5b","isMergeCommit":false,"messageTitle":"Refactor Parser to use Command and MenuCommand classes","messageBody":"","fileTypesAndContributionMap":{"functional-code":{"insertions":21,"deletions":9}}},{"hash":"4da6d897c5493a92dcc981eb17bb052b0cffd438","isMergeCommit":false,"messageTitle":"Add handleCommands function to BudgetBuddy","messageBody":"","fileTypesAndContributionMap":{"functional-code":{"insertions":13,"deletions":1}}},{"hash":"061e65053cfb0b36ba19adb5784259fb84f36c1a","isMergeCommit":false,"messageTitle":"Update project name to BudgetBuddy","messageBody":"","fileTypesAndContributionMap":{"other":{"insertions":11,"deletions":10}}},{"hash":"701bf6d8698460d0bd14701b7eb694106f65cb9e","isMergeCommit":false,"messageTitle":"Update gradle to use BudgetBuddy","messageBody":"","fileTypesAndContributionMap":{"other":{"insertions":2,"deletions":2}}},{"hash":"2e9ec6e838a75a495d82fff4ba11eb89fad6c2b3","isMergeCommit":false,"messageTitle":"Add JUnit test for Parser","messageBody":"","fileTypesAndContributionMap":{"functional-code":{"insertions":4,"deletions":0},"test-code":{"insertions":34,"deletions":0}}}]},{"date":"2024-03-10","commitResults":[{"hash":"b87a87e316ca9ffadd3e36c472bfd73be003b229","isMergeCommit":false,"messageTitle":"Add JUnit test for invalid menu command","messageBody":"","fileTypesAndContributionMap":{"test-code":{"insertions":10,"deletions":2}}},{"hash":"0e4974a7e990f0df592624e59458e567e6b5f9d5","isMergeCommit":false,"messageTitle":"Add JavaDoc comments","messageBody":"","fileTypesAndContributionMap":{"functional-code":{"insertions":29,"deletions":1}}}]},{"date":"2024-03-11","commitResults":[{"hash":"bb94a7732fbd93f54f538feb199e4be76a54ff63","isMergeCommit":false,"messageTitle":"Refactor JavaDoc comments to adhere to line character limit","messageBody":"","fileTypesAndContributionMap":{"functional-code":{"insertions":2,"deletions":2}}}]},{"date":"2024-03-12","commitResults":[{"hash":"d724f28a055bebeb74e1db9c11ef2af94ba2624c","isMergeCommit":false,"messageTitle":"Update budgetbuddy package to follow naming conventions","messageBody":"","fileTypesAndContributionMap":{"other":{"insertions":1,"deletions":1}}},{"hash":"2216075fb856bee28c5981b271b63023ae15ba29","isMergeCommit":true,"messageTitle":"Merge pull request #29 from itsmejr257/junRong-Rename-Packages","messageBody":"Update budgetbuddy package to follow naming conventions.","fileTypesAndContributionMap":{}},{"hash":"7b9d605766199fdda4bf7e6ec5b9401ee8253963","isMergeCommit":false,"messageTitle":"Integrate functions to work together","messageBody":"This commit merges the Add, Edit and Delete function, ensuring they\nwork together in a singular build.\n","fileTypesAndContributionMap":{"functional-code":{"insertions":473,"deletions":381},"other":{"insertions":2,"deletions":2}}},{"hash":"7a47eb06502087adb6ee662f3a00a2d5b93c693a","isMergeCommit":false,"messageTitle":"Edit Parser, Ui and EditExpenseCommand to rectify check style errors","messageBody":"","fileTypesAndContributionMap":{"functional-code":{"insertions":8,"deletions":6}}},{"hash":"7c8ca06223fea3418a0b0068a2b42ad87b092987","isMergeCommit":false,"messageTitle":"Remove test code from ExpenseList, Parser and SavingList","messageBody":"","fileTypesAndContributionMap":{"functional-code":{"insertions":0,"deletions":18}}},{"hash":"e05d8091e86c413f531fe8358028dd926260f087","isMergeCommit":false,"messageTitle":"Remove test code from BudgetBuddy","messageBody":"","fileTypesAndContributionMap":{"functional-code":{"insertions":0,"deletions":2}}},{"hash":"73491db8c8165d4fd74ea61f57f2ce478c151379","isMergeCommit":false,"messageTitle":"Refactor Parser to standardize command formats","messageBody":"","fileTypesAndContributionMap":{"functional-code":{"insertions":6,"deletions":6}}},{"hash":"b2b96fa26dec5aafde800565e4cb9149f1344ffc","isMergeCommit":true,"messageTitle":"Merge pull request #34 from itsmejr257/junRong-Core-Integration","messageBody":"Integrate functions to work together","fileTypesAndContributionMap":{}},{"hash":"91b3c32052b3a05e36bfd9f82e415aa93bd1d049","isMergeCommit":true,"messageTitle":"Merge branch \u0027master\u0027 of https://github.com/AY2324S2-CS2113-T12-3/tp","messageBody":"","fileTypesAndContributionMap":{}}]},{"date":"2024-03-13","commitResults":[{"hash":"1d3e80998ae8bd729bd86614b4869d146c4a8611","isMergeCommit":true,"messageTitle":"Merge branch \u0027master\u0027 into junRong-Menu","messageBody":"# Conflicts:\n#\tsrc/main/java/seedu/budgetbuddy/BudgetBuddy.java\n#\tsrc/main/java/seedu/budgetbuddy/Parser.java\n#\tsrc/main/java/seedu/budgetbuddy/Ui.java\n#\tsrc/test/java/seedu/budgetbuddy/DukeTest.java\n#\tsrc/test/java/seedu/budgetbuddy/budgetBuddyTest.java\n#\tsrc/test/java/seedu/duke/DukeTest.java\n#\ttext-ui-test/input.txt\n","fileTypesAndContributionMap":{}},{"hash":"9d13ed36f76446c7ddc64e7c6c63ac1c1a4e678c","isMergeCommit":true,"messageTitle":"Merge pull request #8 from itsmejr257/junRong-Menu","messageBody":"Add Menu function","fileTypesAndContributionMap":{}}]},{"date":"2024-03-16","commitResults":[{"hash":"5e8dd3eb6bcaa2cc2c35192056eda5129d03d944","isMergeCommit":false,"messageTitle":"Add Find Feature","messageBody":"Add feature to find expenses according to the user provided parameters\n","fileTypesAndContributionMap":{"functional-code":{"insertions":141,"deletions":1},"test-code":{"insertions":23,"deletions":0}}},{"hash":"7b4f4895aec59a33e721ad282e358e5223a077d8","isMergeCommit":false,"messageTitle":"Add assertions, exceptions and logging to MenuCommand and Parser","messageBody":"","fileTypesAndContributionMap":{"functional-code":{"insertions":29,"deletions":0},"other":{"insertions":1,"deletions":0}}}]},{"date":"2024-03-17","commitResults":[{"hash":"35201c6f384517dd21120df053f9749413503199","isMergeCommit":false,"messageTitle":"Add assertions to Ui and MenuCommand","messageBody":"","fileTypesAndContributionMap":{"functional-code":{"insertions":8,"deletions":0}}},{"hash":"6d1aa1a198bf0e01085a36b12d92bb3673009ed2","isMergeCommit":false,"messageTitle":"Add Find feature to Ui menu","messageBody":"","fileTypesAndContributionMap":{"functional-code":{"insertions":7,"deletions":0}}},{"hash":"482892e89bfd569b3e3cce7ae519d386a90e4690","isMergeCommit":false,"messageTitle":"Add assertions to Find feature methods","messageBody":"","fileTypesAndContributionMap":{"functional-code":{"insertions":16,"deletions":3}}},{"hash":"83619c69efc43041e37d69e05e1011053c01c499","isMergeCommit":false,"messageTitle":"Update input in ParserTest to match proper command","messageBody":"","fileTypesAndContributionMap":{"test-code":{"insertions":4,"deletions":5}}}]},{"date":"2024-03-18","commitResults":[{"hash":"2066bfd8ca70befae421e5ffed0180e2c5cf30d7","isMergeCommit":false,"messageTitle":"Add Find feature to UserGuide","messageBody":"","fileTypesAndContributionMap":{"docs":{"insertions":16,"deletions":0}}}]},{"date":"2024-03-19","commitResults":[{"hash":"f975bb76395df14fd5d8c9ee1c13266256d5de15","isMergeCommit":true,"messageTitle":"Merge branch \u0027master\u0027 into junRong-Find-Feature","messageBody":"# Conflicts:\n#\tdocs/UserGuide.md\n#\tsrc/main/java/seedu/budgetbuddy/ExpenseList.java\n#\tsrc/main/java/seedu/budgetbuddy/Parser.java\n","fileTypesAndContributionMap":{}},{"hash":"329167461188cd92bcb475c41a857c604211ed29","isMergeCommit":true,"messageTitle":"Merge branch \u0027master\u0027 into junRong-Find-Feature","messageBody":"# Conflicts:\n#\tsrc/main/java/seedu/budgetbuddy/Parser.java\n","fileTypesAndContributionMap":{}},{"hash":"d4f2bd45741c542b0e42a5483179568d9ffd904a","isMergeCommit":false,"messageTitle":"Add newline to end of FindExpensesCommand file","messageBody":"","fileTypesAndContributionMap":{"functional-code":{"insertions":1,"deletions":2}}},{"hash":"41383b2d215e721b7fab01e263b5869252de3df9","isMergeCommit":true,"messageTitle":"Merge pull request #41 from itsmejr257/junRong-Find-Feature","messageBody":"Add Find Feature","fileTypesAndContributionMap":{}},{"hash":"d27d6e33ab6fb3c84df24518f287967c46cac30e","isMergeCommit":true,"messageTitle":"Merge branch \u0027master\u0027 into junRong-Error-Handling","messageBody":"# Conflicts:\n#\tsrc/main/java/seedu/budgetbuddy/Parser.java\n","fileTypesAndContributionMap":{}},{"hash":"5eb97c919a05c034cc65e461d75aececbd0e531e","isMergeCommit":false,"messageTitle":"Remove duplicate imports","messageBody":"","fileTypesAndContributionMap":{"functional-code":{"insertions":0,"deletions":3}}},{"hash":"bcb9c592dcd68a6c8fdf0a5f14c2d0c0646bd80c","isMergeCommit":true,"messageTitle":"Merge pull request #42 from itsmejr257/junRong-Error-Handling","messageBody":"Add assertions, exceptions and logging to MenuCommand and Parser","fileTypesAndContributionMap":{}},{"hash":"7ed269791ca05db3c008aa7beeba659b69022c39","isMergeCommit":false,"messageTitle":"Add Menu command and Add command to UserGuide","messageBody":"","fileTypesAndContributionMap":{"docs":{"insertions":65,"deletions":12}}},{"hash":"142d0d85fdcd64c12b260e9435005829c8adfa96","isMergeCommit":true,"messageTitle":"Merge pull request #54 from itsmejr257/junRong-UserGuide","messageBody":"Add Menu command and Add command to UserGuide","fileTypesAndContributionMap":{}}]},{"date":"2024-03-20","commitResults":[{"hash":"9aebefddb8318468bfcb55c662bd5bcdbbc33f82","isMergeCommit":false,"messageTitle":"Add assertions and logging to Find Feature","messageBody":"","fileTypesAndContributionMap":{"functional-code":{"insertions":29,"deletions":5}}},{"hash":"ba9d187ef2f54a3ad44369439089ca5b8f2e5611","isMergeCommit":true,"messageTitle":"Merge pull request #55 from itsmejr257/junRong-Find-ErrorHandling","messageBody":"Add assertions and logging to Find Feature","tags":["BudgetBuddy-MVP"],"fileTypesAndContributionMap":{}}]},{"date":"2024-03-22","commitResults":[{"hash":"4d244cd53d4596c881def3126779aae3c6009056","isMergeCommit":false,"messageTitle":"Add RecurringExpenseList","messageBody":"Add RecurringExpenseList class to contain expenses related to\nrecurring expenses feature\n","fileTypesAndContributionMap":{"functional-code":{"insertions":12,"deletions":0}}},{"hash":"cf5997693a5fd8b9412b5b4f9f26ea5c2fe98818","isMergeCommit":false,"messageTitle":"Add RecurringExpensesList Class","messageBody":"Add RecurringExpensesList Class to contain all lists of recurring\nexpenses\n","fileTypesAndContributionMap":{"functional-code":{"insertions":19,"deletions":0}}},{"hash":"3392a437dad5d4009f9ee47d8b0668f504130183","isMergeCommit":false,"messageTitle":"Add RecurringExpenseCommand Class","messageBody":"Add a class to handle commands related to recurring expense feature\n","fileTypesAndContributionMap":{"functional-code":{"insertions":47,"deletions":0}}},{"hash":"7855b6e57bcb741c7bcd691490976670685471c6","isMergeCommit":false,"messageTitle":"Refactor ExpenseList to use a constant for categories","messageBody":"","fileTypesAndContributionMap":{"functional-code":{"insertions":11,"deletions":5}}},{"hash":"a0a9e760ca1d93eee535d846c487c6560d9591de","isMergeCommit":false,"messageTitle":"Refactor BudgetBuddy to use RecurringExpensesList","messageBody":"","fileTypesAndContributionMap":{"functional-code":{"insertions":6,"deletions":2}}},{"hash":"8ea4098141cb09283b24c935db6c1c4d62f73c73","isMergeCommit":false,"messageTitle":"Add parsing of Rec command to Parser","messageBody":"","fileTypesAndContributionMap":{"functional-code":{"insertions":39,"deletions":1}}},{"hash":"fb1c94ed944ae4df606f490cda23614aa2945139","isMergeCommit":false,"messageTitle":"Refactor ParserTest to include RecurringExpensesList","messageBody":"","fileTypesAndContributionMap":{"test-code":{"insertions":8,"deletions":4}}},{"hash":"f08d603f49692ec30dbb55f10e83223ee0879212","isMergeCommit":false,"messageTitle":"Add feature to view all lists in Recurring Expenses Feature","messageBody":"","fileTypesAndContributionMap":{"functional-code":{"insertions":48,"deletions":16}}},{"hash":"548749deca4b5f2d705732a7ee6da483ace16f28","isMergeCommit":false,"messageTitle":"Add remove feature to RecurringExpensesList","messageBody":"","fileTypesAndContributionMap":{"functional-code":{"insertions":47,"deletions":2}}},{"hash":"a07512e0658a373d6d6386b80329bc69aebe2465","isMergeCommit":false,"messageTitle":"Refactor Parser to handle remove feature for recurring expenses","messageBody":"","fileTypesAndContributionMap":{"functional-code":{"insertions":20,"deletions":6}}},{"hash":"6f4abf14a6c09c7ea8ddb4491f262af43ec644c1","isMergeCommit":false,"messageTitle":"Refactor ExpenseList to use Double instead of Int","messageBody":"Refactor ExpenseList to correctly parse amount value as a Double\ninstead of an Integer.\n","fileTypesAndContributionMap":{"functional-code":{"insertions":4,"deletions":4}}},{"hash":"e076959643389fd64139258b452a3e416f2756c0","isMergeCommit":false,"messageTitle":"Add feature to add expenses to a specific list in recurring expenses","messageBody":"","fileTypesAndContributionMap":{"functional-code":{"insertions":95,"deletions":6}}},{"hash":"0747f6186d9f054a97b0dd9489f8fe763923d56b","isMergeCommit":false,"messageTitle":"Refactor getExpenses() function to return an ArrayList","messageBody":"","fileTypesAndContributionMap":{"functional-code":{"insertions":1,"deletions":1}}},{"hash":"659b4b779af3a9241150cb405957e1c9059232c5","isMergeCommit":false,"messageTitle":"Add view expenses and add recurring expenses feature","messageBody":"","fileTypesAndContributionMap":{"functional-code":{"insertions":96,"deletions":3}}},{"hash":"4031bcd71362ecef86bb716a11ddd251a6d1f945","isMergeCommit":false,"messageTitle":"Refactor code to comply with check-style","messageBody":"","fileTypesAndContributionMap":{"functional-code":{"insertions":59,"deletions":48}}},{"hash":"4aef6e6475837f414aecf76d524cb7ad12126895","isMergeCommit":false,"messageTitle":"Add JUnit tests for RecurringExpenseList","messageBody":"","fileTypesAndContributionMap":{"test-code":{"insertions":19,"deletions":0}}},{"hash":"3cb63406272d7082c529b4c54e9d9767bb602eb4","isMergeCommit":false,"messageTitle":"Add JUnit tests for RecurringExpensesList","messageBody":"","fileTypesAndContributionMap":{"test-code":{"insertions":52,"deletions":0}}},{"hash":"ea402dbe010a0f2f481cf427d6f21410407a990e","isMergeCommit":false,"messageTitle":"Add JUnit tests for handleRecCommand method in Parser","messageBody":"","fileTypesAndContributionMap":{"test-code":{"insertions":146,"deletions":1}}},{"hash":"07e3bbff52921e83dd7770546cc1d188ab830051","isMergeCommit":false,"messageTitle":"Add introduction and quick start to UserGuide","messageBody":"","fileTypesAndContributionMap":{"docs":{"insertions":13,"deletions":0}}},{"hash":"b9d6f4420d7f3d81aafac948b59aaf9afde27dfe","isMergeCommit":true,"messageTitle":"Merge pull request #61 from itsmejr257/junRong-UG","messageBody":"Add introduction and quick start to UserGuide","fileTypesAndContributionMap":{}}]},{"date":"2024-03-23","commitResults":[{"hash":"f345b54c7098397cf957bd9231fa6fad8ee08d34","isMergeCommit":false,"messageTitle":"Add CommandPrefix enum class","messageBody":"","fileTypesAndContributionMap":{"functional-code":{"insertions":18,"deletions":0}}},{"hash":"d15646d558df7faf7a317abe030ed7181acbdced","isMergeCommit":false,"messageTitle":"Refactor Parser to use CommandPrefix","messageBody":"","fileTypesAndContributionMap":{"functional-code":{"insertions":15,"deletions":39}}}]},{"date":"2024-03-24","commitResults":[{"hash":"ac4d3999c0172043dbeb1597e02370928846d221","isMergeCommit":false,"messageTitle":"Add implementation details of find feature to DG","messageBody":"","fileTypesAndContributionMap":{"functional-code":{"insertions":2,"deletions":2},"docs":{"insertions":46,"deletions":1}}},{"hash":"c2d1c6b23f6d61b1058d3dbc88519c70046fa227","isMergeCommit":false,"messageTitle":"Add Menu Feature into DG","messageBody":"","fileTypesAndContributionMap":{"docs":{"insertions":48,"deletions":1}}}]},{"date":"2024-03-25","commitResults":[{"hash":"aa747cb5fd1c8cbce690420a9360d750fd738b9b","isMergeCommit":false,"messageTitle":"Add sequence diagram for Parser for find feature","messageBody":"","fileTypesAndContributionMap":{"docs":{"insertions":25,"deletions":0}}},{"hash":"b808e093885f43d469de1768a72fb880b8484e14","isMergeCommit":false,"messageTitle":"Add details from shared document into DG","messageBody":"","fileTypesAndContributionMap":{"docs":{"insertions":74,"deletions":12}}}]},{"date":"2024-03-26","commitResults":[{"hash":"c4ddfb762c3178a800bdda79719055fafdc1afe8","isMergeCommit":true,"messageTitle":"Merge branch \u0027master\u0027 into junRong-RecurringBill","messageBody":"# Conflicts:\n#\tsrc/main/java/seedu/budgetbuddy/BudgetBuddy.java\n#\tsrc/main/java/seedu/budgetbuddy/ExpenseList.java\n#\tsrc/main/java/seedu/budgetbuddy/Parser.java\n#\tsrc/main/java/seedu/budgetbuddy/Ui.java\n#\tsrc/test/java/seedu/budgetbuddy/ParserTest.java\n#\ttext-ui-test/EXPECTED.TXT\n","fileTypesAndContributionMap":{}},{"hash":"9c2c5389fe15136c3f23ed4e445aee395ec1446d","isMergeCommit":true,"messageTitle":"Merge pull request #68 from itsmejr257/junRong-RecurringBill","messageBody":"Add Recurring Bill Feature","fileTypesAndContributionMap":{}}]},{"date":"2024-03-27","commitResults":[{"hash":"b097e07f3f73656521bd68f5887ca05470334dfc","isMergeCommit":false,"messageTitle":"Update DG for Find Command to include FindCommandCreator","messageBody":"","fileTypesAndContributionMap":{"docs":{"insertions":28,"deletions":15}}},{"hash":"6bf47a71d9a35f1116d5f40a2f4e04358ed8df48","isMergeCommit":false,"messageTitle":"Update DG to include MenuCommandCreator for MenuFeature","messageBody":"","fileTypesAndContributionMap":{"docs":{"insertions":21,"deletions":17}}},{"hash":"5929c54a53e5c9cfe077e9b287183072121346b8","isMergeCommit":true,"messageTitle":"Merge branch \u0027master\u0027 into junRong-menuFeature-DG","messageBody":"","fileTypesAndContributionMap":{}},{"hash":"582b3daa472353d3cf42f9242c60961942f0f791","isMergeCommit":true,"messageTitle":"Merge pull request #67 from itsmejr257/junRong-menuFeature-DG","messageBody":"Add Menu Feature into DG","fileTypesAndContributionMap":{}},{"hash":"8bdd30fc5e080f7854043fd0820d9e99b00aba53","isMergeCommit":true,"messageTitle":"Merge branch \u0027master\u0027 into junRong-FindFeature-DG","messageBody":"","fileTypesAndContributionMap":{}},{"hash":"63728c761661c859d2aad70a5a5f12d69ffbf7aa","isMergeCommit":true,"messageTitle":"Merge pull request #76 from itsmejr257/junRong-FindFeature-DG","messageBody":"Add Find Feature implementation into DG","fileTypesAndContributionMap":{}},{"hash":"0949fe55b186bba6828642fcce48500c21d11adc","isMergeCommit":false,"messageTitle":"Update DG to include details for classes","messageBody":"","fileTypesAndContributionMap":{"docs":{"insertions":45,"deletions":12}}},{"hash":"dd3f2f4f559b12759e157fb782b2fc051b84d4a9","isMergeCommit":true,"messageTitle":"Merge branch \u0027master\u0027 into junRong-DG-Introduction","messageBody":"# Conflicts:\n#\tdocs/DeveloperGuide.md\n","fileTypesAndContributionMap":{}},{"hash":"c5841e14442c51d4aa5289e5d90aaaea014c2970","isMergeCommit":true,"messageTitle":"Merge pull request #77 from itsmejr257/junRong-DG-Introduction","messageBody":"Add details from shared document into DG","fileTypesAndContributionMap":{}}]}]},"authorFileTypeContributionMap":{"sweijie24":{"docs":151,"functional-code":603,"test-code":273,"other":1},"Dheekshitha2":{"docs":83,"functional-code":226,"test-code":24,"other":1},"jasraa":{"docs":88,"functional-code":169,"test-code":14},"yyangdaa":{"docs":61,"functional-code":530,"test-code":109},"itsmejr257":{"docs":319,"functional-code":1142,"test-code":300,"other":2}},"authorContributionVariance":{"sweijie24":14347.336,"Dheekshitha2":3906.6543,"jasraa":9072.897,"yyangdaa":13306.137,"itsmejr257":42729.15},"authorDisplayNameMap":{"sweijie24":"CS2113-T12-3 SOH .. JIE","Dheekshitha2":"CS2113-T12-3 DHEE..HNAN","jasraa":"CS2113-T12-3 JASR..INAB","yyangdaa":"CS2113-T12-3 ZHAN..NGDA","itsmejr257":"CS2113-T12-3 CHAN..RONG"}}
