[{"path":"README.md","fileType":"docs","lines":[{"lineNumber":1,"author":{"gitId":"YHWong20"},"content":"# BinBash","lastModifiedDate":"2024-03-07"},{"lineNumber":2,"author":{"gitId":"-"},"content":"","lastModifiedDate":"2020-05-25"},{"lineNumber":3,"author":{"gitId":"YHWong20"},"content":"This is a project template for a greenfield Java project. It\u0027s named after the Java mascot _Bin_. Given below are instructions on how to use it.","lastModifiedDate":"2024-03-07"},{"lineNumber":4,"author":{"gitId":"-"},"content":"","lastModifiedDate":"2020-05-25"},{"lineNumber":5,"author":{"gitId":"-"},"content":"## Setting up in Intellij","lastModifiedDate":"2020-05-25"},{"lineNumber":6,"author":{"gitId":"-"},"content":"","lastModifiedDate":"2020-05-25"},{"lineNumber":7,"author":{"gitId":"-"},"content":"Prerequisites: JDK 11 (use the exact version), update Intellij to the most recent version.","lastModifiedDate":"2020-05-24"},{"lineNumber":8,"author":{"gitId":"-"},"content":"","lastModifiedDate":"2020-05-24"},{"lineNumber":9,"author":{"gitId":"-"},"content":"1. **Ensure Intellij JDK 11 is defined as an SDK**, as described [here](https://www.jetbrains.com/help/idea/sdk.html#set-up-jdk) -- this step is not needed if you have used JDK 11 in a previous Intellij project.","lastModifiedDate":"2020-05-24"},{"lineNumber":10,"author":{"gitId":"-"},"content":"1. **Import the project _as a Gradle project_**, as described [here](https://se-education.org/guides/tutorials/intellijImportGradleProject.html).","lastModifiedDate":"2020-05-24"},{"lineNumber":11,"author":{"gitId":"-"},"content":"1. **Verify the set up**: After the importing is complete, locate the `src/main/java/seedu/duke/Duke.java` file, right-click it, and choose `Run Duke.main()`. If the setup is correct, you should see something like the below:","lastModifiedDate":"2020-05-24"},{"lineNumber":12,"author":{"gitId":"-"},"content":"   ```","lastModifiedDate":"2020-05-25"},{"lineNumber":13,"author":{"gitId":"-"},"content":"   \u003e Task :compileJava","lastModifiedDate":"2020-05-24"},{"lineNumber":14,"author":{"gitId":"-"},"content":"   \u003e Task :processResources NO-SOURCE","lastModifiedDate":"2020-05-24"},{"lineNumber":15,"author":{"gitId":"-"},"content":"   \u003e Task :classes","lastModifiedDate":"2020-05-24"},{"lineNumber":16,"author":{"gitId":"-"},"content":"   ","lastModifiedDate":"2020-05-24"},{"lineNumber":17,"author":{"gitId":"-"},"content":"   \u003e Task :Duke.main()","lastModifiedDate":"2020-05-24"},{"lineNumber":18,"author":{"gitId":"-"},"content":"   Hello from","lastModifiedDate":"2020-05-25"},{"lineNumber":19,"author":{"gitId":"-"},"content":"    ____        _        ","lastModifiedDate":"2020-05-25"},{"lineNumber":20,"author":{"gitId":"-"},"content":"   |  _ \\ _   _| | _____ ","lastModifiedDate":"2020-05-25"},{"lineNumber":21,"author":{"gitId":"-"},"content":"   | | | | | | | |/ / _ \\","lastModifiedDate":"2020-05-25"},{"lineNumber":22,"author":{"gitId":"-"},"content":"   | |_| | |_| |   \u003c  __/","lastModifiedDate":"2020-05-25"},{"lineNumber":23,"author":{"gitId":"-"},"content":"   |____/ \\__,_|_|\\_\\___|","lastModifiedDate":"2020-05-25"},{"lineNumber":24,"author":{"gitId":"-"},"content":"   ","lastModifiedDate":"2020-05-24"},{"lineNumber":25,"author":{"gitId":"-"},"content":"   What is your name?","lastModifiedDate":"2020-05-24"},{"lineNumber":26,"author":{"gitId":"-"},"content":"   ```","lastModifiedDate":"2020-05-25"},{"lineNumber":27,"author":{"gitId":"-"},"content":"   Type some word and press enter to let the execution proceed to the end.","lastModifiedDate":"2020-05-24"},{"lineNumber":28,"author":{"gitId":"-"},"content":"","lastModifiedDate":"2020-05-24"},{"lineNumber":29,"author":{"gitId":"-"},"content":"## Build automation using Gradle","lastModifiedDate":"2020-05-24"},{"lineNumber":30,"author":{"gitId":"-"},"content":"","lastModifiedDate":"2020-05-24"},{"lineNumber":31,"author":{"gitId":"-"},"content":"* This project uses Gradle for build automation and dependency management. It includes a basic build script as well (i.e. the `build.gradle` file).","lastModifiedDate":"2020-05-24"},{"lineNumber":32,"author":{"gitId":"-"},"content":"* If you are new to Gradle, refer to the [Gradle Tutorial at se-education.org/guides](https://se-education.org/guides/tutorials/gradle.html).","lastModifiedDate":"2020-05-24"},{"lineNumber":33,"author":{"gitId":"-"},"content":"","lastModifiedDate":"2020-05-24"},{"lineNumber":34,"author":{"gitId":"-"},"content":"## Testing","lastModifiedDate":"2020-05-24"},{"lineNumber":35,"author":{"gitId":"-"},"content":"","lastModifiedDate":"2020-05-24"},{"lineNumber":36,"author":{"gitId":"-"},"content":"### I/O redirection tests","lastModifiedDate":"2020-05-24"},{"lineNumber":37,"author":{"gitId":"-"},"content":"","lastModifiedDate":"2020-05-24"},{"lineNumber":38,"author":{"gitId":"-"},"content":"* To run _I/O redirection_ tests (aka _Text UI tests_), navigate to the `text-ui-test` and run the `runtest(.bat/.sh)` script.","lastModifiedDate":"2020-05-24"},{"lineNumber":39,"author":{"gitId":"-"},"content":"","lastModifiedDate":"2020-05-24"},{"lineNumber":40,"author":{"gitId":"-"},"content":"### JUnit tests","lastModifiedDate":"2020-05-24"},{"lineNumber":41,"author":{"gitId":"-"},"content":"","lastModifiedDate":"2020-05-24"},{"lineNumber":42,"author":{"gitId":"-"},"content":"* A skeleton JUnit test (`src/test/java/seedu/duke/DukeTest.java`) is provided with this project template. ","lastModifiedDate":"2020-05-24"},{"lineNumber":43,"author":{"gitId":"-"},"content":"* If you are new to JUnit, refer to the [JUnit Tutorial at se-education.org/guides](https://se-education.org/guides/tutorials/junit.html).","lastModifiedDate":"2020-05-24"},{"lineNumber":44,"author":{"gitId":"-"},"content":"","lastModifiedDate":"2020-05-24"},{"lineNumber":45,"author":{"gitId":"-"},"content":"## Checkstyle","lastModifiedDate":"2020-05-24"},{"lineNumber":46,"author":{"gitId":"-"},"content":"","lastModifiedDate":"2020-05-24"},{"lineNumber":47,"author":{"gitId":"-"},"content":"* A sample CheckStyle rule configuration is provided in this project.","lastModifiedDate":"2020-05-24"},{"lineNumber":48,"author":{"gitId":"-"},"content":"* If you are new to Checkstyle, refer to the [Checkstyle Tutorial at se-education.org/guides](https://se-education.org/guides/tutorials/checkstyle.html).","lastModifiedDate":"2020-05-24"},{"lineNumber":49,"author":{"gitId":"-"},"content":"","lastModifiedDate":"2020-05-24"},{"lineNumber":50,"author":{"gitId":"-"},"content":"## CI using GitHub Actions","lastModifiedDate":"2020-05-24"},{"lineNumber":51,"author":{"gitId":"-"},"content":"","lastModifiedDate":"2020-05-24"},{"lineNumber":52,"author":{"gitId":"-"},"content":"The project uses [GitHub actions](https://github.com/features/actions) for CI. When you push a commit to this repo or PR against it, GitHub actions will run automatically to build and verify the code as updated by the commit/PR.","lastModifiedDate":"2020-05-24"},{"lineNumber":53,"author":{"gitId":"-"},"content":"","lastModifiedDate":"2020-05-24"},{"lineNumber":54,"author":{"gitId":"-"},"content":"## Documentation","lastModifiedDate":"2020-05-24"},{"lineNumber":55,"author":{"gitId":"-"},"content":"","lastModifiedDate":"2020-05-24"},{"lineNumber":56,"author":{"gitId":"-"},"content":"`/docs` folder contains a skeleton version of the project documentation.","lastModifiedDate":"2020-05-24"},{"lineNumber":57,"author":{"gitId":"-"},"content":"","lastModifiedDate":"2020-05-24"},{"lineNumber":58,"author":{"gitId":"-"},"content":"Steps for publishing documentation to the public: ","lastModifiedDate":"2020-05-24"},{"lineNumber":59,"author":{"gitId":"-"},"content":"1. If you are using this project template for an individual project, go your fork on GitHub.\u003cbr\u003e","lastModifiedDate":"2020-05-24"},{"lineNumber":60,"author":{"gitId":"-"},"content":"   If you are using this project template for a team project, go to the team fork on GitHub.","lastModifiedDate":"2020-05-24"},{"lineNumber":61,"author":{"gitId":"-"},"content":"1. Click on the `settings` tab.","lastModifiedDate":"2020-05-24"},{"lineNumber":62,"author":{"gitId":"-"},"content":"1. Scroll down to the `GitHub Pages` section.","lastModifiedDate":"2020-05-24"},{"lineNumber":63,"author":{"gitId":"-"},"content":"1. Set the `source` as `master branch /docs folder`.","lastModifiedDate":"2020-05-24"},{"lineNumber":64,"author":{"gitId":"-"},"content":"1. Optionally, use the `choose a theme` button to choose a theme for your documentation.","lastModifiedDate":"2020-05-24"}],"authorContributionMap":{"YHWong20":2,"-":62}},{"path":"build.gradle","fileType":"other","lines":[{"lineNumber":1,"author":{"gitId":"-"},"content":"plugins {","lastModifiedDate":"2020-05-25"},{"lineNumber":2,"author":{"gitId":"-"},"content":"    id \u0027java\u0027","lastModifiedDate":"2020-05-25"},{"lineNumber":3,"author":{"gitId":"-"},"content":"    id \u0027application\u0027","lastModifiedDate":"2020-05-25"},{"lineNumber":4,"author":{"gitId":"-"},"content":"    id \u0027checkstyle\u0027","lastModifiedDate":"2020-05-25"},{"lineNumber":5,"author":{"gitId":"-"},"content":"    id \u0027com.github.johnrengelman.shadow\u0027 version \u00277.1.2\u0027","lastModifiedDate":"2022-06-17"},{"lineNumber":6,"author":{"gitId":"-"},"content":"}","lastModifiedDate":"2020-05-25"},{"lineNumber":7,"author":{"gitId":"-"},"content":"","lastModifiedDate":"2020-05-25"},{"lineNumber":8,"author":{"gitId":"-"},"content":"repositories {","lastModifiedDate":"2020-05-25"},{"lineNumber":9,"author":{"gitId":"-"},"content":"    mavenCentral()","lastModifiedDate":"2020-05-25"},{"lineNumber":10,"author":{"gitId":"-"},"content":"}","lastModifiedDate":"2020-05-25"},{"lineNumber":11,"author":{"gitId":"-"},"content":"","lastModifiedDate":"2020-05-25"},{"lineNumber":12,"author":{"gitId":"-"},"content":"dependencies {","lastModifiedDate":"2020-05-25"},{"lineNumber":13,"author":{"gitId":"-"},"content":"    testImplementation group: \u0027org.junit.jupiter\u0027, name: \u0027junit-jupiter-api\u0027, version: \u00275.10.0\u0027","lastModifiedDate":"2023-08-05"},{"lineNumber":14,"author":{"gitId":"-"},"content":"    testRuntimeOnly group: \u0027org.junit.jupiter\u0027, name: \u0027junit-jupiter-engine\u0027, version: \u00275.10.0\u0027","lastModifiedDate":"2023-08-05"},{"lineNumber":15,"author":{"gitId":"-"},"content":"}","lastModifiedDate":"2020-05-25"},{"lineNumber":16,"author":{"gitId":"-"},"content":"","lastModifiedDate":"2020-05-25"},{"lineNumber":17,"author":{"gitId":"-"},"content":"test {","lastModifiedDate":"2020-05-25"},{"lineNumber":18,"author":{"gitId":"-"},"content":"    useJUnitPlatform()","lastModifiedDate":"2020-05-25"},{"lineNumber":19,"author":{"gitId":"-"},"content":"","lastModifiedDate":"2020-05-25"},{"lineNumber":20,"author":{"gitId":"-"},"content":"    testLogging {","lastModifiedDate":"2020-05-25"},{"lineNumber":21,"author":{"gitId":"-"},"content":"        events \"passed\", \"skipped\", \"failed\"","lastModifiedDate":"2020-05-25"},{"lineNumber":22,"author":{"gitId":"-"},"content":"","lastModifiedDate":"2020-05-25"},{"lineNumber":23,"author":{"gitId":"-"},"content":"        showExceptions true","lastModifiedDate":"2020-05-25"},{"lineNumber":24,"author":{"gitId":"-"},"content":"        exceptionFormat \"full\"","lastModifiedDate":"2020-05-25"},{"lineNumber":25,"author":{"gitId":"-"},"content":"        showCauses true","lastModifiedDate":"2020-05-25"},{"lineNumber":26,"author":{"gitId":"-"},"content":"        showStackTraces true","lastModifiedDate":"2020-05-25"},{"lineNumber":27,"author":{"gitId":"-"},"content":"        showStandardStreams \u003d false","lastModifiedDate":"2020-05-25"},{"lineNumber":28,"author":{"gitId":"-"},"content":"    }","lastModifiedDate":"2020-05-25"},{"lineNumber":29,"author":{"gitId":"-"},"content":"}","lastModifiedDate":"2020-05-25"},{"lineNumber":30,"author":{"gitId":"-"},"content":"","lastModifiedDate":"2020-05-25"},{"lineNumber":31,"author":{"gitId":"-"},"content":"application {","lastModifiedDate":"2020-05-25"},{"lineNumber":32,"author":{"gitId":"YHWong20"},"content":"    mainClass.set(\"seedu.binbash.BinBash\")","lastModifiedDate":"2024-03-14"},{"lineNumber":33,"author":{"gitId":"-"},"content":"}","lastModifiedDate":"2020-05-25"},{"lineNumber":34,"author":{"gitId":"-"},"content":"","lastModifiedDate":"2020-05-25"},{"lineNumber":35,"author":{"gitId":"-"},"content":"shadowJar {","lastModifiedDate":"2020-05-25"},{"lineNumber":36,"author":{"gitId":"YHWong20"},"content":"    archiveBaseName.set(\"binbash\")","lastModifiedDate":"2024-03-14"},{"lineNumber":37,"author":{"gitId":"-"},"content":"    archiveClassifier.set(\"\")","lastModifiedDate":"2023-09-24"},{"lineNumber":38,"author":{"gitId":"-"},"content":"}","lastModifiedDate":"2020-05-25"},{"lineNumber":39,"author":{"gitId":"-"},"content":"","lastModifiedDate":"2020-05-25"},{"lineNumber":40,"author":{"gitId":"-"},"content":"checkstyle {","lastModifiedDate":"2020-05-25"},{"lineNumber":41,"author":{"gitId":"-"},"content":"    toolVersion \u003d \u002710.2\u0027","lastModifiedDate":"2022-04-29"},{"lineNumber":42,"author":{"gitId":"-"},"content":"}","lastModifiedDate":"2020-05-25"},{"lineNumber":43,"author":{"gitId":"-"},"content":"","lastModifiedDate":"2020-05-25"},{"lineNumber":44,"author":{"gitId":"-"},"content":"run{","lastModifiedDate":"2020-05-25"},{"lineNumber":45,"author":{"gitId":"-"},"content":"    standardInput \u003d System.in","lastModifiedDate":"2020-05-25"},{"lineNumber":46,"author":{"gitId":"-"},"content":"}","lastModifiedDate":"2020-05-25"}],"authorContributionMap":{"YHWong20":2,"-":44}},{"path":"docs/AboutUs.md","fileType":"docs","lines":[{"lineNumber":1,"author":{"gitId":"-"},"content":"# About us","lastModifiedDate":"2020-05-24"},{"lineNumber":2,"author":{"gitId":"-"},"content":"","lastModifiedDate":"2020-05-24"},{"lineNumber":3,"author":{"gitId":"imanamirshah"},"content":"| Display                                                                                                                                       |    Name     |              Github Profile               |               Portfolio                |","lastModifiedDate":"2024-03-07"},{"lineNumber":4,"author":{"gitId":"PureUsagi"},"content":"|-----------------------------------------------------------------------------------------------------------------------------------------------|:-----------:|:-----------------------------------------:|:--------------------------------------:|","lastModifiedDate":"2024-03-07"},{"lineNumber":5,"author":{"gitId":"YHWong20"},"content":"| ![](https://assets.mycast.io/characters/mayor-3940618-normal.jpg)                                                                             | Wong Yi Hao |   [Github](https://github.com/YHWong20)   |   [Portfolio](docs/team/yhwong20.md)   |","lastModifiedDate":"2024-03-07"},{"lineNumber":6,"author":{"gitId":"PureUsagi"},"content":"| ![](https://comicvine.gamespot.com/a/uploads/scale_medium/11/111746/5814382-powerpuffgirls-bubbles_large.png)                                 |  Syed Iman  | [Github](https://github.com/imanamirshah) | [Portfolio](docs/team/imanamirshah.md) |","lastModifiedDate":"2024-03-07"},{"lineNumber":7,"author":{"gitId":"imanamirshah"},"content":"| ![](https://static.wikia.nocookie.net/puppet/images/4/43/Mona.png/revision/latest?cb\u003d20230924201401)                                          |  Nur Haziq  |  [Github](https://github.com/nur-haziq)   |  [Portfolio](docs/team/nur-haziq.md)   |","lastModifiedDate":"2024-03-07"},{"lineNumber":8,"author":{"gitId":"PureUsagi"},"content":"| ![](https://static.wikia.nocookie.net/villains/images/f/f0/MotoJojo.png/revision/latest?cb\u003d20190118162531)                                    |    Kota     |    [Github](https://github.com/nkotaa)    |    [Portfolio](docs/team/nkotaa.md)    |","lastModifiedDate":"2024-03-07"},{"lineNumber":9,"author":{"gitId":"PureUsagi"},"content":"| ![](https://static.wikia.nocookie.net/powerpuff/images/2/23/Blossom-pic.png/revision/latest/thumbnail/width/360/height/360?cb\u003d20190329151816) | Ng Jun Han  |  [Github](https://github.com/PureUsagi)   |  [Portfolio](docs/team/PureUsagi.md)   |","lastModifiedDate":"2024-03-07"},{"lineNumber":10,"author":{"gitId":"imanamirshah"},"content":"","lastModifiedDate":"2024-03-07"}],"authorContributionMap":{"imanamirshah":3,"YHWong20":1,"-":2,"PureUsagi":4}},{"path":"docs/README.md","fileType":"docs","lines":[{"lineNumber":1,"author":{"gitId":"YHWong20"},"content":"# BinBash","lastModifiedDate":"2024-03-07"},{"lineNumber":2,"author":{"gitId":"-"},"content":"","lastModifiedDate":"2019-07-29"},{"lineNumber":3,"author":{"gitId":"-"},"content":"{Give product intro here}","lastModifiedDate":"2020-05-24"},{"lineNumber":4,"author":{"gitId":"-"},"content":"","lastModifiedDate":"2019-07-29"},{"lineNumber":5,"author":{"gitId":"-"},"content":"Useful links:","lastModifiedDate":"2020-05-24"},{"lineNumber":6,"author":{"gitId":"-"},"content":"* [User Guide](UserGuide.md)","lastModifiedDate":"2020-05-24"},{"lineNumber":7,"author":{"gitId":"-"},"content":"* [Developer Guide](DeveloperGuide.md)","lastModifiedDate":"2020-05-24"},{"lineNumber":8,"author":{"gitId":"-"},"content":"* [About Us](AboutUs.md)","lastModifiedDate":"2020-05-24"}],"authorContributionMap":{"YHWong20":1,"-":7}},{"path":"src/main/java/seedu/binbash/BinBash.java","fileType":"functional-code","lines":[{"lineNumber":1,"author":{"gitId":"YHWong20"},"content":"package seedu.binbash;","lastModifiedDate":"2024-03-14"},{"lineNumber":2,"author":{"gitId":"YHWong20"},"content":"","lastModifiedDate":"2024-03-14"},{"lineNumber":3,"author":{"gitId":"YHWong20"},"content":"import seedu.binbash.ui.Ui;","lastModifiedDate":"2024-03-14"},{"lineNumber":4,"author":{"gitId":"YHWong20"},"content":"import seedu.binbash.command.Command;","lastModifiedDate":"2024-03-14"},{"lineNumber":5,"author":{"gitId":"YHWong20"},"content":"import seedu.binbash.command.ByeCommand;","lastModifiedDate":"2024-03-14"},{"lineNumber":6,"author":{"gitId":"YHWong20"},"content":"","lastModifiedDate":"2024-03-14"},{"lineNumber":7,"author":{"gitId":"YHWong20"},"content":"public class BinBash {","lastModifiedDate":"2024-03-14"},{"lineNumber":8,"author":{"gitId":"YHWong20"},"content":"    /**","lastModifiedDate":"2024-03-14"},{"lineNumber":9,"author":{"gitId":"YHWong20"},"content":"     * Main entry-point for the BinBash application.","lastModifiedDate":"2024-03-14"},{"lineNumber":10,"author":{"gitId":"YHWong20"},"content":"     */","lastModifiedDate":"2024-03-14"},{"lineNumber":11,"author":{"gitId":"YHWong20"},"content":"    public static void main(String[] args) {","lastModifiedDate":"2024-03-14"},{"lineNumber":12,"author":{"gitId":"YHWong20"},"content":"        Ui userInterface \u003d new Ui();","lastModifiedDate":"2024-03-14"},{"lineNumber":13,"author":{"gitId":"YHWong20"},"content":"        ItemList itemList \u003d new ItemList();","lastModifiedDate":"2024-03-14"},{"lineNumber":14,"author":{"gitId":"YHWong20"},"content":"        Parser inputParser \u003d new Parser(itemList);","lastModifiedDate":"2024-03-14"},{"lineNumber":15,"author":{"gitId":"YHWong20"},"content":"","lastModifiedDate":"2024-03-14"},{"lineNumber":16,"author":{"gitId":"YHWong20"},"content":"        userInterface.greet();","lastModifiedDate":"2024-03-14"},{"lineNumber":17,"author":{"gitId":"YHWong20"},"content":"","lastModifiedDate":"2024-03-14"},{"lineNumber":18,"author":{"gitId":"YHWong20"},"content":"        while (userInterface.isUserActive()) {","lastModifiedDate":"2024-03-14"},{"lineNumber":19,"author":{"gitId":"YHWong20"},"content":"            String userInput \u003d userInterface.readUserCommand();","lastModifiedDate":"2024-03-14"},{"lineNumber":20,"author":{"gitId":"YHWong20"},"content":"            Command userCommand \u003d inputParser.parseCommand(userInput);","lastModifiedDate":"2024-03-14"},{"lineNumber":21,"author":{"gitId":"YHWong20"},"content":"","lastModifiedDate":"2024-03-14"},{"lineNumber":22,"author":{"gitId":"YHWong20"},"content":"            if (userCommand instanceof ByeCommand) {","lastModifiedDate":"2024-03-14"},{"lineNumber":23,"author":{"gitId":"YHWong20"},"content":"                userInterface.setUserAsInactive();","lastModifiedDate":"2024-03-14"},{"lineNumber":24,"author":{"gitId":"YHWong20"},"content":"                continue;","lastModifiedDate":"2024-03-14"},{"lineNumber":25,"author":{"gitId":"YHWong20"},"content":"            }","lastModifiedDate":"2024-03-14"},{"lineNumber":26,"author":{"gitId":"YHWong20"},"content":"","lastModifiedDate":"2024-03-14"},{"lineNumber":27,"author":{"gitId":"YHWong20"},"content":"            String executionResult \u003d userCommand.execute();","lastModifiedDate":"2024-03-14"},{"lineNumber":28,"author":{"gitId":"YHWong20"},"content":"            userInterface.talk(executionResult);","lastModifiedDate":"2024-03-14"},{"lineNumber":29,"author":{"gitId":"YHWong20"},"content":"        }","lastModifiedDate":"2024-03-14"},{"lineNumber":30,"author":{"gitId":"YHWong20"},"content":"","lastModifiedDate":"2024-03-14"},{"lineNumber":31,"author":{"gitId":"YHWong20"},"content":"        userInterface.farewell();","lastModifiedDate":"2024-03-14"},{"lineNumber":32,"author":{"gitId":"YHWong20"},"content":"    }","lastModifiedDate":"2024-03-14"},{"lineNumber":33,"author":{"gitId":"YHWong20"},"content":"}","lastModifiedDate":"2024-03-14"}],"authorContributionMap":{"YHWong20":33}},{"path":"src/main/java/seedu/binbash/Item.java","fileType":"functional-code","lines":[{"lineNumber":1,"author":{"gitId":"YHWong20"},"content":"package seedu.binbash;","lastModifiedDate":"2024-03-11"},{"lineNumber":2,"author":{"gitId":"YHWong20"},"content":"","lastModifiedDate":"2024-03-11"},{"lineNumber":3,"author":{"gitId":"YHWong20"},"content":"public class Item {","lastModifiedDate":"2024-03-11"},{"lineNumber":4,"author":{"gitId":"YHWong20"},"content":"    private final String itemName;","lastModifiedDate":"2024-03-11"},{"lineNumber":5,"author":{"gitId":"YHWong20"},"content":"    private final String itemDescription;","lastModifiedDate":"2024-03-11"},{"lineNumber":6,"author":{"gitId":"YHWong20"},"content":"","lastModifiedDate":"2024-03-11"},{"lineNumber":7,"author":{"gitId":"YHWong20"},"content":"    public Item(String itemName, String itemDescription) {","lastModifiedDate":"2024-03-11"},{"lineNumber":8,"author":{"gitId":"YHWong20"},"content":"        this.itemName \u003d itemName;","lastModifiedDate":"2024-03-11"},{"lineNumber":9,"author":{"gitId":"YHWong20"},"content":"        this.itemDescription \u003d itemDescription;","lastModifiedDate":"2024-03-11"},{"lineNumber":10,"author":{"gitId":"YHWong20"},"content":"    }","lastModifiedDate":"2024-03-11"},{"lineNumber":11,"author":{"gitId":"YHWong20"},"content":"","lastModifiedDate":"2024-03-11"},{"lineNumber":12,"author":{"gitId":"YHWong20"},"content":"    public String getItemName() {","lastModifiedDate":"2024-03-11"},{"lineNumber":13,"author":{"gitId":"YHWong20"},"content":"        return itemName;","lastModifiedDate":"2024-03-11"},{"lineNumber":14,"author":{"gitId":"YHWong20"},"content":"    }","lastModifiedDate":"2024-03-11"},{"lineNumber":15,"author":{"gitId":"YHWong20"},"content":"","lastModifiedDate":"2024-03-11"},{"lineNumber":16,"author":{"gitId":"YHWong20"},"content":"    public String getItemDescription() {","lastModifiedDate":"2024-03-11"},{"lineNumber":17,"author":{"gitId":"YHWong20"},"content":"        return itemDescription;","lastModifiedDate":"2024-03-11"},{"lineNumber":18,"author":{"gitId":"YHWong20"},"content":"    }","lastModifiedDate":"2024-03-11"},{"lineNumber":19,"author":{"gitId":"YHWong20"},"content":"","lastModifiedDate":"2024-03-11"},{"lineNumber":20,"author":{"gitId":"YHWong20"},"content":"    @Override","lastModifiedDate":"2024-03-11"},{"lineNumber":21,"author":{"gitId":"YHWong20"},"content":"    public String toString() {","lastModifiedDate":"2024-03-11"},{"lineNumber":22,"author":{"gitId":"YHWong20"},"content":"        return itemName + \": \" + itemDescription;","lastModifiedDate":"2024-03-11"},{"lineNumber":23,"author":{"gitId":"YHWong20"},"content":"    }","lastModifiedDate":"2024-03-11"},{"lineNumber":24,"author":{"gitId":"YHWong20"},"content":"}","lastModifiedDate":"2024-03-11"}],"authorContributionMap":{"YHWong20":24}},{"path":"src/main/java/seedu/binbash/ItemList.java","fileType":"functional-code","lines":[{"lineNumber":1,"author":{"gitId":"YHWong20"},"content":"package seedu.binbash;","lastModifiedDate":"2024-03-11"},{"lineNumber":2,"author":{"gitId":"YHWong20"},"content":"","lastModifiedDate":"2024-03-11"},{"lineNumber":3,"author":{"gitId":"YHWong20"},"content":"import java.util.List;","lastModifiedDate":"2024-03-11"},{"lineNumber":4,"author":{"gitId":"YHWong20"},"content":"import java.util.ArrayList;","lastModifiedDate":"2024-03-11"},{"lineNumber":5,"author":{"gitId":"YHWong20"},"content":"","lastModifiedDate":"2024-03-11"},{"lineNumber":6,"author":{"gitId":"YHWong20"},"content":"public class ItemList {","lastModifiedDate":"2024-03-11"},{"lineNumber":7,"author":{"gitId":"YHWong20"},"content":"    private final List\u003cItem\u003e itemList;","lastModifiedDate":"2024-03-11"},{"lineNumber":8,"author":{"gitId":"YHWong20"},"content":"","lastModifiedDate":"2024-03-11"},{"lineNumber":9,"author":{"gitId":"YHWong20"},"content":"    public ItemList() {","lastModifiedDate":"2024-03-11"},{"lineNumber":10,"author":{"gitId":"YHWong20"},"content":"        itemList \u003d new ArrayList\u003c\u003e();","lastModifiedDate":"2024-03-11"},{"lineNumber":11,"author":{"gitId":"YHWong20"},"content":"    }","lastModifiedDate":"2024-03-11"},{"lineNumber":12,"author":{"gitId":"YHWong20"},"content":"","lastModifiedDate":"2024-03-11"},{"lineNumber":13,"author":{"gitId":"YHWong20"},"content":"    public List\u003cItem\u003e getItemList() {","lastModifiedDate":"2024-03-11"},{"lineNumber":14,"author":{"gitId":"YHWong20"},"content":"        return itemList;","lastModifiedDate":"2024-03-11"},{"lineNumber":15,"author":{"gitId":"YHWong20"},"content":"    }","lastModifiedDate":"2024-03-11"},{"lineNumber":16,"author":{"gitId":"YHWong20"},"content":"","lastModifiedDate":"2024-03-11"},{"lineNumber":17,"author":{"gitId":"YHWong20"},"content":"    /**","lastModifiedDate":"2024-03-11"},{"lineNumber":18,"author":{"gitId":"YHWong20"},"content":"     * Test method","lastModifiedDate":"2024-03-11"},{"lineNumber":19,"author":{"gitId":"YHWong20"},"content":"     */","lastModifiedDate":"2024-03-11"},{"lineNumber":20,"author":{"gitId":"PureUsagi"},"content":"","lastModifiedDate":"2024-03-14"},{"lineNumber":21,"author":{"gitId":"PureUsagi"},"content":"    public int getItemCount() {","lastModifiedDate":"2024-03-14"},{"lineNumber":22,"author":{"gitId":"PureUsagi"},"content":"        return itemList.size();","lastModifiedDate":"2024-03-14"},{"lineNumber":23,"author":{"gitId":"PureUsagi"},"content":"    }","lastModifiedDate":"2024-03-14"},{"lineNumber":24,"author":{"gitId":"PureUsagi"},"content":"","lastModifiedDate":"2024-03-14"},{"lineNumber":25,"author":{"gitId":"imanamirshah"},"content":"    public String addItem(String itemName, String itemDescription) {","lastModifiedDate":"2024-03-14"},{"lineNumber":26,"author":{"gitId":"imanamirshah"},"content":"        Item item \u003d new Item(itemName, itemDescription);","lastModifiedDate":"2024-03-14"},{"lineNumber":27,"author":{"gitId":"PureUsagi"},"content":"","lastModifiedDate":"2024-03-14"},{"lineNumber":28,"author":{"gitId":"YHWong20"},"content":"        itemList.add(item);","lastModifiedDate":"2024-03-11"},{"lineNumber":29,"author":{"gitId":"imanamirshah"},"content":"","lastModifiedDate":"2024-03-14"},{"lineNumber":30,"author":{"gitId":"imanamirshah"},"content":"        String output \u003d \"Noted! I have added the following item into your inventory:\"","lastModifiedDate":"2024-03-14"},{"lineNumber":31,"author":{"gitId":"imanamirshah"},"content":"                + String.format(\"\\t%s\", item);","lastModifiedDate":"2024-03-14"},{"lineNumber":32,"author":{"gitId":"imanamirshah"},"content":"        return output;","lastModifiedDate":"2024-03-14"},{"lineNumber":33,"author":{"gitId":"YHWong20"},"content":"    }","lastModifiedDate":"2024-03-11"},{"lineNumber":34,"author":{"gitId":"YHWong20"},"content":"","lastModifiedDate":"2024-03-11"},{"lineNumber":35,"author":{"gitId":"PureUsagi"},"content":"    public String deleteItem(int index) {","lastModifiedDate":"2024-03-11"},{"lineNumber":36,"author":{"gitId":"PureUsagi"},"content":"        Item tempItem \u003d itemList.remove(index - 1);","lastModifiedDate":"2024-03-12"},{"lineNumber":37,"author":{"gitId":"PureUsagi"},"content":"","lastModifiedDate":"2024-03-11"},{"lineNumber":38,"author":{"gitId":"PureUsagi"},"content":"        String output \u003d \"Got it! I\u0027ve removed the following item:\"","lastModifiedDate":"2024-03-11"},{"lineNumber":39,"author":{"gitId":"PureUsagi"},"content":"                + String.format(\"\\t%s\", tempItem);","lastModifiedDate":"2024-03-11"},{"lineNumber":40,"author":{"gitId":"PureUsagi"},"content":"        return output;","lastModifiedDate":"2024-03-11"},{"lineNumber":41,"author":{"gitId":"PureUsagi"},"content":"    }","lastModifiedDate":"2024-03-11"},{"lineNumber":42,"author":{"gitId":"PureUsagi"},"content":"","lastModifiedDate":"2024-03-11"},{"lineNumber":43,"author":{"gitId":"nur-haziq"},"content":"    /**","lastModifiedDate":"2024-03-13"},{"lineNumber":44,"author":{"gitId":"nur-haziq"},"content":"     * DO LET ME KNOW IF THE METHOD NAME IS WEIRD. IM RETURNING A STRING REPRESENTATION INSTEAD","lastModifiedDate":"2024-03-13"},{"lineNumber":45,"author":{"gitId":"nur-haziq"},"content":"     * OF CALLING SOUT TO STAY CONSISTENT WITH THE OTHER COMMANDS BEHAVIOUR. SO IT DOESN\u0027T ACTUALLY","lastModifiedDate":"2024-03-13"},{"lineNumber":46,"author":{"gitId":"nur-haziq"},"content":"     * PRINT THE LIST. IF THERES A BETTER NAME LMK THANKS","lastModifiedDate":"2024-03-13"},{"lineNumber":47,"author":{"gitId":"nur-haziq"},"content":"     *","lastModifiedDate":"2024-03-13"},{"lineNumber":48,"author":{"gitId":"nur-haziq"},"content":"     * Returns a string representation of all the items in the list. Each item\u0027s string","lastModifiedDate":"2024-03-13"},{"lineNumber":49,"author":{"gitId":"nur-haziq"},"content":"     * representation is obtained by calling its `toString` method.","lastModifiedDate":"2024-03-13"},{"lineNumber":50,"author":{"gitId":"nur-haziq"},"content":"     *","lastModifiedDate":"2024-03-13"},{"lineNumber":51,"author":{"gitId":"nur-haziq"},"content":"     * @return A concatenated string of all item representations in the list, each on a new line.","lastModifiedDate":"2024-03-13"},{"lineNumber":52,"author":{"gitId":"nur-haziq"},"content":"     */","lastModifiedDate":"2024-03-13"},{"lineNumber":53,"author":{"gitId":"nur-haziq"},"content":"    public String printList() {","lastModifiedDate":"2024-03-13"},{"lineNumber":54,"author":{"gitId":"nur-haziq"},"content":"        String output \u003d \"\";","lastModifiedDate":"2024-03-13"},{"lineNumber":55,"author":{"gitId":"nur-haziq"},"content":"","lastModifiedDate":"2024-03-13"},{"lineNumber":56,"author":{"gitId":"nur-haziq"},"content":"        for (Item item: itemList) {","lastModifiedDate":"2024-03-13"},{"lineNumber":57,"author":{"gitId":"nur-haziq"},"content":"            output +\u003d item.toString() + System.lineSeparator();","lastModifiedDate":"2024-03-13"},{"lineNumber":58,"author":{"gitId":"nur-haziq"},"content":"        }","lastModifiedDate":"2024-03-13"},{"lineNumber":59,"author":{"gitId":"nur-haziq"},"content":"","lastModifiedDate":"2024-03-13"},{"lineNumber":60,"author":{"gitId":"nur-haziq"},"content":"        return output;","lastModifiedDate":"2024-03-13"},{"lineNumber":61,"author":{"gitId":"nur-haziq"},"content":"    }","lastModifiedDate":"2024-03-13"},{"lineNumber":62,"author":{"gitId":"nur-haziq"},"content":"","lastModifiedDate":"2024-03-13"},{"lineNumber":63,"author":{"gitId":"YHWong20"},"content":"    @Override","lastModifiedDate":"2024-03-11"},{"lineNumber":64,"author":{"gitId":"YHWong20"},"content":"    public String toString() {","lastModifiedDate":"2024-03-11"},{"lineNumber":65,"author":{"gitId":"YHWong20"},"content":"        return itemList.toString();","lastModifiedDate":"2024-03-11"},{"lineNumber":66,"author":{"gitId":"YHWong20"},"content":"    }","lastModifiedDate":"2024-03-11"},{"lineNumber":67,"author":{"gitId":"YHWong20"},"content":"}","lastModifiedDate":"2024-03-11"}],"authorContributionMap":{"YHWong20":27,"imanamirshah":6,"PureUsagi":14,"nur-haziq":20}},{"path":"src/main/java/seedu/binbash/Parser.java","fileType":"functional-code","lines":[{"lineNumber":1,"author":{"gitId":"XavierLiau34"},"content":"package seedu.binbash;","lastModifiedDate":"2024-03-14"},{"lineNumber":2,"author":{"gitId":"XavierLiau34"},"content":"","lastModifiedDate":"2024-03-14"},{"lineNumber":3,"author":{"gitId":"XavierLiau34"},"content":"import java.util.regex.Matcher;","lastModifiedDate":"2024-03-14"},{"lineNumber":4,"author":{"gitId":"XavierLiau34"},"content":"","lastModifiedDate":"2024-03-14"},{"lineNumber":5,"author":{"gitId":"nur-haziq"},"content":"import seedu.binbash.command.AddCommand;","lastModifiedDate":"2024-03-14"},{"lineNumber":6,"author":{"gitId":"nur-haziq"},"content":"import seedu.binbash.command.ByeCommand;","lastModifiedDate":"2024-03-14"},{"lineNumber":7,"author":{"gitId":"nur-haziq"},"content":"import seedu.binbash.command.Command;","lastModifiedDate":"2024-03-14"},{"lineNumber":8,"author":{"gitId":"nur-haziq"},"content":"import seedu.binbash.command.DeleteCommand;","lastModifiedDate":"2024-03-14"},{"lineNumber":9,"author":{"gitId":"nur-haziq"},"content":"import seedu.binbash.command.ListCommand;","lastModifiedDate":"2024-03-14"},{"lineNumber":10,"author":{"gitId":"XavierLiau34"},"content":"","lastModifiedDate":"2024-03-14"},{"lineNumber":11,"author":{"gitId":"XavierLiau34"},"content":"public class Parser {","lastModifiedDate":"2024-03-14"},{"lineNumber":12,"author":{"gitId":"XavierLiau34"},"content":"    private final ItemList itemList;","lastModifiedDate":"2024-03-14"},{"lineNumber":13,"author":{"gitId":"XavierLiau34"},"content":"","lastModifiedDate":"2024-03-14"},{"lineNumber":14,"author":{"gitId":"XavierLiau34"},"content":"    public Parser(ItemList itemList) {","lastModifiedDate":"2024-03-14"},{"lineNumber":15,"author":{"gitId":"XavierLiau34"},"content":"        this.itemList \u003d itemList;","lastModifiedDate":"2024-03-14"},{"lineNumber":16,"author":{"gitId":"XavierLiau34"},"content":"    }","lastModifiedDate":"2024-03-14"},{"lineNumber":17,"author":{"gitId":"XavierLiau34"},"content":"","lastModifiedDate":"2024-03-14"},{"lineNumber":18,"author":{"gitId":"XavierLiau34"},"content":"    public Command parseCommand(String userInput) {","lastModifiedDate":"2024-03-14"},{"lineNumber":19,"author":{"gitId":"XavierLiau34"},"content":"        String[] tokens \u003d userInput.trim().split(\"\\\\s+\", 2);","lastModifiedDate":"2024-03-14"},{"lineNumber":20,"author":{"gitId":"XavierLiau34"},"content":"        String commandString \u003d tokens[0].toLowerCase();","lastModifiedDate":"2024-03-14"},{"lineNumber":21,"author":{"gitId":"XavierLiau34"},"content":"        String arguments \u003d tokens.length \u003e 1 ? tokens[1] : \"\";","lastModifiedDate":"2024-03-14"},{"lineNumber":22,"author":{"gitId":"XavierLiau34"},"content":"","lastModifiedDate":"2024-03-14"},{"lineNumber":23,"author":{"gitId":"XavierLiau34"},"content":"        switch (commandString) {","lastModifiedDate":"2024-03-14"},{"lineNumber":24,"author":{"gitId":"nur-haziq"},"content":"        case \"add\":","lastModifiedDate":"2024-03-14"},{"lineNumber":25,"author":{"gitId":"nur-haziq"},"content":"            return parseAddCommand(userInput);","lastModifiedDate":"2024-03-14"},{"lineNumber":26,"author":{"gitId":"XavierLiau34"},"content":"        case \"delete\":","lastModifiedDate":"2024-03-14"},{"lineNumber":27,"author":{"gitId":"nur-haziq"},"content":"            return parseDeleteCommand(userInput);","lastModifiedDate":"2024-03-14"},{"lineNumber":28,"author":{"gitId":"XavierLiau34"},"content":"        case \"list\":","lastModifiedDate":"2024-03-14"},{"lineNumber":29,"author":{"gitId":"nur-haziq"},"content":"            return parseListCommand(userInput);","lastModifiedDate":"2024-03-14"},{"lineNumber":30,"author":{"gitId":"XavierLiau34"},"content":"        default:","lastModifiedDate":"2024-03-14"},{"lineNumber":31,"author":{"gitId":"YHWong20"},"content":"            return new ByeCommand(itemList);","lastModifiedDate":"2024-03-14"},{"lineNumber":32,"author":{"gitId":"XavierLiau34"},"content":"        }","lastModifiedDate":"2024-03-14"},{"lineNumber":33,"author":{"gitId":"XavierLiau34"},"content":"    }","lastModifiedDate":"2024-03-14"},{"lineNumber":34,"author":{"gitId":"XavierLiau34"},"content":"","lastModifiedDate":"2024-03-14"},{"lineNumber":35,"author":{"gitId":"XavierLiau34"},"content":"    private Command parseDeleteCommand(String arguments) {","lastModifiedDate":"2024-03-14"},{"lineNumber":36,"author":{"gitId":"XavierLiau34"},"content":"        Matcher matcher \u003d DeleteCommand.COMMAND_FORMAT.matcher(arguments);","lastModifiedDate":"2024-03-14"},{"lineNumber":37,"author":{"gitId":"XavierLiau34"},"content":"        if (matcher.matches()) {","lastModifiedDate":"2024-03-14"},{"lineNumber":38,"author":{"gitId":"XavierLiau34"},"content":"            int index \u003d Integer.parseInt(matcher.group(\"index\"));","lastModifiedDate":"2024-03-14"},{"lineNumber":39,"author":{"gitId":"XavierLiau34"},"content":"            return new DeleteCommand(itemList, index);","lastModifiedDate":"2024-03-14"},{"lineNumber":40,"author":{"gitId":"XavierLiau34"},"content":"        } else {","lastModifiedDate":"2024-03-14"},{"lineNumber":41,"author":{"gitId":"XavierLiau34"},"content":"            return null;","lastModifiedDate":"2024-03-14"},{"lineNumber":42,"author":{"gitId":"XavierLiau34"},"content":"        }","lastModifiedDate":"2024-03-14"},{"lineNumber":43,"author":{"gitId":"XavierLiau34"},"content":"    }","lastModifiedDate":"2024-03-14"},{"lineNumber":44,"author":{"gitId":"XavierLiau34"},"content":"","lastModifiedDate":"2024-03-14"},{"lineNumber":45,"author":{"gitId":"nur-haziq"},"content":"    private Command parseAddCommand(String arguments) {","lastModifiedDate":"2024-03-14"},{"lineNumber":46,"author":{"gitId":"nur-haziq"},"content":"        Matcher matcher \u003d AddCommand.COMMAND_FORMAT.matcher(arguments);","lastModifiedDate":"2024-03-14"},{"lineNumber":47,"author":{"gitId":"nur-haziq"},"content":"        if (matcher.matches()) {","lastModifiedDate":"2024-03-14"},{"lineNumber":48,"author":{"gitId":"nur-haziq"},"content":"            String itemName \u003d matcher.group(\"itemName\");","lastModifiedDate":"2024-03-14"},{"lineNumber":49,"author":{"gitId":"nur-haziq"},"content":"            String itemDescription \u003d matcher.group(\"itemDescription\");","lastModifiedDate":"2024-03-14"},{"lineNumber":50,"author":{"gitId":"nur-haziq"},"content":"            return new AddCommand(itemList, itemName, itemDescription);","lastModifiedDate":"2024-03-14"},{"lineNumber":51,"author":{"gitId":"nur-haziq"},"content":"        } else {","lastModifiedDate":"2024-03-14"},{"lineNumber":52,"author":{"gitId":"nur-haziq"},"content":"            return null;","lastModifiedDate":"2024-03-14"},{"lineNumber":53,"author":{"gitId":"nur-haziq"},"content":"        }","lastModifiedDate":"2024-03-14"},{"lineNumber":54,"author":{"gitId":"nur-haziq"},"content":"    }","lastModifiedDate":"2024-03-14"},{"lineNumber":55,"author":{"gitId":"nur-haziq"},"content":"","lastModifiedDate":"2024-03-14"},{"lineNumber":56,"author":{"gitId":"XavierLiau34"},"content":"    private Command parseListCommand(String arguments) {","lastModifiedDate":"2024-03-14"},{"lineNumber":57,"author":{"gitId":"XavierLiau34"},"content":"        return new ListCommand(itemList);","lastModifiedDate":"2024-03-14"},{"lineNumber":58,"author":{"gitId":"XavierLiau34"},"content":"    }","lastModifiedDate":"2024-03-14"},{"lineNumber":59,"author":{"gitId":"XavierLiau34"},"content":"}","lastModifiedDate":"2024-03-14"},{"lineNumber":60,"author":{"gitId":"XavierLiau34"},"content":"","lastModifiedDate":"2024-03-14"}],"authorContributionMap":{"YHWong20":1,"XavierLiau34":39,"nur-haziq":20}},{"path":"src/main/java/seedu/binbash/command/AddCommand.java","fileType":"functional-code","lines":[{"lineNumber":1,"author":{"gitId":"imanamirshah"},"content":"package seedu.binbash.command;","lastModifiedDate":"2024-03-14"},{"lineNumber":2,"author":{"gitId":"imanamirshah"},"content":"","lastModifiedDate":"2024-03-14"},{"lineNumber":3,"author":{"gitId":"imanamirshah"},"content":"import java.util.regex.Pattern;","lastModifiedDate":"2024-03-14"},{"lineNumber":4,"author":{"gitId":"imanamirshah"},"content":"import seedu.binbash.ItemList;","lastModifiedDate":"2024-03-14"},{"lineNumber":5,"author":{"gitId":"imanamirshah"},"content":"","lastModifiedDate":"2024-03-14"},{"lineNumber":6,"author":{"gitId":"imanamirshah"},"content":"public class AddCommand extends Command {","lastModifiedDate":"2024-03-14"},{"lineNumber":7,"author":{"gitId":"imanamirshah"},"content":"    public static final String COMMAND_STRING \u003d \"add\";","lastModifiedDate":"2024-03-14"},{"lineNumber":8,"author":{"gitId":"nur-haziq"},"content":"","lastModifiedDate":"2024-03-14"},{"lineNumber":9,"author":{"gitId":"imanamirshah"},"content":"    public static final Pattern COMMAND_FORMAT \u003d","lastModifiedDate":"2024-03-14"},{"lineNumber":10,"author":{"gitId":"nur-haziq"},"content":"            Pattern.compile(\"add\\\\s+n/(?\u003citemName\u003e.+?)\\\\s+d/(?\u003citemDescription\u003e.+)\");","lastModifiedDate":"2024-03-14"},{"lineNumber":11,"author":{"gitId":"nur-haziq"},"content":"","lastModifiedDate":"2024-03-14"},{"lineNumber":12,"author":{"gitId":"nur-haziq"},"content":"","lastModifiedDate":"2024-03-14"},{"lineNumber":13,"author":{"gitId":"nur-haziq"},"content":"","lastModifiedDate":"2024-03-14"},{"lineNumber":14,"author":{"gitId":"imanamirshah"},"content":"    private String itemName;","lastModifiedDate":"2024-03-14"},{"lineNumber":15,"author":{"gitId":"imanamirshah"},"content":"    private String itemDescription;","lastModifiedDate":"2024-03-14"},{"lineNumber":16,"author":{"gitId":"imanamirshah"},"content":"","lastModifiedDate":"2024-03-14"},{"lineNumber":17,"author":{"gitId":"imanamirshah"},"content":"    public AddCommand(ItemList itemList, String itemName, String itemDescription) {","lastModifiedDate":"2024-03-14"},{"lineNumber":18,"author":{"gitId":"imanamirshah"},"content":"        super(itemList);","lastModifiedDate":"2024-03-14"},{"lineNumber":19,"author":{"gitId":"imanamirshah"},"content":"        this.itemName \u003d itemName;","lastModifiedDate":"2024-03-14"},{"lineNumber":20,"author":{"gitId":"imanamirshah"},"content":"        this.itemDescription \u003d itemDescription;","lastModifiedDate":"2024-03-14"},{"lineNumber":21,"author":{"gitId":"imanamirshah"},"content":"    }","lastModifiedDate":"2024-03-14"},{"lineNumber":22,"author":{"gitId":"imanamirshah"},"content":"","lastModifiedDate":"2024-03-14"},{"lineNumber":23,"author":{"gitId":"imanamirshah"},"content":"    @Override","lastModifiedDate":"2024-03-14"},{"lineNumber":24,"author":{"gitId":"imanamirshah"},"content":"    public String execute() {","lastModifiedDate":"2024-03-14"},{"lineNumber":25,"author":{"gitId":"imanamirshah"},"content":"        return itemList.addItem(itemName, itemDescription);","lastModifiedDate":"2024-03-14"},{"lineNumber":26,"author":{"gitId":"imanamirshah"},"content":"    }","lastModifiedDate":"2024-03-14"},{"lineNumber":27,"author":{"gitId":"imanamirshah"},"content":"}","lastModifiedDate":"2024-03-14"}],"authorContributionMap":{"imanamirshah":22,"nur-haziq":5}},{"path":"src/main/java/seedu/binbash/command/ByeCommand.java","fileType":"functional-code","lines":[{"lineNumber":1,"author":{"gitId":"YHWong20"},"content":"package seedu.binbash.command;","lastModifiedDate":"2024-03-14"},{"lineNumber":2,"author":{"gitId":"YHWong20"},"content":"","lastModifiedDate":"2024-03-14"},{"lineNumber":3,"author":{"gitId":"YHWong20"},"content":"import seedu.binbash.ItemList;","lastModifiedDate":"2024-03-14"},{"lineNumber":4,"author":{"gitId":"YHWong20"},"content":"","lastModifiedDate":"2024-03-14"},{"lineNumber":5,"author":{"gitId":"YHWong20"},"content":"public class ByeCommand extends Command {","lastModifiedDate":"2024-03-14"},{"lineNumber":6,"author":{"gitId":"YHWong20"},"content":"    public static final String COMMAND_STRING \u003d \"bye\";","lastModifiedDate":"2024-03-14"},{"lineNumber":7,"author":{"gitId":"YHWong20"},"content":"","lastModifiedDate":"2024-03-14"},{"lineNumber":8,"author":{"gitId":"YHWong20"},"content":"    public ByeCommand(ItemList itemList) {","lastModifiedDate":"2024-03-14"},{"lineNumber":9,"author":{"gitId":"YHWong20"},"content":"        super(itemList);","lastModifiedDate":"2024-03-14"},{"lineNumber":10,"author":{"gitId":"YHWong20"},"content":"    }","lastModifiedDate":"2024-03-14"},{"lineNumber":11,"author":{"gitId":"YHWong20"},"content":"","lastModifiedDate":"2024-03-14"},{"lineNumber":12,"author":{"gitId":"YHWong20"},"content":"    @Override","lastModifiedDate":"2024-03-14"},{"lineNumber":13,"author":{"gitId":"YHWong20"},"content":"    public String execute() {","lastModifiedDate":"2024-03-14"},{"lineNumber":14,"author":{"gitId":"YHWong20"},"content":"        return \"\";","lastModifiedDate":"2024-03-14"},{"lineNumber":15,"author":{"gitId":"YHWong20"},"content":"    }","lastModifiedDate":"2024-03-14"},{"lineNumber":16,"author":{"gitId":"YHWong20"},"content":"}","lastModifiedDate":"2024-03-14"}],"authorContributionMap":{"YHWong20":16}},{"path":"src/main/java/seedu/binbash/command/Command.java","fileType":"functional-code","lines":[{"lineNumber":1,"author":{"gitId":"PureUsagi"},"content":"package seedu.binbash.command;","lastModifiedDate":"2024-03-11"},{"lineNumber":2,"author":{"gitId":"PureUsagi"},"content":"","lastModifiedDate":"2024-03-11"},{"lineNumber":3,"author":{"gitId":"PureUsagi"},"content":"import java.util.regex.Pattern;","lastModifiedDate":"2024-03-11"},{"lineNumber":4,"author":{"gitId":"PureUsagi"},"content":"import seedu.binbash.ItemList;","lastModifiedDate":"2024-03-11"},{"lineNumber":5,"author":{"gitId":"PureUsagi"},"content":"","lastModifiedDate":"2024-03-11"},{"lineNumber":6,"author":{"gitId":"PureUsagi"},"content":"public abstract class Command {","lastModifiedDate":"2024-03-11"},{"lineNumber":7,"author":{"gitId":"PureUsagi"},"content":"    public static final String COMMAND_STRING \u003d \"command\";","lastModifiedDate":"2024-03-11"},{"lineNumber":8,"author":{"gitId":"PureUsagi"},"content":"    public static final Pattern COMMAND_FORMAT \u003d","lastModifiedDate":"2024-03-11"},{"lineNumber":9,"author":{"gitId":"PureUsagi"},"content":"            Pattern.compile(\"(?\u003ccommand\u003e\\\\S+)(?\u003carguments\u003e.*)\");","lastModifiedDate":"2024-03-11"},{"lineNumber":10,"author":{"gitId":"PureUsagi"},"content":"    protected ItemList itemList;","lastModifiedDate":"2024-03-11"},{"lineNumber":11,"author":{"gitId":"PureUsagi"},"content":"","lastModifiedDate":"2024-03-11"},{"lineNumber":12,"author":{"gitId":"PureUsagi"},"content":"    protected Command(ItemList itemList) {","lastModifiedDate":"2024-03-11"},{"lineNumber":13,"author":{"gitId":"PureUsagi"},"content":"        this.itemList \u003d itemList;","lastModifiedDate":"2024-03-11"},{"lineNumber":14,"author":{"gitId":"PureUsagi"},"content":"    }","lastModifiedDate":"2024-03-11"},{"lineNumber":15,"author":{"gitId":"PureUsagi"},"content":"","lastModifiedDate":"2024-03-11"},{"lineNumber":16,"author":{"gitId":"PureUsagi"},"content":"    public abstract String execute();","lastModifiedDate":"2024-03-11"},{"lineNumber":17,"author":{"gitId":"PureUsagi"},"content":"}","lastModifiedDate":"2024-03-11"}],"authorContributionMap":{"PureUsagi":17}},{"path":"src/main/java/seedu/binbash/command/DeleteCommand.java","fileType":"functional-code","lines":[{"lineNumber":1,"author":{"gitId":"PureUsagi"},"content":"package seedu.binbash.command;","lastModifiedDate":"2024-03-11"},{"lineNumber":2,"author":{"gitId":"PureUsagi"},"content":"","lastModifiedDate":"2024-03-11"},{"lineNumber":3,"author":{"gitId":"PureUsagi"},"content":"import java.util.regex.Pattern;","lastModifiedDate":"2024-03-11"},{"lineNumber":4,"author":{"gitId":"PureUsagi"},"content":"import seedu.binbash.ItemList;","lastModifiedDate":"2024-03-11"},{"lineNumber":5,"author":{"gitId":"PureUsagi"},"content":"","lastModifiedDate":"2024-03-11"},{"lineNumber":6,"author":{"gitId":"PureUsagi"},"content":"public class DeleteCommand extends Command {","lastModifiedDate":"2024-03-11"},{"lineNumber":7,"author":{"gitId":"PureUsagi"},"content":"    public static final String COMMAND_STRING \u003d \"delete\";","lastModifiedDate":"2024-03-12"},{"lineNumber":8,"author":{"gitId":"PureUsagi"},"content":"    public static final Pattern COMMAND_FORMAT \u003d","lastModifiedDate":"2024-03-11"},{"lineNumber":9,"author":{"gitId":"PureUsagi"},"content":"            Pattern.compile(\"delete\\\\s(?\u003cindex\u003e\\\\d+)\");","lastModifiedDate":"2024-03-11"},{"lineNumber":10,"author":{"gitId":"PureUsagi"},"content":"    protected int index;","lastModifiedDate":"2024-03-11"},{"lineNumber":11,"author":{"gitId":"PureUsagi"},"content":"","lastModifiedDate":"2024-03-11"},{"lineNumber":12,"author":{"gitId":"PureUsagi"},"content":"    public DeleteCommand(ItemList itemList, int index) {","lastModifiedDate":"2024-03-11"},{"lineNumber":13,"author":{"gitId":"PureUsagi"},"content":"        super(itemList);","lastModifiedDate":"2024-03-11"},{"lineNumber":14,"author":{"gitId":"PureUsagi"},"content":"","lastModifiedDate":"2024-03-11"},{"lineNumber":15,"author":{"gitId":"PureUsagi"},"content":"        this.index \u003d index;","lastModifiedDate":"2024-03-11"},{"lineNumber":16,"author":{"gitId":"PureUsagi"},"content":"    }","lastModifiedDate":"2024-03-11"},{"lineNumber":17,"author":{"gitId":"PureUsagi"},"content":"","lastModifiedDate":"2024-03-11"},{"lineNumber":18,"author":{"gitId":"PureUsagi"},"content":"    public String execute() {","lastModifiedDate":"2024-03-11"},{"lineNumber":19,"author":{"gitId":"PureUsagi"},"content":"        return itemList.deleteItem(index);","lastModifiedDate":"2024-03-11"},{"lineNumber":20,"author":{"gitId":"PureUsagi"},"content":"    }","lastModifiedDate":"2024-03-11"},{"lineNumber":21,"author":{"gitId":"PureUsagi"},"content":"}","lastModifiedDate":"2024-03-11"}],"authorContributionMap":{"PureUsagi":21}},{"path":"src/main/java/seedu/binbash/command/ListCommand.java","fileType":"functional-code","lines":[{"lineNumber":1,"author":{"gitId":"nur-haziq"},"content":"package seedu.binbash.command;","lastModifiedDate":"2024-03-13"},{"lineNumber":2,"author":{"gitId":"nur-haziq"},"content":"","lastModifiedDate":"2024-03-13"},{"lineNumber":3,"author":{"gitId":"nur-haziq"},"content":"import seedu.binbash.ItemList;","lastModifiedDate":"2024-03-13"},{"lineNumber":4,"author":{"gitId":"nur-haziq"},"content":"import java.util.regex.Pattern;","lastModifiedDate":"2024-03-13"},{"lineNumber":5,"author":{"gitId":"nur-haziq"},"content":"","lastModifiedDate":"2024-03-13"},{"lineNumber":6,"author":{"gitId":"nur-haziq"},"content":"public class ListCommand extends Command {","lastModifiedDate":"2024-03-13"},{"lineNumber":7,"author":{"gitId":"nur-haziq"},"content":"","lastModifiedDate":"2024-03-13"},{"lineNumber":8,"author":{"gitId":"nur-haziq"},"content":"    public static final String COMMAND_STRING \u003d \"list\";","lastModifiedDate":"2024-03-13"},{"lineNumber":9,"author":{"gitId":"nur-haziq"},"content":"    public static final Pattern COMMAND_FORMAT \u003d","lastModifiedDate":"2024-03-13"},{"lineNumber":10,"author":{"gitId":"nur-haziq"},"content":"            Pattern.compile(\"^list\");","lastModifiedDate":"2024-03-13"},{"lineNumber":11,"author":{"gitId":"nur-haziq"},"content":"","lastModifiedDate":"2024-03-13"},{"lineNumber":12,"author":{"gitId":"nur-haziq"},"content":"","lastModifiedDate":"2024-03-13"},{"lineNumber":13,"author":{"gitId":"nur-haziq"},"content":"    public ListCommand(ItemList itemList) {","lastModifiedDate":"2024-03-13"},{"lineNumber":14,"author":{"gitId":"nur-haziq"},"content":"        super(itemList);","lastModifiedDate":"2024-03-13"},{"lineNumber":15,"author":{"gitId":"nur-haziq"},"content":"    }","lastModifiedDate":"2024-03-13"},{"lineNumber":16,"author":{"gitId":"nur-haziq"},"content":"","lastModifiedDate":"2024-03-13"},{"lineNumber":17,"author":{"gitId":"nur-haziq"},"content":"    public String execute() {","lastModifiedDate":"2024-03-13"},{"lineNumber":18,"author":{"gitId":"nur-haziq"},"content":"        return itemList.printList();","lastModifiedDate":"2024-03-13"},{"lineNumber":19,"author":{"gitId":"nur-haziq"},"content":"    }","lastModifiedDate":"2024-03-13"},{"lineNumber":20,"author":{"gitId":"nur-haziq"},"content":"}","lastModifiedDate":"2024-03-13"}],"authorContributionMap":{"nur-haziq":20}},{"path":"src/main/java/seedu/binbash/ui/Ui.java","fileType":"functional-code","lines":[{"lineNumber":1,"author":{"gitId":"nkotaa"},"content":"package seedu.binbash.ui;","lastModifiedDate":"2024-03-13"},{"lineNumber":2,"author":{"gitId":"nkotaa"},"content":"","lastModifiedDate":"2024-03-13"},{"lineNumber":3,"author":{"gitId":"nkotaa"},"content":"import java.util.Scanner;","lastModifiedDate":"2024-03-13"},{"lineNumber":4,"author":{"gitId":"nkotaa"},"content":"","lastModifiedDate":"2024-03-13"},{"lineNumber":5,"author":{"gitId":"nkotaa"},"content":"public class Ui {","lastModifiedDate":"2024-03-13"},{"lineNumber":6,"author":{"gitId":"YHWong20"},"content":"    private static final String NEWLINE \u003d System.lineSeparator();","lastModifiedDate":"2024-03-14"},{"lineNumber":7,"author":{"gitId":"YHWong20"},"content":"    private static final String LOGO \u003d \"  ____  _       ____            _\" + NEWLINE +","lastModifiedDate":"2024-03-14"},{"lineNumber":8,"author":{"gitId":"YHWong20"},"content":"            \" | __ )(_)_ __ | __ )  __ _ ___| |__\" + NEWLINE +","lastModifiedDate":"2024-03-14"},{"lineNumber":9,"author":{"gitId":"YHWong20"},"content":"            \" |  _ \\\\| | \u0027_ \\\\|  _ \\\\ / _` / __| \u0027_ \\\\\" + NEWLINE +","lastModifiedDate":"2024-03-14"},{"lineNumber":10,"author":{"gitId":"YHWong20"},"content":"            \" | |_) | | | | | |_) | (_| \\\\__ \\\\ | | |\" + NEWLINE +","lastModifiedDate":"2024-03-14"},{"lineNumber":11,"author":{"gitId":"YHWong20"},"content":"            \" |____/|_|_| |_|____/ \\\\__,_|___/_| |_|\" + NEWLINE + NEWLINE;","lastModifiedDate":"2024-03-14"},{"lineNumber":12,"author":{"gitId":"nkotaa"},"content":"    private static final String WELCOME_MESSAGE \u003d \"Welcome to BinBash!\";","lastModifiedDate":"2024-03-13"},{"lineNumber":13,"author":{"gitId":"nkotaa"},"content":"    private static final String GOODBYE_MESSAGE \u003d \"Bye!\";","lastModifiedDate":"2024-03-13"},{"lineNumber":14,"author":{"gitId":"nkotaa"},"content":"    private static final String LINE_DIVIDER \u003d \"-------------------------------------------------------------\";","lastModifiedDate":"2024-03-13"},{"lineNumber":15,"author":{"gitId":"nkotaa"},"content":"","lastModifiedDate":"2024-03-13"},{"lineNumber":16,"author":{"gitId":"YHWong20"},"content":"    private final Scanner in;","lastModifiedDate":"2024-03-14"},{"lineNumber":17,"author":{"gitId":"nkotaa"},"content":"    private boolean isUserActive;","lastModifiedDate":"2024-03-13"},{"lineNumber":18,"author":{"gitId":"nkotaa"},"content":"","lastModifiedDate":"2024-03-13"},{"lineNumber":19,"author":{"gitId":"nkotaa"},"content":"    public Ui() {","lastModifiedDate":"2024-03-13"},{"lineNumber":20,"author":{"gitId":"nkotaa"},"content":"        in \u003d new Scanner(System.in);","lastModifiedDate":"2024-03-13"},{"lineNumber":21,"author":{"gitId":"nkotaa"},"content":"        isUserActive \u003d true;","lastModifiedDate":"2024-03-13"},{"lineNumber":22,"author":{"gitId":"nkotaa"},"content":"    }","lastModifiedDate":"2024-03-13"},{"lineNumber":23,"author":{"gitId":"nkotaa"},"content":"","lastModifiedDate":"2024-03-13"},{"lineNumber":24,"author":{"gitId":"nkotaa"},"content":"    public boolean isUserActive() {","lastModifiedDate":"2024-03-13"},{"lineNumber":25,"author":{"gitId":"nkotaa"},"content":"        return isUserActive;","lastModifiedDate":"2024-03-13"},{"lineNumber":26,"author":{"gitId":"nkotaa"},"content":"    }","lastModifiedDate":"2024-03-13"},{"lineNumber":27,"author":{"gitId":"nkotaa"},"content":"","lastModifiedDate":"2024-03-13"},{"lineNumber":28,"author":{"gitId":"YHWong20"},"content":"    public void setUserAsInactive() {","lastModifiedDate":"2024-03-14"},{"lineNumber":29,"author":{"gitId":"YHWong20"},"content":"        isUserActive \u003d false;","lastModifiedDate":"2024-03-14"},{"lineNumber":30,"author":{"gitId":"YHWong20"},"content":"    }","lastModifiedDate":"2024-03-14"},{"lineNumber":31,"author":{"gitId":"YHWong20"},"content":"","lastModifiedDate":"2024-03-14"},{"lineNumber":32,"author":{"gitId":"YHWong20"},"content":"    public String readUserCommand() {","lastModifiedDate":"2024-03-14"},{"lineNumber":33,"author":{"gitId":"YHWong20"},"content":"        return in.nextLine();","lastModifiedDate":"2024-03-14"},{"lineNumber":34,"author":{"gitId":"YHWong20"},"content":"    }","lastModifiedDate":"2024-03-14"},{"lineNumber":35,"author":{"gitId":"YHWong20"},"content":"","lastModifiedDate":"2024-03-14"},{"lineNumber":36,"author":{"gitId":"nkotaa"},"content":"    public void greet() {","lastModifiedDate":"2024-03-13"},{"lineNumber":37,"author":{"gitId":"YHWong20"},"content":"        talk(LOGO + WELCOME_MESSAGE);","lastModifiedDate":"2024-03-14"},{"lineNumber":38,"author":{"gitId":"nkotaa"},"content":"    }","lastModifiedDate":"2024-03-13"},{"lineNumber":39,"author":{"gitId":"nkotaa"},"content":"","lastModifiedDate":"2024-03-13"},{"lineNumber":40,"author":{"gitId":"nkotaa"},"content":"    public void farewell() {","lastModifiedDate":"2024-03-13"},{"lineNumber":41,"author":{"gitId":"nkotaa"},"content":"        talk(GOODBYE_MESSAGE);","lastModifiedDate":"2024-03-13"},{"lineNumber":42,"author":{"gitId":"nkotaa"},"content":"    }","lastModifiedDate":"2024-03-13"},{"lineNumber":43,"author":{"gitId":"nkotaa"},"content":"","lastModifiedDate":"2024-03-13"},{"lineNumber":44,"author":{"gitId":"nkotaa"},"content":"    public void talk(String line) {","lastModifiedDate":"2024-03-13"},{"lineNumber":45,"author":{"gitId":"nkotaa"},"content":"        System.out.println(LINE_DIVIDER + System.lineSeparator() + line + System.lineSeparator() + LINE_DIVIDER);","lastModifiedDate":"2024-03-14"},{"lineNumber":46,"author":{"gitId":"nkotaa"},"content":"    }","lastModifiedDate":"2024-03-13"},{"lineNumber":47,"author":{"gitId":"nkotaa"},"content":"}","lastModifiedDate":"2024-03-13"}],"authorContributionMap":{"YHWong20":16,"nkotaa":31}},{"path":"src/test/java/seedu/binbash/BinBashTest.java","fileType":"test-code","lines":[{"lineNumber":1,"author":{"gitId":"YHWong20"},"content":"package seedu.binbash;","lastModifiedDate":"2024-03-14"},{"lineNumber":2,"author":{"gitId":"YHWong20"},"content":"","lastModifiedDate":"2024-03-14"},{"lineNumber":3,"author":{"gitId":"YHWong20"},"content":"import static org.junit.jupiter.api.Assertions.assertEquals;","lastModifiedDate":"2024-03-14"},{"lineNumber":4,"author":{"gitId":"YHWong20"},"content":"","lastModifiedDate":"2024-03-14"},{"lineNumber":5,"author":{"gitId":"YHWong20"},"content":"import org.junit.jupiter.api.Test;","lastModifiedDate":"2024-03-14"},{"lineNumber":6,"author":{"gitId":"YHWong20"},"content":"","lastModifiedDate":"2024-03-14"},{"lineNumber":7,"author":{"gitId":"YHWong20"},"content":"import java.io.ByteArrayInputStream;","lastModifiedDate":"2024-03-14"},{"lineNumber":8,"author":{"gitId":"YHWong20"},"content":"import java.io.ByteArrayOutputStream;","lastModifiedDate":"2024-03-14"},{"lineNumber":9,"author":{"gitId":"YHWong20"},"content":"import java.io.InputStream;","lastModifiedDate":"2024-03-14"},{"lineNumber":10,"author":{"gitId":"YHWong20"},"content":"import java.io.PrintStream;","lastModifiedDate":"2024-03-14"},{"lineNumber":11,"author":{"gitId":"YHWong20"},"content":"","lastModifiedDate":"2024-03-14"},{"lineNumber":12,"author":{"gitId":"YHWong20"},"content":"class BinBashTest {","lastModifiedDate":"2024-03-14"},{"lineNumber":13,"author":{"gitId":"YHWong20"},"content":"    private static final String NEWLINE \u003d System.lineSeparator();","lastModifiedDate":"2024-03-14"},{"lineNumber":14,"author":{"gitId":"YHWong20"},"content":"    private static final String TEST_INPUT \u003d \"bye\";","lastModifiedDate":"2024-03-14"},{"lineNumber":15,"author":{"gitId":"YHWong20"},"content":"    private static final String EXPECTED_OUTPUT \u003d \"-------------------------------------------------------------\" +","lastModifiedDate":"2024-03-14"},{"lineNumber":16,"author":{"gitId":"YHWong20"},"content":"            NEWLINE +","lastModifiedDate":"2024-03-14"},{"lineNumber":17,"author":{"gitId":"YHWong20"},"content":"            \"  ____  _       ____            _\" + NEWLINE +","lastModifiedDate":"2024-03-14"},{"lineNumber":18,"author":{"gitId":"YHWong20"},"content":"            \" | __ )(_)_ __ | __ )  __ _ ___| |__\" + NEWLINE +","lastModifiedDate":"2024-03-14"},{"lineNumber":19,"author":{"gitId":"YHWong20"},"content":"            \" |  _ \\\\| | \u0027_ \\\\|  _ \\\\ / _` / __| \u0027_ \\\\\" + NEWLINE +","lastModifiedDate":"2024-03-14"},{"lineNumber":20,"author":{"gitId":"YHWong20"},"content":"            \" | |_) | | | | | |_) | (_| \\\\__ \\\\ | | |\" + NEWLINE +","lastModifiedDate":"2024-03-14"},{"lineNumber":21,"author":{"gitId":"YHWong20"},"content":"            \" |____/|_|_| |_|____/ \\\\__,_|___/_| |_|\" + NEWLINE + NEWLINE +","lastModifiedDate":"2024-03-14"},{"lineNumber":22,"author":{"gitId":"YHWong20"},"content":"            \"Welcome to BinBash!\" + NEWLINE +","lastModifiedDate":"2024-03-14"},{"lineNumber":23,"author":{"gitId":"YHWong20"},"content":"            \"-------------------------------------------------------------\" + NEWLINE +","lastModifiedDate":"2024-03-14"},{"lineNumber":24,"author":{"gitId":"YHWong20"},"content":"            \"-------------------------------------------------------------\" + NEWLINE +","lastModifiedDate":"2024-03-14"},{"lineNumber":25,"author":{"gitId":"YHWong20"},"content":"            \"Bye!\" + NEWLINE +","lastModifiedDate":"2024-03-14"},{"lineNumber":26,"author":{"gitId":"YHWong20"},"content":"            \"-------------------------------------------------------------\" + NEWLINE;","lastModifiedDate":"2024-03-14"},{"lineNumber":27,"author":{"gitId":"YHWong20"},"content":"    private static final InputStream systemIn \u003d System.in;","lastModifiedDate":"2024-03-14"},{"lineNumber":28,"author":{"gitId":"YHWong20"},"content":"    private static final PrintStream systemOut \u003d System.out;","lastModifiedDate":"2024-03-14"},{"lineNumber":29,"author":{"gitId":"YHWong20"},"content":"    private ByteArrayInputStream testIn;","lastModifiedDate":"2024-03-14"},{"lineNumber":30,"author":{"gitId":"YHWong20"},"content":"    private ByteArrayOutputStream testOut;","lastModifiedDate":"2024-03-14"},{"lineNumber":31,"author":{"gitId":"YHWong20"},"content":"","lastModifiedDate":"2024-03-14"},{"lineNumber":32,"author":{"gitId":"YHWong20"},"content":"    @Test","lastModifiedDate":"2024-03-14"},{"lineNumber":33,"author":{"gitId":"YHWong20"},"content":"    public void main_readByeCommand_byeCommandExecuted() {","lastModifiedDate":"2024-03-14"},{"lineNumber":34,"author":{"gitId":"YHWong20"},"content":"        try {","lastModifiedDate":"2024-03-14"},{"lineNumber":35,"author":{"gitId":"YHWong20"},"content":"            setupInput();","lastModifiedDate":"2024-03-14"},{"lineNumber":36,"author":{"gitId":"YHWong20"},"content":"            setupOutput();","lastModifiedDate":"2024-03-14"},{"lineNumber":37,"author":{"gitId":"YHWong20"},"content":"            BinBash.main(new String[0]);","lastModifiedDate":"2024-03-14"},{"lineNumber":38,"author":{"gitId":"YHWong20"},"content":"            assertEquals(getOutput(), EXPECTED_OUTPUT);","lastModifiedDate":"2024-03-14"},{"lineNumber":39,"author":{"gitId":"YHWong20"},"content":"        } finally {","lastModifiedDate":"2024-03-14"},{"lineNumber":40,"author":{"gitId":"YHWong20"},"content":"            restoreSystemInputOutput();","lastModifiedDate":"2024-03-14"},{"lineNumber":41,"author":{"gitId":"YHWong20"},"content":"        }","lastModifiedDate":"2024-03-14"},{"lineNumber":42,"author":{"gitId":"YHWong20"},"content":"    }","lastModifiedDate":"2024-03-14"},{"lineNumber":43,"author":{"gitId":"YHWong20"},"content":"","lastModifiedDate":"2024-03-14"},{"lineNumber":44,"author":{"gitId":"YHWong20"},"content":"    private void setupInput() {","lastModifiedDate":"2024-03-14"},{"lineNumber":45,"author":{"gitId":"YHWong20"},"content":"        testIn \u003d new ByteArrayInputStream(TEST_INPUT.getBytes());","lastModifiedDate":"2024-03-14"},{"lineNumber":46,"author":{"gitId":"YHWong20"},"content":"        System.setIn(testIn);","lastModifiedDate":"2024-03-14"},{"lineNumber":47,"author":{"gitId":"YHWong20"},"content":"    }","lastModifiedDate":"2024-03-14"},{"lineNumber":48,"author":{"gitId":"YHWong20"},"content":"","lastModifiedDate":"2024-03-14"},{"lineNumber":49,"author":{"gitId":"YHWong20"},"content":"    private void setupOutput() {","lastModifiedDate":"2024-03-14"},{"lineNumber":50,"author":{"gitId":"YHWong20"},"content":"        testOut \u003d new ByteArrayOutputStream();","lastModifiedDate":"2024-03-14"},{"lineNumber":51,"author":{"gitId":"YHWong20"},"content":"        System.setOut(new PrintStream(testOut));","lastModifiedDate":"2024-03-14"},{"lineNumber":52,"author":{"gitId":"YHWong20"},"content":"    }","lastModifiedDate":"2024-03-14"},{"lineNumber":53,"author":{"gitId":"YHWong20"},"content":"","lastModifiedDate":"2024-03-14"},{"lineNumber":54,"author":{"gitId":"YHWong20"},"content":"    private String getOutput() {","lastModifiedDate":"2024-03-14"},{"lineNumber":55,"author":{"gitId":"YHWong20"},"content":"        return testOut.toString();","lastModifiedDate":"2024-03-14"},{"lineNumber":56,"author":{"gitId":"YHWong20"},"content":"    }","lastModifiedDate":"2024-03-14"},{"lineNumber":57,"author":{"gitId":"YHWong20"},"content":"","lastModifiedDate":"2024-03-14"},{"lineNumber":58,"author":{"gitId":"YHWong20"},"content":"    private void restoreSystemInputOutput() {","lastModifiedDate":"2024-03-14"},{"lineNumber":59,"author":{"gitId":"YHWong20"},"content":"        System.setIn(systemIn);","lastModifiedDate":"2024-03-14"},{"lineNumber":60,"author":{"gitId":"YHWong20"},"content":"        System.setOut(systemOut);","lastModifiedDate":"2024-03-14"},{"lineNumber":61,"author":{"gitId":"YHWong20"},"content":"    }","lastModifiedDate":"2024-03-14"},{"lineNumber":62,"author":{"gitId":"YHWong20"},"content":"}","lastModifiedDate":"2024-03-14"}],"authorContributionMap":{"YHWong20":62}},{"path":"src/test/java/seedu/binbash/ItemListTest.java","fileType":"test-code","lines":[{"lineNumber":1,"author":{"gitId":"PureUsagi"},"content":"package seedu.binbash;","lastModifiedDate":"2024-03-14"},{"lineNumber":2,"author":{"gitId":"PureUsagi"},"content":"","lastModifiedDate":"2024-03-14"},{"lineNumber":3,"author":{"gitId":"PureUsagi"},"content":"import org.junit.jupiter.api.Test;","lastModifiedDate":"2024-03-14"},{"lineNumber":4,"author":{"gitId":"PureUsagi"},"content":"","lastModifiedDate":"2024-03-14"},{"lineNumber":5,"author":{"gitId":"PureUsagi"},"content":"import static org.junit.jupiter.api.Assertions.assertEquals;","lastModifiedDate":"2024-03-14"},{"lineNumber":6,"author":{"gitId":"PureUsagi"},"content":"","lastModifiedDate":"2024-03-14"},{"lineNumber":7,"author":{"gitId":"PureUsagi"},"content":"class ItemListTest {","lastModifiedDate":"2024-03-14"},{"lineNumber":8,"author":{"gitId":"PureUsagi"},"content":"","lastModifiedDate":"2024-03-14"},{"lineNumber":9,"author":{"gitId":"PureUsagi"},"content":"    @Test","lastModifiedDate":"2024-03-14"},{"lineNumber":10,"author":{"gitId":"PureUsagi"},"content":"    void deleteItem_oneItemInItemList_noItemInItemList() {","lastModifiedDate":"2024-03-14"},{"lineNumber":11,"author":{"gitId":"PureUsagi"},"content":"        ItemList itemList \u003d new ItemList();","lastModifiedDate":"2024-03-14"},{"lineNumber":12,"author":{"gitId":"PureUsagi"},"content":"        itemList.addItem(\"testItem\", \"A test item\");","lastModifiedDate":"2024-03-14"},{"lineNumber":13,"author":{"gitId":"PureUsagi"},"content":"","lastModifiedDate":"2024-03-14"},{"lineNumber":14,"author":{"gitId":"PureUsagi"},"content":"        itemList.deleteItem(1);","lastModifiedDate":"2024-03-14"},{"lineNumber":15,"author":{"gitId":"PureUsagi"},"content":"","lastModifiedDate":"2024-03-14"},{"lineNumber":16,"author":{"gitId":"PureUsagi"},"content":"        assertEquals(0, itemList.getItemCount());","lastModifiedDate":"2024-03-14"},{"lineNumber":17,"author":{"gitId":"PureUsagi"},"content":"    }","lastModifiedDate":"2024-03-14"},{"lineNumber":18,"author":{"gitId":"imanamirshah"},"content":"","lastModifiedDate":"2024-03-14"},{"lineNumber":19,"author":{"gitId":"imanamirshah"},"content":"    @Test","lastModifiedDate":"2024-03-14"},{"lineNumber":20,"author":{"gitId":"imanamirshah"},"content":"    void addItem_noItemInItemList_oneItemInItemList() {","lastModifiedDate":"2024-03-14"},{"lineNumber":21,"author":{"gitId":"imanamirshah"},"content":"        ItemList itemList \u003d new ItemList();","lastModifiedDate":"2024-03-14"},{"lineNumber":22,"author":{"gitId":"imanamirshah"},"content":"","lastModifiedDate":"2024-03-14"},{"lineNumber":23,"author":{"gitId":"imanamirshah"},"content":"        itemList.addItem(\"testItem\", \"A test item\");","lastModifiedDate":"2024-03-14"},{"lineNumber":24,"author":{"gitId":"imanamirshah"},"content":"        assertEquals(1, itemList.getItemCount());","lastModifiedDate":"2024-03-14"},{"lineNumber":25,"author":{"gitId":"imanamirshah"},"content":"    }","lastModifiedDate":"2024-03-14"},{"lineNumber":26,"author":{"gitId":"imanamirshah"},"content":"","lastModifiedDate":"2024-03-14"},{"lineNumber":27,"author":{"gitId":"imanamirshah"},"content":"    @Test","lastModifiedDate":"2024-03-14"},{"lineNumber":28,"author":{"gitId":"imanamirshah"},"content":"    void addItem_itemNameAndDescription_correctItemNameAndDescription() {","lastModifiedDate":"2024-03-14"},{"lineNumber":29,"author":{"gitId":"imanamirshah"},"content":"        ItemList itemList \u003d new ItemList();","lastModifiedDate":"2024-03-14"},{"lineNumber":30,"author":{"gitId":"imanamirshah"},"content":"","lastModifiedDate":"2024-03-14"},{"lineNumber":31,"author":{"gitId":"imanamirshah"},"content":"        itemList.addItem(\"testItem\", \"A test item\");","lastModifiedDate":"2024-03-14"},{"lineNumber":32,"author":{"gitId":"imanamirshah"},"content":"        Item item \u003d itemList.getItemList().get(0);","lastModifiedDate":"2024-03-14"},{"lineNumber":33,"author":{"gitId":"imanamirshah"},"content":"","lastModifiedDate":"2024-03-14"},{"lineNumber":34,"author":{"gitId":"imanamirshah"},"content":"        assertEquals(item.getItemName(), \"testItem\");","lastModifiedDate":"2024-03-14"},{"lineNumber":35,"author":{"gitId":"imanamirshah"},"content":"        assertEquals(item.getItemDescription(), \"A test item\");","lastModifiedDate":"2024-03-14"},{"lineNumber":36,"author":{"gitId":"imanamirshah"},"content":"    }","lastModifiedDate":"2024-03-14"},{"lineNumber":37,"author":{"gitId":"imanamirshah"},"content":"","lastModifiedDate":"2024-03-14"},{"lineNumber":38,"author":{"gitId":"imanamirshah"},"content":"","lastModifiedDate":"2024-03-14"},{"lineNumber":39,"author":{"gitId":"PureUsagi"},"content":"}","lastModifiedDate":"2024-03-14"}],"authorContributionMap":{"imanamirshah":21,"PureUsagi":18}},{"path":"src/test/java/seedu/binbash/command/AddCommandTest.java","fileType":"test-code","lines":[{"lineNumber":1,"author":{"gitId":"imanamirshah"},"content":"package seedu.binbash.command;","lastModifiedDate":"2024-03-14"},{"lineNumber":2,"author":{"gitId":"imanamirshah"},"content":"","lastModifiedDate":"2024-03-14"},{"lineNumber":3,"author":{"gitId":"imanamirshah"},"content":"import org.junit.jupiter.api.Test;","lastModifiedDate":"2024-03-14"},{"lineNumber":4,"author":{"gitId":"imanamirshah"},"content":"import seedu.binbash.ItemList;","lastModifiedDate":"2024-03-14"},{"lineNumber":5,"author":{"gitId":"imanamirshah"},"content":"","lastModifiedDate":"2024-03-14"},{"lineNumber":6,"author":{"gitId":"imanamirshah"},"content":"import static org.junit.jupiter.api.Assertions.assertEquals;","lastModifiedDate":"2024-03-14"},{"lineNumber":7,"author":{"gitId":"imanamirshah"},"content":"","lastModifiedDate":"2024-03-14"},{"lineNumber":8,"author":{"gitId":"imanamirshah"},"content":"public class AddCommandTest {","lastModifiedDate":"2024-03-14"},{"lineNumber":9,"author":{"gitId":"imanamirshah"},"content":"","lastModifiedDate":"2024-03-14"},{"lineNumber":10,"author":{"gitId":"imanamirshah"},"content":"    @Test","lastModifiedDate":"2024-03-14"},{"lineNumber":11,"author":{"gitId":"imanamirshah"},"content":"    void execute_item_oneItemInItemList() {","lastModifiedDate":"2024-03-14"},{"lineNumber":12,"author":{"gitId":"imanamirshah"},"content":"        ItemList itemList \u003d new ItemList();","lastModifiedDate":"2024-03-14"},{"lineNumber":13,"author":{"gitId":"imanamirshah"},"content":"        AddCommand addCommand \u003d new AddCommand(itemList, \"testItem\", \"A test item\");","lastModifiedDate":"2024-03-14"},{"lineNumber":14,"author":{"gitId":"imanamirshah"},"content":"","lastModifiedDate":"2024-03-14"},{"lineNumber":15,"author":{"gitId":"imanamirshah"},"content":"        addCommand.execute();","lastModifiedDate":"2024-03-14"},{"lineNumber":16,"author":{"gitId":"imanamirshah"},"content":"        assertEquals(1, itemList.getItemCount());","lastModifiedDate":"2024-03-14"},{"lineNumber":17,"author":{"gitId":"imanamirshah"},"content":"    }","lastModifiedDate":"2024-03-14"},{"lineNumber":18,"author":{"gitId":"imanamirshah"},"content":"}","lastModifiedDate":"2024-03-14"}],"authorContributionMap":{"imanamirshah":18}},{"path":"src/test/java/seedu/binbash/ui/UiTest.java","fileType":"test-code","lines":[{"lineNumber":1,"author":{"gitId":"nkotaa"},"content":"package seedu.binbash.ui;","lastModifiedDate":"2024-03-14"},{"lineNumber":2,"author":{"gitId":"nkotaa"},"content":"","lastModifiedDate":"2024-03-14"},{"lineNumber":3,"author":{"gitId":"nkotaa"},"content":"import static org.junit.jupiter.api.Assertions.assertEquals;","lastModifiedDate":"2024-03-14"},{"lineNumber":4,"author":{"gitId":"nkotaa"},"content":"","lastModifiedDate":"2024-03-14"},{"lineNumber":5,"author":{"gitId":"nkotaa"},"content":"import java.io.ByteArrayOutputStream;","lastModifiedDate":"2024-03-14"},{"lineNumber":6,"author":{"gitId":"nkotaa"},"content":"import java.io.PrintStream;","lastModifiedDate":"2024-03-14"},{"lineNumber":7,"author":{"gitId":"nkotaa"},"content":"","lastModifiedDate":"2024-03-14"},{"lineNumber":8,"author":{"gitId":"nkotaa"},"content":"import org.junit.jupiter.api.AfterEach;","lastModifiedDate":"2024-03-14"},{"lineNumber":9,"author":{"gitId":"nkotaa"},"content":"import org.junit.jupiter.api.BeforeEach;","lastModifiedDate":"2024-03-14"},{"lineNumber":10,"author":{"gitId":"nkotaa"},"content":"import org.junit.jupiter.api.Test;","lastModifiedDate":"2024-03-14"},{"lineNumber":11,"author":{"gitId":"nkotaa"},"content":"","lastModifiedDate":"2024-03-14"},{"lineNumber":12,"author":{"gitId":"nkotaa"},"content":"class UiTest {","lastModifiedDate":"2024-03-14"},{"lineNumber":13,"author":{"gitId":"nkotaa"},"content":"    private static final String LINE_DIVIDER \u003d \"-------------------------------------------------------------\";","lastModifiedDate":"2024-03-14"},{"lineNumber":14,"author":{"gitId":"nkotaa"},"content":"","lastModifiedDate":"2024-03-14"},{"lineNumber":15,"author":{"gitId":"nkotaa"},"content":"    private Ui ui;","lastModifiedDate":"2024-03-14"},{"lineNumber":16,"author":{"gitId":"nkotaa"},"content":"    private ByteArrayOutputStream outContent \u003d new ByteArrayOutputStream();","lastModifiedDate":"2024-03-14"},{"lineNumber":17,"author":{"gitId":"nkotaa"},"content":"    private PrintStream originalOut \u003d System.out;","lastModifiedDate":"2024-03-14"},{"lineNumber":18,"author":{"gitId":"nkotaa"},"content":"","lastModifiedDate":"2024-03-14"},{"lineNumber":19,"author":{"gitId":"nkotaa"},"content":"    @BeforeEach","lastModifiedDate":"2024-03-14"},{"lineNumber":20,"author":{"gitId":"nkotaa"},"content":"    public void setUp() {","lastModifiedDate":"2024-03-14"},{"lineNumber":21,"author":{"gitId":"nkotaa"},"content":"        ui \u003d new Ui();","lastModifiedDate":"2024-03-14"},{"lineNumber":22,"author":{"gitId":"nkotaa"},"content":"        System.setOut(new PrintStream(outContent));","lastModifiedDate":"2024-03-14"},{"lineNumber":23,"author":{"gitId":"nkotaa"},"content":"    }","lastModifiedDate":"2024-03-14"},{"lineNumber":24,"author":{"gitId":"nkotaa"},"content":"","lastModifiedDate":"2024-03-14"},{"lineNumber":25,"author":{"gitId":"nkotaa"},"content":"    @AfterEach","lastModifiedDate":"2024-03-14"},{"lineNumber":26,"author":{"gitId":"nkotaa"},"content":"    public void restoreStreams() {","lastModifiedDate":"2024-03-14"},{"lineNumber":27,"author":{"gitId":"nkotaa"},"content":"        System.setOut(originalOut);","lastModifiedDate":"2024-03-14"},{"lineNumber":28,"author":{"gitId":"nkotaa"},"content":"    }","lastModifiedDate":"2024-03-14"},{"lineNumber":29,"author":{"gitId":"nkotaa"},"content":"","lastModifiedDate":"2024-03-14"},{"lineNumber":30,"author":{"gitId":"nkotaa"},"content":"    @Test","lastModifiedDate":"2024-03-14"},{"lineNumber":31,"author":{"gitId":"nkotaa"},"content":"    public void testTalk() {","lastModifiedDate":"2024-03-14"},{"lineNumber":32,"author":{"gitId":"nkotaa"},"content":"        String test_line \u003d \"this is a test line of text.\";","lastModifiedDate":"2024-03-14"},{"lineNumber":33,"author":{"gitId":"nkotaa"},"content":"        ui.talk(test_line);","lastModifiedDate":"2024-03-14"},{"lineNumber":34,"author":{"gitId":"nkotaa"},"content":"        assertEquals(LINE_DIVIDER + System.lineSeparator() + test_line + System.lineSeparator() + LINE_DIVIDER","lastModifiedDate":"2024-03-14"},{"lineNumber":35,"author":{"gitId":"nkotaa"},"content":"                + System.lineSeparator(), outContent.toString());","lastModifiedDate":"2024-03-14"},{"lineNumber":36,"author":{"gitId":"nkotaa"},"content":"    }","lastModifiedDate":"2024-03-14"},{"lineNumber":37,"author":{"gitId":"nkotaa"},"content":"}","lastModifiedDate":"2024-03-14"}],"authorContributionMap":{"nkotaa":37}}]
