{"authorDailyContributionsMap":{"YHWong20":[{"date":"2024-03-07","commitResults":[{"hash":"254b139d2ee8a744746288fa7f59b4b35286db16","isMergeCommit":false,"messageTitle":"Update README.md","messageBody":"","fileTypesAndContributionMap":{"docs":{"insertions":2,"deletions":2}}},{"hash":"3d04541847eeafd8f288827119aa045e2e611a8d","isMergeCommit":true,"messageTitle":"Merge pull request #1 from YHWong20/master","messageBody":"Update README.md","fileTypesAndContributionMap":{}},{"hash":"267fecc014aa380a40d6a10e1a9dc16c08accbfb","isMergeCommit":false,"messageTitle":"Update README.md","messageBody":"","fileTypesAndContributionMap":{"docs":{"insertions":1,"deletions":1}}},{"hash":"5cc90a152e45080868d0c16b9703d83a0c71f299","isMergeCommit":false,"messageTitle":"Update AboutUs for Yi Hao","messageBody":"","fileTypesAndContributionMap":{"docs":{"insertions":5,"deletions":7}}},{"hash":"2b95725962c22e18c6a9b703f557812c97d28e32","isMergeCommit":true,"messageTitle":"Merge pull request #2 from YHWong20/feature","messageBody":"Update AboutUs for Yi Hao","fileTypesAndContributionMap":{}},{"hash":"ddb3247872939dbdf943dfe640d79f560030089e","isMergeCommit":true,"messageTitle":"Merge pull request #1 from AY2324S2-CS2113T-T09-2/master","messageBody":"Tutorial PR","fileTypesAndContributionMap":{}},{"hash":"9d7d5dbb15b35eaa21ebcba0990eab4fd7ad2c46","isMergeCommit":false,"messageTitle":"Update AboutUs image for Yi Hao","messageBody":"","fileTypesAndContributionMap":{"docs":{"insertions":1,"deletions":1}}},{"hash":"6dd1e9da657b6ea5ac27a55ac8d2daad6c5ce702","isMergeCommit":true,"messageTitle":"Merge pull request #2 from YHWong20/feature","messageBody":"Feature","fileTypesAndContributionMap":{}},{"hash":"c5faf1b91a149eb4bc2242ba56dbe317bef59e81","isMergeCommit":true,"messageTitle":"Merge pull request #9 from YHWong20/master","messageBody":"Merge","fileTypesAndContributionMap":{}}]},{"date":"2024-03-11","commitResults":[{"hash":"16e1110885e1c180ba3a9b9da6521384fab4f905","isMergeCommit":false,"messageTitle":"Update package names","messageBody":"","fileTypesAndContributionMap":{"other":{"insertions":2,"deletions":2}}},{"hash":"203eee395e808ef4f58634f2ae8de73c7f58dd2d","isMergeCommit":false,"messageTitle":"Add ItemList class","messageBody":"","fileTypesAndContributionMap":{"functional-code":{"insertions":28,"deletions":0}}},{"hash":"4647893b7e2166dafd2e99bc3eecb710d9282255","isMergeCommit":false,"messageTitle":"Add Item class","messageBody":"","fileTypesAndContributionMap":{"functional-code":{"insertions":24,"deletions":0}}},{"hash":"0d4df548ad014c86ba78ef8eb31e8eaa57537815","isMergeCommit":false,"messageTitle":"Update application name in gradle config","messageBody":"","fileTypesAndContributionMap":{"other":{"insertions":1,"deletions":1}}}]},{"date":"2024-03-12","commitResults":[{"hash":"8224a7ec4e7bfb23d035551ab94e2d873364a7fb","isMergeCommit":true,"messageTitle":"Merge pull request #26 from PureUsagi/feature-DeleteCommand","messageBody":"Command and DeleteCommand Feature","fileTypesAndContributionMap":{}}]},{"date":"2024-03-13","commitResults":[{"hash":"f1621c4469b5ad1d06bb938fcfd4f4e5412bb844","isMergeCommit":true,"messageTitle":"Merge pull request #29 from nur-haziq/AddListCommand","messageBody":"Add ListCommand.java","fileTypesAndContributionMap":{}}]},{"date":"2024-03-14","commitResults":[{"hash":"2b96af2aaa55aef021a526e449062165ad44221b","isMergeCommit":true,"messageTitle":"Merge pull request #33 from XavierLiau34/master","messageBody":"Parser","fileTypesAndContributionMap":{}},{"hash":"1f2c1bfa9138e6d6af98e8a80339f7dbe3e5f510","isMergeCommit":false,"messageTitle":"Update file and package names","messageBody":"","fileTypesAndContributionMap":{"functional-code":{"insertions":0,"deletions":21},"other":{"insertions":2,"deletions":2},"test-code":{"insertions":0,"deletions":12}}},{"hash":"5cfe5db7bcb35ab0be8aab4fa875850fbafff270","isMergeCommit":false,"messageTitle":"Add application execution logic to main method","messageBody":"","fileTypesAndContributionMap":{"functional-code":{"insertions":33,"deletions":0}}},{"hash":"38a0529e9c32fed1ad6f2df615391baaceb0c4d2","isMergeCommit":false,"messageTitle":"Add unit test for BinBash main method","messageBody":"","fileTypesAndContributionMap":{"test-code":{"insertions":61,"deletions":0}}},{"hash":"1c031f1cf73446b6c1fe6497919aa44ddc51bf12","isMergeCommit":false,"messageTitle":"Add ByeCommand class","messageBody":"","fileTypesAndContributionMap":{"functional-code":{"insertions":16,"deletions":0}}},{"hash":"36f9e3e68a20f0cebb85fd25ba830ac639609c92","isMergeCommit":false,"messageTitle":"Add ByeCommand creation logic to Parser","messageBody":"","fileTypesAndContributionMap":{"functional-code":{"insertions":2,"deletions":1}}},{"hash":"73d1d7138886f8a8f2e2970f51ca161206eacd4d","isMergeCommit":false,"messageTitle":"Update Ui helper methods","messageBody":"","fileTypesAndContributionMap":{"functional-code":{"insertions":16,"deletions":2}}},{"hash":"c2a5455b9becc2e849dc72e3ab00df996ca3a112","isMergeCommit":false,"messageTitle":"Update formatting for newline character","messageBody":"","fileTypesAndContributionMap":{"functional-code":{"insertions":7,"deletions":7}}},{"hash":"760b963120c1dff82621f3579f4b8996513c0a08","isMergeCommit":false,"messageTitle":"Update formatting for newline character","messageBody":"","fileTypesAndContributionMap":{"functional-code":{"insertions":7,"deletions":7}}},{"hash":"15c907e59a1616f0b5071f76669add473a43f5c0","isMergeCommit":false,"messageTitle":"Update newline character formatting in unit test","messageBody":"","fileTypesAndContributionMap":{"test-code":{"insertions":13,"deletions":12}}}]}],"imanamirshah":[{"date":"2024-03-07","commitResults":[{"hash":"5d1d4fbdd090381110c7c99532281bac58718a70","isMergeCommit":false,"messageTitle":"docs: Update AboutUs.md","messageBody":"","fileTypesAndContributionMap":{"docs":{"insertions":4,"deletions":5}}},{"hash":"20039de4033d6f74fb6b534ae3e8906edfbd79c5","isMergeCommit":true,"messageTitle":"Merge branch \u0027master\u0027 into U-AboutUs","messageBody":"# Conflicts:\n#\tdocs/AboutUs.md\n","fileTypesAndContributionMap":{}},{"hash":"af9c0f164c0594baf90057b101748ee59197b655","isMergeCommit":true,"messageTitle":"Merge branch \u0027master\u0027 into U-AboutUs","messageBody":"# Conflicts:\n#\tdocs/AboutUs.md\n","fileTypesAndContributionMap":{}},{"hash":"94d26c39669e3874f768a6a07ac0d8272e015375","isMergeCommit":true,"messageTitle":"Merge pull request #5 from imanamirshah/U-AboutUs","messageBody":"Update AboutUs.md","fileTypesAndContributionMap":{}},{"hash":"54507cf0ed835adea74a8083d071fb974e2fb63b","isMergeCommit":true,"messageTitle":"Merge pull request #6 from AY2324S2-CS2113T-T09-2/U-AboutUs","messageBody":"Update AboutUs.md","fileTypesAndContributionMap":{}}]},{"date":"2024-03-14","commitResults":[{"hash":"a04064eff878307ee5e61eafd256efbda0f7dd60","isMergeCommit":false,"messageTitle":"Add AddCommand class","messageBody":"","fileTypesAndContributionMap":{"functional-code":{"insertions":23,"deletions":0}}},{"hash":"1d65384e87ba67939838c7a069747f63417b1637","isMergeCommit":false,"messageTitle":"Add addItem method for ItemList class","messageBody":"","fileTypesAndContributionMap":{"functional-code":{"insertions":6,"deletions":1}}},{"hash":"07772f24f8647ec4847ec93f38740d7205fcd762","isMergeCommit":true,"messageTitle":"Merge branch \u0027master\u0027 into feature-AddCommand","messageBody":"","fileTypesAndContributionMap":{}},{"hash":"a16ad5090a3983fb865d8ee974b1650b4d067a66","isMergeCommit":false,"messageTitle":"Add newline to end of AddCommand class","messageBody":"","fileTypesAndContributionMap":{"functional-code":{"insertions":1,"deletions":1}}},{"hash":"e19c686d888998b9d969647d3d8b06d7a5a3449b","isMergeCommit":false,"messageTitle":"Add JUnit test for addItem method in ItemList class","messageBody":"","fileTypesAndContributionMap":{"test-code":{"insertions":21,"deletions":0}}},{"hash":"1f3475cb525d942c62c6f048a5c8764f3e3ed109","isMergeCommit":false,"messageTitle":"Add JUnit test for execute method in AddCommand class","messageBody":"","fileTypesAndContributionMap":{"test-code":{"insertions":18,"deletions":0}}},{"hash":"08249bcd6ed730cf2d201eed10a0c8070eaf57cc","isMergeCommit":false,"messageTitle":"Remove unused import in AddCommandTest class","messageBody":"","fileTypesAndContributionMap":{"test-code":{"insertions":0,"deletions":1}}},{"hash":"ebb6e165c9f61ba89b89ef5c79378c62378ce795","isMergeCommit":false,"messageTitle":"Modify execute_item_oneItemInItemList method in AddCommandTest class","messageBody":"","fileTypesAndContributionMap":{"test-code":{"insertions":2,"deletions":1}}}]}],"XavierLiau34":[{"date":"2024-03-14","commitResults":[{"hash":"c9bfff0d1df288846bcc34cee74ed46729f1bff3","isMergeCommit":false,"messageTitle":"Parser","messageBody":"","fileTypesAndContributionMap":{"functional-code":{"insertions":45,"deletions":0}}},{"hash":"9c5cff099172ea8f11c70dadfca34a5e69476b59","isMergeCommit":false,"messageTitle":"Parser","messageBody":"","fileTypesAndContributionMap":{"functional-code":{"insertions":2,"deletions":1}}},{"hash":"ce3a5c3688660d5f916f9073dda33b7b170e7887","isMergeCommit":true,"messageTitle":"Merge branch \u0027AY2324S2-CS2113T-T09-2:master\u0027 into master","messageBody":"","fileTypesAndContributionMap":{}},{"hash":"0a7ba07aba56f9d2166a2bcf728201bdee8cd490","isMergeCommit":false,"messageTitle":"Parser","messageBody":"","fileTypesAndContributionMap":{"functional-code":{"insertions":2,"deletions":46}}},{"hash":"77d2c4dd0460f82c182193a2b564b9234e9c67b9","isMergeCommit":false,"messageTitle":"Parser","messageBody":"","fileTypesAndContributionMap":{"functional-code":{"insertions":43,"deletions":1}}},{"hash":"f5256e8b7e97e694db731f9b4c603ec151ce1034","isMergeCommit":false,"messageTitle":"Parser","messageBody":"","fileTypesAndContributionMap":{"functional-code":{"insertions":7,"deletions":6}}}]}],"PureUsagi":[{"date":"2024-03-07","commitResults":[{"hash":"34a4d0fa3b8a38d8cd62c0c23b03dd6d35026169","isMergeCommit":true,"messageTitle":"Merge branch \u0027master\u0027 of https://github.com/AY2324S2-CS2113T-T09-2/tp","messageBody":"","fileTypesAndContributionMap":{}},{"hash":"e3d9076444b7909f003e553d7a816bc0dad2e13f","isMergeCommit":false,"messageTitle":"Update aboutus.md","messageBody":"","fileTypesAndContributionMap":{"docs":{"insertions":7,"deletions":6}}},{"hash":"fb4f3faa0e3e83755546980466b21e0b896758da","isMergeCommit":true,"messageTitle":"Merge branch \u0027UpdateAboutUs\u0027","messageBody":"","fileTypesAndContributionMap":{}},{"hash":"4fba3b96fe34e419dcbb55320a3d92c6cb514b48","isMergeCommit":true,"messageTitle":"Merge pull request #7 from PureUsagi/master","messageBody":"Update About Us","fileTypesAndContributionMap":{}},{"hash":"484b5be4db0c2d324f285dc8a5917ac8389a74f0","isMergeCommit":false,"messageTitle":"Add Image to aboutus.md","messageBody":"","fileTypesAndContributionMap":{"docs":{"insertions":7,"deletions":7}}},{"hash":"2efbce1ee89639083c1734fd015e24b522d9b629","isMergeCommit":true,"messageTitle":"Merge pull request #8 from PureUsagi/AddImage","messageBody":"Add Image to aboutus.md","fileTypesAndContributionMap":{}}]},{"date":"2024-03-11","commitResults":[{"hash":"3f467dc1984f766cfd54384cafa9aed3ff8e61ff","isMergeCommit":true,"messageTitle":"Merge pull request #23 from YHWong20/feature-ItemList","messageBody":"Item and ItemList Feature","fileTypesAndContributionMap":{}},{"hash":"e26934f6cef7e19f8b1c5945a49bc71e88c2a7ab","isMergeCommit":true,"messageTitle":"Merge branch \u0027master\u0027 of https://github.com/AY2324S2-CS2113T-T09-2/tp","messageBody":"","fileTypesAndContributionMap":{}},{"hash":"58750f929de79baf60fa83d0e997ab1ef52c11e8","isMergeCommit":false,"messageTitle":"Add Command abstract class.","messageBody":"","fileTypesAndContributionMap":{"functional-code":{"insertions":16,"deletions":0}}},{"hash":"0939422c7153df5e1d59158877abed3903f4568e","isMergeCommit":false,"messageTitle":"Add deleteItem method to ItemList class.","messageBody":"","fileTypesAndContributionMap":{"functional-code":{"insertions":9,"deletions":0}}},{"hash":"32eababf78e2580de50fdbdfb30771ae91781df9","isMergeCommit":false,"messageTitle":"Add Delete Command Class.","messageBody":"","fileTypesAndContributionMap":{"functional-code":{"insertions":21,"deletions":0}}},{"hash":"eb7789fbaa720ea9f64926a3387828f7082df78d","isMergeCommit":false,"messageTitle":"Reformat code to be compliant with checkstyle.","messageBody":"","fileTypesAndContributionMap":{"functional-code":{"insertions":5,"deletions":4}}}]},{"date":"2024-03-12","commitResults":[{"hash":"15ab9d7e2ff62cb34f21b1d159e3bb131a1cd79a","isMergeCommit":false,"messageTitle":"Changed Constant COMMAND_WORD to COMMAND_STRING.","messageBody":"","fileTypesAndContributionMap":{"functional-code":{"insertions":1,"deletions":1}}},{"hash":"292f6bedad0d178ff02b53d45c873b5e5776d9fc","isMergeCommit":false,"messageTitle":"Simplify Delete method in ItemList.","messageBody":"","fileTypesAndContributionMap":{"functional-code":{"insertions":1,"deletions":2}}}]},{"date":"2024-03-14","commitResults":[{"hash":"db453cea5294ec554db8afe80a93ebe0aa10b70b","isMergeCommit":false,"messageTitle":"Add getItemCount method in ItemList class.","messageBody":"","fileTypesAndContributionMap":{"functional-code":{"insertions":5,"deletions":0}}},{"hash":"3276083c7dfe022e8758c8c14935b24af0deb8f5","isMergeCommit":false,"messageTitle":"Add Junit test for deleteItem method in ItemList class","messageBody":"","fileTypesAndContributionMap":{"test-code":{"insertions":19,"deletions":0}}},{"hash":"be5e1b395764a5c786c2cfe0e2f95df68de0971c","isMergeCommit":false,"messageTitle":"Resolve checkstyle issues in ItemListTest class","messageBody":"","fileTypesAndContributionMap":{"test-code":{"insertions":2,"deletions":2}}},{"hash":"a8e66d4aaa289cb4a2143c45122705b900c84c8b","isMergeCommit":true,"messageTitle":"Merge pull request #34 from imanamirshah/feature-AddCommand","messageBody":"Add feature to add items into ItemList ","fileTypesAndContributionMap":{}},{"hash":"75bb1149005dbf312e8c0e0a73884bc7b1940923","isMergeCommit":true,"messageTitle":"Merge branch \u0027JunitTest-Delete\u0027","messageBody":"# Conflicts:\n#\tsrc/main/java/seedu/binbash/ItemList.java\n","fileTypesAndContributionMap":{}},{"hash":"ae45014622d53e17521ba77916a67f3b18bc7ed2","isMergeCommit":true,"messageTitle":"Merge pull request #41 from nur-haziq/ImplementAddCommandFunctionality","messageBody":"Implement add command functionality","fileTypesAndContributionMap":{}}]}],"nur-haziq":[{"date":"2024-03-07","commitResults":[{"hash":"59a01f2e993ec769836e18925e4db2785371f5cd","isMergeCommit":false,"messageTitle":"Update details","messageBody":"","fileTypesAndContributionMap":{"docs":{"insertions":1,"deletions":5}}},{"hash":"fa5da1fe68e93234f75e3fecff96373b695ecb8d","isMergeCommit":true,"messageTitle":"Merge branch \u0027master\u0027 of https://github.com/AY2324S2-CS2113T-T09-2/tp into AddHaziqName","messageBody":"# Conflicts:\n#\tdocs/AboutUs.md\n","fileTypesAndContributionMap":{}},{"hash":"b4a3e5d53ae75702a5ea0389f3e9f3d72cf1ee0e","isMergeCommit":true,"messageTitle":"Merge pull request #3 from nur-haziq/AddHaziqName","messageBody":"Update details","fileTypesAndContributionMap":{}}]},{"date":"2024-03-13","commitResults":[{"hash":"7c0fdcbbb6381be9a19829ab19e3497411f6a6be","isMergeCommit":false,"messageTitle":"Add ListCommand.java","messageBody":"Add skeleton code for ListCommand class\n","fileTypesAndContributionMap":{"functional-code":{"insertions":20,"deletions":0}}},{"hash":"24d8f4c68275ac72f84baf8d382becacd6148ac0","isMergeCommit":false,"messageTitle":"ItemList.java: Add method to print list","messageBody":"","fileTypesAndContributionMap":{"functional-code":{"insertions":20,"deletions":0}}}]},{"date":"2024-03-14","commitResults":[{"hash":"7b38eb31e1ee9efc45d27b718c903babc40a8641","isMergeCommit":true,"messageTitle":"Merge pull request #35 from PureUsagi/master","messageBody":"Add Junit Test Code for deleteItem","fileTypesAndContributionMap":{}},{"hash":"8928a9e7c1a2dd6cea426d42f32d8c19899fb48e","isMergeCommit":true,"messageTitle":"Merge pull request #37 from imanamirshah/JUnitTest-Add","messageBody":"Add JUnit test for addItem","fileTypesAndContributionMap":{}},{"hash":"2f9776cbaf3d865a8b286a2e760822f224336161","isMergeCommit":true,"messageTitle":"Merge pull request #38 from YHWong20/feature-updateMain","messageBody":"Add application logic to main method of BinBash class","fileTypesAndContributionMap":{}},{"hash":"221bf5ffad233e4ee88f405af3983d73884d10f3","isMergeCommit":false,"messageTitle":"AddCommand.java: Update regex pattern for add command","messageBody":"","fileTypesAndContributionMap":{"functional-code":{"insertions":5,"deletions":1}}},{"hash":"41a5fa7c5d0c58657dad1a2024d231e0c524e0dd","isMergeCommit":false,"messageTitle":"feat: Add ability to add items into the list","messageBody":"","fileTypesAndContributionMap":{"functional-code":{"insertions":18,"deletions":6}}},{"hash":"3d65a163b01aa00deab89dba1135cf03846eacfb","isMergeCommit":false,"messageTitle":"Parser.java: Remove unused imports","messageBody":"","fileTypesAndContributionMap":{"functional-code":{"insertions":4,"deletions":3}}},{"hash":"7df615df2c0aa3be6babce641db089db41295f17","isMergeCommit":false,"messageTitle":"Parser.java: Add necessary imports","messageBody":"","fileTypesAndContributionMap":{"functional-code":{"insertions":1,"deletions":0}}},{"hash":"255e160789993c8dce0e6cae531121d73a11eba0","isMergeCommit":true,"messageTitle":"Merge pull request #40 from nkotaa/39-add-ui-test","messageBody":"Add basic JUnit test for Ui","fileTypesAndContributionMap":{}}]}],"nkotaa":[{"date":"2024-03-07","commitResults":[{"hash":"e5b0c339321d6ad064b59622149a6b1e940fdb88","isMergeCommit":false,"messageTitle":"Update Personal Information","messageBody":"","fileTypesAndContributionMap":{"docs":{"insertions":1,"deletions":5}}},{"hash":"35d28f946e69d35e2448bd007d54c23fc13b7476","isMergeCommit":true,"messageTitle":"Merge branch \u0027update-pages-readme\u0027","messageBody":"","fileTypesAndContributionMap":{}},{"hash":"3bd8d25d580f19188a7dbf0b9740c21b29042e7a","isMergeCommit":true,"messageTitle":"Resolve Conflicts","messageBody":"","fileTypesAndContributionMap":{}},{"hash":"13f97636ba88f15aad9f2a8343903fb31aa1e795","isMergeCommit":true,"messageTitle":"Merge pull request #4 from nkotaa/update-pages-readme","messageBody":"Update pages readme","fileTypesAndContributionMap":{}}]},{"date":"2024-03-13","commitResults":[{"hash":"d6eeee7b77238aaa80b1d02165a2da3179196619","isMergeCommit":false,"messageTitle":"Add Skeleton Ui Class","messageBody":"","fileTypesAndContributionMap":{"functional-code":{"insertions":21,"deletions":0}}},{"hash":"7e6d5e1f8fbbcbc435734313b9836c435add9613","isMergeCommit":false,"messageTitle":"Add Rudimentary Helper Methods","messageBody":"","fileTypesAndContributionMap":{"functional-code":{"insertions":12,"deletions":0}}},{"hash":"ab50b4753e95bd2f6e50e018a532b5c933d2031f","isMergeCommit":true,"messageTitle":"Merge pull request #28 from nkotaa/add-ui","messageBody":"Add Skeleton UI","fileTypesAndContributionMap":{}}]},{"date":"2024-03-14","commitResults":[{"hash":"ce3bd469b76d2cfdfbc5095756c5f82b246b3b57","isMergeCommit":false,"messageTitle":"Add basic JUnit test for Ui","messageBody":"There are no tests for Ui.\n\nAdding tests improve coverage and code robustness.\n","fileTypesAndContributionMap":{"test-code":{"insertions":36,"deletions":0}}},{"hash":"cb23bd0d2f694aea15e2f5a1a914f22f10749f8a","isMergeCommit":false,"messageTitle":"Fix improper test behaviour on Windows","messageBody":"","fileTypesAndContributionMap":{"functional-code":{"insertions":1,"deletions":1},"test-code":{"insertions":1,"deletions":1}}},{"hash":"efbaf813fc91910fc67ba864cab5325b2270f96a","isMergeCommit":false,"messageTitle":"Refactor to meet checkstyle requirement","messageBody":"","fileTypesAndContributionMap":{"test-code":{"insertions":2,"deletions":1}}},{"hash":"20f196c36d3b1ffbaa452cf883131a1f250e7448","isMergeCommit":true,"messageTitle":"Merge branch \u0027master\u0027 into 39-add-ui-test","messageBody":"","fileTypesAndContributionMap":{}}]}]},"authorFileTypeContributionMap":{"YHWong20":{"docs":4,"functional-code":117,"test-code":62,"other":2},"imanamirshah":{"docs":3,"functional-code":28,"test-code":39},"XavierLiau34":{"docs":0,"functional-code":39,"test-code":0},"PureUsagi":{"docs":4,"functional-code":52,"test-code":18},"nur-haziq":{"docs":0,"functional-code":65,"test-code":0},"nkotaa":{"docs":0,"functional-code":31,"test-code":37}},"authorContributionVariance":{"YHWong20":2302.2766,"imanamirshah":255.71428,"XavierLiau34":1061.6326,"PureUsagi":187.29707,"nur-haziq":130.66667,"nkotaa":126.37187},"authorDisplayNameMap":{"YHWong20":"CS2113T-T09-2 WONG.. HAO","imanamirshah":"CS2113T-T09-2 SYED..SHAH","XavierLiau34":"CS2113T-T09-2 XAVI..MING","PureUsagi":"CS2113T-T09-2 NG J.. HAN","nur-haziq":"CS2113T-T09-2 NUR ..AKRI","nkotaa":"CS2113T-T09-2 NG K..KOTA"}}
