[{"path":"docs/AboutUs.md","fileType":"docs","lines":[{"lineNumber":1,"author":{"gitId":"-"},"content":"# About us","lastModifiedDate":"2020-05-24"},{"lineNumber":2,"author":{"gitId":"-"},"content":"","lastModifiedDate":"2020-05-24"},{"lineNumber":3,"author":{"gitId":"-"},"content":"Display |         Name          |               Github Profile                | Portfolio ","lastModifiedDate":"2020-05-24"},{"lineNumber":4,"author":{"gitId":"BryanCastorius"},"content":"--------|:---------------------:|:-------------------------------------------:|:---------:","lastModifiedDate":"2024-03-06"},{"lineNumber":5,"author":{"gitId":"edwardhumi"},"content":"![](https://via.placeholder.com/100.png?text\u003dPhoto) |    Edward Humianto    |   [Github](https://github.com/edwardhumi)   | [Portfolio](docs/team/edwardhumi.md)","lastModifiedDate":"2024-03-06"},{"lineNumber":6,"author":{"gitId":"jasonlienardi"},"content":"![](https://via.placeholder.com/100.png?text\u003dPhoto) |    Jason Lienardi     | [Github](https://github.com/jasonlienardi)  | [Portfolio](docs/team/johndoe.md)","lastModifiedDate":"2024-03-06"},{"lineNumber":7,"author":{"gitId":"claribelho"},"content":"-- |      Claribel Ho      |  [Github] (https://github.com/claribelho)   | [Portfolio] (docs/team/claribelho.md)","lastModifiedDate":"2024-03-06"},{"lineNumber":8,"author":{"gitId":"BryanCastorius"},"content":"![](https://via.placeholder.com/100.png?text\u003dPhoto) | Bryan Castorius Halim | [Github](https://github.com/BryanCastorius) | [Portfolio](docs/team/bryancastorius.md)","lastModifiedDate":"2024-03-06"}],"authorContributionMap":{"edwardhumi":1,"jasonlienardi":1,"BryanCastorius":2,"-":3,"claribelho":1}},{"path":"docs/README.md","fileType":"docs","lines":[{"lineNumber":1,"author":{"gitId":"edwardhumi"},"content":"# FitNUS","lastModifiedDate":"2024-03-06"},{"lineNumber":2,"author":{"gitId":"-"},"content":"","lastModifiedDate":"2019-07-29"},{"lineNumber":3,"author":{"gitId":"-"},"content":"{Give product intro here}","lastModifiedDate":"2020-05-24"},{"lineNumber":4,"author":{"gitId":"-"},"content":"","lastModifiedDate":"2019-07-29"},{"lineNumber":5,"author":{"gitId":"-"},"content":"Useful links:","lastModifiedDate":"2020-05-24"},{"lineNumber":6,"author":{"gitId":"-"},"content":"* [User Guide](UserGuide.md)","lastModifiedDate":"2020-05-24"},{"lineNumber":7,"author":{"gitId":"-"},"content":"* [Developer Guide](DeveloperGuide.md)","lastModifiedDate":"2020-05-24"},{"lineNumber":8,"author":{"gitId":"-"},"content":"* [About Us](AboutUs.md)","lastModifiedDate":"2020-05-24"}],"authorContributionMap":{"edwardhumi":1,"-":7}},{"path":"src/main/java/seedu/duke/CSVReader.java","fileType":"functional-code","lines":[{"lineNumber":1,"author":{"gitId":"tinaliu27"},"content":"package seedu.duke;","lastModifiedDate":"2024-03-17"},{"lineNumber":2,"author":{"gitId":"tinaliu27"},"content":"import java.io.BufferedReader;","lastModifiedDate":"2024-03-17"},{"lineNumber":3,"author":{"gitId":"tinaliu27"},"content":"import java.io.File;","lastModifiedDate":"2024-03-17"},{"lineNumber":4,"author":{"gitId":"tinaliu27"},"content":"import java.io.FileReader;","lastModifiedDate":"2024-03-17"},{"lineNumber":5,"author":{"gitId":"tinaliu27"},"content":"import java.io.IOException;","lastModifiedDate":"2024-03-17"},{"lineNumber":6,"author":{"gitId":"tinaliu27"},"content":"","lastModifiedDate":"2024-03-17"},{"lineNumber":7,"author":{"gitId":"tinaliu27"},"content":"public class CSVReader {","lastModifiedDate":"2024-03-17"},{"lineNumber":8,"author":{"gitId":"edwardhumi"},"content":"    public static final String DELIMITER \u003d \",\";","lastModifiedDate":"2024-03-18"},{"lineNumber":9,"author":{"gitId":"tinaliu27"},"content":"    public static void main(String[] args){","lastModifiedDate":"2024-03-17"},{"lineNumber":10,"author":{"gitId":"tinaliu27"},"content":"        String csvFile \u003d \"./db/Meal_db.csv\";","lastModifiedDate":"2024-03-17"},{"lineNumber":11,"author":{"gitId":"tinaliu27"},"content":"        CSVReader.read(csvFile);","lastModifiedDate":"2024-03-17"},{"lineNumber":12,"author":{"gitId":"tinaliu27"},"content":"    }","lastModifiedDate":"2024-03-17"},{"lineNumber":13,"author":{"gitId":"tinaliu27"},"content":"    public static void read(String filename) {","lastModifiedDate":"2024-03-17"},{"lineNumber":14,"author":{"gitId":"tinaliu27"},"content":"        try{","lastModifiedDate":"2024-03-17"},{"lineNumber":15,"author":{"gitId":"tinaliu27"},"content":"            File file \u003d new File(filename);","lastModifiedDate":"2024-03-17"},{"lineNumber":16,"author":{"gitId":"tinaliu27"},"content":"            FileReader fr \u003d new FileReader(file);","lastModifiedDate":"2024-03-17"},{"lineNumber":17,"author":{"gitId":"tinaliu27"},"content":"            BufferedReader br \u003d new BufferedReader(fr);","lastModifiedDate":"2024-03-17"},{"lineNumber":18,"author":{"gitId":"tinaliu27"},"content":"","lastModifiedDate":"2024-03-17"},{"lineNumber":19,"author":{"gitId":"tinaliu27"},"content":"            String line \u003d \"\";","lastModifiedDate":"2024-03-17"},{"lineNumber":20,"author":{"gitId":"tinaliu27"},"content":"            String[] tempArr;","lastModifiedDate":"2024-03-17"},{"lineNumber":21,"author":{"gitId":"tinaliu27"},"content":"            while ((line \u003d br.readLine()) !\u003d null) {","lastModifiedDate":"2024-03-17"},{"lineNumber":22,"author":{"gitId":"edwardhumi"},"content":"                tempArr \u003d line.split(DELIMITER);","lastModifiedDate":"2024-03-18"},{"lineNumber":23,"author":{"gitId":"tinaliu27"},"content":"                for (String tempStr : tempArr) {","lastModifiedDate":"2024-03-17"},{"lineNumber":24,"author":{"gitId":"tinaliu27"},"content":"                    System.out.print(tempStr + \" \");","lastModifiedDate":"2024-03-17"},{"lineNumber":25,"author":{"gitId":"tinaliu27"},"content":"                }","lastModifiedDate":"2024-03-17"},{"lineNumber":26,"author":{"gitId":"tinaliu27"},"content":"                System.out.println();","lastModifiedDate":"2024-03-17"},{"lineNumber":27,"author":{"gitId":"tinaliu27"},"content":"            }","lastModifiedDate":"2024-03-17"},{"lineNumber":28,"author":{"gitId":"tinaliu27"},"content":"            br.close();","lastModifiedDate":"2024-03-17"},{"lineNumber":29,"author":{"gitId":"tinaliu27"},"content":"        } catch (IOException ex) {","lastModifiedDate":"2024-03-17"},{"lineNumber":30,"author":{"gitId":"tinaliu27"},"content":"            ex.printStackTrace();","lastModifiedDate":"2024-03-17"},{"lineNumber":31,"author":{"gitId":"tinaliu27"},"content":"        }","lastModifiedDate":"2024-03-17"},{"lineNumber":32,"author":{"gitId":"tinaliu27"},"content":"    }","lastModifiedDate":"2024-03-17"},{"lineNumber":33,"author":{"gitId":"tinaliu27"},"content":"}","lastModifiedDate":"2024-03-17"}],"authorContributionMap":{"tinaliu27":31,"edwardhumi":2}},{"path":"src/main/java/seedu/duke/Drink.java","fileType":"functional-code","lines":[{"lineNumber":1,"author":{"gitId":"BryanCastorius"},"content":"package seedu.duke;","lastModifiedDate":"2024-03-18"},{"lineNumber":2,"author":{"gitId":"BryanCastorius"},"content":"","lastModifiedDate":"2024-03-18"},{"lineNumber":3,"author":{"gitId":"BryanCastorius"},"content":"import java.util.HashMap;","lastModifiedDate":"2024-03-18"},{"lineNumber":4,"author":{"gitId":"BryanCastorius"},"content":"","lastModifiedDate":"2024-03-18"},{"lineNumber":5,"author":{"gitId":"BryanCastorius"},"content":"public class Drink {","lastModifiedDate":"2024-03-18"},{"lineNumber":6,"author":{"gitId":"BryanCastorius"},"content":"    private static HashMap\u003cString, int[]\u003e nutrientDetails \u003d new HashMap\u003c\u003e();","lastModifiedDate":"2024-03-18"},{"lineNumber":7,"author":{"gitId":"BryanCastorius"},"content":"    private String name;","lastModifiedDate":"2024-03-18"},{"lineNumber":8,"author":{"gitId":"BryanCastorius"},"content":"    private int drinkVolume;","lastModifiedDate":"2024-03-18"},{"lineNumber":9,"author":{"gitId":"BryanCastorius"},"content":"    private int calories;","lastModifiedDate":"2024-03-18"},{"lineNumber":10,"author":{"gitId":"BryanCastorius"},"content":"    private int carbs;","lastModifiedDate":"2024-03-18"},{"lineNumber":11,"author":{"gitId":"BryanCastorius"},"content":"    private int sugar;","lastModifiedDate":"2024-03-18"},{"lineNumber":12,"author":{"gitId":"BryanCastorius"},"content":"    private int protein;","lastModifiedDate":"2024-03-18"},{"lineNumber":13,"author":{"gitId":"BryanCastorius"},"content":"    private int fat;","lastModifiedDate":"2024-03-18"},{"lineNumber":14,"author":{"gitId":"BryanCastorius"},"content":"","lastModifiedDate":"2024-03-18"},{"lineNumber":15,"author":{"gitId":"BryanCastorius"},"content":"    public Drink(String name, int volume) {","lastModifiedDate":"2024-03-18"},{"lineNumber":16,"author":{"gitId":"BryanCastorius"},"content":"        this.name \u003d name;","lastModifiedDate":"2024-03-18"},{"lineNumber":17,"author":{"gitId":"BryanCastorius"},"content":"        this.drinkVolume \u003d volume;","lastModifiedDate":"2024-03-18"},{"lineNumber":18,"author":{"gitId":"BryanCastorius"},"content":"        setNutrientValues(name);","lastModifiedDate":"2024-03-18"},{"lineNumber":19,"author":{"gitId":"BryanCastorius"},"content":"    }","lastModifiedDate":"2024-03-18"},{"lineNumber":20,"author":{"gitId":"BryanCastorius"},"content":"","lastModifiedDate":"2024-03-18"},{"lineNumber":21,"author":{"gitId":"BryanCastorius"},"content":"    // Add nutrient details per 100 milliliter to the static HashMap","lastModifiedDate":"2024-03-18"},{"lineNumber":22,"author":{"gitId":"BryanCastorius"},"content":"    static {","lastModifiedDate":"2024-03-18"},{"lineNumber":23,"author":{"gitId":"jasonlienardi"},"content":"        nutrientDetails.put(\"sprite\", new int[]{40, 50, 30, 20, 2});","lastModifiedDate":"2024-03-18"},{"lineNumber":24,"author":{"gitId":"jasonlienardi"},"content":"        nutrientDetails.put(\"lemon tea\", new int[]{150, 30, 25, 1, 20});","lastModifiedDate":"2024-03-18"},{"lineNumber":25,"author":{"gitId":"jasonlienardi"},"content":"        nutrientDetails.put(\"milk coffee\", new int[]{20, 27, 25, 4, 3});","lastModifiedDate":"2024-03-18"},{"lineNumber":26,"author":{"gitId":"BryanCastorius"},"content":"    }","lastModifiedDate":"2024-03-18"},{"lineNumber":27,"author":{"gitId":"BryanCastorius"},"content":"","lastModifiedDate":"2024-03-18"},{"lineNumber":28,"author":{"gitId":"BryanCastorius"},"content":"    private void setNutrientValues(String name) {","lastModifiedDate":"2024-03-18"},{"lineNumber":29,"author":{"gitId":"BryanCastorius"},"content":"        int[] nutrients \u003d nutrientDetails.get(name);","lastModifiedDate":"2024-03-18"},{"lineNumber":30,"author":{"gitId":"BryanCastorius"},"content":"        calories \u003d nutrients[0] * drinkVolume / 100;","lastModifiedDate":"2024-03-18"},{"lineNumber":31,"author":{"gitId":"BryanCastorius"},"content":"        carbs \u003d nutrients[1] * drinkVolume / 100;","lastModifiedDate":"2024-03-18"},{"lineNumber":32,"author":{"gitId":"BryanCastorius"},"content":"        sugar \u003d nutrients[2] * drinkVolume / 100;","lastModifiedDate":"2024-03-18"},{"lineNumber":33,"author":{"gitId":"BryanCastorius"},"content":"        protein \u003d nutrients[3] * drinkVolume / 100;","lastModifiedDate":"2024-03-18"},{"lineNumber":34,"author":{"gitId":"BryanCastorius"},"content":"        fat \u003d nutrients[4] * drinkVolume / 100;","lastModifiedDate":"2024-03-18"},{"lineNumber":35,"author":{"gitId":"BryanCastorius"},"content":"    }","lastModifiedDate":"2024-03-18"},{"lineNumber":36,"author":{"gitId":"BryanCastorius"},"content":"","lastModifiedDate":"2024-03-18"},{"lineNumber":37,"author":{"gitId":"jasonlienardi"},"content":"    public static void handleInfoDrink(String command) {","lastModifiedDate":"2024-03-18"},{"lineNumber":38,"author":{"gitId":"jasonlienardi"},"content":"        String name \u003d Parser.parseInfoDrink(command);","lastModifiedDate":"2024-03-18"},{"lineNumber":39,"author":{"gitId":"jasonlienardi"},"content":"        int[] nutrients \u003d nutrientDetails.get(name);","lastModifiedDate":"2024-03-18"},{"lineNumber":40,"author":{"gitId":"BryanCastorius"},"content":"        System.out.println(\"Drink: \" + name);","lastModifiedDate":"2024-03-18"},{"lineNumber":41,"author":{"gitId":"jasonlienardi"},"content":"        System.out.println(\"Calories: \" + nutrients[0]);","lastModifiedDate":"2024-03-18"},{"lineNumber":42,"author":{"gitId":"jasonlienardi"},"content":"        System.out.println(\"Carbs: \" + nutrients[1]);","lastModifiedDate":"2024-03-18"},{"lineNumber":43,"author":{"gitId":"BryanCastorius"},"content":"        // Sugar is part of Carbohydrates","lastModifiedDate":"2024-03-18"},{"lineNumber":44,"author":{"gitId":"jasonlienardi"},"content":"        System.out.println(\"Sugar: \" + nutrients[2]);","lastModifiedDate":"2024-03-18"},{"lineNumber":45,"author":{"gitId":"jasonlienardi"},"content":"        System.out.println(\"Protein: \" + nutrients[3]);","lastModifiedDate":"2024-03-18"},{"lineNumber":46,"author":{"gitId":"jasonlienardi"},"content":"        System.out.println(\"Fat: \" + nutrients[4]);","lastModifiedDate":"2024-03-18"},{"lineNumber":47,"author":{"gitId":"BryanCastorius"},"content":"    }","lastModifiedDate":"2024-03-18"},{"lineNumber":48,"author":{"gitId":"BryanCastorius"},"content":"","lastModifiedDate":"2024-03-18"},{"lineNumber":49,"author":{"gitId":"BryanCastorius"},"content":"    public String getName() {","lastModifiedDate":"2024-03-18"},{"lineNumber":50,"author":{"gitId":"BryanCastorius"},"content":"        return name;","lastModifiedDate":"2024-03-18"},{"lineNumber":51,"author":{"gitId":"BryanCastorius"},"content":"    }","lastModifiedDate":"2024-03-18"},{"lineNumber":52,"author":{"gitId":"BryanCastorius"},"content":"","lastModifiedDate":"2024-03-18"},{"lineNumber":53,"author":{"gitId":"BryanCastorius"},"content":"    public int getDrinkVolumeSize() {","lastModifiedDate":"2024-03-18"},{"lineNumber":54,"author":{"gitId":"BryanCastorius"},"content":"        return drinkVolume;","lastModifiedDate":"2024-03-18"},{"lineNumber":55,"author":{"gitId":"BryanCastorius"},"content":"    }","lastModifiedDate":"2024-03-18"},{"lineNumber":56,"author":{"gitId":"BryanCastorius"},"content":"","lastModifiedDate":"2024-03-18"},{"lineNumber":57,"author":{"gitId":"BryanCastorius"},"content":"    public int getCalories() {","lastModifiedDate":"2024-03-18"},{"lineNumber":58,"author":{"gitId":"BryanCastorius"},"content":"        return calories;","lastModifiedDate":"2024-03-18"},{"lineNumber":59,"author":{"gitId":"BryanCastorius"},"content":"    }","lastModifiedDate":"2024-03-18"},{"lineNumber":60,"author":{"gitId":"BryanCastorius"},"content":"","lastModifiedDate":"2024-03-18"},{"lineNumber":61,"author":{"gitId":"BryanCastorius"},"content":"    public int getCarbs() {","lastModifiedDate":"2024-03-18"},{"lineNumber":62,"author":{"gitId":"BryanCastorius"},"content":"        return carbs;","lastModifiedDate":"2024-03-18"},{"lineNumber":63,"author":{"gitId":"BryanCastorius"},"content":"    }","lastModifiedDate":"2024-03-18"},{"lineNumber":64,"author":{"gitId":"BryanCastorius"},"content":"","lastModifiedDate":"2024-03-18"},{"lineNumber":65,"author":{"gitId":"BryanCastorius"},"content":"    public int getSugar() {","lastModifiedDate":"2024-03-18"},{"lineNumber":66,"author":{"gitId":"BryanCastorius"},"content":"        return sugar;","lastModifiedDate":"2024-03-18"},{"lineNumber":67,"author":{"gitId":"BryanCastorius"},"content":"    }","lastModifiedDate":"2024-03-18"},{"lineNumber":68,"author":{"gitId":"BryanCastorius"},"content":"","lastModifiedDate":"2024-03-18"},{"lineNumber":69,"author":{"gitId":"BryanCastorius"},"content":"    public int getProtein() {","lastModifiedDate":"2024-03-18"},{"lineNumber":70,"author":{"gitId":"BryanCastorius"},"content":"        return protein;","lastModifiedDate":"2024-03-18"},{"lineNumber":71,"author":{"gitId":"BryanCastorius"},"content":"    }","lastModifiedDate":"2024-03-18"},{"lineNumber":72,"author":{"gitId":"BryanCastorius"},"content":"","lastModifiedDate":"2024-03-18"},{"lineNumber":73,"author":{"gitId":"BryanCastorius"},"content":"    public int getFat() {","lastModifiedDate":"2024-03-18"},{"lineNumber":74,"author":{"gitId":"BryanCastorius"},"content":"        return fat;","lastModifiedDate":"2024-03-18"},{"lineNumber":75,"author":{"gitId":"BryanCastorius"},"content":"    }","lastModifiedDate":"2024-03-18"},{"lineNumber":76,"author":{"gitId":"BryanCastorius"},"content":"}","lastModifiedDate":"2024-03-18"}],"authorContributionMap":{"jasonlienardi":11,"BryanCastorius":65}},{"path":"src/main/java/seedu/duke/FitNus.java","fileType":"functional-code","lines":[{"lineNumber":1,"author":{"gitId":"tinaliu27"},"content":"package seedu.duke;","lastModifiedDate":"2024-03-17"},{"lineNumber":2,"author":{"gitId":"tinaliu27"},"content":"","lastModifiedDate":"2024-03-17"},{"lineNumber":3,"author":{"gitId":"tinaliu27"},"content":"public class FitNus {","lastModifiedDate":"2024-03-17"},{"lineNumber":4,"author":{"gitId":"jasonlienardi"},"content":"","lastModifiedDate":"2024-03-18"},{"lineNumber":5,"author":{"gitId":"jasonlienardi"},"content":"    private static Ui ui;","lastModifiedDate":"2024-03-18"},{"lineNumber":6,"author":{"gitId":"jasonlienardi"},"content":"","lastModifiedDate":"2024-03-18"},{"lineNumber":7,"author":{"gitId":"jasonlienardi"},"content":"    public FitNus() {","lastModifiedDate":"2024-03-18"},{"lineNumber":8,"author":{"gitId":"jasonlienardi"},"content":"        ui \u003d new Ui();","lastModifiedDate":"2024-03-18"},{"lineNumber":9,"author":{"gitId":"jasonlienardi"},"content":"    }","lastModifiedDate":"2024-03-18"},{"lineNumber":10,"author":{"gitId":"jasonlienardi"},"content":"","lastModifiedDate":"2024-03-18"},{"lineNumber":11,"author":{"gitId":"jasonlienardi"},"content":"    /** Runs the program until termination.  */","lastModifiedDate":"2024-03-18"},{"lineNumber":12,"author":{"gitId":"jasonlienardi"},"content":"    public void run() {","lastModifiedDate":"2024-03-18"},{"lineNumber":13,"author":{"gitId":"jasonlienardi"},"content":"        ui.printWelcomeMessage();","lastModifiedDate":"2024-03-18"},{"lineNumber":14,"author":{"gitId":"jasonlienardi"},"content":"        while (!ui.isExit) {","lastModifiedDate":"2024-03-18"},{"lineNumber":15,"author":{"gitId":"jasonlienardi"},"content":"            ui.readCommand();","lastModifiedDate":"2024-03-18"},{"lineNumber":16,"author":{"gitId":"jasonlienardi"},"content":"        }","lastModifiedDate":"2024-03-18"},{"lineNumber":17,"author":{"gitId":"jasonlienardi"},"content":"    }","lastModifiedDate":"2024-03-18"},{"lineNumber":18,"author":{"gitId":"jasonlienardi"},"content":"","lastModifiedDate":"2024-03-18"},{"lineNumber":19,"author":{"gitId":"jasonlienardi"},"content":"    public static void main(String[] args) {","lastModifiedDate":"2024-03-18"},{"lineNumber":20,"author":{"gitId":"jasonlienardi"},"content":"        new FitNus().run();","lastModifiedDate":"2024-03-18"},{"lineNumber":21,"author":{"gitId":"jasonlienardi"},"content":"    }","lastModifiedDate":"2024-03-18"},{"lineNumber":22,"author":{"gitId":"jasonlienardi"},"content":"","lastModifiedDate":"2024-03-18"},{"lineNumber":23,"author":{"gitId":"jasonlienardi"},"content":"","lastModifiedDate":"2024-03-18"},{"lineNumber":24,"author":{"gitId":"tinaliu27"},"content":"}","lastModifiedDate":"2024-03-17"}],"authorContributionMap":{"tinaliu27":4,"jasonlienardi":20}},{"path":"src/main/java/seedu/duke/Meal.java","fileType":"functional-code","lines":[{"lineNumber":1,"author":{"gitId":"tinaliu27"},"content":"package seedu.duke;","lastModifiedDate":"2024-03-17"},{"lineNumber":2,"author":{"gitId":"tinaliu27"},"content":"","lastModifiedDate":"2024-03-17"},{"lineNumber":3,"author":{"gitId":"jasonlienardi"},"content":"import java.util.HashMap;","lastModifiedDate":"2024-03-18"},{"lineNumber":4,"author":{"gitId":"jasonlienardi"},"content":"","lastModifiedDate":"2024-03-18"},{"lineNumber":5,"author":{"gitId":"tinaliu27"},"content":"public class Meal {","lastModifiedDate":"2024-03-17"},{"lineNumber":6,"author":{"gitId":"jasonlienardi"},"content":"    private static HashMap\u003cString, int[]\u003e nutrientDetails \u003d new HashMap\u003c\u003e();","lastModifiedDate":"2024-03-18"},{"lineNumber":7,"author":{"gitId":"jasonlienardi"},"content":"    private String name;","lastModifiedDate":"2024-03-18"},{"lineNumber":8,"author":{"gitId":"jasonlienardi"},"content":"    private int servingSize;","lastModifiedDate":"2024-03-17"},{"lineNumber":9,"author":{"gitId":"jasonlienardi"},"content":"    private int calories;","lastModifiedDate":"2024-03-18"},{"lineNumber":10,"author":{"gitId":"jasonlienardi"},"content":"    private int carbs;","lastModifiedDate":"2024-03-18"},{"lineNumber":11,"author":{"gitId":"jasonlienardi"},"content":"    private int protein;","lastModifiedDate":"2024-03-18"},{"lineNumber":12,"author":{"gitId":"jasonlienardi"},"content":"    private int fat;","lastModifiedDate":"2024-03-18"},{"lineNumber":13,"author":{"gitId":"jasonlienardi"},"content":"    private int fiber;","lastModifiedDate":"2024-03-18"},{"lineNumber":14,"author":{"gitId":"jasonlienardi"},"content":"    private int sugar;","lastModifiedDate":"2024-03-18"},{"lineNumber":15,"author":{"gitId":"jasonlienardi"},"content":"","lastModifiedDate":"2024-03-17"},{"lineNumber":16,"author":{"gitId":"jasonlienardi"},"content":"    // Constructor with only serving size and meal name","lastModifiedDate":"2024-03-18"},{"lineNumber":17,"author":{"gitId":"jasonlienardi"},"content":"    public Meal(String name, int servingSize) {","lastModifiedDate":"2024-03-18"},{"lineNumber":18,"author":{"gitId":"jasonlienardi"},"content":"        this.name \u003d name;","lastModifiedDate":"2024-03-17"},{"lineNumber":19,"author":{"gitId":"jasonlienardi"},"content":"        this.servingSize \u003d servingSize;","lastModifiedDate":"2024-03-17"},{"lineNumber":20,"author":{"gitId":"jasonlienardi"},"content":"        setNutrientValues(name); // Assign nutrient values based on the name","lastModifiedDate":"2024-03-18"},{"lineNumber":21,"author":{"gitId":"jasonlienardi"},"content":"    }","lastModifiedDate":"2024-03-17"},{"lineNumber":22,"author":{"gitId":"jasonlienardi"},"content":"","lastModifiedDate":"2024-03-17"},{"lineNumber":23,"author":{"gitId":"jasonlienardi"},"content":"    // Add nutrient details to the static HashMap","lastModifiedDate":"2024-03-18"},{"lineNumber":24,"author":{"gitId":"jasonlienardi"},"content":"    static {","lastModifiedDate":"2024-03-18"},{"lineNumber":25,"author":{"gitId":"jasonlienardi"},"content":"        nutrientDetails.put(\"chicken rice\", new int[]{400, 50, 30, 20, 10, 5});","lastModifiedDate":"2024-03-18"},{"lineNumber":26,"author":{"gitId":"jasonlienardi"},"content":"        nutrientDetails.put(\"fried rice\", new int[]{500, 60, 25, 15, 20, 3});","lastModifiedDate":"2024-03-18"},{"lineNumber":27,"author":{"gitId":"jasonlienardi"},"content":"        nutrientDetails.put(\"pizza\", new int[]{600, 70, 20, 25, 30, 2});","lastModifiedDate":"2024-03-18"},{"lineNumber":28,"author":{"gitId":"jasonlienardi"},"content":"    }","lastModifiedDate":"2024-03-17"},{"lineNumber":29,"author":{"gitId":"jasonlienardi"},"content":"","lastModifiedDate":"2024-03-17"},{"lineNumber":30,"author":{"gitId":"jasonlienardi"},"content":"    // Method to set nutrient values based on meal name","lastModifiedDate":"2024-03-18"},{"lineNumber":31,"author":{"gitId":"jasonlienardi"},"content":"    private void setNutrientValues(String name) {","lastModifiedDate":"2024-03-18"},{"lineNumber":32,"author":{"gitId":"jasonlienardi"},"content":"        int[] nutrients \u003d nutrientDetails.get(name);","lastModifiedDate":"2024-03-18"},{"lineNumber":33,"author":{"gitId":"BryanCastorius"},"content":"        calories \u003d nutrients[0] * servingSize;","lastModifiedDate":"2024-03-18"},{"lineNumber":34,"author":{"gitId":"BryanCastorius"},"content":"        carbs \u003d nutrients[1] * servingSize;","lastModifiedDate":"2024-03-18"},{"lineNumber":35,"author":{"gitId":"BryanCastorius"},"content":"        protein \u003d nutrients[2] * servingSize;","lastModifiedDate":"2024-03-18"},{"lineNumber":36,"author":{"gitId":"BryanCastorius"},"content":"        fat \u003d nutrients[3] * servingSize;","lastModifiedDate":"2024-03-18"},{"lineNumber":37,"author":{"gitId":"BryanCastorius"},"content":"        fiber \u003d nutrients[4] * servingSize;","lastModifiedDate":"2024-03-18"},{"lineNumber":38,"author":{"gitId":"BryanCastorius"},"content":"        sugar \u003d nutrients[5] * servingSize;","lastModifiedDate":"2024-03-18"},{"lineNumber":39,"author":{"gitId":"jasonlienardi"},"content":"    }","lastModifiedDate":"2024-03-17"},{"lineNumber":40,"author":{"gitId":"jasonlienardi"},"content":"","lastModifiedDate":"2024-03-17"},{"lineNumber":41,"author":{"gitId":"jasonlienardi"},"content":"    // Getter methods","lastModifiedDate":"2024-03-18"},{"lineNumber":42,"author":{"gitId":"jasonlienardi"},"content":"    public String getName() {","lastModifiedDate":"2024-03-18"},{"lineNumber":43,"author":{"gitId":"jasonlienardi"},"content":"        return name;","lastModifiedDate":"2024-03-18"},{"lineNumber":44,"author":{"gitId":"jasonlienardi"},"content":"    }","lastModifiedDate":"2024-03-17"},{"lineNumber":45,"author":{"gitId":"jasonlienardi"},"content":"","lastModifiedDate":"2024-03-17"},{"lineNumber":46,"author":{"gitId":"jasonlienardi"},"content":"    public int getCalories() {","lastModifiedDate":"2024-03-17"},{"lineNumber":47,"author":{"gitId":"BryanCastorius"},"content":"        return calories;","lastModifiedDate":"2024-03-18"},{"lineNumber":48,"author":{"gitId":"jasonlienardi"},"content":"    }","lastModifiedDate":"2024-03-17"},{"lineNumber":49,"author":{"gitId":"jasonlienardi"},"content":"","lastModifiedDate":"2024-03-17"},{"lineNumber":50,"author":{"gitId":"jasonlienardi"},"content":"    public int getCarbs() {","lastModifiedDate":"2024-03-17"},{"lineNumber":51,"author":{"gitId":"BryanCastorius"},"content":"        return carbs;","lastModifiedDate":"2024-03-18"},{"lineNumber":52,"author":{"gitId":"jasonlienardi"},"content":"    }","lastModifiedDate":"2024-03-17"},{"lineNumber":53,"author":{"gitId":"jasonlienardi"},"content":"","lastModifiedDate":"2024-03-17"},{"lineNumber":54,"author":{"gitId":"jasonlienardi"},"content":"    public int getProtein() {","lastModifiedDate":"2024-03-17"},{"lineNumber":55,"author":{"gitId":"BryanCastorius"},"content":"        return protein;","lastModifiedDate":"2024-03-18"},{"lineNumber":56,"author":{"gitId":"jasonlienardi"},"content":"    }","lastModifiedDate":"2024-03-17"},{"lineNumber":57,"author":{"gitId":"jasonlienardi"},"content":"","lastModifiedDate":"2024-03-17"},{"lineNumber":58,"author":{"gitId":"jasonlienardi"},"content":"    public int getFat() {","lastModifiedDate":"2024-03-17"},{"lineNumber":59,"author":{"gitId":"BryanCastorius"},"content":"        return fat;","lastModifiedDate":"2024-03-18"},{"lineNumber":60,"author":{"gitId":"jasonlienardi"},"content":"    }","lastModifiedDate":"2024-03-17"},{"lineNumber":61,"author":{"gitId":"jasonlienardi"},"content":"","lastModifiedDate":"2024-03-17"},{"lineNumber":62,"author":{"gitId":"jasonlienardi"},"content":"    public int getFiber() {","lastModifiedDate":"2024-03-17"},{"lineNumber":63,"author":{"gitId":"BryanCastorius"},"content":"        return fiber;","lastModifiedDate":"2024-03-18"},{"lineNumber":64,"author":{"gitId":"jasonlienardi"},"content":"    }","lastModifiedDate":"2024-03-17"},{"lineNumber":65,"author":{"gitId":"jasonlienardi"},"content":"","lastModifiedDate":"2024-03-17"},{"lineNumber":66,"author":{"gitId":"jasonlienardi"},"content":"    public int getSugar() {","lastModifiedDate":"2024-03-17"},{"lineNumber":67,"author":{"gitId":"BryanCastorius"},"content":"        return sugar;","lastModifiedDate":"2024-03-18"},{"lineNumber":68,"author":{"gitId":"jasonlienardi"},"content":"    }","lastModifiedDate":"2024-03-18"},{"lineNumber":69,"author":{"gitId":"jasonlienardi"},"content":"","lastModifiedDate":"2024-03-18"},{"lineNumber":70,"author":{"gitId":"jasonlienardi"},"content":"    // Method to print all meal info","lastModifiedDate":"2024-03-18"},{"lineNumber":71,"author":{"gitId":"jasonlienardi"},"content":"    public static void handleInfoMeal(String command) {","lastModifiedDate":"2024-03-18"},{"lineNumber":72,"author":{"gitId":"jasonlienardi"},"content":"        String name \u003d Parser.parseInfoMeal(command);","lastModifiedDate":"2024-03-18"},{"lineNumber":73,"author":{"gitId":"jasonlienardi"},"content":"        int[] nutrients \u003d nutrientDetails.get(name);","lastModifiedDate":"2024-03-18"},{"lineNumber":74,"author":{"gitId":"jasonlienardi"},"content":"        System.out.println(\"Meal: \" + name);","lastModifiedDate":"2024-03-18"},{"lineNumber":75,"author":{"gitId":"jasonlienardi"},"content":"        System.out.println(\"Calories: \" + nutrients[0]);","lastModifiedDate":"2024-03-18"},{"lineNumber":76,"author":{"gitId":"jasonlienardi"},"content":"        System.out.println(\"Carbs: \" + nutrients[1]);","lastModifiedDate":"2024-03-18"},{"lineNumber":77,"author":{"gitId":"jasonlienardi"},"content":"        System.out.println(\"Protein: \" + nutrients[2]);","lastModifiedDate":"2024-03-18"},{"lineNumber":78,"author":{"gitId":"jasonlienardi"},"content":"        System.out.println(\"Fat: \" + nutrients[3]);","lastModifiedDate":"2024-03-18"},{"lineNumber":79,"author":{"gitId":"jasonlienardi"},"content":"        System.out.println(\"Fiber: \" + nutrients[4]);","lastModifiedDate":"2024-03-18"},{"lineNumber":80,"author":{"gitId":"jasonlienardi"},"content":"        System.out.println(\"Sugar: \" + nutrients[5]);","lastModifiedDate":"2024-03-18"},{"lineNumber":81,"author":{"gitId":"jasonlienardi"},"content":"    }","lastModifiedDate":"2024-03-17"},{"lineNumber":82,"author":{"gitId":"tinaliu27"},"content":"","lastModifiedDate":"2024-03-17"},{"lineNumber":83,"author":{"gitId":"tinaliu27"},"content":"}","lastModifiedDate":"2024-03-17"}],"authorContributionMap":{"tinaliu27":5,"jasonlienardi":66,"BryanCastorius":12}},{"path":"src/main/java/seedu/duke/Parser.java","fileType":"functional-code","lines":[{"lineNumber":1,"author":{"gitId":"edwardhumi"},"content":"package seedu.duke;","lastModifiedDate":"2024-03-17"},{"lineNumber":2,"author":{"gitId":"edwardhumi"},"content":"","lastModifiedDate":"2024-03-17"},{"lineNumber":3,"author":{"gitId":"claribelho"},"content":"import seedu.duke.user.User;","lastModifiedDate":"2024-03-18"},{"lineNumber":4,"author":{"gitId":"claribelho"},"content":"","lastModifiedDate":"2024-03-18"},{"lineNumber":5,"author":{"gitId":"edwardhumi"},"content":"public class Parser {","lastModifiedDate":"2024-03-17"},{"lineNumber":6,"author":{"gitId":"edwardhumi"},"content":"    public static String mealDescription;","lastModifiedDate":"2024-03-17"},{"lineNumber":7,"author":{"gitId":"edwardhumi"},"content":"    public static int mealSize;","lastModifiedDate":"2024-03-17"},{"lineNumber":8,"author":{"gitId":"edwardhumi"},"content":"    public static String drinkDescription;","lastModifiedDate":"2024-03-17"},{"lineNumber":9,"author":{"gitId":"edwardhumi"},"content":"    public static int drinkSize;","lastModifiedDate":"2024-03-17"},{"lineNumber":10,"author":{"gitId":"edwardhumi"},"content":"    public static int waterSize;","lastModifiedDate":"2024-03-17"},{"lineNumber":11,"author":{"gitId":"edwardhumi"},"content":"    public static int editMealIndex;","lastModifiedDate":"2024-03-17"},{"lineNumber":12,"author":{"gitId":"edwardhumi"},"content":"    public static int editMealSize;","lastModifiedDate":"2024-03-17"},{"lineNumber":13,"author":{"gitId":"edwardhumi"},"content":"    public static int editDrinkIndex;","lastModifiedDate":"2024-03-17"},{"lineNumber":14,"author":{"gitId":"edwardhumi"},"content":"    public static int editDrinkSize;","lastModifiedDate":"2024-03-17"},{"lineNumber":15,"author":{"gitId":"edwardhumi"},"content":"    public static int editWaterSize;","lastModifiedDate":"2024-03-17"},{"lineNumber":16,"author":{"gitId":"jasonlienardi"},"content":"    private User user;","lastModifiedDate":"2024-03-18"},{"lineNumber":17,"author":{"gitId":"edwardhumi"},"content":"","lastModifiedDate":"2024-03-17"},{"lineNumber":18,"author":{"gitId":"jasonlienardi"},"content":"    public Parser() {","lastModifiedDate":"2024-03-18"},{"lineNumber":19,"author":{"gitId":"jasonlienardi"},"content":"        this.user \u003d new User();","lastModifiedDate":"2024-03-18"},{"lineNumber":20,"author":{"gitId":"jasonlienardi"},"content":"    }","lastModifiedDate":"2024-03-18"},{"lineNumber":21,"author":{"gitId":"jasonlienardi"},"content":"    public void handleCommand(String command) {","lastModifiedDate":"2024-03-18"},{"lineNumber":22,"author":{"gitId":"edwardhumi"},"content":"        if (command.equals(\"help\")) {","lastModifiedDate":"2024-03-18"},{"lineNumber":23,"author":{"gitId":"edwardhumi"},"content":"            handleHelp();","lastModifiedDate":"2024-03-18"},{"lineNumber":24,"author":{"gitId":"edwardhumi"},"content":"        } else if (command.startsWith(\"ate\")) {","lastModifiedDate":"2024-03-18"},{"lineNumber":25,"author":{"gitId":"jasonlienardi"},"content":"            user.handleMeal(command);","lastModifiedDate":"2024-03-18"},{"lineNumber":26,"author":{"gitId":"edwardhumi"},"content":"        } else if (command.startsWith(\"drink\")) {","lastModifiedDate":"2024-03-18"},{"lineNumber":27,"author":{"gitId":"jasonlienardi"},"content":"            user.handleDrink(command);","lastModifiedDate":"2024-03-18"},{"lineNumber":28,"author":{"gitId":"jasonlienardi"},"content":"        } else if (command.startsWith(\"water\")) {","lastModifiedDate":"2024-03-18"},{"lineNumber":29,"author":{"gitId":"jasonlienardi"},"content":"            user.handleWater(command);","lastModifiedDate":"2024-03-18"},{"lineNumber":30,"author":{"gitId":"edwardhumi"},"content":"        }else if (command.startsWith(\"infoMeal\")) {","lastModifiedDate":"2024-03-18"},{"lineNumber":31,"author":{"gitId":"jasonlienardi"},"content":"            Meal.handleInfoMeal(command);","lastModifiedDate":"2024-03-18"},{"lineNumber":32,"author":{"gitId":"edwardhumi"},"content":"        } else if (command.startsWith(\"infoDrink\")) {","lastModifiedDate":"2024-03-18"},{"lineNumber":33,"author":{"gitId":"jasonlienardi"},"content":"            Drink.handleInfoDrink(command);","lastModifiedDate":"2024-03-18"},{"lineNumber":34,"author":{"gitId":"edwardhumi"},"content":"        } else if (command.equals(\"viewCalories\")) {","lastModifiedDate":"2024-03-18"},{"lineNumber":35,"author":{"gitId":"jasonlienardi"},"content":"            user.handleViewCalories();","lastModifiedDate":"2024-03-18"},{"lineNumber":36,"author":{"gitId":"edwardhumi"},"content":"        } else if (command.equals(\"viewCarbohydrates\")) {","lastModifiedDate":"2024-03-18"},{"lineNumber":37,"author":{"gitId":"jasonlienardi"},"content":"            user.handleViewCarbohydrates();","lastModifiedDate":"2024-03-18"},{"lineNumber":38,"author":{"gitId":"jasonlienardi"},"content":"        } else if (command.equals(\"viewProtein\")) {","lastModifiedDate":"2024-03-18"},{"lineNumber":39,"author":{"gitId":"jasonlienardi"},"content":"            user.handleViewProteins();","lastModifiedDate":"2024-03-18"},{"lineNumber":40,"author":{"gitId":"jasonlienardi"},"content":"        } else if (command.equals(\"viewSugar\")) {","lastModifiedDate":"2024-03-18"},{"lineNumber":41,"author":{"gitId":"jasonlienardi"},"content":"            user.handleViewSugar();","lastModifiedDate":"2024-03-18"},{"lineNumber":42,"author":{"gitId":"jasonlienardi"},"content":"        }else if (command.equals(\"viewFat\")) {","lastModifiedDate":"2024-03-18"},{"lineNumber":43,"author":{"gitId":"jasonlienardi"},"content":"            user.handleViewFat();","lastModifiedDate":"2024-03-18"},{"lineNumber":44,"author":{"gitId":"edwardhumi"},"content":"        } else if (command.equals(\"viewWater\")) {","lastModifiedDate":"2024-03-18"},{"lineNumber":45,"author":{"gitId":"jasonlienardi"},"content":"            user.handleViewWaterIntake();","lastModifiedDate":"2024-03-18"},{"lineNumber":46,"author":{"gitId":"edwardhumi"},"content":"        } else if (command.equals(\"viewFiber\")) {","lastModifiedDate":"2024-03-18"},{"lineNumber":47,"author":{"gitId":"jasonlienardi"},"content":"            user.handleViewFiber();","lastModifiedDate":"2024-03-18"},{"lineNumber":48,"author":{"gitId":"edwardhumi"},"content":"        } else if (command.equals(\"listMeals\")) {","lastModifiedDate":"2024-03-18"},{"lineNumber":49,"author":{"gitId":"jasonlienardi"},"content":"            user.handleListMeals();","lastModifiedDate":"2024-03-18"},{"lineNumber":50,"author":{"gitId":"edwardhumi"},"content":"        } else if (command.equals(\"listDrinks\")) {","lastModifiedDate":"2024-03-18"},{"lineNumber":51,"author":{"gitId":"jasonlienardi"},"content":"            user.handleListDrinks();","lastModifiedDate":"2024-03-18"},{"lineNumber":52,"author":{"gitId":"edwardhumi"},"content":"        } else if (command.equals(\"listEverything\")) {","lastModifiedDate":"2024-03-18"},{"lineNumber":53,"author":{"gitId":"jasonlienardi"},"content":"            user.handleListEverything();","lastModifiedDate":"2024-03-18"},{"lineNumber":54,"author":{"gitId":"edwardhumi"},"content":"        } else if (command.startsWith(\"editMealServingSize\")) {","lastModifiedDate":"2024-03-18"},{"lineNumber":55,"author":{"gitId":"edwardhumi"},"content":"            //handleEditMealServingSize(command);","lastModifiedDate":"2024-03-18"},{"lineNumber":56,"author":{"gitId":"edwardhumi"},"content":"        } else if (command.startsWith(\"editDrinkServingSize\")) {","lastModifiedDate":"2024-03-18"},{"lineNumber":57,"author":{"gitId":"edwardhumi"},"content":"            //handleEditDrinkServingSize(command);","lastModifiedDate":"2024-03-18"},{"lineNumber":58,"author":{"gitId":"edwardhumi"},"content":"        } else if (command.startsWith(\"editWaterIntake\")) {","lastModifiedDate":"2024-03-18"},{"lineNumber":59,"author":{"gitId":"edwardhumi"},"content":"            //handleEditWaterIntake(command);","lastModifiedDate":"2024-03-18"},{"lineNumber":60,"author":{"gitId":"edwardhumi"},"content":"        } else if (command.startsWith(\"deleteMeal\")) {","lastModifiedDate":"2024-03-18"},{"lineNumber":61,"author":{"gitId":"jasonlienardi"},"content":"            user.handleDeleteMeal(command);","lastModifiedDate":"2024-03-18"},{"lineNumber":62,"author":{"gitId":"edwardhumi"},"content":"        } else if (command.startsWith(\"deleteDrink\")) {","lastModifiedDate":"2024-03-18"},{"lineNumber":63,"author":{"gitId":"jasonlienardi"},"content":"            user.handleDeleteDrink(command);","lastModifiedDate":"2024-03-18"},{"lineNumber":64,"author":{"gitId":"edwardhumi"},"content":"        } else if (command.equals(\"clear\")) {","lastModifiedDate":"2024-03-18"},{"lineNumber":65,"author":{"gitId":"jasonlienardi"},"content":"            user.handleClear();","lastModifiedDate":"2024-03-18"},{"lineNumber":66,"author":{"gitId":"edwardhumi"},"content":"        } else {","lastModifiedDate":"2024-03-18"},{"lineNumber":67,"author":{"gitId":"edwardhumi"},"content":"            System.out.println(\"Invalid command\");","lastModifiedDate":"2024-03-18"},{"lineNumber":68,"author":{"gitId":"edwardhumi"},"content":"        }","lastModifiedDate":"2024-03-18"},{"lineNumber":69,"author":{"gitId":"edwardhumi"},"content":"    }","lastModifiedDate":"2024-03-18"},{"lineNumber":70,"author":{"gitId":"edwardhumi"},"content":"","lastModifiedDate":"2024-03-18"},{"lineNumber":71,"author":{"gitId":"edwardhumi"},"content":"    public static void handleHelp() {","lastModifiedDate":"2024-03-18"},{"lineNumber":72,"author":{"gitId":"edwardhumi"},"content":"        System.out.println(\"Add a meal eaten: ate m/MEAL s/SERVING_SIZE\");","lastModifiedDate":"2024-03-18"},{"lineNumber":73,"author":{"gitId":"edwardhumi"},"content":"        System.out.println(\"Add a drink: d/DRINK s/SERVING_SIZE\");","lastModifiedDate":"2024-03-18"},{"lineNumber":74,"author":{"gitId":"edwardhumi"},"content":"        System.out.println(\"Add water: water s/SERVING_SIZE\");","lastModifiedDate":"2024-03-18"},{"lineNumber":75,"author":{"gitId":"edwardhumi"},"content":"        System.out.println(\"Find the information about a certain meal: infoMeal MEAL\");","lastModifiedDate":"2024-03-18"},{"lineNumber":76,"author":{"gitId":"edwardhumi"},"content":"        System.out.println(\"Find the information about a certain drink: infoDrink DRINK\");","lastModifiedDate":"2024-03-18"},{"lineNumber":77,"author":{"gitId":"edwardhumi"},"content":"        System.out.println(\"View daily calories consumed: viewCalories\");","lastModifiedDate":"2024-03-18"},{"lineNumber":78,"author":{"gitId":"edwardhumi"},"content":"        System.out.println(\"View daily carbohydrates consumed: viewCarbohydrates\");","lastModifiedDate":"2024-03-18"},{"lineNumber":79,"author":{"gitId":"jasonlienardi"},"content":"        System.out.println(\"View daily proteins consumed: viewProtein\");","lastModifiedDate":"2024-03-18"},{"lineNumber":80,"author":{"gitId":"edwardhumi"},"content":"        System.out.println(\"View daily fat consumed: viewFat\");","lastModifiedDate":"2024-03-18"},{"lineNumber":81,"author":{"gitId":"edwardhumi"},"content":"        System.out.println(\"View daily sugar consumed: viewSugar\");","lastModifiedDate":"2024-03-18"},{"lineNumber":82,"author":{"gitId":"edwardhumi"},"content":"        System.out.println(\"View daily water consumption: viewWater\");","lastModifiedDate":"2024-03-18"},{"lineNumber":83,"author":{"gitId":"edwardhumi"},"content":"        System.out.println(\"View daily fiber consumed: viewFiber\");","lastModifiedDate":"2024-03-18"},{"lineNumber":84,"author":{"gitId":"edwardhumi"},"content":"        System.out.println(\"List meal intake: listMeals\");","lastModifiedDate":"2024-03-18"},{"lineNumber":85,"author":{"gitId":"edwardhumi"},"content":"        System.out.println(\"List drink intake: listDrinks\");","lastModifiedDate":"2024-03-18"},{"lineNumber":86,"author":{"gitId":"edwardhumi"},"content":"        System.out.println(\"List entire food intake for the day: listEverything\");","lastModifiedDate":"2024-03-18"},{"lineNumber":87,"author":{"gitId":"edwardhumi"},"content":"        System.out.println(\"Edit an existing meal after inserted: editMealServingSize INDEX s/NEW_SERVING_SIZE\");","lastModifiedDate":"2024-03-18"},{"lineNumber":88,"author":{"gitId":"edwardhumi"},"content":"        System.out.println(\"Edit an existing drink after inserted: editDrinkServingSize INDEX s/NEW_SERVING_SIZE\");","lastModifiedDate":"2024-03-18"},{"lineNumber":89,"author":{"gitId":"edwardhumi"},"content":"        System.out.println(\"Edit water intake after inserted: editWaterIntake s/TOTAL_WATER_INTAKE\");","lastModifiedDate":"2024-03-18"},{"lineNumber":90,"author":{"gitId":"edwardhumi"},"content":"        System.out.println(\"Delete certain meal entry: deleteMeal INDEX\");","lastModifiedDate":"2024-03-18"},{"lineNumber":91,"author":{"gitId":"edwardhumi"},"content":"        System.out.println(\"Delete certain drink entry: deleteDrink INDEX\");","lastModifiedDate":"2024-03-18"},{"lineNumber":92,"author":{"gitId":"edwardhumi"},"content":"        System.out.println(\"Clear all entries: clear\");","lastModifiedDate":"2024-03-18"},{"lineNumber":93,"author":{"gitId":"edwardhumi"},"content":"        System.out.println(\"Exit the app: exit \");","lastModifiedDate":"2024-03-18"},{"lineNumber":94,"author":{"gitId":"edwardhumi"},"content":"    }","lastModifiedDate":"2024-03-18"},{"lineNumber":95,"author":{"gitId":"edwardhumi"},"content":"","lastModifiedDate":"2024-03-18"},{"lineNumber":96,"author":{"gitId":"edwardhumi"},"content":"    public static void parseMeal(String command) {","lastModifiedDate":"2024-03-17"},{"lineNumber":97,"author":{"gitId":"edwardhumi"},"content":"        int descriptionIndex \u003d command.indexOf(\"m/\") + 2;","lastModifiedDate":"2024-03-17"},{"lineNumber":98,"author":{"gitId":"edwardhumi"},"content":"        int sizeIndex \u003d command.indexOf(\"s/\") + 2;","lastModifiedDate":"2024-03-17"},{"lineNumber":99,"author":{"gitId":"edwardhumi"},"content":"        mealDescription \u003d command.substring(descriptionIndex, sizeIndex - 2).trim();","lastModifiedDate":"2024-03-17"},{"lineNumber":100,"author":{"gitId":"edwardhumi"},"content":"        mealSize \u003d Integer.parseInt(command.substring(sizeIndex).trim());","lastModifiedDate":"2024-03-17"},{"lineNumber":101,"author":{"gitId":"edwardhumi"},"content":"    }","lastModifiedDate":"2024-03-17"},{"lineNumber":102,"author":{"gitId":"edwardhumi"},"content":"","lastModifiedDate":"2024-03-17"},{"lineNumber":103,"author":{"gitId":"edwardhumi"},"content":"    public static void parseDrink(String command) {","lastModifiedDate":"2024-03-17"},{"lineNumber":104,"author":{"gitId":"edwardhumi"},"content":"        int descriptionIndex \u003d command.indexOf(\"d/\") + 2;","lastModifiedDate":"2024-03-17"},{"lineNumber":105,"author":{"gitId":"edwardhumi"},"content":"        int sizeIndex \u003d command.indexOf(\"s/\") + 2;","lastModifiedDate":"2024-03-17"},{"lineNumber":106,"author":{"gitId":"edwardhumi"},"content":"        drinkDescription \u003d command.substring(descriptionIndex, sizeIndex - 2).trim();","lastModifiedDate":"2024-03-17"},{"lineNumber":107,"author":{"gitId":"edwardhumi"},"content":"        drinkSize \u003d Integer.parseInt(command.substring(sizeIndex).trim());","lastModifiedDate":"2024-03-17"},{"lineNumber":108,"author":{"gitId":"edwardhumi"},"content":"    }","lastModifiedDate":"2024-03-17"},{"lineNumber":109,"author":{"gitId":"edwardhumi"},"content":"","lastModifiedDate":"2024-03-17"},{"lineNumber":110,"author":{"gitId":"edwardhumi"},"content":"    public static void parseWater(String command) {","lastModifiedDate":"2024-03-17"},{"lineNumber":111,"author":{"gitId":"edwardhumi"},"content":"        int sizeIndex \u003d command.indexOf(\"s/\") + 2;","lastModifiedDate":"2024-03-17"},{"lineNumber":112,"author":{"gitId":"edwardhumi"},"content":"        waterSize \u003d Integer.parseInt(command.substring(sizeIndex).trim());","lastModifiedDate":"2024-03-17"},{"lineNumber":113,"author":{"gitId":"edwardhumi"},"content":"    }","lastModifiedDate":"2024-03-17"},{"lineNumber":114,"author":{"gitId":"edwardhumi"},"content":"","lastModifiedDate":"2024-03-17"},{"lineNumber":115,"author":{"gitId":"edwardhumi"},"content":"    public static String parseInfoMeal(String command) {","lastModifiedDate":"2024-03-17"},{"lineNumber":116,"author":{"gitId":"edwardhumi"},"content":"        int mealIndex \u003d 9;","lastModifiedDate":"2024-03-17"},{"lineNumber":117,"author":{"gitId":"edwardhumi"},"content":"        return command.substring(mealIndex).trim();","lastModifiedDate":"2024-03-17"},{"lineNumber":118,"author":{"gitId":"edwardhumi"},"content":"    }","lastModifiedDate":"2024-03-17"},{"lineNumber":119,"author":{"gitId":"edwardhumi"},"content":"","lastModifiedDate":"2024-03-17"},{"lineNumber":120,"author":{"gitId":"edwardhumi"},"content":"    public static String parseInfoDrink(String command) {","lastModifiedDate":"2024-03-17"},{"lineNumber":121,"author":{"gitId":"edwardhumi"},"content":"        int drinkIndex \u003d 10;","lastModifiedDate":"2024-03-17"},{"lineNumber":122,"author":{"gitId":"edwardhumi"},"content":"        return command.substring(drinkIndex).trim();","lastModifiedDate":"2024-03-17"},{"lineNumber":123,"author":{"gitId":"edwardhumi"},"content":"    }","lastModifiedDate":"2024-03-17"},{"lineNumber":124,"author":{"gitId":"edwardhumi"},"content":"","lastModifiedDate":"2024-03-17"},{"lineNumber":125,"author":{"gitId":"edwardhumi"},"content":"    public static void parseEditMeal(String command) {","lastModifiedDate":"2024-03-17"},{"lineNumber":126,"author":{"gitId":"edwardhumi"},"content":"        int mealSizePosition \u003d command.indexOf(\"s/\");","lastModifiedDate":"2024-03-17"},{"lineNumber":127,"author":{"gitId":"edwardhumi"},"content":"        int mealIndexPosition \u003d 20;","lastModifiedDate":"2024-03-17"},{"lineNumber":128,"author":{"gitId":"edwardhumi"},"content":"        editMealIndex \u003d Integer.parseInt(command.substring(mealIndexPosition, mealSizePosition).trim());","lastModifiedDate":"2024-03-17"},{"lineNumber":129,"author":{"gitId":"edwardhumi"},"content":"        editMealSize \u003d Integer.parseInt(command.substring(mealSizePosition + 2).trim());","lastModifiedDate":"2024-03-17"},{"lineNumber":130,"author":{"gitId":"edwardhumi"},"content":"    }","lastModifiedDate":"2024-03-17"},{"lineNumber":131,"author":{"gitId":"edwardhumi"},"content":"","lastModifiedDate":"2024-03-17"},{"lineNumber":132,"author":{"gitId":"edwardhumi"},"content":"    public static void parseEditDrink(String command) {","lastModifiedDate":"2024-03-17"},{"lineNumber":133,"author":{"gitId":"edwardhumi"},"content":"        int drinkSizePosition \u003d command.indexOf(\"s/\");","lastModifiedDate":"2024-03-17"},{"lineNumber":134,"author":{"gitId":"edwardhumi"},"content":"        int drinkIndexPosition \u003d 21;","lastModifiedDate":"2024-03-17"},{"lineNumber":135,"author":{"gitId":"edwardhumi"},"content":"        editDrinkIndex \u003d Integer.parseInt(command.substring(drinkIndexPosition, drinkSizePosition).trim());","lastModifiedDate":"2024-03-17"},{"lineNumber":136,"author":{"gitId":"edwardhumi"},"content":"        editDrinkSize \u003d Integer.parseInt(command.substring(drinkSizePosition + 2).trim());","lastModifiedDate":"2024-03-17"},{"lineNumber":137,"author":{"gitId":"edwardhumi"},"content":"    }","lastModifiedDate":"2024-03-17"},{"lineNumber":138,"author":{"gitId":"edwardhumi"},"content":"","lastModifiedDate":"2024-03-17"},{"lineNumber":139,"author":{"gitId":"edwardhumi"},"content":"    public static void parseEditWater(String command) {","lastModifiedDate":"2024-03-17"},{"lineNumber":140,"author":{"gitId":"edwardhumi"},"content":"        int waterSizePosition \u003d command.indexOf(\"s/\") + 2;","lastModifiedDate":"2024-03-17"},{"lineNumber":141,"author":{"gitId":"edwardhumi"},"content":"        editWaterSize \u003d Integer.parseInt(command.substring(waterSizePosition).trim());","lastModifiedDate":"2024-03-17"},{"lineNumber":142,"author":{"gitId":"edwardhumi"},"content":"    }","lastModifiedDate":"2024-03-17"},{"lineNumber":143,"author":{"gitId":"edwardhumi"},"content":"}","lastModifiedDate":"2024-03-17"}],"authorContributionMap":{"edwardhumi":113,"jasonlienardi":28,"claribelho":2}},{"path":"src/main/java/seedu/duke/Ui.java","fileType":"functional-code","lines":[{"lineNumber":1,"author":{"gitId":"jasonlienardi"},"content":"package seedu.duke;","lastModifiedDate":"2024-03-18"},{"lineNumber":2,"author":{"gitId":"jasonlienardi"},"content":"","lastModifiedDate":"2024-03-18"},{"lineNumber":3,"author":{"gitId":"jasonlienardi"},"content":"import java.util.Scanner;","lastModifiedDate":"2024-03-18"},{"lineNumber":4,"author":{"gitId":"jasonlienardi"},"content":"","lastModifiedDate":"2024-03-18"},{"lineNumber":5,"author":{"gitId":"jasonlienardi"},"content":"public class Ui {","lastModifiedDate":"2024-03-18"},{"lineNumber":6,"author":{"gitId":"jasonlienardi"},"content":"    public static final String LINE \u003d \"_________________________________________________________________\";","lastModifiedDate":"2024-03-18"},{"lineNumber":7,"author":{"gitId":"jasonlienardi"},"content":"    static Scanner input \u003d new Scanner(System.in);","lastModifiedDate":"2024-03-18"},{"lineNumber":8,"author":{"gitId":"jasonlienardi"},"content":"    /** Specifies whether user has input the exit command  */","lastModifiedDate":"2024-03-18"},{"lineNumber":9,"author":{"gitId":"jasonlienardi"},"content":"    public boolean isExit \u003d false;","lastModifiedDate":"2024-03-18"},{"lineNumber":10,"author":{"gitId":"jasonlienardi"},"content":"","lastModifiedDate":"2024-03-18"},{"lineNumber":11,"author":{"gitId":"jasonlienardi"},"content":"    private Parser parser \u003d new Parser();","lastModifiedDate":"2024-03-18"},{"lineNumber":12,"author":{"gitId":"jasonlienardi"},"content":"","lastModifiedDate":"2024-03-18"},{"lineNumber":13,"author":{"gitId":"jasonlienardi"},"content":"    /** Prints the welcome message upon the start of the application  */","lastModifiedDate":"2024-03-18"},{"lineNumber":14,"author":{"gitId":"jasonlienardi"},"content":"    public void printWelcomeMessage() {","lastModifiedDate":"2024-03-18"},{"lineNumber":15,"author":{"gitId":"jasonlienardi"},"content":"        System.out.println(LINE);","lastModifiedDate":"2024-03-18"},{"lineNumber":16,"author":{"gitId":"jasonlienardi"},"content":"        System.out.println(\"Hello! Welcome to FitNUS\");","lastModifiedDate":"2024-03-18"},{"lineNumber":17,"author":{"gitId":"jasonlienardi"},"content":"        System.out.println(\"What would you like to track today?\");","lastModifiedDate":"2024-03-18"},{"lineNumber":18,"author":{"gitId":"jasonlienardi"},"content":"        System.out.println(LINE);","lastModifiedDate":"2024-03-18"},{"lineNumber":19,"author":{"gitId":"jasonlienardi"},"content":"    }","lastModifiedDate":"2024-03-18"},{"lineNumber":20,"author":{"gitId":"jasonlienardi"},"content":"","lastModifiedDate":"2024-03-18"},{"lineNumber":21,"author":{"gitId":"jasonlienardi"},"content":"    public void handleExit() {","lastModifiedDate":"2024-03-18"},{"lineNumber":22,"author":{"gitId":"jasonlienardi"},"content":"        System.out.println(\"Bye. Hope to see you again soon!\");","lastModifiedDate":"2024-03-18"},{"lineNumber":23,"author":{"gitId":"jasonlienardi"},"content":"        input.close();","lastModifiedDate":"2024-03-18"},{"lineNumber":24,"author":{"gitId":"jasonlienardi"},"content":"        isExit \u003d true;","lastModifiedDate":"2024-03-18"},{"lineNumber":25,"author":{"gitId":"jasonlienardi"},"content":"    }","lastModifiedDate":"2024-03-18"},{"lineNumber":26,"author":{"gitId":"jasonlienardi"},"content":"","lastModifiedDate":"2024-03-18"},{"lineNumber":27,"author":{"gitId":"jasonlienardi"},"content":"    public static void showLine() {","lastModifiedDate":"2024-03-18"},{"lineNumber":28,"author":{"gitId":"jasonlienardi"},"content":"        System.out.println(LINE);","lastModifiedDate":"2024-03-18"},{"lineNumber":29,"author":{"gitId":"jasonlienardi"},"content":"    }","lastModifiedDate":"2024-03-18"},{"lineNumber":30,"author":{"gitId":"jasonlienardi"},"content":"","lastModifiedDate":"2024-03-18"},{"lineNumber":31,"author":{"gitId":"jasonlienardi"},"content":"    public void readCommand() {","lastModifiedDate":"2024-03-18"},{"lineNumber":32,"author":{"gitId":"jasonlienardi"},"content":"        String command \u003d input.nextLine();","lastModifiedDate":"2024-03-18"},{"lineNumber":33,"author":{"gitId":"jasonlienardi"},"content":"        showLine();","lastModifiedDate":"2024-03-18"},{"lineNumber":34,"author":{"gitId":"jasonlienardi"},"content":"        if (command.equals(\"exit\")) {","lastModifiedDate":"2024-03-18"},{"lineNumber":35,"author":{"gitId":"jasonlienardi"},"content":"            handleExit();","lastModifiedDate":"2024-03-18"},{"lineNumber":36,"author":{"gitId":"jasonlienardi"},"content":"        } else {","lastModifiedDate":"2024-03-18"},{"lineNumber":37,"author":{"gitId":"jasonlienardi"},"content":"            parser.handleCommand(command);","lastModifiedDate":"2024-03-18"},{"lineNumber":38,"author":{"gitId":"jasonlienardi"},"content":"        }","lastModifiedDate":"2024-03-18"},{"lineNumber":39,"author":{"gitId":"jasonlienardi"},"content":"        showLine();","lastModifiedDate":"2024-03-18"},{"lineNumber":40,"author":{"gitId":"jasonlienardi"},"content":"    }","lastModifiedDate":"2024-03-18"},{"lineNumber":41,"author":{"gitId":"jasonlienardi"},"content":"}","lastModifiedDate":"2024-03-18"}],"authorContributionMap":{"jasonlienardi":41}},{"path":"src/main/java/seedu/duke/Water.java","fileType":"functional-code","lines":[{"lineNumber":1,"author":{"gitId":"tinaliu27"},"content":"package seedu.duke;","lastModifiedDate":"2024-03-17"},{"lineNumber":2,"author":{"gitId":"tinaliu27"},"content":"","lastModifiedDate":"2024-03-17"},{"lineNumber":3,"author":{"gitId":"tinaliu27"},"content":"public class Water {","lastModifiedDate":"2024-03-17"},{"lineNumber":4,"author":{"gitId":"jasonlienardi"},"content":"    private int waterIntake;","lastModifiedDate":"2024-03-18"},{"lineNumber":5,"author":{"gitId":"BryanCastorius"},"content":"","lastModifiedDate":"2024-03-18"},{"lineNumber":6,"author":{"gitId":"BryanCastorius"},"content":"    public Water(int waterIntake) {","lastModifiedDate":"2024-03-18"},{"lineNumber":7,"author":{"gitId":"jasonlienardi"},"content":"        this.waterIntake \u003d waterIntake;","lastModifiedDate":"2024-03-18"},{"lineNumber":8,"author":{"gitId":"BryanCastorius"},"content":"    }","lastModifiedDate":"2024-03-18"},{"lineNumber":9,"author":{"gitId":"BryanCastorius"},"content":"","lastModifiedDate":"2024-03-18"},{"lineNumber":10,"author":{"gitId":"BryanCastorius"},"content":"    public int getWater() {","lastModifiedDate":"2024-03-18"},{"lineNumber":11,"author":{"gitId":"BryanCastorius"},"content":"        return waterIntake;","lastModifiedDate":"2024-03-18"},{"lineNumber":12,"author":{"gitId":"BryanCastorius"},"content":"    }","lastModifiedDate":"2024-03-18"},{"lineNumber":13,"author":{"gitId":"tinaliu27"},"content":"}","lastModifiedDate":"2024-03-17"}],"authorContributionMap":{"tinaliu27":4,"jasonlienardi":2,"BryanCastorius":7}},{"path":"src/main/java/seedu/duke/user/User.java","fileType":"functional-code","lines":[{"lineNumber":1,"author":{"gitId":"claribelho"},"content":"package seedu.duke.user;","lastModifiedDate":"2024-03-18"},{"lineNumber":2,"author":{"gitId":"claribelho"},"content":"","lastModifiedDate":"2024-03-18"},{"lineNumber":3,"author":{"gitId":"claribelho"},"content":"import seedu.duke.Drink;","lastModifiedDate":"2024-03-18"},{"lineNumber":4,"author":{"gitId":"claribelho"},"content":"import seedu.duke.Meal;","lastModifiedDate":"2024-03-18"},{"lineNumber":5,"author":{"gitId":"claribelho"},"content":"import seedu.duke.Parser;","lastModifiedDate":"2024-03-18"},{"lineNumber":6,"author":{"gitId":"claribelho"},"content":"import seedu.duke.Water;","lastModifiedDate":"2024-03-18"},{"lineNumber":7,"author":{"gitId":"claribelho"},"content":"","lastModifiedDate":"2024-03-18"},{"lineNumber":8,"author":{"gitId":"claribelho"},"content":"import java.util.ArrayList;","lastModifiedDate":"2024-03-18"},{"lineNumber":9,"author":{"gitId":"claribelho"},"content":"","lastModifiedDate":"2024-03-18"},{"lineNumber":10,"author":{"gitId":"claribelho"},"content":"public class User {","lastModifiedDate":"2024-03-18"},{"lineNumber":11,"author":{"gitId":"claribelho"},"content":"    protected static ArrayList\u003cMeal\u003e mealList;","lastModifiedDate":"2024-03-18"},{"lineNumber":12,"author":{"gitId":"claribelho"},"content":"    protected static ArrayList\u003cDrink\u003e drinkList;","lastModifiedDate":"2024-03-18"},{"lineNumber":13,"author":{"gitId":"jasonlienardi"},"content":"    private static ArrayList\u003cWater\u003e totalWaterIntake;","lastModifiedDate":"2024-03-18"},{"lineNumber":14,"author":{"gitId":"claribelho"},"content":"","lastModifiedDate":"2024-03-18"},{"lineNumber":15,"author":{"gitId":"claribelho"},"content":"    public User() {","lastModifiedDate":"2024-03-18"},{"lineNumber":16,"author":{"gitId":"claribelho"},"content":"        mealList \u003d new ArrayList\u003c\u003e();","lastModifiedDate":"2024-03-18"},{"lineNumber":17,"author":{"gitId":"claribelho"},"content":"        drinkList \u003d new ArrayList\u003c\u003e();","lastModifiedDate":"2024-03-18"},{"lineNumber":18,"author":{"gitId":"jasonlienardi"},"content":"        totalWaterIntake \u003d new ArrayList\u003c\u003e();","lastModifiedDate":"2024-03-18"},{"lineNumber":19,"author":{"gitId":"claribelho"},"content":"    }","lastModifiedDate":"2024-03-18"},{"lineNumber":20,"author":{"gitId":"claribelho"},"content":"","lastModifiedDate":"2024-03-18"},{"lineNumber":21,"author":{"gitId":"jasonlienardi"},"content":"    public void handleMeal(String command) {","lastModifiedDate":"2024-03-18"},{"lineNumber":22,"author":{"gitId":"claribelho"},"content":"        Parser.parseMeal(command);","lastModifiedDate":"2024-03-18"},{"lineNumber":23,"author":{"gitId":"claribelho"},"content":"        String mealName \u003d Parser.mealDescription;","lastModifiedDate":"2024-03-18"},{"lineNumber":24,"author":{"gitId":"claribelho"},"content":"        int servingSize \u003d Parser.mealSize;","lastModifiedDate":"2024-03-18"},{"lineNumber":25,"author":{"gitId":"claribelho"},"content":"","lastModifiedDate":"2024-03-18"},{"lineNumber":26,"author":{"gitId":"claribelho"},"content":"        mealList.add(new Meal(mealName, servingSize));","lastModifiedDate":"2024-03-18"},{"lineNumber":27,"author":{"gitId":"claribelho"},"content":"        System.out.println(\"Added \" + servingSize + \" serving of \" + mealName);","lastModifiedDate":"2024-03-18"},{"lineNumber":28,"author":{"gitId":"claribelho"},"content":"    }","lastModifiedDate":"2024-03-18"},{"lineNumber":29,"author":{"gitId":"claribelho"},"content":"","lastModifiedDate":"2024-03-18"},{"lineNumber":30,"author":{"gitId":"jasonlienardi"},"content":"    public void handleDrink(String command) {","lastModifiedDate":"2024-03-18"},{"lineNumber":31,"author":{"gitId":"claribelho"},"content":"        Parser.parseDrink(command);","lastModifiedDate":"2024-03-18"},{"lineNumber":32,"author":{"gitId":"claribelho"},"content":"        String drinkName \u003d Parser.drinkDescription;","lastModifiedDate":"2024-03-18"},{"lineNumber":33,"author":{"gitId":"claribelho"},"content":"        int servingSize \u003d Parser.drinkSize;","lastModifiedDate":"2024-03-18"},{"lineNumber":34,"author":{"gitId":"claribelho"},"content":"","lastModifiedDate":"2024-03-18"},{"lineNumber":35,"author":{"gitId":"jasonlienardi"},"content":"        drinkList.add(new Drink(drinkName, servingSize));","lastModifiedDate":"2024-03-18"},{"lineNumber":36,"author":{"gitId":"jasonlienardi"},"content":"        System.out.println(\"Added \" + servingSize + \" ml of \" + drinkName);","lastModifiedDate":"2024-03-18"},{"lineNumber":37,"author":{"gitId":"claribelho"},"content":"    }","lastModifiedDate":"2024-03-18"},{"lineNumber":38,"author":{"gitId":"claribelho"},"content":"","lastModifiedDate":"2024-03-18"},{"lineNumber":39,"author":{"gitId":"jasonlienardi"},"content":"    public void handleWater(String command) {","lastModifiedDate":"2024-03-18"},{"lineNumber":40,"author":{"gitId":"jasonlienardi"},"content":"        Parser.parseWater(command);","lastModifiedDate":"2024-03-18"},{"lineNumber":41,"author":{"gitId":"jasonlienardi"},"content":"        int volume \u003d Parser.waterSize;","lastModifiedDate":"2024-03-18"},{"lineNumber":42,"author":{"gitId":"jasonlienardi"},"content":"","lastModifiedDate":"2024-03-18"},{"lineNumber":43,"author":{"gitId":"jasonlienardi"},"content":"        totalWaterIntake.add(new Water(volume));","lastModifiedDate":"2024-03-18"},{"lineNumber":44,"author":{"gitId":"jasonlienardi"},"content":"        System.out.println(\"Added \" + volume + \" ml of water\");","lastModifiedDate":"2024-03-18"},{"lineNumber":45,"author":{"gitId":"jasonlienardi"},"content":"    }","lastModifiedDate":"2024-03-18"},{"lineNumber":46,"author":{"gitId":"jasonlienardi"},"content":"    public void handleViewCalories() {","lastModifiedDate":"2024-03-18"},{"lineNumber":47,"author":{"gitId":"claribelho"},"content":"        int caloriesCount \u003d 0;","lastModifiedDate":"2024-03-18"},{"lineNumber":48,"author":{"gitId":"claribelho"},"content":"        for (Meal meal: mealList) {","lastModifiedDate":"2024-03-18"},{"lineNumber":49,"author":{"gitId":"claribelho"},"content":"            caloriesCount +\u003d meal.getCalories();","lastModifiedDate":"2024-03-18"},{"lineNumber":50,"author":{"gitId":"claribelho"},"content":"        }","lastModifiedDate":"2024-03-18"},{"lineNumber":51,"author":{"gitId":"claribelho"},"content":"        for (Drink drink: drinkList) {","lastModifiedDate":"2024-03-18"},{"lineNumber":52,"author":{"gitId":"claribelho"},"content":"            caloriesCount +\u003d drink.getCalories();","lastModifiedDate":"2024-03-18"},{"lineNumber":53,"author":{"gitId":"claribelho"},"content":"        }","lastModifiedDate":"2024-03-18"},{"lineNumber":54,"author":{"gitId":"claribelho"},"content":"        System.out.println(\"Total Calories: \" + caloriesCount);","lastModifiedDate":"2024-03-18"},{"lineNumber":55,"author":{"gitId":"claribelho"},"content":"    }","lastModifiedDate":"2024-03-18"},{"lineNumber":56,"author":{"gitId":"claribelho"},"content":"","lastModifiedDate":"2024-03-18"},{"lineNumber":57,"author":{"gitId":"jasonlienardi"},"content":"    public void handleViewCarbohydrates() {","lastModifiedDate":"2024-03-18"},{"lineNumber":58,"author":{"gitId":"claribelho"},"content":"        int carbohydratesCount \u003d 0;","lastModifiedDate":"2024-03-18"},{"lineNumber":59,"author":{"gitId":"claribelho"},"content":"        for (Meal meal: mealList) {","lastModifiedDate":"2024-03-18"},{"lineNumber":60,"author":{"gitId":"claribelho"},"content":"            carbohydratesCount +\u003d meal.getCarbs();","lastModifiedDate":"2024-03-18"},{"lineNumber":61,"author":{"gitId":"claribelho"},"content":"        }","lastModifiedDate":"2024-03-18"},{"lineNumber":62,"author":{"gitId":"claribelho"},"content":"        for (Drink drink: drinkList) {","lastModifiedDate":"2024-03-18"},{"lineNumber":63,"author":{"gitId":"claribelho"},"content":"            carbohydratesCount +\u003d drink.getCarbs();","lastModifiedDate":"2024-03-18"},{"lineNumber":64,"author":{"gitId":"claribelho"},"content":"        }","lastModifiedDate":"2024-03-18"},{"lineNumber":65,"author":{"gitId":"claribelho"},"content":"        System.out.println(\"Total Carbohydrates: \" + carbohydratesCount);","lastModifiedDate":"2024-03-18"},{"lineNumber":66,"author":{"gitId":"claribelho"},"content":"    }","lastModifiedDate":"2024-03-18"},{"lineNumber":67,"author":{"gitId":"claribelho"},"content":"","lastModifiedDate":"2024-03-18"},{"lineNumber":68,"author":{"gitId":"jasonlienardi"},"content":"    public void handleViewProteins() {","lastModifiedDate":"2024-03-18"},{"lineNumber":69,"author":{"gitId":"claribelho"},"content":"        int proteinCount \u003d 0;","lastModifiedDate":"2024-03-18"},{"lineNumber":70,"author":{"gitId":"claribelho"},"content":"        for (Meal meal: mealList) {","lastModifiedDate":"2024-03-18"},{"lineNumber":71,"author":{"gitId":"claribelho"},"content":"            proteinCount +\u003d meal.getProtein();","lastModifiedDate":"2024-03-18"},{"lineNumber":72,"author":{"gitId":"claribelho"},"content":"        }","lastModifiedDate":"2024-03-18"},{"lineNumber":73,"author":{"gitId":"claribelho"},"content":"        for (Drink drink: drinkList) {","lastModifiedDate":"2024-03-18"},{"lineNumber":74,"author":{"gitId":"claribelho"},"content":"            proteinCount +\u003d drink.getProtein();","lastModifiedDate":"2024-03-18"},{"lineNumber":75,"author":{"gitId":"claribelho"},"content":"        }","lastModifiedDate":"2024-03-18"},{"lineNumber":76,"author":{"gitId":"claribelho"},"content":"        System.out.println(\"Total Proteins: \" + proteinCount);","lastModifiedDate":"2024-03-18"},{"lineNumber":77,"author":{"gitId":"claribelho"},"content":"    }","lastModifiedDate":"2024-03-18"},{"lineNumber":78,"author":{"gitId":"claribelho"},"content":"","lastModifiedDate":"2024-03-18"},{"lineNumber":79,"author":{"gitId":"jasonlienardi"},"content":"    public void handleViewWaterIntake() {","lastModifiedDate":"2024-03-18"},{"lineNumber":80,"author":{"gitId":"jasonlienardi"},"content":"        int waterIntake \u003d 0;","lastModifiedDate":"2024-03-18"},{"lineNumber":81,"author":{"gitId":"jasonlienardi"},"content":"        for (Water water: totalWaterIntake) {","lastModifiedDate":"2024-03-18"},{"lineNumber":82,"author":{"gitId":"jasonlienardi"},"content":"            waterIntake +\u003d water.getWater();","lastModifiedDate":"2024-03-18"},{"lineNumber":83,"author":{"gitId":"jasonlienardi"},"content":"        }","lastModifiedDate":"2024-03-18"},{"lineNumber":84,"author":{"gitId":"jasonlienardi"},"content":"        System.out.println(\"Total water intake: \" + waterIntake + \" ml\");","lastModifiedDate":"2024-03-18"},{"lineNumber":85,"author":{"gitId":"claribelho"},"content":"    }","lastModifiedDate":"2024-03-18"},{"lineNumber":86,"author":{"gitId":"claribelho"},"content":"","lastModifiedDate":"2024-03-18"},{"lineNumber":87,"author":{"gitId":"jasonlienardi"},"content":"    public void handleViewFiber() {","lastModifiedDate":"2024-03-18"},{"lineNumber":88,"author":{"gitId":"claribelho"},"content":"        int fibreCount \u003d 0;","lastModifiedDate":"2024-03-18"},{"lineNumber":89,"author":{"gitId":"claribelho"},"content":"        for (Meal meal: mealList) {","lastModifiedDate":"2024-03-18"},{"lineNumber":90,"author":{"gitId":"claribelho"},"content":"            fibreCount +\u003d meal.getFiber();","lastModifiedDate":"2024-03-18"},{"lineNumber":91,"author":{"gitId":"claribelho"},"content":"        }","lastModifiedDate":"2024-03-18"},{"lineNumber":92,"author":{"gitId":"jasonlienardi"},"content":"        System.out.println(\"Total Fiber: \" + fibreCount);","lastModifiedDate":"2024-03-18"},{"lineNumber":93,"author":{"gitId":"jasonlienardi"},"content":"    }","lastModifiedDate":"2024-03-18"},{"lineNumber":94,"author":{"gitId":"jasonlienardi"},"content":"","lastModifiedDate":"2024-03-18"},{"lineNumber":95,"author":{"gitId":"jasonlienardi"},"content":"    public void handleViewFat() {","lastModifiedDate":"2024-03-18"},{"lineNumber":96,"author":{"gitId":"jasonlienardi"},"content":"        int fatCount \u003d 0;","lastModifiedDate":"2024-03-18"},{"lineNumber":97,"author":{"gitId":"jasonlienardi"},"content":"        for (Meal meal: mealList) {","lastModifiedDate":"2024-03-18"},{"lineNumber":98,"author":{"gitId":"jasonlienardi"},"content":"            fatCount +\u003d meal.getFat();","lastModifiedDate":"2024-03-18"},{"lineNumber":99,"author":{"gitId":"jasonlienardi"},"content":"        }","lastModifiedDate":"2024-03-18"},{"lineNumber":100,"author":{"gitId":"jasonlienardi"},"content":"        for (Drink drink: drinkList) {","lastModifiedDate":"2024-03-18"},{"lineNumber":101,"author":{"gitId":"jasonlienardi"},"content":"            fatCount +\u003d drink.getFat();","lastModifiedDate":"2024-03-18"},{"lineNumber":102,"author":{"gitId":"jasonlienardi"},"content":"        }","lastModifiedDate":"2024-03-18"},{"lineNumber":103,"author":{"gitId":"jasonlienardi"},"content":"        System.out.println(\"Total Fat: \" + fatCount);","lastModifiedDate":"2024-03-18"},{"lineNumber":104,"author":{"gitId":"jasonlienardi"},"content":"    }","lastModifiedDate":"2024-03-18"},{"lineNumber":105,"author":{"gitId":"jasonlienardi"},"content":"","lastModifiedDate":"2024-03-18"},{"lineNumber":106,"author":{"gitId":"jasonlienardi"},"content":"    public void handleViewSugar() {","lastModifiedDate":"2024-03-18"},{"lineNumber":107,"author":{"gitId":"jasonlienardi"},"content":"        int sugarCount \u003d 0;","lastModifiedDate":"2024-03-18"},{"lineNumber":108,"author":{"gitId":"jasonlienardi"},"content":"        for (Meal meal: mealList) {","lastModifiedDate":"2024-03-18"},{"lineNumber":109,"author":{"gitId":"jasonlienardi"},"content":"            sugarCount +\u003d meal.getSugar();","lastModifiedDate":"2024-03-18"},{"lineNumber":110,"author":{"gitId":"jasonlienardi"},"content":"        }","lastModifiedDate":"2024-03-18"},{"lineNumber":111,"author":{"gitId":"jasonlienardi"},"content":"        for (Drink drink: drinkList) {","lastModifiedDate":"2024-03-18"},{"lineNumber":112,"author":{"gitId":"jasonlienardi"},"content":"            sugarCount +\u003d drink.getSugar();","lastModifiedDate":"2024-03-18"},{"lineNumber":113,"author":{"gitId":"jasonlienardi"},"content":"        }","lastModifiedDate":"2024-03-18"},{"lineNumber":114,"author":{"gitId":"jasonlienardi"},"content":"        System.out.println(\"Total Sugar: \" + sugarCount);","lastModifiedDate":"2024-03-18"},{"lineNumber":115,"author":{"gitId":"claribelho"},"content":"    }","lastModifiedDate":"2024-03-18"},{"lineNumber":116,"author":{"gitId":"claribelho"},"content":"","lastModifiedDate":"2024-03-18"},{"lineNumber":117,"author":{"gitId":"jasonlienardi"},"content":"    public void printMealList(int startIndex) {","lastModifiedDate":"2024-03-18"},{"lineNumber":118,"author":{"gitId":"jasonlienardi"},"content":"        for (int i \u003d 0; i \u003c mealList.size(); i++) {","lastModifiedDate":"2024-03-18"},{"lineNumber":119,"author":{"gitId":"claribelho"},"content":"            Meal currentMeal \u003d mealList.get(i);","lastModifiedDate":"2024-03-18"},{"lineNumber":120,"author":{"gitId":"jasonlienardi"},"content":"            System.out.print((startIndex+i) + \". \" + currentMeal.getName());","lastModifiedDate":"2024-03-18"},{"lineNumber":121,"author":{"gitId":"claribelho"},"content":"        }","lastModifiedDate":"2024-03-18"},{"lineNumber":122,"author":{"gitId":"jasonlienardi"},"content":"        System.out.println();","lastModifiedDate":"2024-03-18"},{"lineNumber":123,"author":{"gitId":"claribelho"},"content":"    }","lastModifiedDate":"2024-03-18"},{"lineNumber":124,"author":{"gitId":"jasonlienardi"},"content":"    public void handleListMeals() {","lastModifiedDate":"2024-03-18"},{"lineNumber":125,"author":{"gitId":"claribelho"},"content":"        System.out.println(\"here\u0027s what you have eaten today\");","lastModifiedDate":"2024-03-18"},{"lineNumber":126,"author":{"gitId":"claribelho"},"content":"        if (mealList.isEmpty()) {","lastModifiedDate":"2024-03-18"},{"lineNumber":127,"author":{"gitId":"claribelho"},"content":"            System.out.println(\"  \u003e\u003e nothing so far :o\");","lastModifiedDate":"2024-03-18"},{"lineNumber":128,"author":{"gitId":"claribelho"},"content":"        } else {","lastModifiedDate":"2024-03-18"},{"lineNumber":129,"author":{"gitId":"claribelho"},"content":"            printMealList(1);","lastModifiedDate":"2024-03-18"},{"lineNumber":130,"author":{"gitId":"claribelho"},"content":"        }","lastModifiedDate":"2024-03-18"},{"lineNumber":131,"author":{"gitId":"claribelho"},"content":"    }","lastModifiedDate":"2024-03-18"},{"lineNumber":132,"author":{"gitId":"claribelho"},"content":"","lastModifiedDate":"2024-03-18"},{"lineNumber":133,"author":{"gitId":"jasonlienardi"},"content":"    public void printDrinkList(int startIndex) {","lastModifiedDate":"2024-03-18"},{"lineNumber":134,"author":{"gitId":"jasonlienardi"},"content":"        for (int i \u003d 0; i \u003c drinkList.size(); i++) {","lastModifiedDate":"2024-03-18"},{"lineNumber":135,"author":{"gitId":"claribelho"},"content":"            Drink currentDrink \u003d drinkList.get(i);","lastModifiedDate":"2024-03-18"},{"lineNumber":136,"author":{"gitId":"jasonlienardi"},"content":"            System.out.print((startIndex+i) + \". \" + currentDrink.getName());","lastModifiedDate":"2024-03-18"},{"lineNumber":137,"author":{"gitId":"claribelho"},"content":"        }","lastModifiedDate":"2024-03-18"},{"lineNumber":138,"author":{"gitId":"claribelho"},"content":"    }","lastModifiedDate":"2024-03-18"},{"lineNumber":139,"author":{"gitId":"claribelho"},"content":"","lastModifiedDate":"2024-03-18"},{"lineNumber":140,"author":{"gitId":"jasonlienardi"},"content":"    public void handleListDrinks() {","lastModifiedDate":"2024-03-18"},{"lineNumber":141,"author":{"gitId":"claribelho"},"content":"        System.out.println(\"here\u0027s what you have drank today\");","lastModifiedDate":"2024-03-18"},{"lineNumber":142,"author":{"gitId":"claribelho"},"content":"        if (drinkList.isEmpty()) {","lastModifiedDate":"2024-03-18"},{"lineNumber":143,"author":{"gitId":"claribelho"},"content":"            System.out.println(\"  \u003e\u003e nothing so far :o\");","lastModifiedDate":"2024-03-18"},{"lineNumber":144,"author":{"gitId":"claribelho"},"content":"        } else {","lastModifiedDate":"2024-03-18"},{"lineNumber":145,"author":{"gitId":"claribelho"},"content":"            printDrinkList(1);","lastModifiedDate":"2024-03-18"},{"lineNumber":146,"author":{"gitId":"jasonlienardi"},"content":"            System.out.println();","lastModifiedDate":"2024-03-18"},{"lineNumber":147,"author":{"gitId":"BryanCastorius"},"content":"            handleViewWaterIntake();","lastModifiedDate":"2024-03-18"},{"lineNumber":148,"author":{"gitId":"claribelho"},"content":"        }","lastModifiedDate":"2024-03-18"},{"lineNumber":149,"author":{"gitId":"claribelho"},"content":"    }","lastModifiedDate":"2024-03-18"},{"lineNumber":150,"author":{"gitId":"claribelho"},"content":"","lastModifiedDate":"2024-03-18"},{"lineNumber":151,"author":{"gitId":"jasonlienardi"},"content":"    public void handleListEverything() {","lastModifiedDate":"2024-03-18"},{"lineNumber":152,"author":{"gitId":"claribelho"},"content":"        System.out.println(\"here\u0027s what you have drank today\");","lastModifiedDate":"2024-03-18"},{"lineNumber":153,"author":{"gitId":"claribelho"},"content":"        if (drinkList.isEmpty() \u0026\u0026 mealList.isEmpty()) {","lastModifiedDate":"2024-03-18"},{"lineNumber":154,"author":{"gitId":"claribelho"},"content":"            System.out.println(\"  \u003e\u003e nothing so far :o\");","lastModifiedDate":"2024-03-18"},{"lineNumber":155,"author":{"gitId":"claribelho"},"content":"        } else {","lastModifiedDate":"2024-03-18"},{"lineNumber":156,"author":{"gitId":"claribelho"},"content":"            printMealList(1);","lastModifiedDate":"2024-03-18"},{"lineNumber":157,"author":{"gitId":"claribelho"},"content":"            printDrinkList(mealList.size()+1);","lastModifiedDate":"2024-03-18"},{"lineNumber":158,"author":{"gitId":"jasonlienardi"},"content":"            System.out.println();","lastModifiedDate":"2024-03-18"},{"lineNumber":159,"author":{"gitId":"BryanCastorius"},"content":"            handleViewWaterIntake();","lastModifiedDate":"2024-03-18"},{"lineNumber":160,"author":{"gitId":"claribelho"},"content":"        }","lastModifiedDate":"2024-03-18"},{"lineNumber":161,"author":{"gitId":"claribelho"},"content":"    }","lastModifiedDate":"2024-03-18"},{"lineNumber":162,"author":{"gitId":"claribelho"},"content":"","lastModifiedDate":"2024-03-18"},{"lineNumber":163,"author":{"gitId":"jasonlienardi"},"content":"    public void handleDeleteMeal(String command) {","lastModifiedDate":"2024-03-18"},{"lineNumber":164,"author":{"gitId":"claribelho"},"content":"        int mealIndex \u003d Integer.parseInt(command.substring(11));","lastModifiedDate":"2024-03-18"},{"lineNumber":165,"author":{"gitId":"claribelho"},"content":"        String mealName \u003d mealList.get(mealIndex).getName();","lastModifiedDate":"2024-03-18"},{"lineNumber":166,"author":{"gitId":"claribelho"},"content":"        mealList.remove(mealIndex);","lastModifiedDate":"2024-03-18"},{"lineNumber":167,"author":{"gitId":"claribelho"},"content":"","lastModifiedDate":"2024-03-18"},{"lineNumber":168,"author":{"gitId":"claribelho"},"content":"        System.out.println(\"Removed \" + mealName + \" from Meals\");","lastModifiedDate":"2024-03-18"},{"lineNumber":169,"author":{"gitId":"claribelho"},"content":"    }","lastModifiedDate":"2024-03-18"},{"lineNumber":170,"author":{"gitId":"claribelho"},"content":"","lastModifiedDate":"2024-03-18"},{"lineNumber":171,"author":{"gitId":"jasonlienardi"},"content":"    public void handleDeleteDrink(String command) {","lastModifiedDate":"2024-03-18"},{"lineNumber":172,"author":{"gitId":"claribelho"},"content":"        int drinkIndex \u003d Integer.parseInt(command.substring(12));","lastModifiedDate":"2024-03-18"},{"lineNumber":173,"author":{"gitId":"claribelho"},"content":"        String drinkName \u003d drinkList.get(drinkIndex).getName();","lastModifiedDate":"2024-03-18"},{"lineNumber":174,"author":{"gitId":"claribelho"},"content":"        drinkList.remove(drinkIndex);","lastModifiedDate":"2024-03-18"},{"lineNumber":175,"author":{"gitId":"claribelho"},"content":"        System.out.println(\"Removed \" + drinkName + \" from Meals\");","lastModifiedDate":"2024-03-18"},{"lineNumber":176,"author":{"gitId":"claribelho"},"content":"    }","lastModifiedDate":"2024-03-18"},{"lineNumber":177,"author":{"gitId":"claribelho"},"content":"","lastModifiedDate":"2024-03-18"},{"lineNumber":178,"author":{"gitId":"jasonlienardi"},"content":"    public void handleClear() {","lastModifiedDate":"2024-03-18"},{"lineNumber":179,"author":{"gitId":"claribelho"},"content":"        mealList.clear();","lastModifiedDate":"2024-03-18"},{"lineNumber":180,"author":{"gitId":"claribelho"},"content":"        drinkList.clear();","lastModifiedDate":"2024-03-18"},{"lineNumber":181,"author":{"gitId":"claribelho"},"content":"        System.out.println(\"All entries have been deleted\");","lastModifiedDate":"2024-03-18"},{"lineNumber":182,"author":{"gitId":"claribelho"},"content":"    }","lastModifiedDate":"2024-03-18"},{"lineNumber":183,"author":{"gitId":"claribelho"},"content":"","lastModifiedDate":"2024-03-18"},{"lineNumber":184,"author":{"gitId":"claribelho"},"content":"}","lastModifiedDate":"2024-03-18"}],"authorContributionMap":{"jasonlienardi":61,"BryanCastorius":2,"claribelho":121}}]
