{"authorDailyContributionsMap":{"tinaliu27":[{"date":"2024-03-17","commitResults":[{"hash":"be6471098127e4e76c17002f0e8253f58116f473","isMergeCommit":false,"messageTitle":"added csvreader methods","messageBody":"","fileTypesAndContributionMap":{"functional-code":{"insertions":54,"deletions":0}}}]},{"date":"2024-03-26","commitResults":[{"hash":"a7ab8b442fb4ff9d09273c7874535c6b8594f85d","isMergeCommit":false,"messageTitle":"added methods for reading and writing","messageBody":"","fileTypesAndContributionMap":{"functional-code":{"insertions":86,"deletions":5}}}]},{"date":"2024-04-02","commitResults":[{"hash":"a86ccfa108cc0db11470303d03b5be9c78b296ee","isMergeCommit":false,"messageTitle":"added recommendations to view Calories and view Water","messageBody":"","fileTypesAndContributionMap":{"functional-code":{"insertions":67,"deletions":2}}},{"hash":"39a74649bbe8aa1b04c1d696eefef1f9a9dfadd4","isMergeCommit":false,"messageTitle":"added method to add into csv file based on user input","messageBody":"","fileTypesAndContributionMap":{"functional-code":{"insertions":19,"deletions":24}}},{"hash":"926f5991825244e62caf6a49d35b270b942d07f3","isMergeCommit":false,"messageTitle":"added readfile to the eat command","messageBody":"","fileTypesAndContributionMap":{"functional-code":{"insertions":14,"deletions":14}}}]}],"edwardhumi":[{"date":"2024-03-06","commitResults":[{"hash":"f8b87925e7077dbc4b3a34547ece38d86b5113ed","isMergeCommit":false,"messageTitle":"Update README.md","messageBody":"","fileTypesAndContributionMap":{"docs":{"insertions":1,"deletions":1}}},{"hash":"58dced88bae408cf5918009053e5cd44e9432466","isMergeCommit":false,"messageTitle":"Update AboutUs.md","messageBody":"","fileTypesAndContributionMap":{"docs":{"insertions":3,"deletions":7}}},{"hash":"d2bfc730e2b04c644b3ce2658b9c1930f3d4bef5","isMergeCommit":true,"messageTitle":"Merge branch \u0027master\u0027 of https://github.com/AY2324S2-CS2113-W14-1/tp into edwardHumianto-AboutUs","messageBody":"","fileTypesAndContributionMap":{}},{"hash":"fe6ea44f692facdd8617d3ccafd7a0b1743f9484","isMergeCommit":true,"messageTitle":"Merge pull request #3 from edwardhumi/edwardHumianto-AboutUs","messageBody":"Update AboutUs.md","fileTypesAndContributionMap":{}}]},{"date":"2024-03-13","commitResults":[{"hash":"8205c086634df19ebd86485b6c193120fdca3bc7","isMergeCommit":false,"messageTitle":"Update Checkstyle","messageBody":"","fileTypesAndContributionMap":{"other":{"insertions":153,"deletions":6}}}]},{"date":"2024-03-17","commitResults":[{"hash":"1a86bae316408dd49d64b160bc1275bf28de7c66","isMergeCommit":true,"messageTitle":"Merge branch \u0027AY2324S2-CS2113-W14-1:master\u0027 into master","messageBody":"","fileTypesAndContributionMap":{}},{"hash":"fc381279565b70b537713844304ce94398a509a0","isMergeCommit":true,"messageTitle":"Merge branch \u0027AY2324S2-CS2113-W14-1:master\u0027 into master","messageBody":"","fileTypesAndContributionMap":{}},{"hash":"d74b8d030c98dd6928f0be2ce97b4f45bb34abf9","isMergeCommit":false,"messageTitle":"Add Parser class","messageBody":"Created parser for meal, drink, and water\n","fileTypesAndContributionMap":{"functional-code":{"insertions":28,"deletions":0}}},{"hash":"936174e5653bd6a923bdc1372965efd7e7e16e7e","isMergeCommit":false,"messageTitle":"Add Parser for Info and Edit","messageBody":"","fileTypesAndContributionMap":{"functional-code":{"insertions":35,"deletions":1}}},{"hash":"2e5dcd9765982d4b9446ea16e4814254b9aab90b","isMergeCommit":false,"messageTitle":"Revert Checkstyle","messageBody":"","fileTypesAndContributionMap":{"functional-code":{"insertions":11,"deletions":11},"other":{"insertions":2,"deletions":149}}},{"hash":"4fa31d289ae9ea4ea59ae4854143956c6ea58dce","isMergeCommit":false,"messageTitle":"Fix build errors","messageBody":"Add new lines to each file and remove unused imports\n","fileTypesAndContributionMap":{"functional-code":{"insertions":3,"deletions":10}}},{"hash":"0caa198a7406a02250576ed7172fbe974755d9be","isMergeCommit":true,"messageTitle":"Merge pull request #5 from edwardhumi/master","messageBody":"Add Parser","fileTypesAndContributionMap":{}}]},{"date":"2024-03-18","commitResults":[{"hash":"6fcbc6cff118ee2a4a798c5195d148d3e14f28b2","isMergeCommit":false,"messageTitle":"Add Command Handler","messageBody":"","fileTypesAndContributionMap":{"functional-code":{"insertions":73,"deletions":2}}},{"hash":"f8c1004644cb9dc5d689502246a3c90134fcdeea","isMergeCommit":true,"messageTitle":"Merge pull request #9 from edwardhumi/master","messageBody":"Add Command Handler in Parser","fileTypesAndContributionMap":{}}]},{"date":"2024-03-24","commitResults":[{"hash":"c73032b2a78064d09a3b03058b82ae766f1eebf7","isMergeCommit":false,"messageTitle":"Fix parseInfoDrink","messageBody":"","fileTypesAndContributionMap":{"functional-code":{"insertions":1,"deletions":1}}},{"hash":"92b6f8ca2d908dd858a62d8442792c04f94eccac","isMergeCommit":false,"messageTitle":"Add Storage","messageBody":"Created storage to store meal, drink, and water\n","fileTypesAndContributionMap":{"functional-code":{"insertions":186,"deletions":7}}}]},{"date":"2024-03-25","commitResults":[{"hash":"c4c35144e2014f49aa72d07508fbee2eedc3c613","isMergeCommit":false,"messageTitle":"Remove print statements in Storage","messageBody":"","fileTypesAndContributionMap":{"functional-code":{"insertions":4,"deletions":9}}}]},{"date":"2024-03-27","commitResults":[{"hash":"a3bde708110937983bce1297ef862cb452aa1f6f","isMergeCommit":true,"messageTitle":"Merge pull request #46 from jasonlienardi/Add-Exercise-Class","messageBody":"Add exercise class","fileTypesAndContributionMap":{}},{"hash":"2f73cfb85043b4dd9a579f47af07f6864d55e7f4","isMergeCommit":false,"messageTitle":"Add assertions for storage","messageBody":"","fileTypesAndContributionMap":{"functional-code":{"insertions":3,"deletions":0}}},{"hash":"e8b918cf2bd3da19380457432d333d8e92fc6b45","isMergeCommit":false,"messageTitle":"Move parser to new package","messageBody":"","fileTypesAndContributionMap":{"functional-code":{"insertions":6,"deletions":1},"other":{"insertions":5,"deletions":1},"test-code":{"insertions":1,"deletions":1}}},{"hash":"78332f009c62eba662ad139988c03fe69b3cf593","isMergeCommit":false,"messageTitle":"Add JUnit test for Parser","messageBody":"","fileTypesAndContributionMap":{"test-code":{"insertions":39,"deletions":0}}}]},{"date":"2024-03-30","commitResults":[{"hash":"067e50c3fe89b6e7c3c226ae570b4291f7ad6651","isMergeCommit":true,"messageTitle":"Merge branch \u0027master\u0027 of https://github.com/edwardhumi/tp","messageBody":"","fileTypesAndContributionMap":{}},{"hash":"8148642e61e199cae9747ac251a60cba1f19ea6a","isMergeCommit":true,"messageTitle":"Merge pull request #47 from edwardhumi/Parser_JUnit","messageBody":"Add JUnit test for Parser","fileTypesAndContributionMap":{}},{"hash":"4d7be7236265ffdbfe0ab97df838d89f907a337a","isMergeCommit":true,"messageTitle":"Merge branch \u0027pr/49\u0027","messageBody":"","fileTypesAndContributionMap":{}},{"hash":"a51b671a3fd6ec3decb4a8ee391f2529aadeecbc","isMergeCommit":true,"messageTitle":"Merge branch \u0027master\u0027 of https://github.com/edwardhumi/tp","messageBody":"","fileTypesAndContributionMap":{}},{"hash":"8044054e867331e2576cf0a307688ce77c8d4a12","isMergeCommit":false,"messageTitle":"Fix checkstyle","messageBody":"","fileTypesAndContributionMap":{"test-code":{"insertions":7,"deletions":4}}},{"hash":"d0e93e81353e4f682d37a9335355bc2b7f64904d","isMergeCommit":true,"messageTitle":"Merge pull request #49 from claribelho/junit","messageBody":"Add Junit Test for User","fileTypesAndContributionMap":{}},{"hash":"05dc6f0ee4dd68cdfa3b151a62b355af52441833","isMergeCommit":true,"messageTitle":"Merge pull request #51 from claribelho/bugs-catching","messageBody":"Catching Bugs in program","fileTypesAndContributionMap":{}}]},{"date":"2024-03-31","commitResults":[{"hash":"459f6acfb4f3ae5781f638171a7641bc2924a5f1","isMergeCommit":true,"messageTitle":"Merge pull request #52 from BryanCastorius/master","messageBody":"Add more JUnit tests in UserTest.java","fileTypesAndContributionMap":{}},{"hash":"4e3ab04f3eb70d9b4b9a7b309c7c4282046e17de","isMergeCommit":false,"messageTitle":"Update load date","messageBody":"","fileTypesAndContributionMap":{"functional-code":{"insertions":2,"deletions":0}}},{"hash":"ecb973052f49414a8b386dcffb828649f11ed6b2","isMergeCommit":false,"messageTitle":"Update UserGuide","messageBody":"","fileTypesAndContributionMap":{"docs":{"insertions":1,"deletions":1}}},{"hash":"f0087177c56dd50fb53bde94e9df43a3802b69d2","isMergeCommit":false,"messageTitle":"Update UserGuide eat command","messageBody":"","fileTypesAndContributionMap":{"docs":{"insertions":3,"deletions":3}}},{"hash":"c0fe363e941f27c97f6df358a1e2c58119362178","isMergeCommit":false,"messageTitle":"Add Parser for meal and drink","messageBody":"","fileTypesAndContributionMap":{"functional-code":{"insertions":92,"deletions":4}}},{"hash":"7b8d7241933b6d4cbcbfa0a0e2715e8b84bbf6aa","isMergeCommit":false,"messageTitle":"Fix bugs and checkstyle error","messageBody":"","fileTypesAndContributionMap":{"functional-code":{"insertions":8,"deletions":9}}},{"hash":"cba777fa0d3e43a67346737f637e4a3ff74f420e","isMergeCommit":true,"messageTitle":"Merge pull request #53 from edwardhumi/CSV_Storage","messageBody":"Load nutrients from CSV storage","fileTypesAndContributionMap":{}},{"hash":"d65cc773b5d917fb9d3a660ee743746bb321d75f","isMergeCommit":false,"messageTitle":"Add listMealsToday","messageBody":"","fileTypesAndContributionMap":{"functional-code":{"insertions":41,"deletions":15}}},{"hash":"550d3ebdb113b8458cdc0c244d32573eb38a0f01","isMergeCommit":false,"messageTitle":"Add listDrinksToday","messageBody":"","fileTypesAndContributionMap":{"functional-code":{"insertions":25,"deletions":0}}},{"hash":"90c36e14c0aeb230b787162ea8728d0beb2c5c73","isMergeCommit":false,"messageTitle":"Add listEverythingToday","messageBody":"","fileTypesAndContributionMap":{"functional-code":{"insertions":21,"deletions":0}}},{"hash":"c4cea7d01346c9519003aa651cddd331214665b1","isMergeCommit":false,"messageTitle":"Update UserGuide","messageBody":"Add listMealsToday, listDrinksToday, listEverythingToday\n","fileTypesAndContributionMap":{"docs":{"insertions":30,"deletions":6}}},{"hash":"35f793429f9bcf5b47093f91d760a9b7d0a7f3fb","isMergeCommit":false,"messageTitle":"Remove unused import","messageBody":"","fileTypesAndContributionMap":{"functional-code":{"insertions":0,"deletions":1}}},{"hash":"a09a59e7e05cb4bb81964f4127042cc9d8353554","isMergeCommit":true,"messageTitle":"Merge pull request #54 from edwardhumi/listToday","messageBody":"Add listMealsToday, listDrinksToday, listEverythingToday","fileTypesAndContributionMap":{}},{"hash":"1502e0c0402504e029582b71d0e09481ae2abb35","isMergeCommit":false,"messageTitle":"Fix bugs on loadDrinkNutrient","messageBody":"","fileTypesAndContributionMap":{"functional-code":{"insertions":2,"deletions":2}}},{"hash":"9c5421ed2851e9b5ec4321261e38d5d4aadb4142","isMergeCommit":true,"messageTitle":"Merge branch \u0027master\u0027 of https://github.com/edwardhumi/tp","messageBody":"","fileTypesAndContributionMap":{}},{"hash":"5de80b9478e284a46161ed8724ec94827ec91d01","isMergeCommit":true,"messageTitle":"Merge pull request #55 from edwardhumi/master","messageBody":"Fix loadDrinkNutrient bug","fileTypesAndContributionMap":{}},{"hash":"aa17404f748ba62e950609a1c522ccfd99fa8508","isMergeCommit":true,"messageTitle":"Merge pull request #56 from claribelho/junit-user","messageBody":"Update UserTest","fileTypesAndContributionMap":{}}]},{"date":"2024-04-01","commitResults":[{"hash":"0be97d8e059ce1066117562f12478bf88f52a2a6","isMergeCommit":true,"messageTitle":"Merge pull request #59 from BryanCastorius/add-date-to-exercise","messageBody":"Edit Exercise.java class to enable date input","fileTypesAndContributionMap":{}},{"hash":"192158bb0e79f1ac4cfbeb80975cee0c90e699b7","isMergeCommit":false,"messageTitle":"Add list all dates feature","messageBody":"Add listMealsAll, listDrinksAll, listExercisesAll, listEverythingAll\n","fileTypesAndContributionMap":{"functional-code":{"insertions":119,"deletions":63},"test-code":{"insertions":19,"deletions":18}}},{"hash":"30bca89043e4c523a51c768d0f5b405c944cc4d6","isMergeCommit":false,"messageTitle":"Add Exercise calories database","messageBody":"","fileTypesAndContributionMap":{"functional-code":{"insertions":38,"deletions":4},"test-code":{"insertions":3,"deletions":2}}},{"hash":"0f33eed92dd09fccb029679abc118ce893a072dc","isMergeCommit":false,"messageTitle":"Update handleHelp","messageBody":"","fileTypesAndContributionMap":{"functional-code":{"insertions":9,"deletions":6}}},{"hash":"45576c4fecbdd129e7e3bc493d73f4d5d67dfc62","isMergeCommit":false,"messageTitle":"Add listMeals for certain date","messageBody":"","fileTypesAndContributionMap":{"functional-code":{"insertions":60,"deletions":28}}},{"hash":"0fb91e26e6d7d106b1ae7949d9dee78cb2168c1a","isMergeCommit":false,"messageTitle":"Add all list handler for certain date","messageBody":"Add listDrinksDate, listExercisesDate, listEverythingDate\n","fileTypesAndContributionMap":{"functional-code":{"insertions":93,"deletions":1}}},{"hash":"079a8c22a32d8e8c462499ea876c8eb5daf2ccf3","isMergeCommit":false,"messageTitle":"Fix checkstyle errors","messageBody":"","fileTypesAndContributionMap":{"functional-code":{"insertions":37,"deletions":5}}}]},{"date":"2024-04-02","commitResults":[{"hash":"f94c13bb8d339ddd951540acb6a00c74a2cd579a","isMergeCommit":true,"messageTitle":"Merge pull request #65 from BryanCastorius/master","messageBody":"Edit user guide","fileTypesAndContributionMap":{}},{"hash":"a3cfccf1d179f35c9a131e2f26f98edce817742b","isMergeCommit":false,"messageTitle":"Update UserGuide","messageBody":"","fileTypesAndContributionMap":{"functional-code":{"insertions":1,"deletions":1},"docs":{"insertions":87,"deletions":26}}},{"hash":"710726e92dd46717e245c5009e31722634ede684","isMergeCommit":true,"messageTitle":"Merge branch \u0027AY2324S2-CS2113-W14-1:master\u0027 into master","messageBody":"","fileTypesAndContributionMap":{}},{"hash":"4f7b9dade0563e643f005e6709766b4fa36691e4","isMergeCommit":false,"messageTitle":"Update DeveloperGuide","messageBody":"","fileTypesAndContributionMap":{"docs":{"insertions":12,"deletions":0}}},{"hash":"e535ea44d79e876306f7235bf8d55d105e9072e7","isMergeCommit":true,"messageTitle":"Merge branch \u0027master\u0027 of https://github.com/edwardhumi/tp","messageBody":"","fileTypesAndContributionMap":{}},{"hash":"fc4fecdefd4c8e885a661a3d861d7cedc26b5e38","isMergeCommit":true,"messageTitle":"Merge pull request #71 from edwardhumi/master","messageBody":"Update DeveloperGuide","fileTypesAndContributionMap":{}},{"hash":"539d9822d6b3e52ea9ecf148577ebca90b4fce5a","isMergeCommit":false,"messageTitle":"Add documentation for Parser","messageBody":"","fileTypesAndContributionMap":{"functional-code":{"insertions":122,"deletions":0}}},{"hash":"ce565b787dd381685378b2611810d6867a13be45","isMergeCommit":true,"messageTitle":"Merge branch \u0027AY2324S2-CS2113-W14-1:master\u0027 into master","messageBody":"","fileTypesAndContributionMap":{}},{"hash":"dd523cfe88dcf560441b802fcaa8f18d35aacf00","isMergeCommit":true,"messageTitle":"Merge pull request #72 from edwardhumi/master","messageBody":"Add documentation for Parser","fileTypesAndContributionMap":{}},{"hash":"7ba816a4d56b8ad806a99b9ef89326ee1a64c6e5","isMergeCommit":false,"messageTitle":"Add more test to ParserTest","messageBody":"","fileTypesAndContributionMap":{"functional-code":{"insertions":2,"deletions":1},"test-code":{"insertions":128,"deletions":18}}},{"hash":"4d4e43797c939cf4ce6026c6a77dbffdeb089dc6","isMergeCommit":true,"messageTitle":"Merge branch \u0027master\u0027 of https://github.com/edwardhumi/tp","messageBody":"","fileTypesAndContributionMap":{}},{"hash":"3721c1fec58e9e09c28a7b1d4a938455906d23c4","isMergeCommit":true,"messageTitle":"Merge branch \u0027master\u0027 of https://github.com/edwardhumi/tp","messageBody":"","fileTypesAndContributionMap":{}},{"hash":"c52363b08d2ded766d4d6083d6bdee9ab7d27d35","isMergeCommit":true,"messageTitle":"Merge pull request #77 from edwardhumi/master","messageBody":"Add documentation and test for Parser","fileTypesAndContributionMap":{}},{"hash":"69ee7e4f926a48ccf668297b946db42396daa2c8","isMergeCommit":true,"messageTitle":"Merge pull request #83 from jasonlienardi/Add-New-Meal-feature","messageBody":"Update UserGuide and db","fileTypesAndContributionMap":{}},{"hash":"7ec3eba4cc9d1feb3a9a44177652ace10a3bc1f9","isMergeCommit":false,"messageTitle":"Update UserGuide","messageBody":"","fileTypesAndContributionMap":{"functional-code":{"insertions":0,"deletions":1},"docs":{"insertions":17,"deletions":17}}},{"hash":"27eb25211f3d1068a49fc4d115f9d49b91a8b791","isMergeCommit":false,"messageTitle":"Fix CSV reader","messageBody":"","fileTypesAndContributionMap":{"functional-code":{"insertions":15,"deletions":3}}},{"hash":"61d38406039d57dac364a12eafb385ef05debe8b","isMergeCommit":true,"messageTitle":"Merge branch \u0027AY2324S2-CS2113-W14-1:master\u0027 into master","messageBody":"","fileTypesAndContributionMap":{}},{"hash":"d498a4a49912172033a763c51f641fd8e944c117","isMergeCommit":true,"messageTitle":"Merge pull request #85 from edwardhumi/master","messageBody":"Fix CSV reader","fileTypesAndContributionMap":{}},{"hash":"b548bb5324ff002448454ac83803a2d4b4b283a8","isMergeCommit":false,"messageTitle":"Fix testing errors","messageBody":"","fileTypesAndContributionMap":{"functional-code":{"insertions":6,"deletions":3}}},{"hash":"7601d89c810b7cf7f5081f8029975001472f7042","isMergeCommit":true,"messageTitle":"Merge branch \u0027master\u0027 of https://github.com/edwardhumi/tp","messageBody":"","fileTypesAndContributionMap":{}},{"hash":"50619e0b27cb892fb4c736bbd08bd9763186145e","isMergeCommit":true,"messageTitle":"Merge pull request #86 from edwardhumi/master","messageBody":"Fix CSV testing errors","fileTypesAndContributionMap":{}}]},{"date":"2024-04-10","commitResults":[{"hash":"881e1058d344ada38f95ef596922323708dc078b","isMergeCommit":false,"messageTitle":"Reorganize StorageManager","messageBody":"","fileTypesAndContributionMap":{"functional-code":{"insertions":374,"deletions":352},"test-code":{"insertions":4,"deletions":1}}},{"hash":"da1bdd7ee0e9cbf1937f0d82981a933f09d631ac","isMergeCommit":true,"messageTitle":"Merge branch \u0027master\u0027 into StorageManager","messageBody":"","fileTypesAndContributionMap":{}},{"hash":"4c3c2dd45ecbb199b2ac2832e25cd412e9f3d768","isMergeCommit":false,"messageTitle":"Fix checkstyle","messageBody":"","fileTypesAndContributionMap":{"functional-code":{"insertions":6,"deletions":5},"test-code":{"insertions":3,"deletions":3}}},{"hash":"ecade622e607149deb7bbf6c65060ee543966c1c","isMergeCommit":false,"messageTitle":"Add Edward\u0027s PPP","messageBody":"","fileTypesAndContributionMap":{"docs":{"insertions":15,"deletions":0}}},{"hash":"491e83065d963d2937f7e955426095ff32f16dce","isMergeCommit":true,"messageTitle":"Merge pull request #132 from edwardhumi/master","messageBody":"Add Edward\u0027s PPP","fileTypesAndContributionMap":{}}]},{"date":"2024-04-13","commitResults":[{"hash":"ee1f1f1f694ac084e7dae261a78a77ffb32ec3cd","isMergeCommit":true,"messageTitle":"Merge pull request #141 from claribelho/fixing-ped-bugs","messageBody":"Fixing PED bugs regarding integer overflow","fileTypesAndContributionMap":{}},{"hash":"3bdc0df0bbfc75f8e829d28cac53e41149d7e7c2","isMergeCommit":false,"messageTitle":"Update UserGuide","messageBody":"","fileTypesAndContributionMap":{"docs":{"insertions":4,"deletions":0}}},{"hash":"8a71f599056d3a550ae952deade3ff3f7c9925b2","isMergeCommit":true,"messageTitle":"Merge pull request #142 from edwardhumi/master","messageBody":"Update UserGuide","fileTypesAndContributionMap":{}}]},{"date":"2024-04-14","commitResults":[{"hash":"8000c621e2f9cac83a2fbcf5d929b6a642f3a50c","isMergeCommit":false,"messageTitle":"Add Storage Implementation in DG","messageBody":"","fileTypesAndContributionMap":{"docs":{"insertions":28,"deletions":16}}},{"hash":"478ab9c9dd86962c24cc8896e7b588d244021cc5","isMergeCommit":true,"messageTitle":"Merge pull request #147 from edwardhumi/master","messageBody":"Add Storage Implementation in DG","fileTypesAndContributionMap":{}}]},{"date":"2024-04-15","commitResults":[{"hash":"9c23a44505675ec3609af03975af5f2b972e17a4","isMergeCommit":false,"messageTitle":"Add Storage Class Diagram","messageBody":"","fileTypesAndContributionMap":{"docs":{"insertions":39,"deletions":1}}},{"hash":"b02a5fc5f58b93d5eaf7a37ee78db0d000dc9183","isMergeCommit":true,"messageTitle":"Merge pull request #1 from AY2324S2-CS2113-W14-1/master","messageBody":"Merge PR","fileTypesAndContributionMap":{}},{"hash":"254828bcdc14a34a0e6fbcd0c5cbaa617fddb38f","isMergeCommit":true,"messageTitle":"Merge pull request #149 from edwardhumi/master","messageBody":"Add Storage Class Diagram","fileTypesAndContributionMap":{}},{"hash":"c80d48ca49fe715b148a4ba7a9da6f58edfaba55","isMergeCommit":false,"messageTitle":"Edit Storage Class Diagram","messageBody":"","fileTypesAndContributionMap":{"docs":{"insertions":60,"deletions":11}}},{"hash":"5748a6f13de9bf288ec3124ea87758688f7186f3","isMergeCommit":true,"messageTitle":"Merge branch \u0027master\u0027 of https://github.com/edwardhumi/tp","messageBody":"","fileTypesAndContributionMap":{}},{"hash":"5e159c0134d117cfafa3f644547529574bcb3b8e","isMergeCommit":true,"messageTitle":"Merge pull request #150 from edwardhumi/master","messageBody":"Edit Storage Class Diagram","fileTypesAndContributionMap":{}}]}],"jasonlienardi":[{"date":"2024-03-06","commitResults":[{"hash":"7385b50c5ab7dfbb92cf00da66be62e736fa0591","isMergeCommit":false,"messageTitle":"Update AboutUs.md","messageBody":"","fileTypesAndContributionMap":{"docs":{"insertions":3,"deletions":7}}},{"hash":"03f8fbe1646bc6017e73462bbc048da2c98ef7cf","isMergeCommit":true,"messageTitle":"Merge pull request #2 from jasonlienardi/Update-AboutUs","messageBody":"Update AboutUs.md","fileTypesAndContributionMap":{}}]},{"date":"2024-03-17","commitResults":[{"hash":"f37a8bab0d4fbfe8c8eae630de63d073f86409bc","isMergeCommit":false,"messageTitle":"Add Meal Class","messageBody":"","fileTypesAndContributionMap":{"functional-code":{"insertions":52,"deletions":0}}},{"hash":"2a41ac5cab6e60d477a9884db0991c183ed32656","isMergeCommit":false,"messageTitle":"Update Meal Class","messageBody":"","fileTypesAndContributionMap":{"functional-code":{"insertions":12,"deletions":0}}},{"hash":"17daa58de53b25e88f3fd6ab0f570800d892a11d","isMergeCommit":true,"messageTitle":"Merge pull request #6 from jasonlienardi/master","messageBody":"Add Meal Class","fileTypesAndContributionMap":{}}]},{"date":"2024-03-18","commitResults":[{"hash":"031e13895ce947e299171d51c05a26b55b96df05","isMergeCommit":false,"messageTitle":"Add Hashmap for meals","messageBody":"","fileTypesAndContributionMap":{"functional-code":{"insertions":47,"deletions":34}}},{"hash":"994bbbd667e2957893502f7c26ce8a32693486a3","isMergeCommit":true,"messageTitle":"Merge pull request #8 from jasonlienardi/master","messageBody":"Add Hashmap for meals","fileTypesAndContributionMap":{}},{"hash":"f562884e3e5b5be0c8254700e109e20066d89a32","isMergeCommit":true,"messageTitle":"Merge pull request #10 from claribelho/master","messageBody":"Add all handle commands from user","fileTypesAndContributionMap":{}},{"hash":"d0b7a214761c183f097014dc17ec678988601b9c","isMergeCommit":false,"messageTitle":"Fix water class","messageBody":"","fileTypesAndContributionMap":{"functional-code":{"insertions":15,"deletions":16}}},{"hash":"5d9077036f17fc6c0230273623f313793659bea0","isMergeCommit":true,"messageTitle":"Merge pull request #11 from jasonlienardi/master","messageBody":"Fix water class","fileTypesAndContributionMap":{}},{"hash":"fbb8d12ece53ff6408923531c0b431217f72471b","isMergeCommit":false,"messageTitle":"Add FitNus class","messageBody":"Added FitNus class and made the necessary modifications to other classes\n","fileTypesAndContributionMap":{"functional-code":{"insertions":169,"deletions":71}}},{"hash":"5861079454007db92dea7663d51c535285d7b2a8","isMergeCommit":false,"messageTitle":"Add new line to end of file","messageBody":"","fileTypesAndContributionMap":{"functional-code":{"insertions":1,"deletions":3}}},{"hash":"57b6f8e459b0f3f9ebf9dab453e16f3d976867c2","isMergeCommit":true,"messageTitle":"Merge pull request #13 from jasonlienardi/master","messageBody":"Add FitNus class ","fileTypesAndContributionMap":{}}]},{"date":"2024-03-26","commitResults":[{"hash":"b887712ff8efcc218ba8e593bee9080aba87eb4a","isMergeCommit":false,"messageTitle":"Add JUnit and Assertions","messageBody":"Added additional JUnit tests and assertions to meal class\n","fileTypesAndContributionMap":{"functional-code":{"insertions":2,"deletions":0}}},{"hash":"81d1b65ff9c991ab9f63b2d4d2807856c95612b4","isMergeCommit":false,"messageTitle":"Add JUnit test","messageBody":"Added JUnit test for drinks\n","fileTypesAndContributionMap":{"test-code":{"insertions":10,"deletions":3}}},{"hash":"8f11a2bd794d20e480c316731685a27c478ee2cb","isMergeCommit":false,"messageTitle":"Fix Checkstyle errors","messageBody":"fixed checkstyle errors in CSVreader and CSVwriter\n","fileTypesAndContributionMap":{"functional-code":{"insertions":9,"deletions":7},"test-code":{"insertions":7,"deletions":2}}}]},{"date":"2024-03-27","commitResults":[{"hash":"5ff4a61395621f7a78fa14134c8008860be61347","isMergeCommit":false,"messageTitle":"Update DeveloperGuide.md","messageBody":"add implementation description of \u0027track exerscise\u0027 feature","fileTypesAndContributionMap":{"docs":{"insertions":8,"deletions":0}}},{"hash":"ed5cbae4527096c72cce16efe15ed06dac20fb65","isMergeCommit":false,"messageTitle":"Update DeveloperGuide.md","messageBody":"","fileTypesAndContributionMap":{"docs":{"insertions":1,"deletions":1}}},{"hash":"2aa2a6acd86fc5c306f8a78caf79443b5adafe78","isMergeCommit":true,"messageTitle":"Merge pull request #44 from BryanCastorius/master","messageBody":"Add edit-water-drink-meal feature","fileTypesAndContributionMap":{}},{"hash":"b21bc7c2ea6226a7d15de76f00284864465cbfdd","isMergeCommit":false,"messageTitle":"Add exercise feature","messageBody":"Added exercise feature which allows users to track their exercise, the duration as well as the intensity in 3 different levels (HIGH, MEDIUM, LOW). Also allows to track how many calories burnt in total.\n","fileTypesAndContributionMap":{"functional-code":{"insertions":224,"deletions":3}}}]},{"date":"2024-04-01","commitResults":[{"hash":"a159e10da080d669d83de599a96af77b028d81bb","isMergeCommit":true,"messageTitle":"Merge pull request #58 from BryanCastorius/master","messageBody":"LGTM","fileTypesAndContributionMap":{}},{"hash":"06fab5456b3728d028747fd689f68cf8def69694","isMergeCommit":true,"messageTitle":"Merge pull request #61 from edwardhumi/listDate","messageBody":"Add listMeals, listDrinks, listExercises, listEverything for a certain date","fileTypesAndContributionMap":{}},{"hash":"9cd2b73fdc03ebea6aa3537e00e25a99446d695e","isMergeCommit":false,"messageTitle":"Add JUnit tests for exercise","messageBody":"","fileTypesAndContributionMap":{"test-code":{"insertions":306,"deletions":0}}},{"hash":"b68111cff7cc8861649bf3fb5fa3d004b98e9b69","isMergeCommit":false,"messageTitle":"Revert \"Add JUnit tests for exercise\"","messageBody":"This reverts commit 9cd2b73fdc03ebea6aa3537e00e25a99446d695e.\n","fileTypesAndContributionMap":{"test-code":{"insertions":0,"deletions":306}}},{"hash":"cfc69ba1437f6e055ae8df5de404f8e86add8297","isMergeCommit":false,"messageTitle":"Revert \"Revert \"Add JUnit tests for exercise\"\"","messageBody":"This reverts commit b68111cff7cc8861649bf3fb5fa3d004b98e9b69.\n","fileTypesAndContributionMap":{"test-code":{"insertions":306,"deletions":0}}},{"hash":"e44ae396530530ac5617a3a3f0c191edec92da6f","isMergeCommit":true,"messageTitle":"Add JUnit tests for exercise","messageBody":"","fileTypesAndContributionMap":{}},{"hash":"5555d52edcdadbd16d9a8c372df74cccc2197fb0","isMergeCommit":false,"messageTitle":"Edit DG,UG and minor fixes","messageBody":"minor fixes to Drink, Meal, Parser, User. Added exercises to exercises csv\n","fileTypesAndContributionMap":{"functional-code":{"insertions":14,"deletions":29},"docs":{"insertions":204,"deletions":73}}},{"hash":"229d7537dfbb14a1ddfdb7157404eca7f3763fbc","isMergeCommit":true,"messageTitle":"Merge pull request #62 from jasonlienardi/Add-JUnit-and-Assertions","messageBody":"Add JUnit for Exercises","fileTypesAndContributionMap":{}},{"hash":"7474502bed51502244d911faf3388d5e3f15a1b3","isMergeCommit":false,"messageTitle":"Edit User Storeis","messageBody":"","fileTypesAndContributionMap":{"docs":{"insertions":4,"deletions":4}}},{"hash":"ed9e09e15af5372c88e7ede492d414cac38ba06c","isMergeCommit":false,"messageTitle":"Fix minor tests","messageBody":"","fileTypesAndContributionMap":{"test-code":{"insertions":7,"deletions":7}}}]},{"date":"2024-04-02","commitResults":[{"hash":"432a5ea4e11ec2e2bf02eeaad0d82b6225c67840","isMergeCommit":false,"messageTitle":"Revert \"added recommendations to view Calories and view Water\"","messageBody":"","fileTypesAndContributionMap":{"functional-code":{"insertions":28,"deletions":90}}},{"hash":"1921e9ce5783934726a165029722789cec6b18ab","isMergeCommit":true,"messageTitle":"Merge pull request #68 from AY2324S2-CS2113-W14-1/revert-66-master","messageBody":"Revert \"added recommendations to view Calories and view Water\"","fileTypesAndContributionMap":{}},{"hash":"70edbabb57bd3147979d668c775d89d38c7fad8b","isMergeCommit":false,"messageTitle":"Add newMeal and newDrink feature","messageBody":"Adds new meal to available meals and new drink to available drinks\n","fileTypesAndContributionMap":{"functional-code":{"insertions":156,"deletions":44}}},{"hash":"cacaec77a5c83f08507b12ea6a58556706a46d4d","isMergeCommit":false,"messageTitle":"Add greater or equal to check in validator","messageBody":"","fileTypesAndContributionMap":{"functional-code":{"insertions":17,"deletions":11}}},{"hash":"d7bc40bb5fe8085cf298d7b0a4ec8634ae31bcf8","isMergeCommit":true,"messageTitle":"Merge branch \u0027master\u0027 into Add-New-Meal-feature","messageBody":"","fileTypesAndContributionMap":{}},{"hash":"c9bbf68675cd9e756e92cc7493f4bc0e790dde39","isMergeCommit":false,"messageTitle":"Merge with master","messageBody":"","fileTypesAndContributionMap":{"test-code":{"insertions":2,"deletions":22}}},{"hash":"58fcdd2c46318c5f93f012b7ee220e6a9eb0f0bc","isMergeCommit":false,"messageTitle":"Update UserGuide","messageBody":"","fileTypesAndContributionMap":{"docs":{"insertions":21,"deletions":1}}},{"hash":"10055ad6aec8f1457dcda6f7aee93749fed85038","isMergeCommit":false,"messageTitle":"Update userguide and db","messageBody":"","fileTypesAndContributionMap":{"docs":{"insertions":8,"deletions":1}}},{"hash":"38020ab0544b543faf10c6164b5631d0c340f6e1","isMergeCommit":false,"messageTitle":"Update UserGuide","messageBody":"","fileTypesAndContributionMap":{"docs":{"insertions":6,"deletions":1}}},{"hash":"b57e3f2a5d6e85e93c87834292c14b57dd356a87","isMergeCommit":true,"messageTitle":"Merge pull request #84 from edwardhumi/master","messageBody":"Update UserGuide","fileTypesAndContributionMap":{}},{"hash":"1e5d042494c5e83771154e21c9bbd9faffee0147","isMergeCommit":false,"messageTitle":"Add New Exercise Feature","messageBody":"","fileTypesAndContributionMap":{"functional-code":{"insertions":61,"deletions":7},"test-code":{"insertions":1,"deletions":1}}},{"hash":"afe419d2d44d2265423c948630b58068cb3c334f","isMergeCommit":false,"messageTitle":"Update UserGuide","messageBody":"","fileTypesAndContributionMap":{"docs":{"insertions":15,"deletions":2}}},{"hash":"77c626a8a1ebb03e628963605977ae807f91156b","isMergeCommit":true,"messageTitle":"Merge pull request #87 from jasonlienardi/master","messageBody":"Add New Exercise feature and update User Guide ","tags":["v2.0"],"fileTypesAndContributionMap":{}}]},{"date":"2024-04-09","commitResults":[{"hash":"da127f304022f69cdbab8334f1bca892e3841d20","isMergeCommit":false,"messageTitle":"Add PPP Draft","messageBody":"","fileTypesAndContributionMap":{"docs":{"insertions":10,"deletions":0}}},{"hash":"8f001282eddd031b4fbc6a98edb26f66f1ee3829","isMergeCommit":true,"messageTitle":"Merge pull request #127 from jasonlienardi/master","messageBody":"Add PPP Draft","fileTypesAndContributionMap":{}}]},{"date":"2024-04-10","commitResults":[{"hash":"9f0c6025252c84cd0bb4b5ffe9acbe4627141923","isMergeCommit":false,"messageTitle":"Refactor ExerciseList","messageBody":"","fileTypesAndContributionMap":{"functional-code":{"insertions":196,"deletions":174},"other":{"insertions":2,"deletions":2},"test-code":{"insertions":9,"deletions":9}}}]},{"date":"2024-04-12","commitResults":[{"hash":"ec96d82344c34f87b8218e1e9c7a1868764a9cf8","isMergeCommit":false,"messageTitle":"Fix PE-Bugs","messageBody":"","fileTypesAndContributionMap":{"functional-code":{"insertions":171,"deletions":70},"docs":{"insertions":41,"deletions":71},"test-code":{"insertions":11,"deletions":10}}}]},{"date":"2024-04-15","commitResults":[{"hash":"41fc1a62ac198450cff54ef43bdbc552e25480a4","isMergeCommit":false,"messageTitle":"Update DG","messageBody":"added sequence diagrams for eat, editmeal and newMeal commands\n","fileTypesAndContributionMap":{"docs":{"insertions":186,"deletions":8}}}]}],"BryanCastorius":[{"date":"2024-03-06","commitResults":[{"hash":"d8a221fbb43a7102f269742f340164c86f7c8a31","isMergeCommit":false,"messageTitle":"Update AboutUs.md","messageBody":"","fileTypesAndContributionMap":{"docs":{"insertions":6,"deletions":5}}},{"hash":"6f191d24129a3413b31ec2e1c9144785ccc96b3f","isMergeCommit":true,"messageTitle":"Merge pull request #4 from BryanCastorius/BryanCastorius-AboutUs","messageBody":"Update AboutUs.md","fileTypesAndContributionMap":{}}]},{"date":"2024-03-18","commitResults":[{"hash":"03c13a354ad2f9b3926cbb29502cf204957e3a3e","isMergeCommit":false,"messageTitle":"Add Drink and Water Class","messageBody":"","fileTypesAndContributionMap":{"functional-code":{"insertions":80,"deletions":0}}},{"hash":"c8ae9d69703d243392663512defbe96355d4b0ce","isMergeCommit":true,"messageTitle":"Merge pull request #7 from BryanCastorius/master","messageBody":"Add Drink and Water Class","fileTypesAndContributionMap":{}},{"hash":"9bfb7b5d6ba4a3871f93df4429afb93500f03bfd","isMergeCommit":false,"messageTitle":"Edit drink  and meal class","messageBody":"Convert the calculation from per milliliter to per 100 milliliter in drink class.\n","fileTypesAndContributionMap":{"functional-code":{"insertions":50,"deletions":35}}},{"hash":"e3baaba2646d8f62840762783958e0d3737e3c57","isMergeCommit":true,"messageTitle":"Merge pull request #12 from BryanCastorius/master","messageBody":"Edit drink and meal class","fileTypesAndContributionMap":{}}]},{"date":"2024-03-19","commitResults":[{"hash":"96ed909485cee7db12f83c9f85550b9fd23bade6","isMergeCommit":false,"messageTitle":"Add exception package and classes","messageBody":"","fileTypesAndContributionMap":{"functional-code":{"insertions":166,"deletions":54}}},{"hash":"a2e9b128cff371175768117c8b2e25ab4ab098d5","isMergeCommit":false,"messageTitle":"Fix exception bug","messageBody":"","fileTypesAndContributionMap":{"functional-code":{"insertions":1,"deletions":1}}},{"hash":"7ec557f499250482d2d8e349d794d0b7ceadcba7","isMergeCommit":false,"messageTitle":"Add more exception checks","messageBody":"","fileTypesAndContributionMap":{"functional-code":{"insertions":18,"deletions":6}}},{"hash":"9d47078dcc77f4648826b2e86ed9841d067f6141","isMergeCommit":true,"messageTitle":"Merge pull request #14 from BryanCastorius/master","messageBody":"Add exception package and exception classes","fileTypesAndContributionMap":{}}]},{"date":"2024-03-25","commitResults":[{"hash":"fadaef3a3626fdece8924970d5cf3fb1b1fdc5f8","isMergeCommit":true,"messageTitle":"Merge pull request #39 from edwardhumi/Storage","messageBody":"Add Storage to store Meal, Drink, Water","fileTypesAndContributionMap":{}}]},{"date":"2024-03-26","commitResults":[{"hash":"772fb3d0c8319dab8479524cfb9b49f33aa45340","isMergeCommit":false,"messageTitle":"Inherit drink from water class","messageBody":"","fileTypesAndContributionMap":{"functional-code":{"insertions":17,"deletions":42},"test-code":{"insertions":0,"deletions":13}}}]},{"date":"2024-03-27","commitResults":[{"hash":"1a16e36fb0a8797960028298e4321d99dd8c922f","isMergeCommit":true,"messageTitle":"Merge pull request #42 from jasonlienardi/Add-JUnit-and-Assertions","messageBody":"Add JUnit and assertions","fileTypesAndContributionMap":{}},{"hash":"19d9608233c7c26a3598405562bb4eca1c25bacd","isMergeCommit":false,"messageTitle":"Edit water class methods","messageBody":"","fileTypesAndContributionMap":{"functional-code":{"insertions":43,"deletions":22}}},{"hash":"e9d739c2056b196017479dd691af91a6ed21c398","isMergeCommit":true,"messageTitle":"Merge branch \u0027master\u0027 into master","messageBody":"","fileTypesAndContributionMap":{}},{"hash":"8814411ca53934b4f755e5b99fbb179c8db3860a","isMergeCommit":false,"messageTitle":"Update UserTest.java bug","messageBody":"","fileTypesAndContributionMap":{"test-code":{"insertions":2,"deletions":0}}},{"hash":"079397f1df029c0583b95c3647ec3b55e9a2463d","isMergeCommit":false,"messageTitle":"Update UserTest.java bug-2","messageBody":"","fileTypesAndContributionMap":{"test-code":{"insertions":3,"deletions":3}}},{"hash":"7b8d818087fd4421cbd988efc10d675b570d969e","isMergeCommit":true,"messageTitle":"Merge branch \u0027master\u0027 of https://github.com/BryanCastorius/tp","messageBody":"","fileTypesAndContributionMap":{}},{"hash":"2e634808169d0534b815b1dbbf0be7021b6513c9","isMergeCommit":false,"messageTitle":"Edit water class","messageBody":"","fileTypesAndContributionMap":{"functional-code":{"insertions":1,"deletions":2}}},{"hash":"1d8a86d1536eda23c23bc5725644a3b3ecb900a5","isMergeCommit":false,"messageTitle":"Fix bug when clearing water","messageBody":"","fileTypesAndContributionMap":{"functional-code":{"insertions":1,"deletions":0}}}]},{"date":"2024-03-31","commitResults":[{"hash":"f952ae4718de70e8d6add77ca000c5a2f2839979","isMergeCommit":false,"messageTitle":"Add more assertions","messageBody":"","fileTypesAndContributionMap":{"functional-code":{"insertions":3,"deletions":0}}},{"hash":"47126a9cb602e763d2ae70e8d4bada7b65051669","isMergeCommit":false,"messageTitle":"Testing 123","messageBody":"","fileTypesAndContributionMap":{"functional-code":{"insertions":1,"deletions":1}}},{"hash":"a34285130e0ec2884d17954f60d3dd437540e4bd","isMergeCommit":false,"messageTitle":"Origin testing 2","messageBody":"","fileTypesAndContributionMap":{"functional-code":{"insertions":1,"deletions":1}}},{"hash":"6f5da5eb8e05e36d9a64320ec41e3656067a34d4","isMergeCommit":false,"messageTitle":"Change ate keyword to eat","messageBody":"","fileTypesAndContributionMap":{"functional-code":{"insertions":3,"deletions":3},"test-code":{"insertions":2,"deletions":2}}},{"hash":"7391e41f9590a7ae92acac8b02a8d3fbe27a4153","isMergeCommit":false,"messageTitle":"Rename Water.java class method and add documentation","messageBody":"","fileTypesAndContributionMap":{"functional-code":{"insertions":18,"deletions":4}}},{"hash":"5e067550ea4bb10bd9f9e4d2aa9fd20c82c8a50d","isMergeCommit":false,"messageTitle":"Add more JUnit tests for UserTest.java","messageBody":"","fileTypesAndContributionMap":{"test-code":{"insertions":35,"deletions":4}}},{"hash":"b1c5e5dbd314df36c09e092cda77efce4067f2a8","isMergeCommit":false,"messageTitle":"Edit Water.java class to enable date input","messageBody":"...remove checkInstance method\n","fileTypesAndContributionMap":{"functional-code":{"insertions":42,"deletions":35},"test-code":{"insertions":2,"deletions":2}}},{"hash":"2f4220ca204da08a83d666ceb806732277e080c3","isMergeCommit":false,"messageTitle":"Edit UserTest.java with new Water.java class specifications","messageBody":"","fileTypesAndContributionMap":{"test-code":{"insertions":8,"deletions":7}}}]},{"date":"2024-04-01","commitResults":[{"hash":"4371fe90f221a7b5e6621a53c3862e19f956010c","isMergeCommit":false,"messageTitle":"Edit Exercise.java class to enable date input","messageBody":"...also add store and load Exercise to ExerciseList.txt\n","fileTypesAndContributionMap":{"functional-code":{"insertions":66,"deletions":4},"test-code":{"insertions":5,"deletions":2}}},{"hash":"c89210fec0999a13f45766912e1aae131e7e8bb0","isMergeCommit":true,"messageTitle":"Merge pull request #60 from edwardhumi/modifiedList","messageBody":"Add list all dates feature","fileTypesAndContributionMap":{}},{"hash":"584814e83cf363a36928f195e940f28801ed45df","isMergeCommit":true,"messageTitle":"Merge pull request #64 from jasonlienardi/Update-Developer-Guide","messageBody":"Update developer guide","fileTypesAndContributionMap":{}}]},{"date":"2024-04-02","commitResults":[{"hash":"864a0495e3c53c648dd922be2e89f03ea7215dc1","isMergeCommit":false,"messageTitle":"Edit user guide","messageBody":"...up to 1.4.8\n","fileTypesAndContributionMap":{"docs":{"insertions":73,"deletions":59}}},{"hash":"d72d3b3c4a0b1108994055544f66b054465d64d3","isMergeCommit":true,"messageTitle":"Merge pull request #69 from edwardhumi/master","messageBody":"Update User Guide","fileTypesAndContributionMap":{}},{"hash":"e3618ab2fbc18c54e7f302fd976c2ceee5243d01","isMergeCommit":false,"messageTitle":"Edit recommendation feature","messageBody":"...edit existing recommendation feature by Tina\n","fileTypesAndContributionMap":{"functional-code":{"insertions":38,"deletions":0}}},{"hash":"2c00fedf28bec68e8e5be6bc85712ed158083b04","isMergeCommit":true,"messageTitle":"Merge pull request #70 from BryanCastorius/master","messageBody":"Edit recommendation feature","fileTypesAndContributionMap":{}},{"hash":"032f0e63cdac50a25dc09837064c4534852d5cff","isMergeCommit":false,"messageTitle":"Update user guide","messageBody":"","fileTypesAndContributionMap":{"functional-code":{"insertions":2,"deletions":1},"docs":{"insertions":67,"deletions":24}}},{"hash":"f2d12ed68cdcff4abaf9f549809c4a0f6772c766","isMergeCommit":true,"messageTitle":"Merge pull request #75 from BryanCastorius/master","messageBody":"Update user guide","fileTypesAndContributionMap":{}},{"hash":"4d50784a840a673c1601a63a2d0fc90d8879c964","isMergeCommit":false,"messageTitle":"Update user guide","messageBody":"","fileTypesAndContributionMap":{"docs":{"insertions":83,"deletions":3}}},{"hash":"2d45725d973b6aca53f162b0f0374b16e9803266","isMergeCommit":false,"messageTitle":"Update user guide","messageBody":"","fileTypesAndContributionMap":{"docs":{"insertions":1,"deletions":2}}},{"hash":"069cff279184a39e1f8e043eb66c6eb669f756c0","isMergeCommit":true,"messageTitle":"Merge pull request #81 from BryanCastorius/master","messageBody":"Update user guide","fileTypesAndContributionMap":{}},{"hash":"ddc9742a058cb986f85cb85aa5838fbe00cc20fe","isMergeCommit":true,"messageTitle":"Merge pull request #82 from jasonlienardi/Add-New-Meal-feature","messageBody":"Add new meal feature","fileTypesAndContributionMap":{}}]},{"date":"2024-04-03","commitResults":[{"hash":"6fb5484bca450b270174220630ca4f51c6adfd81","isMergeCommit":false,"messageTitle":"Update developer guide and add diagrams","messageBody":"","fileTypesAndContributionMap":{"docs":{"insertions":310,"deletions":2}}},{"hash":"95be90d735d2a7d9683d84b22a8ffc1aee26ab8e","isMergeCommit":false,"messageTitle":"Add sequence diagram","messageBody":"","fileTypesAndContributionMap":{"docs":{"insertions":45,"deletions":10}}},{"hash":"a943fbfc36d40089b392b9041591327bd58d409d","isMergeCommit":true,"messageTitle":"Merge pull request #91 from BryanCastorius/master","messageBody":"Update developer guide","fileTypesAndContributionMap":{}}]},{"date":"2024-04-10","commitResults":[{"hash":"95068aa28c545cb1f23a6620721fdb0558c7a7e0","isMergeCommit":false,"messageTitle":"Add PPP for bryancastorius","messageBody":"","fileTypesAndContributionMap":{"docs":{"insertions":16,"deletions":0}}},{"hash":"d0fea39f36bd7b4d4a094891fb440c0002bce31b","isMergeCommit":false,"messageTitle":"Update PPP for bryancastorius","messageBody":"","fileTypesAndContributionMap":{"docs":{"insertions":1,"deletions":1}}},{"hash":"4a733cd8ced20af5627fd9bfcc9c256cbff9c876","isMergeCommit":true,"messageTitle":"Merge pull request #129 from BryanCastorius/master","messageBody":"Add PPP for bryancastorius","fileTypesAndContributionMap":{}},{"hash":"cb4f4e97cf2d58ef3c94445413b04d1cd01c2a3f","isMergeCommit":true,"messageTitle":"Merge pull request #131 from edwardhumi/StorageManager","messageBody":"Add StorageManager","fileTypesAndContributionMap":{}},{"hash":"071395966137890c659385ad4980d08a37934e30","isMergeCommit":true,"messageTitle":"Merge pull request #133 from jasonlienardi/Refactor-ExerciseList","messageBody":"Refactor ExerciseList","fileTypesAndContributionMap":{}},{"hash":"d646442a8da6a5d2804c0a0b38791bc4900648b2","isMergeCommit":false,"messageTitle":"Refactor Drink and Water list classes","messageBody":"","fileTypesAndContributionMap":{"functional-code":{"insertions":298,"deletions":279},"other":{"insertions":2,"deletions":2}}},{"hash":"87b89b7818c2eefb6d36ae1e4b96a7372837e60e","isMergeCommit":false,"messageTitle":"Create ui and date packages","messageBody":"","fileTypesAndContributionMap":{"functional-code":{"insertions":7,"deletions":5},"other":{"insertions":2,"deletions":2}}},{"hash":"e0f241311873d2d7481351e3becece51bcf0d382","isMergeCommit":true,"messageTitle":"Merge pull request #136 from BryanCastorius/master","messageBody":"Create ui and date packages","fileTypesAndContributionMap":{}}]},{"date":"2024-04-14","commitResults":[{"hash":"ca6a8bacf3eff7d4c6175527d4944311eac8363f","isMergeCommit":false,"messageTitle":"Fix bugs and documentations relating to Water.java class","messageBody":"","fileTypesAndContributionMap":{"functional-code":{"insertions":69,"deletions":21},"docs":{"insertions":5,"deletions":5},"test-code":{"insertions":6,"deletions":4}}},{"hash":"3648c1d3f1e2672e6393d34ce333467db471e146","isMergeCommit":false,"messageTitle":"Minor change in printing output","messageBody":"","fileTypesAndContributionMap":{"functional-code":{"insertions":1,"deletions":1}}},{"hash":"0440140ea99869962eb3955c4b879531e516ff80","isMergeCommit":true,"messageTitle":"Merge pull request #143 from BryanCastorius/master","messageBody":"Fix bugs and documentations relating to Water.java class","fileTypesAndContributionMap":{}},{"hash":"87a882dba359b1e155ef56b985d7a72d4424bd2d","isMergeCommit":false,"messageTitle":"Add class diagrams","messageBody":"","fileTypesAndContributionMap":{"docs":{"insertions":133,"deletions":75}}},{"hash":"335c14b3f9d52256151b40bab01d840a1a7ca6af","isMergeCommit":true,"messageTitle":"Merge pull request #144 from claribelho/dg-parser","messageBody":"Update Sequence Diagrams in Developer Guide","fileTypesAndContributionMap":{}},{"hash":"9d4abd35cfa300e2eb25b3599ccad45790eb660c","isMergeCommit":true,"messageTitle":"Merge branch \u0027AY2324S2-CS2113-W14-1:master\u0027 into master","messageBody":"","fileTypesAndContributionMap":{}},{"hash":"db5a720a06bcfc5a78b28678bd50d112bad8091e","isMergeCommit":false,"messageTitle":"Update class diagram images","messageBody":"","fileTypesAndContributionMap":{"docs":{"insertions":9,"deletions":9}}},{"hash":"c4a0012f1ecacf61b22d3aa831b6de1b31ebf71d","isMergeCommit":false,"messageTitle":"Update DG","messageBody":"","fileTypesAndContributionMap":{"docs":{"insertions":6,"deletions":7}}},{"hash":"1b3929bfc874d1e1d868f3a7137f214d1ab2ca69","isMergeCommit":true,"messageTitle":"Merge pull request #145 from claribelho/dg-parser","messageBody":"Update DG for Storage and User","fileTypesAndContributionMap":{}},{"hash":"da86b663262725d7272381da814783ffacefb04c","isMergeCommit":true,"messageTitle":"Merge branch \u0027AY2324S2-CS2113-W14-1:master\u0027 into master","messageBody":"","fileTypesAndContributionMap":{}},{"hash":"90015daf015523682ac9eafd0fdd04416cfb5aa3","isMergeCommit":false,"messageTitle":"Delete johndone.md","messageBody":"","fileTypesAndContributionMap":{"docs":{"insertions":0,"deletions":6}}},{"hash":"b1a09f5f4a4ac0a2b8b8abd11b7aa0a9268a9bd0","isMergeCommit":true,"messageTitle":"Merge pull request #146 from BryanCastorius/master","messageBody":"Update DG","fileTypesAndContributionMap":{}}]},{"date":"2024-04-15","commitResults":[{"hash":"c7857148bfb6b1b0f9b56d06c6a57086d7ddaa68","isMergeCommit":false,"messageTitle":"Update user stories in DG","messageBody":"","fileTypesAndContributionMap":{"docs":{"insertions":24,"deletions":5}}},{"hash":"4056e0e92b921e01f7b2c669fe5a1821d2fd7479","isMergeCommit":true,"messageTitle":"Merge pull request #148 from BryanCastorius/master","messageBody":"Update user stories in DG","fileTypesAndContributionMap":{}},{"hash":"f9240d200f004c5a8f6cb184eccca2b95b0ce60f","isMergeCommit":false,"messageTitle":"Update UG","messageBody":"","fileTypesAndContributionMap":{"docs":{"insertions":52,"deletions":13}}},{"hash":"c8b60eb825f1a73525815a6872d958978065a17e","isMergeCommit":true,"messageTitle":"Merge pull request #151 from jasonlienardi/master","messageBody":"Update DG","fileTypesAndContributionMap":{}},{"hash":"35fc2431033a35966e203136dac9facbb074a236","isMergeCommit":true,"messageTitle":"Merge branch \u0027AY2324S2-CS2113-W14-1:master\u0027 into master","messageBody":"","fileTypesAndContributionMap":{}},{"hash":"313f84b72fa7e554a8a3e248cb2acba86c52c686","isMergeCommit":false,"messageTitle":"Update DG","messageBody":"","fileTypesAndContributionMap":{"functional-code":{"insertions":2,"deletions":1},"docs":{"insertions":7,"deletions":2}}},{"hash":"066ef9bfe560ff5b3e4c2d45c82d92444def3fce","isMergeCommit":true,"messageTitle":"Merge pull request #152 from BryanCastorius/master","messageBody":"Update UG and DG","fileTypesAndContributionMap":{}}]}],"claribelho":[{"date":"2024-03-06","commitResults":[{"hash":"ec961da67021dc93ab95544c6537d85278c1c89c","isMergeCommit":false,"messageTitle":"Add details to docs/AboutUs.md","messageBody":"","fileTypesAndContributionMap":{"docs":{"insertions":3,"deletions":7}}},{"hash":"6d792715ba71ea3d6f4f7dd1d6efa7dc4992627c","isMergeCommit":true,"messageTitle":"Merge branch \u0027master\u0027 of https://github.com/AY2324S2-CS2113-W14-1/tp into claribelHo-AboutUs","messageBody":"# Conflicts:\n#\tdocs/AboutUs.md\n","fileTypesAndContributionMap":{}},{"hash":"0308568809ba27d73bc218003cff2f9bb6318369","isMergeCommit":true,"messageTitle":"Merge pull request #1 from claribelho/claribelHo-AboutUs","messageBody":"Add Claribel details to docs/AboutUs.md","fileTypesAndContributionMap":{}}]},{"date":"2024-03-18","commitResults":[{"hash":"228f2d71f85de0f84f2285d8e7e4bf68183ce42b","isMergeCommit":false,"messageTitle":"Add all handle commands from user","messageBody":"","fileTypesAndContributionMap":{"functional-code":{"insertions":167,"deletions":17}}},{"hash":"3d4cfcacc7fcb91ec7f27c47e2fd96577aaefa2d","isMergeCommit":false,"messageTitle":"Add Commands to edit serving size","messageBody":"","fileTypesAndContributionMap":{"functional-code":{"insertions":24,"deletions":2}}}]},{"date":"2024-03-19","commitResults":[{"hash":"d75f4f0123cfd8dc404412b2a38bb5a246717d23","isMergeCommit":true,"messageTitle":"Merge branch \u0027master\u0027 of https://github.com/AY2324S2-CS2113-W14-1/tp","messageBody":"# Conflicts:\n#\tsrc/main/java/seedu/duke/user/User.java\n","fileTypesAndContributionMap":{}},{"hash":"734f64dcfb1e545a566f82ff2bd7d19f57ce8b98","isMergeCommit":true,"messageTitle":"Merge branch \u0027master\u0027 of https://github.com/AY2324S2-CS2113-W14-1/tp","messageBody":"# Conflicts:\n#\tsrc/main/java/seedu/duke/Parser.java\n","fileTypesAndContributionMap":{}},{"hash":"4c57e087c9f91f315f10292991c7d4bc69cbd303","isMergeCommit":false,"messageTitle":"Fix bugs in commands","messageBody":"","fileTypesAndContributionMap":{"functional-code":{"insertions":15,"deletions":18}}},{"hash":"3f69a495752bcbed151aa8d63edb67e3f8653bf3","isMergeCommit":false,"messageTitle":"Simplify input commands format","messageBody":"","fileTypesAndContributionMap":{"functional-code":{"insertions":51,"deletions":57}}},{"hash":"38d23ed5c1f792b78b885048f341829dfd1444b0","isMergeCommit":true,"messageTitle":"Merge pull request #15 from claribelho/master","messageBody":"Edit input commands","fileTypesAndContributionMap":{}},{"hash":"77156705913e275a6d0ba46211d7f2645c349441","isMergeCommit":false,"messageTitle":"Add invalidIndexException","messageBody":"","fileTypesAndContributionMap":{"functional-code":{"insertions":17,"deletions":2}}},{"hash":"ff86106ebeedb143be1d50115e78d4da5c087baa","isMergeCommit":false,"messageTitle":"Add JUnit test for some user class methods","messageBody":"","fileTypesAndContributionMap":{"test-code":{"insertions":48,"deletions":0}}},{"hash":"1d8ec246e11fa3aaa3a670a02335ff4b5f9578d3","isMergeCommit":true,"messageTitle":"Merge branch \u0027junit-testing\u0027","messageBody":"","fileTypesAndContributionMap":{}},{"hash":"dbab4717581b5afa377a2771108f2af2fa3fb64a","isMergeCommit":false,"messageTitle":"Add assertions to User class","messageBody":"","fileTypesAndContributionMap":{"functional-code":{"insertions":17,"deletions":2}}},{"hash":"52e64c7963ff9cdf114b957c9e9df2f9a25746ea","isMergeCommit":false,"messageTitle":"Reorganise and rebuild project for FitNus to be main class","messageBody":"","fileTypesAndContributionMap":{"functional-code":{"insertions":0,"deletions":21},"other":{"insertions":47,"deletions":49},"test-code":{"insertions":0,"deletions":12}}},{"hash":"1520e1ba94b8c100d0a76343d1e428a118fc393c","isMergeCommit":false,"messageTitle":"Add files for ios/ubuntu ui test","messageBody":"","fileTypesAndContributionMap":{"other":{"insertions":3,"deletions":4}}},{"hash":"7e7f03908d6a013457b16d93ede21483ab93c6fb","isMergeCommit":true,"messageTitle":"Merge pull request #16 from claribelho/master","messageBody":"Add Junit Test for User","fileTypesAndContributionMap":{}},{"hash":"036df9c0f97aa0743ffc4314e2074d9904edfc12","isMergeCommit":false,"messageTitle":"Update README with 4 commands","messageBody":"","fileTypesAndContributionMap":{"docs":{"insertions":47,"deletions":46}}},{"hash":"4c5fad3d24fe19d628c8fe22dabdb7513ac919e2","isMergeCommit":true,"messageTitle":"Merge pull request #17 from claribelho/master","messageBody":"Update README","fileTypesAndContributionMap":{}},{"hash":"dc6990320e1dd8c5f26944cf3d85959016a43268","isMergeCommit":false,"messageTitle":"Update List to show serving size","messageBody":"","fileTypesAndContributionMap":{"functional-code":{"insertions":5,"deletions":3}}},{"hash":"938e958322388094d177424949093dc56c88187e","isMergeCommit":false,"messageTitle":"Enable assertions in build.gradle","messageBody":"","fileTypesAndContributionMap":{"other":{"insertions":1,"deletions":0}}},{"hash":"af78f66b35c885f730e9c871794fd2e1ffd69e30","isMergeCommit":false,"messageTitle":"Update README file","messageBody":"","fileTypesAndContributionMap":{"functional-code":{"insertions":1,"deletions":1},"docs":{"insertions":607,"deletions":65}}},{"hash":"0a6394abe982517573fe16682351a77d7fc71ddc","isMergeCommit":true,"messageTitle":"Merge pull request #35 from claribelho/master","messageBody":"Finalise v1.0 submission","tags":["v1.0"],"fileTypesAndContributionMap":{}}]},{"date":"2024-03-28","commitResults":[{"hash":"99f60fa4a60a4193dd8cb7ffe9d769bef239378c","isMergeCommit":false,"messageTitle":"Remove text-ui-test folder","messageBody":"","fileTypesAndContributionMap":{"other":{"insertions":0,"deletions":41}}},{"hash":"cfa1b44f0a6645064b7e377d0f5baef9ea59f958","isMergeCommit":false,"messageTitle":"Add Date variable to Meal class","messageBody":"","fileTypesAndContributionMap":{"functional-code":{"insertions":26,"deletions":1}}},{"hash":"63488b0fde8d94acb80c7f3c8a939a19d4e33350","isMergeCommit":false,"messageTitle":"Add date when saving meal","messageBody":"","fileTypesAndContributionMap":{"functional-code":{"insertions":20,"deletions":12}}},{"hash":"5c3e0d2b9b41b3e00df3ef4a9e491b09673df750","isMergeCommit":false,"messageTitle":"Add date variable to Drink class","messageBody":"","fileTypesAndContributionMap":{"functional-code":{"insertions":19,"deletions":6}}},{"hash":"663f6789a1ec0ff67a91731c193c4ab061a30c65","isMergeCommit":false,"messageTitle":"Add date variable to Water class","messageBody":"","fileTypesAndContributionMap":{"functional-code":{"insertions":12,"deletions":6}}},{"hash":"0fa1b2572b5c0ce3c9fde691d436a838e86fac45","isMergeCommit":false,"messageTitle":"Update UserTest file","messageBody":"","fileTypesAndContributionMap":{"test-code":{"insertions":2,"deletions":4}}},{"hash":"accf3e3d7bb73588eb596e8624d43b7c752ed6ea","isMergeCommit":true,"messageTitle":"Merge pull request #48 from claribelho/add-date","messageBody":"Add date variable","fileTypesAndContributionMap":{}},{"hash":"e9ddf40a905506ded63f8facbcec4bd536363038","isMergeCommit":false,"messageTitle":"Add more Junit test for User methods","messageBody":"","fileTypesAndContributionMap":{"test-code":{"insertions":87,"deletions":31}}},{"hash":"38f09f64a80515bf61f5c5a96b4f6cc24909bffb","isMergeCommit":false,"messageTitle":"Add exceptions for invalid serving sizes","messageBody":"","fileTypesAndContributionMap":{"functional-code":{"insertions":40,"deletions":19}}}]},{"date":"2024-03-29","commitResults":[{"hash":"cfd90093f5855ae1665fb7ed29118b081027575d","isMergeCommit":false,"messageTitle":"Fix bugs to throw invalidIndexException","messageBody":"","fileTypesAndContributionMap":{"functional-code":{"insertions":15,"deletions":9}}},{"hash":"e0145e545010792fa7ed9f9bbd639b920ab1bccd","isMergeCommit":false,"messageTitle":"Add JUnit test, UserTest now 76%","messageBody":"","fileTypesAndContributionMap":{"functional-code":{"insertions":1,"deletions":1},"test-code":{"insertions":213,"deletions":11}}},{"hash":"e0723659f49d43e9fa5c8d69a5065aca7f89fefe","isMergeCommit":false,"messageTitle":"Fix Checkstyle errors","messageBody":"","fileTypesAndContributionMap":{"test-code":{"insertions":2,"deletions":32}}},{"hash":"76461927dee217812e1bcd778e9db9ec68ee4e67","isMergeCommit":false,"messageTitle":"Fix Checkstyle Error in User class","messageBody":"","fileTypesAndContributionMap":{"functional-code":{"insertions":15,"deletions":4}}},{"hash":"dccf6a59fb475e361882e75702f5de96548705fa","isMergeCommit":false,"messageTitle":"Fix errors in checkstyleMain","messageBody":"","fileTypesAndContributionMap":{"functional-code":{"insertions":17,"deletions":16},"test-code":{"insertions":9,"deletions":9}}},{"hash":"622227528fe186902feb764a34ceb0ae392ab333","isMergeCommit":false,"messageTitle":"Change assertTrue to assertEquals","messageBody":"","fileTypesAndContributionMap":{"test-code":{"insertions":7,"deletions":7}}},{"hash":"6a833677acc68def987880bbcbaedc2c2723ab09","isMergeCommit":false,"messageTitle":"Rename InvalidIndexException class","messageBody":"","fileTypesAndContributionMap":{"functional-code":{"insertions":17,"deletions":16},"test-code":{"insertions":9,"deletions":9}}},{"hash":"9668417cb5537fb25b3d05d3da6c4ef5c539ca6c","isMergeCommit":false,"messageTitle":"Replace with System.lineSeparator() for tests to be OS-independent","messageBody":"","fileTypesAndContributionMap":{"functional-code":{"insertions":2,"deletions":1},"test-code":{"insertions":13,"deletions":13}}},{"hash":"c9b51e7a6a3423a1dd39ca489d3e2ca41e6405ce","isMergeCommit":false,"messageTitle":"Fix Indentation Error","messageBody":"","fileTypesAndContributionMap":{"test-code":{"insertions":1,"deletions":1}}}]},{"date":"2024-03-30","commitResults":[{"hash":"f7c2944068f9bef571e9fc52b50b1f28ddcf7ceb","isMergeCommit":false,"messageTitle":"Fix bug in exception message for Exercise","messageBody":"","fileTypesAndContributionMap":{"functional-code":{"insertions":4,"deletions":1}}},{"hash":"ea78efc42f1dcf0e067000337d14e4874f296c23","isMergeCommit":false,"messageTitle":"Add IncompleteDeleteException for no index inputs","messageBody":"","fileTypesAndContributionMap":{"functional-code":{"insertions":19,"deletions":5}}},{"hash":"05a7f81010f9454e38fa12b4b876e75b87f16b86","isMergeCommit":false,"messageTitle":"Add tests for IncompleteDeleteException","messageBody":"","fileTypesAndContributionMap":{"test-code":{"insertions":21,"deletions":2}}},{"hash":"30f9bcf50483c98a0df52f4f6569fe64210782ea","isMergeCommit":false,"messageTitle":"Add IncompleteInfoException for viewing info of non-specified meal/drink/exercise","messageBody":"","fileTypesAndContributionMap":{"functional-code":{"insertions":35,"deletions":10},"test-code":{"insertions":2,"deletions":1}}},{"hash":"31fbd685525da4dce29d6f1c9786bb51d11db3e0","isMergeCommit":false,"messageTitle":"Integrate Exercise into calories, clear and listEverything commands","messageBody":"","fileTypesAndContributionMap":{"functional-code":{"insertions":22,"deletions":13}}},{"hash":"ef63bc1c38e79f56b070ca79c4a05ae5fd63a53f","isMergeCommit":false,"messageTitle":"Add deleteExercise method","messageBody":"","fileTypesAndContributionMap":{"functional-code":{"insertions":23,"deletions":6}}},{"hash":"ba1f40c8c50794e346080599c0a3745f26dcd94c","isMergeCommit":false,"messageTitle":"Add InvalidExerciseDurationException","messageBody":"","fileTypesAndContributionMap":{"functional-code":{"insertions":14,"deletions":2}}},{"hash":"ff349ea8ad445f2752e343bd29243df3bfb67478","isMergeCommit":false,"messageTitle":"Add a IntegerValidation to check for negative values","messageBody":"","fileTypesAndContributionMap":{"functional-code":{"insertions":44,"deletions":47},"test-code":{"insertions":10,"deletions":10}}},{"hash":"e54c013c4eb9ade4d66e004d4f6bbd8edf3e8d87","isMergeCommit":false,"messageTitle":"Add check that inputted values do not exceed MAX_INT_VALUE","messageBody":"","fileTypesAndContributionMap":{"functional-code":{"insertions":5,"deletions":2}}},{"hash":"498134b2f843a6084dd0f1ed1db27c063455b313","isMergeCommit":false,"messageTitle":"Fix printing of water in listDrinks","messageBody":"","fileTypesAndContributionMap":{"functional-code":{"insertions":6,"deletions":3}}},{"hash":"ca3bb7f5ee438c150f19f479330fe0f4c533d46f","isMergeCommit":false,"messageTitle":"Fix exception handling in edit commands","messageBody":"","fileTypesAndContributionMap":{"functional-code":{"insertions":34,"deletions":13},"test-code":{"insertions":3,"deletions":2}}},{"hash":"31d363c40d5bee13f10b67836a6bb1a45b43c38b","isMergeCommit":false,"messageTitle":"Fix Checkstyle errors","messageBody":"","fileTypesAndContributionMap":{"functional-code":{"insertions":6,"deletions":4},"test-code":{"insertions":309,"deletions":307}}}]},{"date":"2024-03-31","commitResults":[{"hash":"38a3580f03841289c482ad5aa973f02ca2fa2a76","isMergeCommit":false,"messageTitle":"Update UserTest","messageBody":"","fileTypesAndContributionMap":{"test-code":{"insertions":265,"deletions":246}}},{"hash":"995702541d20cd8e39b61630c49625d4b5fcfca2","isMergeCommit":true,"messageTitle":"Merge branch \u0027master\u0027 of https://github.com/AY2324S2-CS2113-W14-1/tp into junit-user","messageBody":"","fileTypesAndContributionMap":{}},{"hash":"e683d832fa01da173ef8bc9b1230654383dc752c","isMergeCommit":false,"messageTitle":"Update userTest with correct calculations","messageBody":"","fileTypesAndContributionMap":{"functional-code":{"insertions":0,"deletions":1},"test-code":{"insertions":68,"deletions":71}}}]},{"date":"2024-04-02","commitResults":[{"hash":"82611a997a28c301b37776945407cd76d70e1895","isMergeCommit":true,"messageTitle":"Merge branch \u0027master\u0027 into master","messageBody":"","fileTypesAndContributionMap":{}},{"hash":"7ab02388358ecd7f66b7a840469ca315e2600d67","isMergeCommit":true,"messageTitle":"Merge pull request #66 from tinaliu27/master","messageBody":"added recommendations to view Calories and view Water","fileTypesAndContributionMap":{}},{"hash":"b6618dac1cd735d7125de71e4af668fd991fd88c","isMergeCommit":false,"messageTitle":"Add javadoc for User class","messageBody":"","fileTypesAndContributionMap":{"functional-code":{"insertions":247,"deletions":3}}},{"hash":"7f4000371f03a4c112c4f5803d5fee9492495eed","isMergeCommit":true,"messageTitle":"Merge branch \u0027master\u0027 of https://github.com/AY2324S2-CS2113-W14-1/tp","messageBody":"","fileTypesAndContributionMap":{}},{"hash":"18dbe8280b872559e12f3334b2176c31322e32a2","isMergeCommit":false,"messageTitle":"Add javadoc for handleRecommendations method","messageBody":"","fileTypesAndContributionMap":{"functional-code":{"insertions":7,"deletions":3}}},{"hash":"c5fc0b77bad461c3e4a541fe4083ca02c78d0526","isMergeCommit":false,"messageTitle":"Add javadoc to Date and IntegerValidation classes","messageBody":"","fileTypesAndContributionMap":{"functional-code":{"insertions":28,"deletions":1}}},{"hash":"52bb67c545b8f9c33de664b2b7e8902b7a278278","isMergeCommit":false,"messageTitle":"Add documentation for FitNUS, UI and Water class","messageBody":"","fileTypesAndContributionMap":{"functional-code":{"insertions":37,"deletions":3}}},{"hash":"4bc8689b10fd4b6e8d28055dd116d7cb31ce624a","isMergeCommit":true,"messageTitle":"Merge branch \u0027master\u0027 of https://github.com/AY2324S2-CS2113-W14-1/tp","messageBody":"","fileTypesAndContributionMap":{}},{"hash":"f8172f24f63f04ef2189c3b6f6f041876e465aa1","isMergeCommit":false,"messageTitle":"Fix checkstyle error in Parser","messageBody":"","fileTypesAndContributionMap":{"functional-code":{"insertions":2,"deletions":1}}},{"hash":"3a05182888eb42306fef2012268f1c15f9b066a9","isMergeCommit":true,"messageTitle":"Merge pull request #73 from claribelho/master","messageBody":"Add documentation","fileTypesAndContributionMap":{}},{"hash":"8c656495f74ba8c3fed6b7f55088e374c5f9525b","isMergeCommit":false,"messageTitle":"Add methods where user can view a list of pre-defined meals, drinks or exercises","messageBody":"","fileTypesAndContributionMap":{"functional-code":{"insertions":33,"deletions":0}}},{"hash":"f6b9b456111b5d9b6f0884dedcea2b416d7eccd8","isMergeCommit":false,"messageTitle":"Update help command with new methods","messageBody":"","fileTypesAndContributionMap":{"functional-code":{"insertions":3,"deletions":0}}},{"hash":"5893460330215548f900eb3edd6612938ebe9327","isMergeCommit":false,"messageTitle":"Update UserGuide","messageBody":"","fileTypesAndContributionMap":{"docs":{"insertions":21,"deletions":4}}},{"hash":"f91526becef5048912d297e34e8f62d620b17ec3","isMergeCommit":true,"messageTitle":"Merge pull request #76 from claribelho/listout-predefined","messageBody":"Allow users to view a list of all pre-defined meals/drinks/exercises","fileTypesAndContributionMap":{}},{"hash":"7a264194d91bee9d7d40fc0013f5a53db999f938","isMergeCommit":false,"messageTitle":"Add documentation for Drink and Meal","messageBody":"","fileTypesAndContributionMap":{"functional-code":{"insertions":132,"deletions":0}}},{"hash":"b7aa975a0a88388cfaf565872fc0a46730478226","isMergeCommit":false,"messageTitle":"Add documentation for exercise","messageBody":"","fileTypesAndContributionMap":{"functional-code":{"insertions":61,"deletions":12}}},{"hash":"9c1e37123c33cf5a0594e8a0cb8f254e499f7952","isMergeCommit":false,"messageTitle":"Add documentations to exception classes","messageBody":"","fileTypesAndContributionMap":{"functional-code":{"insertions":52,"deletions":0}}},{"hash":"a0446fc6a6f537db0ff2c60c140c0b90ec96238a","isMergeCommit":true,"messageTitle":"Merge pull request #78 from claribelho/documentation","messageBody":"Add Documentation","fileTypesAndContributionMap":{}},{"hash":"c8ccc2d9f3c1a8b671491c2a61913ba7f259b682","isMergeCommit":false,"messageTitle":"Fix bug where user inputs command in the wrong order","messageBody":"","fileTypesAndContributionMap":{"functional-code":{"insertions":9,"deletions":6}}},{"hash":"ef684bf506e06a987eefe5207508aacfece130ca","isMergeCommit":false,"messageTitle":"Fix handleCommand","messageBody":"","fileTypesAndContributionMap":{"functional-code":{"insertions":4,"deletions":4}}},{"hash":"6a8d4ec2ec7c206654719ea6c0d86bb4e4743426","isMergeCommit":false,"messageTitle":"Fix checkstyle error","messageBody":"","fileTypesAndContributionMap":{"functional-code":{"insertions":2,"deletions":1}}},{"hash":"9350e2ba57be46e6a6691b3bb85d771e35abe0c7","isMergeCommit":true,"messageTitle":"Merge pull request #80 from claribelho/fixing-bugs","messageBody":"Fixing small bugs","fileTypesAndContributionMap":{}},{"hash":"662d526fa3a88b2f0a04ef8ad614af0f9350998c","isMergeCommit":false,"messageTitle":"Update README.md","messageBody":"","fileTypesAndContributionMap":{"docs":{"insertions":70,"deletions":217}}},{"hash":"11847d2508115999bfdd143e227685b72b10c99d","isMergeCommit":false,"messageTitle":"Update README.md","messageBody":"","fileTypesAndContributionMap":{"docs":{"insertions":1,"deletions":1}}},{"hash":"d2120ecf2c6496eecd47540099ab6797857caf2c","isMergeCommit":false,"messageTitle":"Update README.md","messageBody":"","fileTypesAndContributionMap":{"docs":{"insertions":70,"deletions":217}}}]},{"date":"2024-04-10","commitResults":[{"hash":"72908041466c39ca6f1ed9586926d944507ab045","isMergeCommit":false,"messageTitle":"Add PPP document","messageBody":"","fileTypesAndContributionMap":{"docs":{"insertions":11,"deletions":0}}},{"hash":"583c18ce03a5a5c3a2b423cbe26ea12e03e6a04a","isMergeCommit":true,"messageTitle":"Merge pull request #128 from claribelho/master","messageBody":"Add PPP document","fileTypesAndContributionMap":{}},{"hash":"5b4f83a6a95a6483ea0fc5dfdde590774f686d48","isMergeCommit":false,"messageTitle":"Refactor MealList","messageBody":"","fileTypesAndContributionMap":{"functional-code":{"insertions":209,"deletions":176},"other":{"insertions":1,"deletions":1},"test-code":{"insertions":386,"deletions":386}}},{"hash":"29eb73f9af0059c4e29eb1206388df2d17eb13c9","isMergeCommit":false,"messageTitle":"Follow Reposense unused folder","messageBody":"","fileTypesAndContributionMap":{"other":{"insertions":4,"deletions":2}}},{"hash":"e0424277399c9932d5addbf2ddceea21e7ce3836","isMergeCommit":true,"messageTitle":"Merge branch \u0027master\u0027 of https://github.com/AY2324S2-CS2113-W14-1/tp","messageBody":"# Conflicts:\n#\tsrc/main/java/seedu/fitnus/Ui.java\n#\tsrc/main/java/seedu/fitnus/parser/Parser.java\n#\tsrc/main/java/seedu/fitnus/user/User.java\n#\tsrc/test/java/seedu/fitnus/user/UserTest.java\n","fileTypesAndContributionMap":{}},{"hash":"6a34012c6f216b2e67546ab9ddf8c17546b84050","isMergeCommit":false,"messageTitle":"Fix checkstyle error","messageBody":"","fileTypesAndContributionMap":{"functional-code":{"insertions":2,"deletions":3}}},{"hash":"c6b11d2a5c69f9b775641c9031fc42cfa3be56d5","isMergeCommit":false,"messageTitle":"Fix CheckStyleTest error","messageBody":"","fileTypesAndContributionMap":{"test-code":{"insertions":1,"deletions":1}}},{"hash":"9215b1490c70eea515707a9edddfba0e0c72d38d","isMergeCommit":true,"messageTitle":"Merge pull request #134 from claribelho/master","messageBody":"Refactor MealList","fileTypesAndContributionMap":{}},{"hash":"8289e4a65172dbb95b1548d8f3e4c3bdd3a285dd","isMergeCommit":false,"messageTitle":"Add pre-defined meal and drinks","messageBody":"","fileTypesAndContributionMap":{"functional-code":{"insertions":31,"deletions":0}}},{"hash":"6be645e23ee385b1351622803406cb1c4dc67ec8","isMergeCommit":true,"messageTitle":"Merge pull request #135 from BryanCastorius/master","messageBody":"Refactor Drink and Water list classes","fileTypesAndContributionMap":{}},{"hash":"5842d7d00032e7319494ed4ac8a76d9ad1b951a9","isMergeCommit":true,"messageTitle":"Merge branch \u0027master\u0027 of https://github.com/AY2324S2-CS2113-W14-1/tp","messageBody":"","fileTypesAndContributionMap":{}},{"hash":"bfdf3db527599dfe619f6729337ddbd37ac8704e","isMergeCommit":false,"messageTitle":"Add check if input date has passed","messageBody":"","fileTypesAndContributionMap":{"functional-code":{"insertions":72,"deletions":36},"test-code":{"insertions":2,"deletions":1}}},{"hash":"1c0ef11d5b402aedc49e5934aee6cdecafa61c98","isMergeCommit":false,"messageTitle":"Fix date validation for user input dates","messageBody":"","fileTypesAndContributionMap":{"functional-code":{"insertions":35,"deletions":31},"test-code":{"insertions":3,"deletions":1}}},{"hash":"3ede16eb8b9279839b150d32ff8807e1dd8828b6","isMergeCommit":false,"messageTitle":"Fix PED issue #103","messageBody":"","fileTypesAndContributionMap":{"functional-code":{"insertions":1,"deletions":1}}},{"hash":"022a6e5ae759591e69404f627b82e2f1bff36c46","isMergeCommit":false,"messageTitle":"Fix checkstyle errors","messageBody":"","fileTypesAndContributionMap":{"functional-code":{"insertions":7,"deletions":19}}}]},{"date":"2024-04-12","commitResults":[{"hash":"095d7a68b9511a88e249bc2d16ab945d6349632c","isMergeCommit":true,"messageTitle":"Merge pull request #139 from jasonlienardi/PE-bug-fixes","messageBody":"Fix PE-Bugs ","fileTypesAndContributionMap":{}},{"hash":"c348317cb7308e8c78b87cf4b24d2b31abf87fde","isMergeCommit":true,"messageTitle":"Merge branch \u0027master\u0027 of https://github.com/AY2324S2-CS2113-W14-1/tp","messageBody":"","fileTypesAndContributionMap":{}},{"hash":"625285d4dea7163b32465af3120a7125c675940b","isMergeCommit":false,"messageTitle":"Update UserTest after reorganisation of classes","messageBody":"","fileTypesAndContributionMap":{"test-code":{"insertions":165,"deletions":386}}},{"hash":"3dd5d6cca78ab5128ad4796efe7a46f19ff06010","isMergeCommit":false,"messageTitle":"Remove unused variables in UserTest","messageBody":"","fileTypesAndContributionMap":{"test-code":{"insertions":0,"deletions":10}}},{"hash":"7e35c72e7559183150efadb7f51e299cc55c81f3","isMergeCommit":false,"messageTitle":"Update MealListTest after reorganisation of classes","messageBody":"","fileTypesAndContributionMap":{"test-code":{"insertions":126,"deletions":1}}},{"hash":"2cb12c14c2fa1394198d403699be2708e7885181","isMergeCommit":false,"messageTitle":"Update DrinkListTest after reorganisation of classes","messageBody":"","fileTypesAndContributionMap":{"test-code":{"insertions":114,"deletions":1}}},{"hash":"9f6ed11f2d42b063112d2cf4e5aea980406dc3e3","isMergeCommit":false,"messageTitle":"Update ExerciseListTest after reorganisation of classes","messageBody":"","fileTypesAndContributionMap":{"test-code":{"insertions":91,"deletions":12}}},{"hash":"ac3e9d465232dd4f74d602b4af20eb5c9137c194","isMergeCommit":true,"messageTitle":"Merge branch \u0027master\u0027 into fix-ped-bugs","messageBody":"","fileTypesAndContributionMap":{}},{"hash":"e8b013d51ab41b7a31d6eda3ccc987c07abe12c5","isMergeCommit":false,"messageTitle":"Fix Checkstyle Errors","messageBody":"","fileTypesAndContributionMap":{"functional-code":{"insertions":4,"deletions":8}}},{"hash":"3a0b358b33a6c5507c2443037647fe9378ab73fc","isMergeCommit":false,"messageTitle":"Remove unused import of Date Class","messageBody":"","fileTypesAndContributionMap":{"functional-code":{"insertions":0,"deletions":1}}},{"hash":"e3ea1390c703e53ffd9e9e63072a1049b20c49a1","isMergeCommit":true,"messageTitle":"Merge pull request #137 from claribelho/fix-ped-bugs","messageBody":"Fix ped bugs regarding date","fileTypesAndContributionMap":{}},{"hash":"21e9e61a43348b7726c0430e5b4965c26bdd6970","isMergeCommit":true,"messageTitle":"Merge branch \u0027master\u0027 of https://github.com/AY2324S2-CS2113-W14-1/tp","messageBody":"","fileTypesAndContributionMap":{}},{"hash":"c24ddc7f07bf86a47a4af679c796bb48b3808abe","isMergeCommit":false,"messageTitle":"Fix merge conflicts","messageBody":"","fileTypesAndContributionMap":{"functional-code":{"insertions":63,"deletions":59}}},{"hash":"45f90d366ba3a4dec952f7f1b3fbb305fa8fac8c","isMergeCommit":false,"messageTitle":"Fix PED bug issue #92 on unrecognised commands with whitespaces","messageBody":"","fileTypesAndContributionMap":{"functional-code":{"insertions":1,"deletions":1}}},{"hash":"2d17b75abc49cbdc2ae8d2634c5b8892c651afdc","isMergeCommit":false,"messageTitle":"Fix PED bug issue #95 of view count overflowing int value","messageBody":"","fileTypesAndContributionMap":{"functional-code":{"insertions":68,"deletions":28},"test-code":{"insertions":7,"deletions":6}}},{"hash":"49565025b78fb07cb2cba81944fde0a571905f82","isMergeCommit":false,"messageTitle":"Update data type of variables to long","messageBody":"","fileTypesAndContributionMap":{"functional-code":{"insertions":59,"deletions":57}}},{"hash":"50962c748e81ff99dfb2346d6c88a778cbb862c3","isMergeCommit":false,"messageTitle":"Update calorie count in recommendation to be long","messageBody":"","fileTypesAndContributionMap":{"functional-code":{"insertions":9,"deletions":11}}},{"hash":"e5bdb59938722571d201bab20fb5ed71d8ee23c8","isMergeCommit":true,"messageTitle":"Merge pull request #140 from claribelho/update-junit","messageBody":"Update Junit Tests","fileTypesAndContributionMap":{}},{"hash":"9ba3549c58e7da7b86fbb4018ec507a66c21f5bb","isMergeCommit":true,"messageTitle":"Merge branch \u0027master\u0027 of https://github.com/AY2324S2-CS2113-W14-1/tp into fixing-ped-bugs","messageBody":"","fileTypesAndContributionMap":{}},{"hash":"064aaa2f398af6715e2a4ad6ab9b73c822053681","isMergeCommit":true,"messageTitle":"Merge branch \u0027master\u0027 of https://github.com/AY2324S2-CS2113-W14-1/tp","messageBody":"","fileTypesAndContributionMap":{}},{"hash":"c26335e35e0cbd3bdd4b9906e48d4cb1284f403e","isMergeCommit":true,"messageTitle":"Merge branch \u0027fixing-ped-bugs\u0027","messageBody":"","fileTypesAndContributionMap":{}},{"hash":"5097b987021acc0d99dd0e32c9b157db8dd80146","isMergeCommit":true,"messageTitle":"Merge branch \u0027master\u0027 into fixing-ped-bugs","messageBody":"","fileTypesAndContributionMap":{}},{"hash":"0424d0258e943e38b02888bc71d953f08990be55","isMergeCommit":false,"messageTitle":"Fix checkstyle error in IntegerValidation","messageBody":"","fileTypesAndContributionMap":{"functional-code":{"insertions":0,"deletions":2}}},{"hash":"5b9596232d123f19a9324b0c3452a9842a12fc76","isMergeCommit":false,"messageTitle":"Fix checkstyle error in User","messageBody":"","fileTypesAndContributionMap":{"functional-code":{"insertions":2,"deletions":1}}},{"hash":"c45ef3d23879ff7f6e0631054714965e179bd8cb","isMergeCommit":false,"messageTitle":"Fix checkstyle error in ExerciseListTest","messageBody":"","fileTypesAndContributionMap":{"test-code":{"insertions":3,"deletions":1}}},{"hash":"adb575e1f08fbfb09a125b900c64f4d2d2891f36","isMergeCommit":true,"messageTitle":"Merge branch \u0027fixing-ped-bugs\u0027 of https://github.com/claribelho/tp into fixing-ped-bugs","messageBody":"","fileTypesAndContributionMap":{}}]},{"date":"2024-04-14","commitResults":[{"hash":"f8a054f20a379e230d7d07694d6cb002deb44b9b","isMergeCommit":true,"messageTitle":"Merge branch \u0027master\u0027 of https://github.com/AY2324S2-CS2113-W14-1/tp","messageBody":"","fileTypesAndContributionMap":{}},{"hash":"afd847e7ebebe119fa5a12ce17a0a50ff45eb415","isMergeCommit":false,"messageTitle":"Add sequence diagram for Ui class in DG","messageBody":"","fileTypesAndContributionMap":{"functional-code":{"insertions":3,"deletions":3},"docs":{"insertions":60,"deletions":0}}},{"hash":"80219c1fe4677ea9e4cdcbd049498716f5d58a54","isMergeCommit":false,"messageTitle":"Add sequence diagram for Storage class in UG","messageBody":"","fileTypesAndContributionMap":{"docs":{"insertions":90,"deletions":1}}},{"hash":"335d08181eadd9cc149d0847dc692f63940edc64","isMergeCommit":false,"messageTitle":"Add sequence diagram for User component in DG","messageBody":"","fileTypesAndContributionMap":{"functional-code":{"insertions":1,"deletions":1},"docs":{"insertions":86,"deletions":1}}},{"hash":"ad187965ded73567cf7d28954d22af0c7a713d72","isMergeCommit":false,"messageTitle":"Add descriptions to User Component in DG","messageBody":"","fileTypesAndContributionMap":{"docs":{"insertions":28,"deletions":2}}},{"hash":"b3d411225a92295286814c4003f5c71d2699417e","isMergeCommit":false,"messageTitle":"Update Parser Diagram png","messageBody":"","fileTypesAndContributionMap":{"docs":{"insertions":1,"deletions":1}}}]},{"date":"2024-04-15","commitResults":[{"hash":"e4b64e169c31af6fa0e4268ad93329b482eb716b","isMergeCommit":false,"messageTitle":"Fix PED issue #118 on corrupted saved files","messageBody":"","fileTypesAndContributionMap":{"functional-code":{"insertions":66,"deletions":8},"test-code":{"insertions":4,"deletions":3}}},{"hash":"8dbdb9461971f5b5c3fdb417bdff35818b183c0e","isMergeCommit":false,"messageTitle":"Fix checkstyle issue","messageBody":"","fileTypesAndContributionMap":{"test-code":{"insertions":2,"deletions":2}}},{"hash":"f64235b1b77c565509a5f73144cda7886936cd5a","isMergeCommit":false,"messageTitle":"Fix bug for waterIntake that exceeds MAX_INT","messageBody":"","fileTypesAndContributionMap":{"functional-code":{"insertions":22,"deletions":4},"test-code":{"insertions":2,"deletions":1}}},{"hash":"f67f566a0c1d2fa1c4bd6b30d8002d3d821d9de5","isMergeCommit":false,"messageTitle":"Fix PED issue #122 on excessive water intake","messageBody":"","fileTypesAndContributionMap":{"functional-code":{"insertions":12,"deletions":6}}},{"hash":"b0016922c88e195150125cf4a60c1a21d4cc16d1","isMergeCommit":false,"messageTitle":"Fix PED issue #114 on units of measurement","messageBody":"","fileTypesAndContributionMap":{"functional-code":{"insertions":13,"deletions":12}}},{"hash":"01e4377518743b9e2ae47343dc67927d7742e529","isMergeCommit":false,"messageTitle":"Fix PED issue #111 on clear()","messageBody":"","fileTypesAndContributionMap":{"functional-code":{"insertions":2,"deletions":1},"docs":{"insertions":3,"deletions":2}}},{"hash":"8cd4b14e378dcb8658fc3f9b4c750dd7f085d97a","isMergeCommit":false,"messageTitle":"Update user guide for 1.1 of feature list","messageBody":"","fileTypesAndContributionMap":{"functional-code":{"insertions":3,"deletions":3},"docs":{"insertions":41,"deletions":55}}},{"hash":"2a1f64def5d7bdcb4800ccccc02ca06f4c8fe42d","isMergeCommit":false,"messageTitle":"Update Entire User Guide with a standardised format","messageBody":"","fileTypesAndContributionMap":{"functional-code":{"insertions":17,"deletions":16},"docs":{"insertions":249,"deletions":154}}},{"hash":"4a53e8cdc5b1a6b0266d2ee0e0904d45ce8cdada","isMergeCommit":true,"messageTitle":"Merge branch \u0027master\u0027 of https://github.com/AY2324S2-CS2113-W14-1/tp into bug-defense","messageBody":"# Conflicts:\n#\tdocs/UserGuide.md\n","fileTypesAndContributionMap":{}},{"hash":"e38490ac564546aaec24fba7b0706f247ffc554a","isMergeCommit":false,"messageTitle":"Update tests to changes","messageBody":"","fileTypesAndContributionMap":{"test-code":{"insertions":2,"deletions":2}}},{"hash":"d9ce54e64d2c8f9d7910889fe977fa011e10af1f","isMergeCommit":false,"messageTitle":"Test reposense","messageBody":"","fileTypesAndContributionMap":{"functional-code":{"insertions":2,"deletions":0}}},{"hash":"d8b52a23526cdb203098a15d2e99897ee5ab6fa2","isMergeCommit":true,"messageTitle":"Merge pull request #153 from claribelho/bug-defense","messageBody":"Fix bugs and Update User Guide","fileTypesAndContributionMap":{}},{"hash":"5251236eb82ebb060dbc4a008027f47b4f6e1e47","isMergeCommit":false,"messageTitle":"Update README","messageBody":"","fileTypesAndContributionMap":{"docs":{"insertions":55,"deletions":32}}},{"hash":"2aee8f85af0a98a42a0a0e07338255fbf5eda362","isMergeCommit":true,"messageTitle":"Merge pull request #154 from claribelho/bug-defense","messageBody":"Update README","fileTypesAndContributionMap":{}}]}]},"authorFileTypeContributionMap":{"tinaliu27":{"docs":0,"functional-code":21,"test-code":0},"edwardhumi":{"docs":192,"functional-code":843,"test-code":129},"jasonlienardi":{"docs":373,"functional-code":717,"test-code":13},"BryanCastorius":{"docs":584,"functional-code":425,"test-code":17},"claribelho":{"docs":771,"functional-code":1186,"test-code":486,"other":3}},"authorContributionVariance":{"tinaliu27":552.1595,"edwardhumi":20896.418,"jasonlienardi":40195.54,"BryanCastorius":14752.282,"claribelho":142699.66},"authorDisplayNameMap":{"tinaliu27":"CS2113-W14-1 LIU ..N AI","edwardhumi":"CS2113-W14-1 EDWA..ANTO","jasonlienardi":"CS2113-W14-1 JASO..ARDI","BryanCastorius":"CS2113-W14-1 BRYA..ALIM","claribelho":"CS2113-W14-1 CLAR..HUAN"}}
