{"authorDailyContributionsMap":{"tinaliu27":[{"date":"2024-03-17","commitResults":[{"hash":"be6471098127e4e76c17002f0e8253f58116f473","isMergeCommit":false,"messageTitle":"added csvreader methods","messageBody":"","fileTypesAndContributionMap":{"functional-code":{"insertions":54,"deletions":0}}}]}],"edwardhumi":[{"date":"2024-03-06","commitResults":[{"hash":"f8b87925e7077dbc4b3a34547ece38d86b5113ed","isMergeCommit":false,"messageTitle":"Update README.md","messageBody":"","fileTypesAndContributionMap":{"docs":{"insertions":1,"deletions":1}}},{"hash":"58dced88bae408cf5918009053e5cd44e9432466","isMergeCommit":false,"messageTitle":"Update AboutUs.md","messageBody":"","fileTypesAndContributionMap":{"docs":{"insertions":3,"deletions":7}}},{"hash":"d2bfc730e2b04c644b3ce2658b9c1930f3d4bef5","isMergeCommit":true,"messageTitle":"Merge branch \u0027master\u0027 of https://github.com/AY2324S2-CS2113-W14-1/tp into edwardHumianto-AboutUs","messageBody":"","fileTypesAndContributionMap":{}},{"hash":"fe6ea44f692facdd8617d3ccafd7a0b1743f9484","isMergeCommit":true,"messageTitle":"Merge pull request #3 from edwardhumi/edwardHumianto-AboutUs","messageBody":"Update AboutUs.md","fileTypesAndContributionMap":{}}]},{"date":"2024-03-13","commitResults":[{"hash":"8205c086634df19ebd86485b6c193120fdca3bc7","isMergeCommit":false,"messageTitle":"Update Checkstyle","messageBody":"","fileTypesAndContributionMap":{"other":{"insertions":153,"deletions":6}}}]},{"date":"2024-03-17","commitResults":[{"hash":"1a86bae316408dd49d64b160bc1275bf28de7c66","isMergeCommit":true,"messageTitle":"Merge branch \u0027AY2324S2-CS2113-W14-1:master\u0027 into master","messageBody":"","fileTypesAndContributionMap":{}},{"hash":"fc381279565b70b537713844304ce94398a509a0","isMergeCommit":true,"messageTitle":"Merge branch \u0027AY2324S2-CS2113-W14-1:master\u0027 into master","messageBody":"","fileTypesAndContributionMap":{}},{"hash":"d74b8d030c98dd6928f0be2ce97b4f45bb34abf9","isMergeCommit":false,"messageTitle":"Add Parser class","messageBody":"Created parser for meal, drink, and water\n","fileTypesAndContributionMap":{"functional-code":{"insertions":28,"deletions":0}}},{"hash":"936174e5653bd6a923bdc1372965efd7e7e16e7e","isMergeCommit":false,"messageTitle":"Add Parser for Info and Edit","messageBody":"","fileTypesAndContributionMap":{"functional-code":{"insertions":35,"deletions":1}}},{"hash":"2e5dcd9765982d4b9446ea16e4814254b9aab90b","isMergeCommit":false,"messageTitle":"Revert Checkstyle","messageBody":"","fileTypesAndContributionMap":{"functional-code":{"insertions":11,"deletions":11},"other":{"insertions":2,"deletions":149}}},{"hash":"4fa31d289ae9ea4ea59ae4854143956c6ea58dce","isMergeCommit":false,"messageTitle":"Fix build errors","messageBody":"Add new lines to each file and remove unused imports\n","fileTypesAndContributionMap":{"functional-code":{"insertions":3,"deletions":10}}},{"hash":"0caa198a7406a02250576ed7172fbe974755d9be","isMergeCommit":true,"messageTitle":"Merge pull request #5 from edwardhumi/master","messageBody":"Add Parser","fileTypesAndContributionMap":{}}]}],"jasonlienardi":[{"date":"2024-03-06","commitResults":[{"hash":"7385b50c5ab7dfbb92cf00da66be62e736fa0591","isMergeCommit":false,"messageTitle":"Update AboutUs.md","messageBody":"","fileTypesAndContributionMap":{"docs":{"insertions":3,"deletions":7}}},{"hash":"03f8fbe1646bc6017e73462bbc048da2c98ef7cf","isMergeCommit":true,"messageTitle":"Merge pull request #2 from jasonlienardi/Update-AboutUs","messageBody":"Update AboutUs.md","fileTypesAndContributionMap":{}}]},{"date":"2024-03-17","commitResults":[{"hash":"f37a8bab0d4fbfe8c8eae630de63d073f86409bc","isMergeCommit":false,"messageTitle":"Add Meal Class","messageBody":"","fileTypesAndContributionMap":{"functional-code":{"insertions":52,"deletions":0}}},{"hash":"2a41ac5cab6e60d477a9884db0991c183ed32656","isMergeCommit":false,"messageTitle":"Update Meal Class","messageBody":"","fileTypesAndContributionMap":{"functional-code":{"insertions":12,"deletions":0}}},{"hash":"17daa58de53b25e88f3fd6ab0f570800d892a11d","isMergeCommit":true,"messageTitle":"Merge pull request #6 from jasonlienardi/master","messageBody":"Add Meal Class","fileTypesAndContributionMap":{}}]},{"date":"2024-03-18","commitResults":[{"hash":"031e13895ce947e299171d51c05a26b55b96df05","isMergeCommit":false,"messageTitle":"Add Hashmap for meals","messageBody":"","fileTypesAndContributionMap":{"functional-code":{"insertions":47,"deletions":34}}},{"hash":"994bbbd667e2957893502f7c26ce8a32693486a3","isMergeCommit":true,"messageTitle":"Merge pull request #8 from jasonlienardi/master","messageBody":"Add Hashmap for meals","fileTypesAndContributionMap":{}}]}],"BryanCastorius":[{"date":"2024-03-06","commitResults":[{"hash":"d8a221fbb43a7102f269742f340164c86f7c8a31","isMergeCommit":false,"messageTitle":"Update AboutUs.md","messageBody":"","fileTypesAndContributionMap":{"docs":{"insertions":6,"deletions":5}}},{"hash":"6f191d24129a3413b31ec2e1c9144785ccc96b3f","isMergeCommit":true,"messageTitle":"Merge pull request #4 from BryanCastorius/BryanCastorius-AboutUs","messageBody":"Update AboutUs.md","fileTypesAndContributionMap":{}}]},{"date":"2024-03-18","commitResults":[{"hash":"03c13a354ad2f9b3926cbb29502cf204957e3a3e","isMergeCommit":false,"messageTitle":"Add Drink and Water Class","messageBody":"","fileTypesAndContributionMap":{"functional-code":{"insertions":80,"deletions":0}}},{"hash":"c8ae9d69703d243392663512defbe96355d4b0ce","isMergeCommit":true,"messageTitle":"Merge pull request #7 from BryanCastorius/master","messageBody":"Add Drink and Water Class","fileTypesAndContributionMap":{}}]}],"claribelho":[{"date":"2024-03-06","commitResults":[{"hash":"ec961da67021dc93ab95544c6537d85278c1c89c","isMergeCommit":false,"messageTitle":"Add details to docs/AboutUs.md","messageBody":"","fileTypesAndContributionMap":{"docs":{"insertions":3,"deletions":7}}},{"hash":"6d792715ba71ea3d6f4f7dd1d6efa7dc4992627c","isMergeCommit":true,"messageTitle":"Merge branch \u0027master\u0027 of https://github.com/AY2324S2-CS2113-W14-1/tp into claribelHo-AboutUs","messageBody":"# Conflicts:\n#\tdocs/AboutUs.md\n","fileTypesAndContributionMap":{}},{"hash":"0308568809ba27d73bc218003cff2f9bb6318369","isMergeCommit":true,"messageTitle":"Merge pull request #1 from claribelho/claribelHo-AboutUs","messageBody":"Add Claribel details to docs/AboutUs.md","fileTypesAndContributionMap":{}}]}]},"authorFileTypeContributionMap":{"tinaliu27":{"docs":0,"functional-code":47,"test-code":0},"edwardhumi":{"docs":2,"functional-code":62,"test-code":0},"jasonlienardi":{"docs":1,"functional-code":77,"test-code":0},"BryanCastorius":{"docs":2,"functional-code":80,"test-code":0},"claribelho":{"docs":1,"functional-code":0,"test-code":0}},"authorContributionVariance":{"tinaliu27":111.974396,"edwardhumi":3233.4148,"jasonlienardi":391.84,"BryanCastorius":247.59041,"claribelho":3.840002},"authorDisplayNameMap":{"tinaliu27":"CS2113-W14-1 LIU ..N AI","edwardhumi":"CS2113-W14-1 EDWA..ANTO","jasonlienardi":"CS2113-W14-1 JASO..ARDI","BryanCastorius":"CS2113-W14-1 BRYA..ALIM","claribelho":"CS2113-W14-1 CLAR..HUAN"}}
