{"authorDailyContributionsMap":{"nidhi-nayak":[{"date":"2024-03-06","commitResults":[{"hash":"7306a7d50e0bb5d03dc8fb2b3762245ad25bf4c2","isMergeCommit":false,"messageTitle":"change about us page","messageBody":"","fileTypesAndContributionMap":{"docs":{"insertions":3,"deletions":7}}},{"hash":"e7694f7109deb8750af07ef87e5f60ef7c58e1eb","isMergeCommit":true,"messageTitle":"Merge branch \u0027master\u0027 into nidhiNayak-AboutUs","messageBody":"# Conflicts:\n#\tdocs/AboutUs.md\nResolve merge conflict\n","fileTypesAndContributionMap":{}},{"hash":"78f787df85609c1d67ee284d4814c2efe3d254ff","isMergeCommit":true,"messageTitle":"Merge pull request #4 from nidhi-nayak/nidhiNayak-AboutUs","messageBody":"Change about us page","fileTypesAndContributionMap":{}}]},{"date":"2024-03-14","commitResults":[{"hash":"34ba8c69a341bed198d0a569276a9ea60229cc5f","isMergeCommit":false,"messageTitle":"Finish RecipeList class and generic add, delete, find, list functions","messageBody":"","fileTypesAndContributionMap":{"functional-code":{"insertions":120,"deletions":0}}},{"hash":"e4fb0f7c5c9b3222d84d8d970d987dc4da787c9e","isMergeCommit":true,"messageTitle":"Merge branch \u0027AY2324S2-CS2113-W14-2:master\u0027 into branch-AddRecipeListClass","messageBody":"","fileTypesAndContributionMap":{}},{"hash":"0d8ccf551eafb20c390c82b1bec6796262865e50","isMergeCommit":false,"messageTitle":"Fix RecipeList class with Recipe parameters","messageBody":"","fileTypesAndContributionMap":{"other":{"insertions":12,"deletions":14}}},{"hash":"acd44464933c6dbde4ba9abaf59dc64ad91471c6","isMergeCommit":false,"messageTitle":"Add meal categories and finished addRecipe test","messageBody":"","fileTypesAndContributionMap":{"functional-code":{"insertions":1,"deletions":1},"test-code":{"insertions":16,"deletions":0}}},{"hash":"399ecab2ee687d315163bca066b60568fdb30988","isMergeCommit":false,"messageTitle":"Add deleteRecipe test","messageBody":"","fileTypesAndContributionMap":{"functional-code":{"insertions":3,"deletions":3},"test-code":{"insertions":12,"deletions":0}}},{"hash":"808b88024cbd416bc08cca6135f813e2668dc765","isMergeCommit":true,"messageTitle":"Merge branch \u0027master\u0027 into master","messageBody":"","fileTypesAndContributionMap":{}},{"hash":"99edf6fe79667642caeb871f2358f46c0e7593c3","isMergeCommit":true,"messageTitle":"Merge pull request #13 from nidhi-nayak/master","messageBody":"Add RecipeListClass + testRecipeListClass ","fileTypesAndContributionMap":{}},{"hash":"c3281b7c2b08d2c86456db10a824f2f32b8190b3","isMergeCommit":false,"messageTitle":"Fix missing end brace bug line 40 of RecipeIOTest","messageBody":"","fileTypesAndContributionMap":{"test-code":{"insertions":1,"deletions":0}}},{"hash":"0a6a7ce7a5171d48666e8dbd2b999e12789d2b70","isMergeCommit":true,"messageTitle":"Merge pull request #16 from nidhi-nayak/master","messageBody":"Fix missing end brace bug line 40 of RecipeIOTest","fileTypesAndContributionMap":{}}]},{"date":"2024-03-19","commitResults":[{"hash":"3b6710666c8a8ed4aee48924e143e136c90433dd","isMergeCommit":true,"messageTitle":"Merge pull request #39 from yuki-zmstr/branch-AddCommandClass","messageBody":"Add Command class","fileTypesAndContributionMap":{}}]}],"chenxk619":[{"date":"2024-03-09","commitResults":[{"hash":"9e761c5ef5408098d768252db7bd2c6df26cccd0","isMergeCommit":false,"messageTitle":"Update AboutUs.md","messageBody":"","fileTypesAndContributionMap":{"docs":{"insertions":1,"deletions":1}}},{"hash":"e8f5f19085f617196575693a9020d3dc9dfcdaf5","isMergeCommit":true,"messageTitle":"Merge pull request #5 from chenxk619/master","messageBody":"Update AboutUs.md","fileTypesAndContributionMap":{}}]},{"date":"2024-03-15","commitResults":[{"hash":"78158dc290d075011ffaf99d286757088fe425fd","isMergeCommit":false,"messageTitle":"Added storage and storageTest","messageBody":"","fileTypesAndContributionMap":{"functional-code":{"insertions":87,"deletions":1},"test-code":{"insertions":31,"deletions":0}}},{"hash":"0d56fb2d5ff220ee63b6996dc2258267513db9d6","isMergeCommit":false,"messageTitle":"Added storage and storageTest","messageBody":"","fileTypesAndContributionMap":{"other":{"insertions":1,"deletions":1}}},{"hash":"4500d79b307e2d8d21b2952ee8a0e2970c1bfbf6","isMergeCommit":false,"messageTitle":"Added storage and storageTest","messageBody":"","fileTypesAndContributionMap":{"functional-code":{"insertions":13,"deletions":13},"test-code":{"insertions":3,"deletions":1}}},{"hash":"b428037284e6bc6d51e7b4b2b4feb7fc62d75b7d","isMergeCommit":false,"messageTitle":"Added storage and storageTest","messageBody":"","fileTypesAndContributionMap":{"functional-code":{"insertions":2,"deletions":18}}},{"hash":"186b732788ba1742ab6a94c2aafd3893286e7bfc","isMergeCommit":false,"messageTitle":"Added storage and storageTest","messageBody":"","fileTypesAndContributionMap":{"functional-code":{"insertions":7,"deletions":7}}},{"hash":"5c8adfd7b49d799b9b01f4a8f5da9d42f371e028","isMergeCommit":true,"messageTitle":"Merge pull request #22 from chenxk619/master","messageBody":"Add Save file and Load file methods ","fileTypesAndContributionMap":{}}]},{"date":"2024-03-18","commitResults":[{"hash":"f96c87ce8ac3f79353918c7e45b1b7264927a6e8","isMergeCommit":false,"messageTitle":"Add filter by allergy in recipes","messageBody":"","fileTypesAndContributionMap":{"functional-code":{"insertions":42,"deletions":2},"test-code":{"insertions":1,"deletions":0}}},{"hash":"3428c23b31041e0affbd17af030e69e2da26b706","isMergeCommit":false,"messageTitle":"Fix checkstyle error","messageBody":"","fileTypesAndContributionMap":{"functional-code":{"insertions":3,"deletions":3}}},{"hash":"56c419a5209aa0f1514ca57246dbee8a64948137","isMergeCommit":false,"messageTitle":"Add find allergy test","messageBody":"","fileTypesAndContributionMap":{"functional-code":{"insertions":1,"deletions":18},"test-code":{"insertions":18,"deletions":0}}},{"hash":"b4115578e8faea92925fbe238295bd7ee7e439ab","isMergeCommit":false,"messageTitle":"Remove unused import","messageBody":"","fileTypesAndContributionMap":{"test-code":{"insertions":0,"deletions":1}}},{"hash":"9ff23483d2985776c2e4ea44d3c56b7304d15297","isMergeCommit":false,"messageTitle":"Change assertEquals to assertTrue","messageBody":"","fileTypesAndContributionMap":{"test-code":{"insertions":9,"deletions":6}}},{"hash":"a21907144db1d40d128c37f703f06592802cd1b1","isMergeCommit":false,"messageTitle":"Use specific imports install of all","messageBody":"","fileTypesAndContributionMap":{"test-code":{"insertions":4,"deletions":1}}},{"hash":"3a46394e2e16ccd2159283d24aa7e902e168921e","isMergeCommit":false,"messageTitle":"Used String outputs for assertEquals","messageBody":"","fileTypesAndContributionMap":{"functional-code":{"insertions":5,"deletions":5},"test-code":{"insertions":2,"deletions":11}}},{"hash":"80c6ce8e769a00c18821fe96531d857daf21b9eb","isMergeCommit":false,"messageTitle":"Change incorrect test output","messageBody":"","fileTypesAndContributionMap":{"test-code":{"insertions":1,"deletions":1}}},{"hash":"33fee114ac342e59244244bd423b7f09030be3ca","isMergeCommit":true,"messageTitle":"Merge pull request #36 from chenxk619/branch-FilterByAllergies","messageBody":"Add filter by allergies from RecipeList","fileTypesAndContributionMap":{}}]}],"yuki-zmstr":[{"date":"2024-03-06","commitResults":[{"hash":"be233ef0efc597b7c283fdffba76b795bf2cd6c8","isMergeCommit":false,"messageTitle":"Add sample ReadMe","messageBody":"","fileTypesAndContributionMap":{"docs":{"insertions":1,"deletions":1}}},{"hash":"00b266e942997cb7fe29ff07b9d71045a8797827","isMergeCommit":true,"messageTitle":"Merge pull request #1 from yuki-zmstr/yuki-README","messageBody":"Add sample ReadMe","fileTypesAndContributionMap":{}},{"hash":"7858d26a002da88ef976774ca7416cc917178513","isMergeCommit":false,"messageTitle":"Update About Us","messageBody":"","fileTypesAndContributionMap":{"docs":{"insertions":4,"deletions":7}}},{"hash":"8a7cf973e57f4a5a839a2411cb88393142cadf77","isMergeCommit":true,"messageTitle":"Merge pull request #2 from yuki-zmstr/yuki-AboutUs","messageBody":"Update About Us to reflect yuki\u0027s information","fileTypesAndContributionMap":{}},{"hash":"467727a8891c9b237ceb79041e648112ee439da3","isMergeCommit":true,"messageTitle":"Merge branch \u0027master\u0027 of https://github.com/AY2324S2-CS2113-W14-2/tp","messageBody":"* \u0027master\u0027 of https://github.com/AY2324S2-CS2113-W14-2/tp:\n  Update About Us\n  Add sample ReadMe\n","fileTypesAndContributionMap":{}},{"hash":"0662970c507ee9dbafb1421b558fd2bfa433e256","isMergeCommit":true,"messageTitle":"Merge branch \u0027master\u0027 of https://github.com/AY2324S2-CS2113-W14-2/tp","messageBody":"* \u0027master\u0027 of https://github.com/AY2324S2-CS2113-W14-2/tp:\n  Update AboutUs.md\n  change about us page\n","fileTypesAndContributionMap":{}}]},{"date":"2024-03-14","commitResults":[{"hash":"8a9f5ba7fdf64500ff4a73a0574c497c9807f42d","isMergeCommit":true,"messageTitle":"Merge branch \u0027master\u0027 of https://github.com/AY2324S2-CS2113-W14-2/tp","messageBody":"* \u0027master\u0027 of https://github.com/AY2324S2-CS2113-W14-2/tp:\n  Update AboutUs.md\n","fileTypesAndContributionMap":{}},{"hash":"c775baa4396a25a8168691eba226b1b85f2081ff","isMergeCommit":false,"messageTitle":"Rename classes and test to project name","messageBody":"","fileTypesAndContributionMap":{"functional-code":{"insertions":28,"deletions":21},"other":{"insertions":2,"deletions":2}}},{"hash":"ca0fa12697b4fd6ffd43c34abc16c94136ef963d","isMergeCommit":false,"messageTitle":"Update build.gradle to find correct entry point","messageBody":"","fileTypesAndContributionMap":{"other":{"insertions":2,"deletions":2}}},{"hash":"e122c57eb58b1ecaf6c32af9f56b02bcb3a1eca4","isMergeCommit":false,"messageTitle":"Add MealCategory enums","messageBody":"","fileTypesAndContributionMap":{"functional-code":{"insertions":5,"deletions":0}}},{"hash":"14ab2ad0a78e644a90c96298a5e5b3e173c24f97","isMergeCommit":false,"messageTitle":"Add Recipe class","messageBody":"","fileTypesAndContributionMap":{"functional-code":{"insertions":33,"deletions":0}}},{"hash":"7bf20aa8d43b3cfef3d53c90529872366245c08e","isMergeCommit":false,"messageTitle":"Modify comment to match project name","messageBody":"","fileTypesAndContributionMap":{"functional-code":{"insertions":1,"deletions":1}}},{"hash":"c19e86708dd72284e71a9468d93da04627778b05","isMergeCommit":false,"messageTitle":"Add dummy IO test","messageBody":"","fileTypesAndContributionMap":{"functional-code":{"insertions":1,"deletions":1}}},{"hash":"558d3bdbfc37025499576b8185cf5fe1bcdb1015","isMergeCommit":true,"messageTitle":"Merge pull request #10 from yuki-zmstr/branch-AddRecipeClass","messageBody":"Add Recipe class","fileTypesAndContributionMap":{}},{"hash":"83816c76e2fd838ee903f8e8ab51c488eed17315","isMergeCommit":true,"messageTitle":"Merge branch \u0027master\u0027 of https://github.com/AY2324S2-CS2113-W14-2/tp","messageBody":"* \u0027master\u0027 of https://github.com/AY2324S2-CS2113-W14-2/tp:\n  Add dummy IO test\n  Modify comment to match project name\n  Add Recipe class\n  Add MealCategory enums\n  Update build.gradle to find correct entry point\n  Rename classes and test to project name\n","fileTypesAndContributionMap":{}},{"hash":"80a244e35dd3b1620aa9c0acc0326091c5464f87","isMergeCommit":false,"messageTitle":"Add test for toString method","messageBody":"","fileTypesAndContributionMap":{"test-code":{"insertions":10,"deletions":0}}},{"hash":"a3e23bb080d4bda20845a13dfcc04cb723317d54","isMergeCommit":true,"messageTitle":"Merge pull request #12 from yuki-zmstr/branch-TestRecipeClass","messageBody":"Test Recipe Class","fileTypesAndContributionMap":{}},{"hash":"129570f77240073f0139eed2b0d81385e4ab9e86","isMergeCommit":true,"messageTitle":"Merge branch \u0027master\u0027 of https://github.com/AY2324S2-CS2113-W14-2/tp","messageBody":"* \u0027master\u0027 of https://github.com/AY2324S2-CS2113-W14-2/tp:\n  Fix missing end brace bug line 40 of RecipeIOTest\n  Add deleteRecipe test\n  Add meal categories and finished addRecipe test\n  Fix RecipeList class with Recipe parameters\n  Add test for toString method\n  Finish RecipeList class and generic add, delete, find, list functions\n","fileTypesAndContributionMap":{}}]},{"date":"2024-03-16","commitResults":[{"hash":"567d4d6aff5cd16b38eb8546e87fb449c3aaa2d7","isMergeCommit":true,"messageTitle":"Merge branch \u0027master\u0027 of https://github.com/AY2324S2-CS2113-W14-2/tp","messageBody":"* \u0027master\u0027 of https://github.com/AY2324S2-CS2113-W14-2/tp:\n  Added storage and storageTest\n  Added storage and storageTest\n  Added storage and storageTest\n  Added storage and storageTest\n  Added storage and storageTest\n  Fix wildcard import\n  Add some tests to UI class\n  Add UI class to handle Recipe.io greetings and messages\n","fileTypesAndContributionMap":{}},{"hash":"30534b7c7f72304965a91a56299764e7e2f445f9","isMergeCommit":false,"messageTitle":"Enable assertions on Gradle","messageBody":"","fileTypesAndContributionMap":{"other":{"insertions":2,"deletions":1}}},{"hash":"ff76716dd86b14685fc4becc5d136bf5fdce12d2","isMergeCommit":true,"messageTitle":"Merge pull request #23 from yuki-zmstr/branch-enableAssertions","messageBody":"Enable assertions on gradle","fileTypesAndContributionMap":{}}]},{"date":"2024-03-19","commitResults":[{"hash":"65ddfbad6eee1f5a1571e46e3a419d61c31c592b","isMergeCommit":true,"messageTitle":"Merge branch \u0027master\u0027 of https://github.com/AY2324S2-CS2113-W14-2/tp","messageBody":"* \u0027master\u0027 of https://github.com/AY2324S2-CS2113-W14-2/tp:\n  no message\n  Change incorrect test output\n  Used String outputs for assertEquals\n  Add error handling to addRecipe method\n  Use specific imports install of all\n  Change assertEquals to assertTrue\n  Remove unused import\n  Add find allergy test\n  Fix checkstyle error\n  Add filter by allergy in recipes\n  Enable assertions on Gradle\n","fileTypesAndContributionMap":{}},{"hash":"da2bcbea31855ba511be2624445f848a8cf315b9","isMergeCommit":false,"messageTitle":"Add constants to be used in app","messageBody":"","fileTypesAndContributionMap":{"functional-code":{"insertions":19,"deletions":0}}},{"hash":"7d0095a6085d974f81d704325431f803e0a26034","isMergeCommit":false,"messageTitle":"Add AddRecipeCommand class","messageBody":"","fileTypesAndContributionMap":{"functional-code":{"insertions":24,"deletions":0}}},{"hash":"f7f0a63850c0d5313f1aa599d38d188dc6741a7b","isMergeCommit":false,"messageTitle":"Add DeleteRecipeCommand class","messageBody":"","fileTypesAndContributionMap":{"functional-code":{"insertions":23,"deletions":0}}},{"hash":"dd5a1bc855ac741db343cd3a1dbd0eeda6e5d8b0","isMergeCommit":false,"messageTitle":"Add ListRecipeCommand class","messageBody":"","fileTypesAndContributionMap":{"functional-code":{"insertions":30,"deletions":0}}},{"hash":"4adfaae54fd22ed51734479df59a68e031fe520d","isMergeCommit":false,"messageTitle":"Add FindByAllergyCommand class","messageBody":"","fileTypesAndContributionMap":{"functional-code":{"insertions":31,"deletions":0}}},{"hash":"611a34c8b3e0e9e860960fcff3afed35d58ac6be","isMergeCommit":false,"messageTitle":"Add FindByNameCommand class","messageBody":"","fileTypesAndContributionMap":{"functional-code":{"insertions":43,"deletions":0}}},{"hash":"5e4b1292a591122a80f2191d16a6c1de3569fb71","isMergeCommit":false,"messageTitle":"Add GENERAL as default meal category","messageBody":"","fileTypesAndContributionMap":{"functional-code":{"insertions":1,"deletions":1}}},{"hash":"344be37faa0411eeea6f5d40b4d6a91b5cf73ec7","isMergeCommit":false,"messageTitle":"Allow for null input in meal category","messageBody":"Sets default category to GENERAL\n","fileTypesAndContributionMap":{"functional-code":{"insertions":2,"deletions":1}}},{"hash":"4d649949f82140c52f032d131594c05431794525","isMergeCommit":false,"messageTitle":"Add methods to parse input from user","messageBody":"","fileTypesAndContributionMap":{"functional-code":{"insertions":49,"deletions":0}}},{"hash":"2aa1fb5517efe5909f4054cbf0b735a1c9ad542d","isMergeCommit":false,"messageTitle":"Move Storage and UI classes under recipeio package","messageBody":"","fileTypesAndContributionMap":{"functional-code":{"insertions":58,"deletions":37},"other":{"insertions":2,"deletions":2}}},{"hash":"435bd6d67db0807917ac38b8ea917507eedad20b","isMergeCommit":false,"messageTitle":"Update main entry point and RecipeList to accept user input","messageBody":"","fileTypesAndContributionMap":{"functional-code":{"insertions":79,"deletions":131}}},{"hash":"3f690f314cb3b222bb92d92106ebe4a0d05c5e74","isMergeCommit":false,"messageTitle":"Update tests to match method and package names","messageBody":"","fileTypesAndContributionMap":{"test-code":{"insertions":5,"deletions":4}}},{"hash":"17cafde3e215e40d727153bfd499ed765f054c88","isMergeCommit":false,"messageTitle":"Add test for parseCommand method","messageBody":"","fileTypesAndContributionMap":{"test-code":{"insertions":7,"deletions":0}}},{"hash":"f498e1568063e2d036b6b3aad6c7345f8151b5ea","isMergeCommit":false,"messageTitle":"Update test to not ask for name of user","messageBody":"","fileTypesAndContributionMap":{"test-code":{"insertions":4,"deletions":6}}},{"hash":"900cf7c29ae3f0b9f48efda2cc34bc45d2c5ddd0","isMergeCommit":false,"messageTitle":"Add more commands to test in text-ui-test","messageBody":"","fileTypesAndContributionMap":{"other":{"insertions":6,"deletions":0}}},{"hash":"11ba2cc66e53690de77532ee2935443813c9e09d","isMergeCommit":false,"messageTitle":"Add logger to check if user is being asked for first input","messageBody":"","fileTypesAndContributionMap":{"functional-code":{"insertions":5,"deletions":0}}}]}],"PDHung1104":[{"date":"2024-03-06","commitResults":[{"hash":"34f984ff510a34ec11fefe2bcceb65e67192d492","isMergeCommit":false,"messageTitle":"Update AboutUs.md","messageBody":"","fileTypesAndContributionMap":{"docs":{"insertions":2,"deletions":5}}},{"hash":"10f5aaf2ead152e4ffdaeecb74b84af514dc3704","isMergeCommit":true,"messageTitle":"Merge branch \u0027master\u0027 into PDHung1104-AboutUs","messageBody":"","fileTypesAndContributionMap":{}},{"hash":"b4b159c3de59b15f15db53a83fb40544c9bbca1d","isMergeCommit":true,"messageTitle":"Merge pull request #3 from PDHung1104/PDHung1104-AboutUs","messageBody":"Update PDHung1104-AboutUs.md","fileTypesAndContributionMap":{}}]},{"date":"2024-03-15","commitResults":[{"hash":"ec73fc9398eb88888d804796ba59a0ee11e693dc","isMergeCommit":false,"messageTitle":"Add UI class to handle Recipe.io greetings and messages","messageBody":"","fileTypesAndContributionMap":{"functional-code":{"insertions":37,"deletions":0}}},{"hash":"f95b3e53f1827c39cd77f45489fa067407f1ae51","isMergeCommit":true,"messageTitle":"Merge pull request #17 from PDHung1104/branch-AddUiClass","messageBody":"Add UI class to handle Recipe.io greetings and messages","fileTypesAndContributionMap":{}},{"hash":"e7a7191a9b184618265398eef6a92f8774a7f911","isMergeCommit":false,"messageTitle":"Add some tests to UI class","messageBody":"","fileTypesAndContributionMap":{"test-code":{"insertions":74,"deletions":0}}},{"hash":"77cbba2663013e47fbd4a0e4e0415b849a3e4c60","isMergeCommit":false,"messageTitle":"Fix wildcard import","messageBody":"","fileTypesAndContributionMap":{"test-code":{"insertions":4,"deletions":1}}},{"hash":"3ee368993cf4a0e94f0a3afa352a4b1e39f591d0","isMergeCommit":true,"messageTitle":"Merge pull request #18 from PDHung1104/branch-TestUiClass","messageBody":"Add some tests to UI class","fileTypesAndContributionMap":{}}]},{"date":"2024-03-18","commitResults":[{"hash":"03cafd59ef20932813f08453effabb54386f7310","isMergeCommit":false,"messageTitle":"Add error handling to addRecipe method","messageBody":"","fileTypesAndContributionMap":{"functional-code":{"insertions":8,"deletions":1}}},{"hash":"c437b9272331a708cda35185528cdcd06bcb6c24","isMergeCommit":false,"messageTitle":"no message","messageBody":"","fileTypesAndContributionMap":{"functional-code":{"insertions":2,"deletions":1}}},{"hash":"5e5e898bc9ee06c0e3a7e29bd9ca9a6c91e44f47","isMergeCommit":true,"messageTitle":"Merge branch \u0027master\u0027 into branch-ErrorHandlingAddRecipe","messageBody":"","fileTypesAndContributionMap":{}},{"hash":"09b688a22f735c42e906c91d6f083e2cffecf4af","isMergeCommit":true,"messageTitle":"Merge pull request #37 from PDHung1104/branch-ErrorHandlingAddRecipe","messageBody":"Add error handling to addRecipe method","fileTypesAndContributionMap":{}}]}]},"authorFileTypeContributionMap":{"nidhi-nayak":{"docs":1,"functional-code":39,"test-code":25},"chenxk619":{"docs":1,"functional-code":70,"test-code":52},"yuki-zmstr":{"docs":2,"functional-code":406,"test-code":23,"other":9},"PDHung1104":{"docs":1,"functional-code":1,"test-code":71}},"authorContributionVariance":{"nidhi-nayak":1236.7823,"chenxk619":1854.6876,"yuki-zmstr":12245.428,"PDHung1104":498.00146},"authorDisplayNameMap":{"nidhi-nayak":"CS2113-W14-2 NAYA..RISH","chenxk619":"CS2113-W14-2 CHEN..KANG","yuki-zmstr":"CS2113-W14-2 YUKI..ASHI","PDHung1104":"CS2113-W14-2 PHAN..HUNG"}}
